2026-08-19 16:16:22,738 - FINAL_SC_r200.log - INFO - ========== THESIS FINAL FedLF S/C/A ABLATION ==========\nvariant=sc | S=ON | C=ON | A=OFF\nimb_factor:0.01, non_iid:0.5, rs_alpha:0.5\nlr_local_training:0.1 (fixed FedLF baseline LR)\nnum_rounds:200, local_epochs:10\nbatch_size_local_training:32\nnum_online_clients:8\nS semantic_epsilon:0.75\nC confidence_alpha:0.7, warmup:30\nA server_tail_agg_weight:1.5\nbaseline:AdaptiveLogit+LocalCenters+FedDecorr+FedAvg\nformal_protocol:no_test_rollback\n
2026-08-19 16:16:28,061 - FINAL_SC_r200.log - INFO - Global class counts: [5000, 2997, 1796, 1077, 645, 387, 232, 139, 83, 50]
2026-08-19 16:16:28,061 - FINAL_SC_r200.log - INFO - Tail classes (<200): [7, 8, 9]
2026-08-19 16:16:28,093 - FINAL_SC_r200.log - INFO - Round 1 S-diagnostic | score_mean 0.8248 | selected_tail_fraction 0.0314 | participation_range 0-1
2026-08-19 16:16:28,093 - FINAL_SC_r200.log - INFO - Round 1 selected clients: [0, 1, 5, 6, 9, 16, 18, 19]
2026-08-19 16:16:50,454 - FINAL_SC_r200.log - INFO - Round 1 | Global 0.1332 | Head 0.1903 | Tail 0.0000 | Many 0.3747 | Medium 0.0520 | Few 0.0000 | best_tail 0.0000@1 | rollback=False
2026-08-19 16:16:50,456 - FINAL_SC_r200.log - INFO - Round 2 S-diagnostic | score_mean 0.6611 | selected_tail_fraction 0.0210 | participation_range 0-2
2026-08-19 16:16:50,456 - FINAL_SC_r200.log - INFO - Round 2 selected clients: [0, 2, 5, 8, 11, 14, 15, 19]
2026-08-19 16:17:12,101 - FINAL_SC_r200.log - INFO - Round 2 | Global 0.2039 | Head 0.2913 | Tail 0.0000 | Many 0.5400 | Medium 0.1047 | Few 0.0000 | best_tail 0.0000@2 | rollback=False
2026-08-19 16:17:12,102 - FINAL_SC_r200.log - INFO - Round 3 S-diagnostic | score_mean 0.6546 | selected_tail_fraction 0.0214 | participation_range 0-3
2026-08-19 16:17:12,102 - FINAL_SC_r200.log - INFO - Round 3 selected clients: [0, 2, 5, 6, 7, 9, 11, 14]
2026-08-19 16:17:33,750 - FINAL_SC_r200.log - INFO - Round 3 | Global 0.2387 | Head 0.3410 | Tail 0.0000 | Many 0.6130 | Medium 0.1370 | Few 0.0000 | best_tail 0.0000@3 | rollback=False
2026-08-19 16:17:33,752 - FINAL_SC_r200.log - INFO - Round 4 S-diagnostic | score_mean 0.7798 | selected_tail_fraction 0.0276 | participation_range 0-4
2026-08-19 16:17:33,752 - FINAL_SC_r200.log - INFO - Round 4 selected clients: [0, 1, 3, 9, 11, 15, 17, 18]
2026-08-19 16:17:55,813 - FINAL_SC_r200.log - INFO - Round 4 | Global 0.2900 | Head 0.4143 | Tail 0.0000 | Many 0.6967 | Medium 0.2025 | Few 0.0000 | best_tail 0.0000@4 | rollback=False
2026-08-19 16:17:55,813 - FINAL_SC_r200.log - INFO - Round 5 S-diagnostic | score_mean 0.7361 | selected_tail_fraction 0.0252 | participation_range 0-5
2026-08-19 16:17:55,813 - FINAL_SC_r200.log - INFO - Round 5 selected clients: [0, 2, 3, 5, 10, 12, 13, 18]
2026-08-19 16:18:17,795 - FINAL_SC_r200.log - INFO - Round 5 | Global 0.3201 | Head 0.4573 | Tail 0.0000 | Many 0.7230 | Medium 0.2580 | Few 0.0000 | best_tail 0.0000@5 | rollback=False
2026-08-19 16:18:17,795 - FINAL_SC_r200.log - INFO - Round 6 S-diagnostic | score_mean 0.7680 | selected_tail_fraction 0.0355 | participation_range 1-5
2026-08-19 16:18:17,795 - FINAL_SC_r200.log - INFO - Round 6 selected clients: [1, 3, 4, 5, 6, 7, 18, 19]
2026-08-19 16:18:39,788 - FINAL_SC_r200.log - INFO - Round 6 | Global 0.3382 | Head 0.4831 | Tail 0.0000 | Many 0.6857 | Medium 0.3312 | Few 0.0000 | best_tail 0.0000@6 | rollback=False
2026-08-19 16:18:39,799 - FINAL_SC_r200.log - INFO - Round 7 S-diagnostic | score_mean 0.6827 | selected_tail_fraction 0.0226 | participation_range 1-5
2026-08-19 16:18:39,799 - FINAL_SC_r200.log - INFO - Round 7 selected clients: [2, 6, 7, 11, 12, 14, 15, 18]
2026-08-19 16:19:01,582 - FINAL_SC_r200.log - INFO - Round 7 | Global 0.3669 | Head 0.5241 | Tail 0.0000 | Many 0.6937 | Medium 0.3970 | Few 0.0000 | best_tail 0.0000@7 | rollback=False
2026-08-19 16:19:01,582 - FINAL_SC_r200.log - INFO - Round 8 S-diagnostic | score_mean 0.8510 | selected_tail_fraction 0.0304 | participation_range 1-6
2026-08-19 16:19:01,582 - FINAL_SC_r200.log - INFO - Round 8 selected clients: [1, 2, 4, 6, 12, 15, 18, 19]
2026-08-19 16:19:23,566 - FINAL_SC_r200.log - INFO - Round 8 | Global 0.3733 | Head 0.5330 | Tail 0.0007 | Many 0.7510 | Medium 0.3695 | Few 0.0007 | best_tail 0.0007@8 | rollback=False
2026-08-19 16:19:23,566 - FINAL_SC_r200.log - INFO - Round 9 S-diagnostic | score_mean 0.7218 | selected_tail_fraction 0.0214 | participation_range 1-7
2026-08-19 16:19:23,566 - FINAL_SC_r200.log - INFO - Round 9 selected clients: [0, 4, 8, 9, 15, 16, 17, 18]
2026-08-19 16:19:43,329 - FINAL_SC_r200.log - INFO - Round 9 | Global 0.3661 | Head 0.5230 | Tail 0.0000 | Many 0.8000 | Medium 0.3152 | Few 0.0000 | best_tail 0.0007@8 | rollback=False
2026-08-19 16:19:43,329 - FINAL_SC_r200.log - INFO - Round 10 S-diagnostic | score_mean 0.5846 | selected_tail_fraction 0.0101 | participation_range 1-7
2026-08-19 16:19:43,329 - FINAL_SC_r200.log - INFO - Round 10 selected clients: [1, 4, 7, 11, 12, 14, 16, 17]
2026-08-19 16:20:02,417 - FINAL_SC_r200.log - INFO - Round 10 | Global 0.3459 | Head 0.4941 | Tail 0.0000 | Many 0.7963 | Medium 0.2675 | Few 0.0000 | best_tail 0.0007@8 | rollback=False
2026-08-19 16:20:02,450 - FINAL_SC_r200.log - INFO - Global Accuracy: [0.1332, 0.2039, 0.2387, 0.29, 0.3201, 0.3382, 0.3669, 0.3733, 0.3661, 0.3459]
2026-08-19 16:20:02,452 - FINAL_SC_r200.log - INFO - Majority Class Accuracy: [0.3747, 0.54, 0.613, 0.6967, 0.723, 0.6857, 0.6937, 0.751, 0.8, 0.7963]
2026-08-19 16:20:02,452 - FINAL_SC_r200.log - INFO - Medium Class Accuracy: [0.052, 0.1047, 0.137, 0.2025, 0.258, 0.3312, 0.397, 0.3695, 0.3152, 0.2675]
2026-08-19 16:20:02,452 - FINAL_SC_r200.log - INFO - Minority Class Accuracy: [0.0, 0.0, 0.0, 0.0, 0.0, 0.0, 0.0, 0.0007, 0.0, 0.0]
2026-08-19 16:20:02,452 - FINAL_SC_r200.log - INFO - === Head-Tail Evaluation ===
2026-08-19 16:20:02,452 - FINAL_SC_r200.log - INFO - Head Accuracy: 0.4941
2026-08-19 16:20:02,452 - FINAL_SC_r200.log - INFO - Tail Accuracy: 0.0000
2026-08-19 16:20:18,712 - FINAL_SC_r200.log - INFO - Round 11 S-diagnostic | score_mean 0.6679 | selected_tail_fraction 0.0292 | participation_range 1-8
2026-08-19 16:20:18,712 - FINAL_SC_r200.log - INFO - Round 11 selected clients: [5, 6, 8, 11, 13, 16, 18, 19]
2026-08-19 16:20:38,587 - FINAL_SC_r200.log - INFO - Round 11 | Global 0.3881 | Head 0.5449 | Tail 0.0223 | Many 0.8110 | Medium 0.3453 | Few 0.0223 | best_tail 0.0223@11 | rollback=False
2026-08-19 16:20:38,587 - FINAL_SC_r200.log - INFO - Round 12 S-diagnostic | score_mean 0.6220 | selected_tail_fraction 0.0123 | participation_range 1-8
2026-08-19 16:20:38,587 - FINAL_SC_r200.log - INFO - Round 12 selected clients: [1, 8, 9, 12, 13, 14, 16, 17]
2026-08-19 16:20:57,937 - FINAL_SC_r200.log - INFO - Round 12 | Global 0.3504 | Head 0.4950 | Tail 0.0130 | Many 0.8387 | Medium 0.2372 | Few 0.0130 | best_tail 0.0223@11 | rollback=False
2026-08-19 16:20:57,944 - FINAL_SC_r200.log - INFO - Round 13 S-diagnostic | score_mean 0.5990 | selected_tail_fraction 0.0179 | participation_range 1-8
2026-08-19 16:20:57,944 - FINAL_SC_r200.log - INFO - Round 13 selected clients: [1, 4, 6, 7, 8, 12, 14, 17]
2026-08-19 16:21:17,190 - FINAL_SC_r200.log - INFO - Round 13 | Global 0.3848 | Head 0.5331 | Tail 0.0387 | Many 0.7583 | Medium 0.3643 | Few 0.0387 | best_tail 0.0387@13 | rollback=False
2026-08-19 16:21:17,190 - FINAL_SC_r200.log - INFO - Round 14 S-diagnostic | score_mean 0.7181 | selected_tail_fraction 0.0256 | participation_range 1-8
2026-08-19 16:21:17,190 - FINAL_SC_r200.log - INFO - Round 14 selected clients: [2, 3, 4, 5, 6, 12, 13, 14]
2026-08-19 16:21:36,734 - FINAL_SC_r200.log - INFO - Round 14 | Global 0.4173 | Head 0.5840 | Tail 0.0283 | Many 0.7220 | Medium 0.4805 | Few 0.0283 | best_tail 0.0387@13 | rollback=False
2026-08-19 16:21:36,734 - FINAL_SC_r200.log - INFO - Round 15 S-diagnostic | score_mean 0.6997 | selected_tail_fraction 0.0312 | participation_range 2-9
2026-08-19 16:21:36,734 - FINAL_SC_r200.log - INFO - Round 15 selected clients: [3, 4, 6, 8, 10, 15, 18, 19]
2026-08-19 16:21:56,309 - FINAL_SC_r200.log - INFO - Round 15 | Global 0.4273 | Head 0.5867 | Tail 0.0553 | Many 0.7130 | Medium 0.4920 | Few 0.0553 | best_tail 0.0553@15 | rollback=False
2026-08-19 16:21:56,309 - FINAL_SC_r200.log - INFO - Round 16 S-diagnostic | score_mean 0.7324 | selected_tail_fraction 0.0276 | participation_range 2-10
2026-08-19 16:21:56,309 - FINAL_SC_r200.log - INFO - Round 16 selected clients: [0, 6, 9, 12, 13, 14, 17, 18]
2026-08-19 16:22:15,958 - FINAL_SC_r200.log - INFO - Round 16 | Global 0.4481 | Head 0.6036 | Tail 0.0853 | Many 0.7990 | Medium 0.4570 | Few 0.0853 | best_tail 0.0853@16 | rollback=False
2026-08-19 16:22:15,963 - FINAL_SC_r200.log - INFO - Round 17 S-diagnostic | score_mean 0.6174 | selected_tail_fraction 0.0163 | participation_range 3-11
2026-08-19 16:22:15,963 - FINAL_SC_r200.log - INFO - Round 17 selected clients: [1, 3, 6, 9, 10, 13, 14, 16]
2026-08-19 16:22:35,115 - FINAL_SC_r200.log - INFO - Round 17 | Global 0.4247 | Head 0.5701 | Tail 0.0853 | Many 0.8217 | Medium 0.3815 | Few 0.0853 | best_tail 0.0853@16 | rollback=False
2026-08-19 16:22:35,115 - FINAL_SC_r200.log - INFO - Round 18 S-diagnostic | score_mean 0.6641 | selected_tail_fraction 0.0141 | participation_range 4-11
2026-08-19 16:22:35,115 - FINAL_SC_r200.log - INFO - Round 18 selected clients: [4, 9, 10, 12, 13, 15, 16, 17]
2026-08-19 16:22:54,337 - FINAL_SC_r200.log - INFO - Round 18 | Global 0.4187 | Head 0.5856 | Tail 0.0293 | Many 0.8053 | Medium 0.4208 | Few 0.0293 | best_tail 0.0853@16 | rollback=False
2026-08-19 16:22:54,347 - FINAL_SC_r200.log - INFO - Round 19 S-diagnostic | score_mean 0.6729 | selected_tail_fraction 0.0115 | participation_range 4-11
2026-08-19 16:22:54,347 - FINAL_SC_r200.log - INFO - Round 19 selected clients: [0, 1, 2, 4, 5, 8, 11, 12]
2026-08-19 16:23:13,564 - FINAL_SC_r200.log - INFO - Round 19 | Global 0.4349 | Head 0.6080 | Tail 0.0310 | Many 0.7997 | Medium 0.4642 | Few 0.0310 | best_tail 0.0853@16 | rollback=False
2026-08-19 16:23:13,564 - FINAL_SC_r200.log - INFO - Round 20 S-diagnostic | score_mean 0.6476 | selected_tail_fraction 0.0300 | participation_range 4-11
2026-08-19 16:23:13,564 - FINAL_SC_r200.log - INFO - Round 20 selected clients: [3, 4, 5, 7, 11, 14, 17, 19]
2026-08-19 16:23:32,970 - FINAL_SC_r200.log - INFO - Round 20 | Global 0.4499 | Head 0.6024 | Tail 0.0940 | Many 0.7330 | Medium 0.5045 | Few 0.0940 | best_tail 0.0940@20 | rollback=False
2026-08-19 16:23:32,997 - FINAL_SC_r200.log - INFO - Global Accuracy: [0.1332, 0.2039, 0.2387, 0.29, 0.3201, 0.3382, 0.3669, 0.3733, 0.3661, 0.3459, 0.3881, 0.3504, 0.3848, 0.4173, 0.4273, 0.4481, 0.4247, 0.4187, 0.4349, 0.4499]
2026-08-19 16:23:32,997 - FINAL_SC_r200.log - INFO - Majority Class Accuracy: [0.3747, 0.54, 0.613, 0.6967, 0.723, 0.6857, 0.6937, 0.751, 0.8, 0.7963, 0.811, 0.8387, 0.7583, 0.722, 0.713, 0.799, 0.8217, 0.8053, 0.7997, 0.733]
2026-08-19 16:23:32,997 - FINAL_SC_r200.log - INFO - Medium Class Accuracy: [0.052, 0.1047, 0.137, 0.2025, 0.258, 0.3312, 0.397, 0.3695, 0.3152, 0.2675, 0.3453, 0.2372, 0.3643, 0.4805, 0.492, 0.457, 0.3815, 0.4208, 0.4642, 0.5045]
2026-08-19 16:23:32,997 - FINAL_SC_r200.log - INFO - Minority Class Accuracy: [0.0, 0.0, 0.0, 0.0, 0.0, 0.0, 0.0, 0.0007, 0.0, 0.0, 0.0223, 0.013, 0.0387, 0.0283, 0.0553, 0.0853, 0.0853, 0.0293, 0.031, 0.094]
2026-08-19 16:23:32,997 - FINAL_SC_r200.log - INFO - === Head-Tail Evaluation ===
2026-08-19 16:23:32,997 - FINAL_SC_r200.log - INFO - Head Accuracy: 0.6024
2026-08-19 16:23:32,997 - FINAL_SC_r200.log - INFO - Tail Accuracy: 0.0940
2026-08-19 16:23:45,591 - FINAL_SC_r200.log - INFO - Round 21 S-diagnostic | score_mean 0.6791 | selected_tail_fraction 0.0254 | participation_range 4-11
2026-08-19 16:23:45,591 - FINAL_SC_r200.log - INFO - Round 21 selected clients: [3, 4, 7, 14, 15, 16, 17, 18]
2026-08-19 16:24:05,289 - FINAL_SC_r200.log - INFO - Round 21 | Global 0.4490 | Head 0.6033 | Tail 0.0890 | Many 0.8080 | Medium 0.4497 | Few 0.0890 | best_tail 0.0940@20 | rollback=False
2026-08-19 16:24:05,289 - FINAL_SC_r200.log - INFO - Round 22 S-diagnostic | score_mean 0.6806 | selected_tail_fraction 0.0203 | participation_range 5-12
2026-08-19 16:24:05,289 - FINAL_SC_r200.log - INFO - Round 22 selected clients: [0, 3, 4, 5, 10, 12, 14, 19]
2026-08-19 16:24:26,493 - FINAL_SC_r200.log - INFO - Round 22 | Global 0.4563 | Head 0.6223 | Tail 0.0690 | Many 0.7753 | Medium 0.5075 | Few 0.0690 | best_tail 0.0940@20 | rollback=False
2026-08-19 16:24:26,493 - FINAL_SC_r200.log - INFO - Round 23 S-diagnostic | score_mean 0.7605 | selected_tail_fraction 0.0173 | participation_range 5-13
2026-08-19 16:24:26,493 - FINAL_SC_r200.log - INFO - Round 23 selected clients: [1, 2, 4, 7, 9, 12, 15, 19]
2026-08-19 16:24:48,251 - FINAL_SC_r200.log - INFO - Round 23 | Global 0.4528 | Head 0.6196 | Tail 0.0637 | Many 0.7837 | Medium 0.4965 | Few 0.0637 | best_tail 0.0940@20 | rollback=False
2026-08-19 16:24:48,251 - FINAL_SC_r200.log - INFO - Round 24 S-diagnostic | score_mean 0.7480 | selected_tail_fraction 0.0324 | participation_range 5-13
2026-08-19 16:24:48,251 - FINAL_SC_r200.log - INFO - Round 24 selected clients: [3, 5, 6, 9, 11, 12, 14, 17]
2026-08-19 16:25:10,002 - FINAL_SC_r200.log - INFO - Round 24 | Global 0.4964 | Head 0.6441 | Tail 0.1517 | Many 0.7330 | Medium 0.5775 | Few 0.1517 | best_tail 0.1517@24 | rollback=False
2026-08-19 16:25:10,002 - FINAL_SC_r200.log - INFO - Round 25 S-diagnostic | score_mean 0.6228 | selected_tail_fraction 0.0240 | participation_range 5-14
2026-08-19 16:25:10,002 - FINAL_SC_r200.log - INFO - Round 25 selected clients: [0, 3, 4, 7, 11, 13, 17, 19]
2026-08-19 16:25:31,555 - FINAL_SC_r200.log - INFO - Round 25 | Global 0.4776 | Head 0.6240 | Tail 0.1360 | Many 0.7940 | Medium 0.4965 | Few 0.1360 | best_tail 0.1517@24 | rollback=False
2026-08-19 16:25:31,555 - FINAL_SC_r200.log - INFO - Round 26 S-diagnostic | score_mean 0.5479 | selected_tail_fraction 0.0177 | participation_range 5-14
2026-08-19 16:25:31,555 - FINAL_SC_r200.log - INFO - Round 26 selected clients: [1, 6, 7, 8, 13, 14, 16, 17]
2026-08-19 16:25:52,609 - FINAL_SC_r200.log - INFO - Round 26 | Global 0.4673 | Head 0.6097 | Tail 0.1350 | Many 0.8200 | Medium 0.4520 | Few 0.1350 | best_tail 0.1517@24 | rollback=False
2026-08-19 16:25:52,609 - FINAL_SC_r200.log - INFO - Round 27 S-diagnostic | score_mean 0.5590 | selected_tail_fraction 0.0181 | participation_range 6-14
2026-08-19 16:25:52,609 - FINAL_SC_r200.log - INFO - Round 27 selected clients: [5, 7, 8, 9, 10, 13, 16, 17]
2026-08-19 16:26:13,981 - FINAL_SC_r200.log - INFO - Round 27 | Global 0.4519 | Head 0.6069 | Tail 0.0903 | Many 0.8047 | Medium 0.4585 | Few 0.0903 | best_tail 0.1517@24 | rollback=False
2026-08-19 16:26:13,991 - FINAL_SC_r200.log - INFO - Round 28 S-diagnostic | score_mean 0.6676 | selected_tail_fraction 0.0155 | participation_range 7-15
2026-08-19 16:26:13,991 - FINAL_SC_r200.log - INFO - Round 28 selected clients: [0, 2, 4, 6, 7, 9, 10, 12]
2026-08-19 16:26:35,349 - FINAL_SC_r200.log - INFO - Round 28 | Global 0.4901 | Head 0.6476 | Tail 0.1227 | Many 0.7873 | Medium 0.5427 | Few 0.1227 | best_tail 0.1517@24 | rollback=False
2026-08-19 16:26:35,359 - FINAL_SC_r200.log - INFO - Round 29 S-diagnostic | score_mean 0.6231 | selected_tail_fraction 0.0300 | participation_range 8-16
2026-08-19 16:26:35,359 - FINAL_SC_r200.log - INFO - Round 29 selected clients: [3, 4, 5, 6, 7, 10, 14, 17]
2026-08-19 16:26:57,080 - FINAL_SC_r200.log - INFO - Round 29 | Global 0.5070 | Head 0.6304 | Tail 0.2190 | Many 0.7423 | Medium 0.5465 | Few 0.2190 | best_tail 0.2190@29 | rollback=False
2026-08-19 16:26:57,080 - FINAL_SC_r200.log - INFO - Round 30 S-diagnostic | score_mean 0.7037 | selected_tail_fraction 0.0274 | participation_range 8-16
2026-08-19 16:26:57,080 - FINAL_SC_r200.log - INFO - Round 30 selected clients: [0, 6, 11, 14, 15, 16, 17, 19]
2026-08-19 16:27:18,712 - FINAL_SC_r200.log - INFO - Round 30 | Global 0.5203 | Head 0.6431 | Tail 0.2337 | Many 0.8070 | Medium 0.5202 | Few 0.2337 | best_tail 0.2337@30 | rollback=False
2026-08-19 16:27:18,740 - FINAL_SC_r200.log - INFO - Global Accuracy: [0.1332, 0.2039, 0.2387, 0.29, 0.3201, 0.3382, 0.3669, 0.3733, 0.3661, 0.3459, 0.3881, 0.3504, 0.3848, 0.4173, 0.4273, 0.4481, 0.4247, 0.4187, 0.4349, 0.4499, 0.449, 0.4563, 0.4528, 0.4964, 0.4776, 0.4673, 0.4519, 0.4901, 0.507, 0.5203]
2026-08-19 16:27:18,740 - FINAL_SC_r200.log - INFO - Majority Class Accuracy: [0.3747, 0.54, 0.613, 0.6967, 0.723, 0.6857, 0.6937, 0.751, 0.8, 0.7963, 0.811, 0.8387, 0.7583, 0.722, 0.713, 0.799, 0.8217, 0.8053, 0.7997, 0.733, 0.808, 0.7753, 0.7837, 0.733, 0.794, 0.82, 0.8047, 0.7873, 0.7423, 0.807]
2026-08-19 16:27:18,740 - FINAL_SC_r200.log - INFO - Medium Class Accuracy: [0.052, 0.1047, 0.137, 0.2025, 0.258, 0.3312, 0.397, 0.3695, 0.3152, 0.2675, 0.3453, 0.2372, 0.3643, 0.4805, 0.492, 0.457, 0.3815, 0.4208, 0.4642, 0.5045, 0.4497, 0.5075, 0.4965, 0.5775, 0.4965, 0.452, 0.4585, 0.5427, 0.5465, 0.5202]
2026-08-19 16:27:18,740 - FINAL_SC_r200.log - INFO - Minority Class Accuracy: [0.0, 0.0, 0.0, 0.0, 0.0, 0.0, 0.0, 0.0007, 0.0, 0.0, 0.0223, 0.013, 0.0387, 0.0283, 0.0553, 0.0853, 0.0853, 0.0293, 0.031, 0.094, 0.089, 0.069, 0.0637, 0.1517, 0.136, 0.135, 0.0903, 0.1227, 0.219, 0.2337]
2026-08-19 16:27:18,740 - FINAL_SC_r200.log - INFO - === Head-Tail Evaluation ===
2026-08-19 16:27:18,740 - FINAL_SC_r200.log - INFO - Head Accuracy: 0.6431
2026-08-19 16:27:18,740 - FINAL_SC_r200.log - INFO - Tail Accuracy: 0.2337
2026-08-19 16:27:31,854 - FINAL_SC_r200.log - INFO - Round 31 S-diagnostic | score_mean 0.5446 | selected_tail_fraction 0.0054 | participation_range 9-16
2026-08-19 16:27:31,854 - FINAL_SC_r200.log - INFO - Round 31 selected clients: [1, 2, 7, 8, 10, 12, 13, 16]
2026-08-19 16:27:55,017 - FINAL_SC_r200.log - INFO - Round 31 | Global 0.4960 | Head 0.6394 | Tail 0.1613 | Many 0.8200 | Medium 0.5040 | Few 0.1613 | best_tail 0.2337@30 | rollback=False
2026-08-19 16:27:55,017 - FINAL_SC_r200.log - INFO - Round 32 S-diagnostic | score_mean 0.7023 | selected_tail_fraction 0.0159 | participation_range 9-16
2026-08-19 16:27:55,017 - FINAL_SC_r200.log - INFO - Round 32 selected clients: [0, 1, 5, 7, 12, 13, 15, 19]
2026-08-19 16:28:18,387 - FINAL_SC_r200.log - INFO - Round 32 | Global 0.4943 | Head 0.6354 | Tail 0.1650 | Many 0.7780 | Medium 0.5285 | Few 0.1650 | best_tail 0.2337@30 | rollback=False
2026-08-19 16:28:18,387 - FINAL_SC_r200.log - INFO - Round 33 S-diagnostic | score_mean 0.6062 | selected_tail_fraction 0.0173 | participation_range 9-17
2026-08-19 16:28:18,387 - FINAL_SC_r200.log - INFO - Round 33 selected clients: [1, 4, 8, 11, 13, 16, 17, 18]
2026-08-19 16:28:41,553 - FINAL_SC_r200.log - INFO - Round 33 | Global 0.4914 | Head 0.6316 | Tail 0.1643 | Many 0.8297 | Medium 0.4830 | Few 0.1643 | best_tail 0.2337@30 | rollback=False
2026-08-19 16:28:41,563 - FINAL_SC_r200.log - INFO - Round 34 S-diagnostic | score_mean 0.6495 | selected_tail_fraction 0.0214 | participation_range 10-17
2026-08-19 16:28:41,563 - FINAL_SC_r200.log - INFO - Round 34 selected clients: [1, 8, 9, 10, 14, 15, 17, 18]
2026-08-19 16:29:03,745 - FINAL_SC_r200.log - INFO - Round 34 | Global 0.5063 | Head 0.6523 | Tail 0.1657 | Many 0.8170 | Medium 0.5288 | Few 0.1657 | best_tail 0.2337@30 | rollback=False
2026-08-19 16:29:03,745 - FINAL_SC_r200.log - INFO - Round 35 S-diagnostic | score_mean 0.6738 | selected_tail_fraction 0.0103 | participation_range 10-17
2026-08-19 16:29:03,745 - FINAL_SC_r200.log - INFO - Round 35 selected clients: [0, 1, 6, 9, 11, 12, 13, 16]
2026-08-19 16:29:24,083 - FINAL_SC_r200.log - INFO - Round 35 | Global 0.4903 | Head 0.6260 | Tail 0.1737 | Many 0.8300 | Medium 0.4730 | Few 0.1737 | best_tail 0.2337@30 | rollback=False
2026-08-19 16:29:24,083 - FINAL_SC_r200.log - INFO - Round 36 S-diagnostic | score_mean 0.6606 | selected_tail_fraction 0.0254 | participation_range 10-18
2026-08-19 16:29:24,083 - FINAL_SC_r200.log - INFO - Round 36 selected clients: [1, 6, 7, 8, 9, 13, 18, 19]
2026-08-19 16:29:44,727 - FINAL_SC_r200.log - INFO - Round 36 | Global 0.5431 | Head 0.6379 | Tail 0.3220 | Many 0.8023 | Medium 0.5145 | Few 0.3220 | best_tail 0.3220@36 | rollback=False
2026-08-19 16:29:44,727 - FINAL_SC_r200.log - INFO - Round 37 S-diagnostic | score_mean 0.7287 | selected_tail_fraction 0.0199 | participation_range 11-18
2026-08-19 16:29:44,727 - FINAL_SC_r200.log - INFO - Round 37 selected clients: [1, 2, 3, 5, 9, 10, 12, 14]
2026-08-19 16:30:05,649 - FINAL_SC_r200.log - INFO - Round 37 | Global 0.5552 | Head 0.6683 | Tail 0.2913 | Many 0.7283 | Medium 0.6232 | Few 0.2913 | best_tail 0.3220@36 | rollback=False
2026-08-19 16:30:05,649 - FINAL_SC_r200.log - INFO - Round 38 S-diagnostic | score_mean 0.7161 | selected_tail_fraction 0.0232 | participation_range 11-19
2026-08-19 16:30:05,649 - FINAL_SC_r200.log - INFO - Round 38 selected clients: [0, 2, 5, 7, 8, 12, 15, 17]
2026-08-19 16:30:26,529 - FINAL_SC_r200.log - INFO - Round 38 | Global 0.5445 | Head 0.6750 | Tail 0.2400 | Many 0.7677 | Medium 0.6055 | Few 0.2400 | best_tail 0.3220@36 | rollback=False
2026-08-19 16:30:26,529 - FINAL_SC_r200.log - INFO - Round 39 S-diagnostic | score_mean 0.6328 | selected_tail_fraction 0.0258 | participation_range 12-19
2026-08-19 16:30:26,529 - FINAL_SC_r200.log - INFO - Round 39 selected clients: [0, 3, 6, 7, 10, 11, 15, 17]
2026-08-19 16:30:47,066 - FINAL_SC_r200.log - INFO - Round 39 | Global 0.5408 | Head 0.6620 | Tail 0.2580 | Many 0.7657 | Medium 0.5843 | Few 0.2580 | best_tail 0.3220@36 | rollback=False
2026-08-19 16:30:47,066 - FINAL_SC_r200.log - INFO - Round 40 S-diagnostic | score_mean 0.6512 | selected_tail_fraction 0.0268 | participation_range 12-20
2026-08-19 16:30:47,066 - FINAL_SC_r200.log - INFO - Round 40 selected clients: [2, 3, 6, 7, 8, 14, 16, 18]
2026-08-19 16:31:07,767 - FINAL_SC_r200.log - INFO - Round 40 | Global 0.5788 | Head 0.6649 | Tail 0.3780 | Many 0.8080 | Medium 0.5575 | Few 0.3780 | best_tail 0.3780@40 | rollback=False
2026-08-19 16:31:07,794 - FINAL_SC_r200.log - INFO - Global Accuracy: [0.1332, 0.2039, 0.2387, 0.29, 0.3201, 0.3382, 0.3669, 0.3733, 0.3661, 0.3459, 0.3881, 0.3504, 0.3848, 0.4173, 0.4273, 0.4481, 0.4247, 0.4187, 0.4349, 0.4499, 0.449, 0.4563, 0.4528, 0.4964, 0.4776, 0.4673, 0.4519, 0.4901, 0.507, 0.5203, 0.496, 0.4943, 0.4914, 0.5063, 0.4903, 0.5431, 0.5552, 0.5445, 0.5408, 0.5788]
2026-08-19 16:31:07,794 - FINAL_SC_r200.log - INFO - Majority Class Accuracy: [0.3747, 0.54, 0.613, 0.6967, 0.723, 0.6857, 0.6937, 0.751, 0.8, 0.7963, 0.811, 0.8387, 0.7583, 0.722, 0.713, 0.799, 0.8217, 0.8053, 0.7997, 0.733, 0.808, 0.7753, 0.7837, 0.733, 0.794, 0.82, 0.8047, 0.7873, 0.7423, 0.807, 0.82, 0.778, 0.8297, 0.817, 0.83, 0.8023, 0.7283, 0.7677, 0.7657, 0.808]
2026-08-19 16:31:07,794 - FINAL_SC_r200.log - INFO - Medium Class Accuracy: [0.052, 0.1047, 0.137, 0.2025, 0.258, 0.3312, 0.397, 0.3695, 0.3152, 0.2675, 0.3453, 0.2372, 0.3643, 0.4805, 0.492, 0.457, 0.3815, 0.4208, 0.4642, 0.5045, 0.4497, 0.5075, 0.4965, 0.5775, 0.4965, 0.452, 0.4585, 0.5427, 0.5465, 0.5202, 0.504, 0.5285, 0.483, 0.5288, 0.473, 0.5145, 0.6232, 0.6055, 0.5843, 0.5575]
2026-08-19 16:31:07,794 - FINAL_SC_r200.log - INFO - Minority Class Accuracy: [0.0, 0.0, 0.0, 0.0, 0.0, 0.0, 0.0, 0.0007, 0.0, 0.0, 0.0223, 0.013, 0.0387, 0.0283, 0.0553, 0.0853, 0.0853, 0.0293, 0.031, 0.094, 0.089, 0.069, 0.0637, 0.1517, 0.136, 0.135, 0.0903, 0.1227, 0.219, 0.2337, 0.1613, 0.165, 0.1643, 0.1657, 0.1737, 0.322, 0.2913, 0.24, 0.258, 0.378]
2026-08-19 16:31:07,794 - FINAL_SC_r200.log - INFO - === Head-Tail Evaluation ===
2026-08-19 16:31:07,794 - FINAL_SC_r200.log - INFO - Head Accuracy: 0.6649
2026-08-19 16:31:07,794 - FINAL_SC_r200.log - INFO - Tail Accuracy: 0.3780
2026-08-19 16:31:20,946 - FINAL_SC_r200.log - INFO - Round 41 S-diagnostic | score_mean 0.5661 | selected_tail_fraction 0.0155 | participation_range 13-20
2026-08-19 16:31:20,946 - FINAL_SC_r200.log - INFO - Round 41 selected clients: [1, 3, 7, 8, 10, 14, 15, 18]
2026-08-19 16:31:41,815 - FINAL_SC_r200.log - INFO - Round 41 | Global 0.5710 | Head 0.6653 | Tail 0.3510 | Many 0.7810 | Medium 0.5785 | Few 0.3510 | best_tail 0.3780@40 | rollback=False
2026-08-19 16:31:41,815 - FINAL_SC_r200.log - INFO - Round 42 S-diagnostic | score_mean 0.7852 | selected_tail_fraction 0.0351 | participation_range 14-21
2026-08-19 16:31:41,815 - FINAL_SC_r200.log - INFO - Round 42 selected clients: [2, 3, 4, 5, 6, 10, 15, 19]
2026-08-19 16:32:03,036 - FINAL_SC_r200.log - INFO - Round 42 | Global 0.6106 | Head 0.6736 | Tail 0.4637 | Many 0.7607 | Medium 0.6082 | Few 0.4637 | best_tail 0.4637@42 | rollback=False
2026-08-19 16:32:03,036 - FINAL_SC_r200.log - INFO - Round 43 S-diagnostic | score_mean 0.6218 | selected_tail_fraction 0.0103 | participation_range 14-21
2026-08-19 16:32:03,036 - FINAL_SC_r200.log - INFO - Round 43 selected clients: [0, 1, 8, 9, 10, 11, 12, 19]
2026-08-19 16:32:23,470 - FINAL_SC_r200.log - INFO - Round 43 | Global 0.5711 | Head 0.6773 | Tail 0.3233 | Many 0.8017 | Medium 0.5840 | Few 0.3233 | best_tail 0.4637@42 | rollback=False
2026-08-19 16:32:23,470 - FINAL_SC_r200.log - INFO - Round 44 S-diagnostic | score_mean 0.7156 | selected_tail_fraction 0.0173 | participation_range 14-21
2026-08-19 16:32:23,470 - FINAL_SC_r200.log - INFO - Round 44 selected clients: [1, 11, 12, 14, 15, 16, 18, 19]
2026-08-19 16:32:44,136 - FINAL_SC_r200.log - INFO - Round 44 | Global 0.5781 | Head 0.6771 | Tail 0.3470 | Many 0.8103 | Medium 0.5773 | Few 0.3470 | best_tail 0.4637@42 | rollback=False
2026-08-19 16:32:44,136 - FINAL_SC_r200.log - INFO - Round 45 S-diagnostic | score_mean 0.8152 | selected_tail_fraction 0.0344 | participation_range 15-22
2026-08-19 16:32:44,136 - FINAL_SC_r200.log - INFO - Round 45 selected clients: [0, 1, 2, 5, 6, 13, 18, 19]
2026-08-19 16:33:05,237 - FINAL_SC_r200.log - INFO - Round 45 | Global 0.6236 | Head 0.6527 | Tail 0.5557 | Many 0.7233 | Medium 0.5998 | Few 0.5557 | best_tail 0.5557@45 | rollback=False
2026-08-19 16:33:05,237 - FINAL_SC_r200.log - INFO - Round 46 S-diagnostic | score_mean 0.7276 | selected_tail_fraction 0.0290 | participation_range 15-23
2026-08-19 16:33:05,237 - FINAL_SC_r200.log - INFO - Round 46 selected clients: [2, 3, 6, 7, 9, 14, 16, 18]
2026-08-19 16:33:26,736 - FINAL_SC_r200.log - INFO - Round 46 | Global 0.6235 | Head 0.6609 | Tail 0.5363 | Many 0.6910 | Medium 0.6382 | Few 0.5363 | best_tail 0.5557@45 | rollback=False
2026-08-19 16:33:26,746 - FINAL_SC_r200.log - INFO - Round 47 S-diagnostic | score_mean 0.7779 | selected_tail_fraction 0.0246 | participation_range 15-24
2026-08-19 16:33:26,746 - FINAL_SC_r200.log - INFO - Round 47 selected clients: [1, 2, 4, 6, 9, 13, 15, 18]
2026-08-19 16:33:50,154 - FINAL_SC_r200.log - INFO - Round 47 | Global 0.6003 | Head 0.6193 | Tail 0.5560 | Many 0.6183 | Medium 0.6200 | Few 0.5560 | best_tail 0.5560@47 | rollback=False
2026-08-19 16:33:50,154 - FINAL_SC_r200.log - INFO - Round 48 S-diagnostic | score_mean 0.7533 | selected_tail_fraction 0.0298 | participation_range 16-25
2026-08-19 16:33:50,154 - FINAL_SC_r200.log - INFO - Round 48 selected clients: [0, 3, 4, 5, 6, 9, 10, 18]
2026-08-19 16:34:13,955 - FINAL_SC_r200.log - INFO - Round 48 | Global 0.6267 | Head 0.6826 | Tail 0.4963 | Many 0.7737 | Medium 0.6142 | Few 0.4963 | best_tail 0.5560@47 | rollback=False
2026-08-19 16:34:13,955 - FINAL_SC_r200.log - INFO - Round 49 S-diagnostic | score_mean 0.6604 | selected_tail_fraction 0.0195 | participation_range 16-25
2026-08-19 16:34:13,955 - FINAL_SC_r200.log - INFO - Round 49 selected clients: [1, 2, 3, 7, 8, 11, 12, 19]
2026-08-19 16:34:37,424 - FINAL_SC_r200.log - INFO - Round 49 | Global 0.6194 | Head 0.6821 | Tail 0.4730 | Many 0.7510 | Medium 0.6305 | Few 0.4730 | best_tail 0.5560@47 | rollback=False
2026-08-19 16:34:37,424 - FINAL_SC_r200.log - INFO - Round 50 S-diagnostic | score_mean 0.6948 | selected_tail_fraction 0.0256 | participation_range 16-26
2026-08-19 16:34:37,424 - FINAL_SC_r200.log - INFO - Round 50 selected clients: [6, 9, 11, 12, 13, 14, 18, 19]
2026-08-19 16:35:00,737 - FINAL_SC_r200.log - INFO - Round 50 | Global 0.6455 | Head 0.6763 | Tail 0.5737 | Many 0.7370 | Medium 0.6308 | Few 0.5737 | best_tail 0.5737@50 | rollback=False
2026-08-19 16:35:00,764 - FINAL_SC_r200.log - INFO - Global Accuracy: [0.1332, 0.2039, 0.2387, 0.29, 0.3201, 0.3382, 0.3669, 0.3733, 0.3661, 0.3459, 0.3881, 0.3504, 0.3848, 0.4173, 0.4273, 0.4481, 0.4247, 0.4187, 0.4349, 0.4499, 0.449, 0.4563, 0.4528, 0.4964, 0.4776, 0.4673, 0.4519, 0.4901, 0.507, 0.5203, 0.496, 0.4943, 0.4914, 0.5063, 0.4903, 0.5431, 0.5552, 0.5445, 0.5408, 0.5788, 0.571, 0.6106, 0.5711, 0.5781, 0.6236, 0.6235, 0.6003, 0.6267, 0.6194, 0.6455]
2026-08-19 16:35:00,764 - FINAL_SC_r200.log - INFO - Majority Class Accuracy: [0.3747, 0.54, 0.613, 0.6967, 0.723, 0.6857, 0.6937, 0.751, 0.8, 0.7963, 0.811, 0.8387, 0.7583, 0.722, 0.713, 0.799, 0.8217, 0.8053, 0.7997, 0.733, 0.808, 0.7753, 0.7837, 0.733, 0.794, 0.82, 0.8047, 0.7873, 0.7423, 0.807, 0.82, 0.778, 0.8297, 0.817, 0.83, 0.8023, 0.7283, 0.7677, 0.7657, 0.808, 0.781, 0.7607, 0.8017, 0.8103, 0.7233, 0.691, 0.6183, 0.7737, 0.751, 0.737]
2026-08-19 16:35:00,764 - FINAL_SC_r200.log - INFO - Medium Class Accuracy: [0.052, 0.1047, 0.137, 0.2025, 0.258, 0.3312, 0.397, 0.3695, 0.3152, 0.2675, 0.3453, 0.2372, 0.3643, 0.4805, 0.492, 0.457, 0.3815, 0.4208, 0.4642, 0.5045, 0.4497, 0.5075, 0.4965, 0.5775, 0.4965, 0.452, 0.4585, 0.5427, 0.5465, 0.5202, 0.504, 0.5285, 0.483, 0.5288, 0.473, 0.5145, 0.6232, 0.6055, 0.5843, 0.5575, 0.5785, 0.6082, 0.584, 0.5773, 0.5998, 0.6382, 0.62, 0.6142, 0.6305, 0.6308]
2026-08-19 16:35:00,764 - FINAL_SC_r200.log - INFO - Minority Class Accuracy: [0.0, 0.0, 0.0, 0.0, 0.0, 0.0, 0.0, 0.0007, 0.0, 0.0, 0.0223, 0.013, 0.0387, 0.0283, 0.0553, 0.0853, 0.0853, 0.0293, 0.031, 0.094, 0.089, 0.069, 0.0637, 0.1517, 0.136, 0.135, 0.0903, 0.1227, 0.219, 0.2337, 0.1613, 0.165, 0.1643, 0.1657, 0.1737, 0.322, 0.2913, 0.24, 0.258, 0.378, 0.351, 0.4637, 0.3233, 0.347, 0.5557, 0.5363, 0.556, 0.4963, 0.473, 0.5737]
2026-08-19 16:35:00,764 - FINAL_SC_r200.log - INFO - === Head-Tail Evaluation ===
2026-08-19 16:35:00,764 - FINAL_SC_r200.log - INFO - Head Accuracy: 0.6763
2026-08-19 16:35:00,764 - FINAL_SC_r200.log - INFO - Tail Accuracy: 0.5737
2026-08-19 16:35:13,521 - FINAL_SC_r200.log - INFO - Round 51 S-diagnostic | score_mean 0.7379 | selected_tail_fraction 0.0216 | participation_range 17-26
2026-08-19 16:35:13,521 - FINAL_SC_r200.log - INFO - Round 51 selected clients: [1, 2, 5, 9, 10, 12, 14, 19]
2026-08-19 16:35:37,538 - FINAL_SC_r200.log - INFO - Round 51 | Global 0.6300 | Head 0.6916 | Tail 0.4863 | Many 0.7633 | Medium 0.6378 | Few 0.4863 | best_tail 0.5737@50 | rollback=False
2026-08-19 16:35:37,539 - FINAL_SC_r200.log - INFO - Round 52 S-diagnostic | score_mean 0.7703 | selected_tail_fraction 0.0276 | participation_range 17-26
2026-08-19 16:35:37,539 - FINAL_SC_r200.log - INFO - Round 52 selected clients: [4, 9, 11, 12, 16, 17, 18, 19]
2026-08-19 16:36:01,123 - FINAL_SC_r200.log - INFO - Round 52 | Global 0.6307 | Head 0.6970 | Tail 0.4760 | Many 0.7877 | Medium 0.6290 | Few 0.4760 | best_tail 0.5737@50 | rollback=False
2026-08-19 16:36:01,125 - FINAL_SC_r200.log - INFO - Round 53 S-diagnostic | score_mean 0.5806 | selected_tail_fraction 0.0163 | participation_range 17-26
2026-08-19 16:36:01,125 - FINAL_SC_r200.log - INFO - Round 53 selected clients: [1, 3, 7, 8, 9, 11, 13, 19]
2026-08-19 16:36:23,979 - FINAL_SC_r200.log - INFO - Round 53 | Global 0.6174 | Head 0.6980 | Tail 0.4293 | Many 0.8003 | Medium 0.6212 | Few 0.4293 | best_tail 0.5737@50 | rollback=False
2026-08-19 16:36:23,979 - FINAL_SC_r200.log - INFO - Round 54 S-diagnostic | score_mean 0.6886 | selected_tail_fraction 0.0171 | participation_range 17-27
2026-08-19 16:36:23,979 - FINAL_SC_r200.log - INFO - Round 54 selected clients: [1, 2, 7, 8, 12, 15, 16, 17]
2026-08-19 16:36:46,912 - FINAL_SC_r200.log - INFO - Round 54 | Global 0.6254 | Head 0.7063 | Tail 0.4367 | Many 0.8040 | Medium 0.6330 | Few 0.4367 | best_tail 0.5737@50 | rollback=False
2026-08-19 16:36:46,922 - FINAL_SC_r200.log - INFO - Round 55 S-diagnostic | score_mean 0.7790 | selected_tail_fraction 0.0282 | participation_range 17-27
2026-08-19 16:36:46,922 - FINAL_SC_r200.log - INFO - Round 55 selected clients: [3, 6, 9, 11, 12, 15, 16, 17]
2026-08-19 16:37:10,335 - FINAL_SC_r200.log - INFO - Round 55 | Global 0.6272 | Head 0.7073 | Tail 0.4403 | Many 0.7860 | Medium 0.6482 | Few 0.4403 | best_tail 0.5737@50 | rollback=False
2026-08-19 16:37:10,338 - FINAL_SC_r200.log - INFO - Round 56 S-diagnostic | score_mean 0.6181 | selected_tail_fraction 0.0177 | participation_range 17-27
2026-08-19 16:37:10,338 - FINAL_SC_r200.log - INFO - Round 56 selected clients: [0, 5, 7, 11, 14, 15, 16, 17]
2026-08-19 16:37:32,981 - FINAL_SC_r200.log - INFO - Round 56 | Global 0.5810 | Head 0.6966 | Tail 0.3113 | Many 0.8237 | Medium 0.6012 | Few 0.3113 | best_tail 0.5737@50 | rollback=False
2026-08-19 16:37:32,981 - FINAL_SC_r200.log - INFO - Round 57 S-diagnostic | score_mean 0.5775 | selected_tail_fraction 0.0163 | participation_range 17-27
2026-08-19 16:37:32,981 - FINAL_SC_r200.log - INFO - Round 57 selected clients: [3, 8, 9, 11, 13, 14, 16, 19]
2026-08-19 16:37:55,584 - FINAL_SC_r200.log - INFO - Round 57 | Global 0.6175 | Head 0.7086 | Tail 0.4050 | Many 0.8390 | Medium 0.6108 | Few 0.4050 | best_tail 0.5737@50 | rollback=False
2026-08-19 16:37:55,584 - FINAL_SC_r200.log - INFO - Round 58 S-diagnostic | score_mean 0.7329 | selected_tail_fraction 0.0214 | participation_range 18-28
2026-08-19 16:37:55,584 - FINAL_SC_r200.log - INFO - Round 58 selected clients: [1, 2, 3, 10, 12, 13, 15, 19]
2026-08-19 16:38:16,092 - FINAL_SC_r200.log - INFO - Round 58 | Global 0.6375 | Head 0.7010 | Tail 0.4893 | Many 0.7943 | Medium 0.6310 | Few 0.4893 | best_tail 0.5737@50 | rollback=False
2026-08-19 16:38:16,102 - FINAL_SC_r200.log - INFO - Round 59 S-diagnostic | score_mean 0.7980 | selected_tail_fraction 0.0383 | participation_range 19-29
2026-08-19 16:38:16,102 - FINAL_SC_r200.log - INFO - Round 59 selected clients: [1, 2, 6, 10, 16, 17, 18, 19]
2026-08-19 16:38:36,856 - FINAL_SC_r200.log - INFO - Round 59 | Global 0.6624 | Head 0.6901 | Tail 0.5977 | Many 0.7743 | Medium 0.6270 | Few 0.5977 | best_tail 0.5977@59 | rollback=False
2026-08-19 16:38:36,856 - FINAL_SC_r200.log - INFO - Round 60 S-diagnostic | score_mean 0.6047 | selected_tail_fraction 0.0071 | participation_range 19-30
2026-08-19 16:38:36,856 - FINAL_SC_r200.log - INFO - Round 60 selected clients: [0, 1, 2, 8, 13, 14, 15, 16]
2026-08-19 16:38:56,936 - FINAL_SC_r200.log - INFO - Round 60 | Global 0.6028 | Head 0.6931 | Tail 0.3920 | Many 0.8003 | Medium 0.6128 | Few 0.3920 | best_tail 0.5977@59 | rollback=False
2026-08-19 16:38:56,953 - FINAL_SC_r200.log - INFO - Global Accuracy: [0.1332, 0.2039, 0.2387, 0.29, 0.3201, 0.3382, 0.3669, 0.3733, 0.3661, 0.3459, 0.3881, 0.3504, 0.3848, 0.4173, 0.4273, 0.4481, 0.4247, 0.4187, 0.4349, 0.4499, 0.449, 0.4563, 0.4528, 0.4964, 0.4776, 0.4673, 0.4519, 0.4901, 0.507, 0.5203, 0.496, 0.4943, 0.4914, 0.5063, 0.4903, 0.5431, 0.5552, 0.5445, 0.5408, 0.5788, 0.571, 0.6106, 0.5711, 0.5781, 0.6236, 0.6235, 0.6003, 0.6267, 0.6194, 0.6455, 0.63, 0.6307, 0.6174, 0.6254, 0.6272, 0.581, 0.6175, 0.6375, 0.6624, 0.6028]
2026-08-19 16:38:56,953 - FINAL_SC_r200.log - INFO - Majority Class Accuracy: [0.3747, 0.54, 0.613, 0.6967, 0.723, 0.6857, 0.6937, 0.751, 0.8, 0.7963, 0.811, 0.8387, 0.7583, 0.722, 0.713, 0.799, 0.8217, 0.8053, 0.7997, 0.733, 0.808, 0.7753, 0.7837, 0.733, 0.794, 0.82, 0.8047, 0.7873, 0.7423, 0.807, 0.82, 0.778, 0.8297, 0.817, 0.83, 0.8023, 0.7283, 0.7677, 0.7657, 0.808, 0.781, 0.7607, 0.8017, 0.8103, 0.7233, 0.691, 0.6183, 0.7737, 0.751, 0.737, 0.7633, 0.7877, 0.8003, 0.804, 0.786, 0.8237, 0.839, 0.7943, 0.7743, 0.8003]
2026-08-19 16:38:56,953 - FINAL_SC_r200.log - INFO - Medium Class Accuracy: [0.052, 0.1047, 0.137, 0.2025, 0.258, 0.3312, 0.397, 0.3695, 0.3152, 0.2675, 0.3453, 0.2372, 0.3643, 0.4805, 0.492, 0.457, 0.3815, 0.4208, 0.4642, 0.5045, 0.4497, 0.5075, 0.4965, 0.5775, 0.4965, 0.452, 0.4585, 0.5427, 0.5465, 0.5202, 0.504, 0.5285, 0.483, 0.5288, 0.473, 0.5145, 0.6232, 0.6055, 0.5843, 0.5575, 0.5785, 0.6082, 0.584, 0.5773, 0.5998, 0.6382, 0.62, 0.6142, 0.6305, 0.6308, 0.6378, 0.629, 0.6212, 0.633, 0.6482, 0.6012, 0.6108, 0.631, 0.627, 0.6128]
2026-08-19 16:38:56,953 - FINAL_SC_r200.log - INFO - Minority Class Accuracy: [0.0, 0.0, 0.0, 0.0, 0.0, 0.0, 0.0, 0.0007, 0.0, 0.0, 0.0223, 0.013, 0.0387, 0.0283, 0.0553, 0.0853, 0.0853, 0.0293, 0.031, 0.094, 0.089, 0.069, 0.0637, 0.1517, 0.136, 0.135, 0.0903, 0.1227, 0.219, 0.2337, 0.1613, 0.165, 0.1643, 0.1657, 0.1737, 0.322, 0.2913, 0.24, 0.258, 0.378, 0.351, 0.4637, 0.3233, 0.347, 0.5557, 0.5363, 0.556, 0.4963, 0.473, 0.5737, 0.4863, 0.476, 0.4293, 0.4367, 0.4403, 0.3113, 0.405, 0.4893, 0.5977, 0.392]
2026-08-19 16:38:56,953 - FINAL_SC_r200.log - INFO - === Head-Tail Evaluation ===
2026-08-19 16:38:56,953 - FINAL_SC_r200.log - INFO - Head Accuracy: 0.6931
2026-08-19 16:38:56,953 - FINAL_SC_r200.log - INFO - Tail Accuracy: 0.3920
2026-08-19 16:39:10,205 - FINAL_SC_r200.log - INFO - Round 61 S-diagnostic | score_mean 0.6238 | selected_tail_fraction 0.0193 | participation_range 19-31
2026-08-19 16:39:10,205 - FINAL_SC_r200.log - INFO - Round 61 selected clients: [1, 2, 3, 4, 7, 8, 11, 19]
2026-08-19 16:39:32,331 - FINAL_SC_r200.log - INFO - Round 61 | Global 0.6189 | Head 0.7093 | Tail 0.4080 | Many 0.8213 | Medium 0.6252 | Few 0.4080 | best_tail 0.5977@59 | rollback=False
2026-08-19 16:39:32,333 - FINAL_SC_r200.log - INFO - Round 62 S-diagnostic | score_mean 0.7923 | selected_tail_fraction 0.0290 | participation_range 19-32
2026-08-19 16:39:32,334 - FINAL_SC_r200.log - INFO - Round 62 selected clients: [1, 2, 3, 4, 9, 13, 18, 19]
2026-08-19 16:39:54,151 - FINAL_SC_r200.log - INFO - Round 62 | Global 0.6505 | Head 0.6761 | Tail 0.5907 | Many 0.7820 | Medium 0.5968 | Few 0.5907 | best_tail 0.5977@59 | rollback=False
2026-08-19 16:39:54,153 - FINAL_SC_r200.log - INFO - Round 63 S-diagnostic | score_mean 0.6400 | selected_tail_fraction 0.0179 | participation_range 19-32
2026-08-19 16:39:54,153 - FINAL_SC_r200.log - INFO - Round 63 selected clients: [0, 4, 6, 8, 12, 14, 16, 17]
2026-08-19 16:40:15,778 - FINAL_SC_r200.log - INFO - Round 63 | Global 0.6193 | Head 0.7134 | Tail 0.3997 | Many 0.8203 | Medium 0.6332 | Few 0.3997 | best_tail 0.5977@59 | rollback=False
2026-08-19 16:40:15,779 - FINAL_SC_r200.log - INFO - Round 64 S-diagnostic | score_mean 0.6112 | selected_tail_fraction 0.0193 | participation_range 20-32
2026-08-19 16:40:15,779 - FINAL_SC_r200.log - INFO - Round 64 selected clients: [2, 3, 4, 8, 10, 13, 16, 19]
2026-08-19 16:40:36,212 - FINAL_SC_r200.log - INFO - Round 64 | Global 0.6474 | Head 0.7114 | Tail 0.4980 | Many 0.8160 | Medium 0.6330 | Few 0.4980 | best_tail 0.5977@59 | rollback=False
2026-08-19 16:40:36,212 - FINAL_SC_r200.log - INFO - Round 65 S-diagnostic | score_mean 0.7286 | selected_tail_fraction 0.0210 | participation_range 21-33
2026-08-19 16:40:36,212 - FINAL_SC_r200.log - INFO - Round 65 selected clients: [1, 2, 4, 5, 6, 10, 15, 16]
2026-08-19 16:40:56,674 - FINAL_SC_r200.log - INFO - Round 65 | Global 0.6427 | Head 0.7086 | Tail 0.4890 | Many 0.7753 | Medium 0.6585 | Few 0.4890 | best_tail 0.5977@59 | rollback=False
2026-08-19 16:40:56,674 - FINAL_SC_r200.log - INFO - Round 66 S-diagnostic | score_mean 0.6031 | selected_tail_fraction 0.0185 | participation_range 22-33
2026-08-19 16:40:56,674 - FINAL_SC_r200.log - INFO - Round 66 selected clients: [3, 4, 7, 8, 9, 10, 12, 17]
2026-08-19 16:41:17,038 - FINAL_SC_r200.log - INFO - Round 66 | Global 0.6212 | Head 0.7221 | Tail 0.3857 | Many 0.8223 | Medium 0.6470 | Few 0.3857 | best_tail 0.5977@59 | rollback=False
2026-08-19 16:41:17,038 - FINAL_SC_r200.log - INFO - Round 67 S-diagnostic | score_mean 0.8152 | selected_tail_fraction 0.0407 | participation_range 22-33
2026-08-19 16:41:17,038 - FINAL_SC_r200.log - INFO - Round 67 selected clients: [2, 3, 4, 5, 6, 11, 18, 19]
2026-08-19 16:41:37,978 - FINAL_SC_r200.log - INFO - Round 67 | Global 0.6786 | Head 0.6901 | Tail 0.6517 | Many 0.7243 | Medium 0.6645 | Few 0.6517 | best_tail 0.6517@67 | rollback=False
2026-08-19 16:41:37,978 - FINAL_SC_r200.log - INFO - Round 68 S-diagnostic | score_mean 0.6278 | selected_tail_fraction 0.0252 | participation_range 22-34
2026-08-19 16:41:37,988 - FINAL_SC_r200.log - INFO - Round 68 selected clients: [1, 6, 7, 10, 13, 16, 17, 18]
2026-08-19 16:41:57,991 - FINAL_SC_r200.log - INFO - Round 68 | Global 0.6602 | Head 0.7044 | Tail 0.5570 | Many 0.7937 | Medium 0.6375 | Few 0.5570 | best_tail 0.6517@67 | rollback=False
2026-08-19 16:41:57,991 - FINAL_SC_r200.log - INFO - Round 69 S-diagnostic | score_mean 0.7137 | selected_tail_fraction 0.0196 | participation_range 23-34
2026-08-19 16:41:57,991 - FINAL_SC_r200.log - INFO - Round 69 selected clients: [0, 6, 8, 9, 11, 12, 15, 18]
2026-08-19 16:42:19,922 - FINAL_SC_r200.log - INFO - Round 69 | Global 0.6533 | Head 0.6870 | Tail 0.5747 | Many 0.7493 | Medium 0.6402 | Few 0.5747 | best_tail 0.6517@67 | rollback=False
2026-08-19 16:42:19,922 - FINAL_SC_r200.log - INFO - Round 70 S-diagnostic | score_mean 0.4792 | selected_tail_fraction 0.0081 | participation_range 23-34
2026-08-19 16:42:19,922 - FINAL_SC_r200.log - INFO - Round 70 selected clients: [0, 6, 7, 8, 10, 11, 12, 14]
2026-08-19 16:42:42,832 - FINAL_SC_r200.log - INFO - Round 70 | Global 0.6194 | Head 0.7053 | Tail 0.4190 | Many 0.8173 | Medium 0.6212 | Few 0.4190 | best_tail 0.6517@67 | rollback=False
2026-08-19 16:42:42,854 - FINAL_SC_r200.log - INFO - Global Accuracy: [0.1332, 0.2039, 0.2387, 0.29, 0.3201, 0.3382, 0.3669, 0.3733, 0.3661, 0.3459, 0.3881, 0.3504, 0.3848, 0.4173, 0.4273, 0.4481, 0.4247, 0.4187, 0.4349, 0.4499, 0.449, 0.4563, 0.4528, 0.4964, 0.4776, 0.4673, 0.4519, 0.4901, 0.507, 0.5203, 0.496, 0.4943, 0.4914, 0.5063, 0.4903, 0.5431, 0.5552, 0.5445, 0.5408, 0.5788, 0.571, 0.6106, 0.5711, 0.5781, 0.6236, 0.6235, 0.6003, 0.6267, 0.6194, 0.6455, 0.63, 0.6307, 0.6174, 0.6254, 0.6272, 0.581, 0.6175, 0.6375, 0.6624, 0.6028, 0.6189, 0.6505, 0.6193, 0.6474, 0.6427, 0.6212, 0.6786, 0.6602, 0.6533, 0.6194]
2026-08-19 16:42:42,854 - FINAL_SC_r200.log - INFO - Majority Class Accuracy: [0.3747, 0.54, 0.613, 0.6967, 0.723, 0.6857, 0.6937, 0.751, 0.8, 0.7963, 0.811, 0.8387, 0.7583, 0.722, 0.713, 0.799, 0.8217, 0.8053, 0.7997, 0.733, 0.808, 0.7753, 0.7837, 0.733, 0.794, 0.82, 0.8047, 0.7873, 0.7423, 0.807, 0.82, 0.778, 0.8297, 0.817, 0.83, 0.8023, 0.7283, 0.7677, 0.7657, 0.808, 0.781, 0.7607, 0.8017, 0.8103, 0.7233, 0.691, 0.6183, 0.7737, 0.751, 0.737, 0.7633, 0.7877, 0.8003, 0.804, 0.786, 0.8237, 0.839, 0.7943, 0.7743, 0.8003, 0.8213, 0.782, 0.8203, 0.816, 0.7753, 0.8223, 0.7243, 0.7937, 0.7493, 0.8173]
2026-08-19 16:42:42,855 - FINAL_SC_r200.log - INFO - Medium Class Accuracy: [0.052, 0.1047, 0.137, 0.2025, 0.258, 0.3312, 0.397, 0.3695, 0.3152, 0.2675, 0.3453, 0.2372, 0.3643, 0.4805, 0.492, 0.457, 0.3815, 0.4208, 0.4642, 0.5045, 0.4497, 0.5075, 0.4965, 0.5775, 0.4965, 0.452, 0.4585, 0.5427, 0.5465, 0.5202, 0.504, 0.5285, 0.483, 0.5288, 0.473, 0.5145, 0.6232, 0.6055, 0.5843, 0.5575, 0.5785, 0.6082, 0.584, 0.5773, 0.5998, 0.6382, 0.62, 0.6142, 0.6305, 0.6308, 0.6378, 0.629, 0.6212, 0.633, 0.6482, 0.6012, 0.6108, 0.631, 0.627, 0.6128, 0.6252, 0.5968, 0.6332, 0.633, 0.6585, 0.647, 0.6645, 0.6375, 0.6402, 0.6212]
2026-08-19 16:42:42,855 - FINAL_SC_r200.log - INFO - Minority Class Accuracy: [0.0, 0.0, 0.0, 0.0, 0.0, 0.0, 0.0, 0.0007, 0.0, 0.0, 0.0223, 0.013, 0.0387, 0.0283, 0.0553, 0.0853, 0.0853, 0.0293, 0.031, 0.094, 0.089, 0.069, 0.0637, 0.1517, 0.136, 0.135, 0.0903, 0.1227, 0.219, 0.2337, 0.1613, 0.165, 0.1643, 0.1657, 0.1737, 0.322, 0.2913, 0.24, 0.258, 0.378, 0.351, 0.4637, 0.3233, 0.347, 0.5557, 0.5363, 0.556, 0.4963, 0.473, 0.5737, 0.4863, 0.476, 0.4293, 0.4367, 0.4403, 0.3113, 0.405, 0.4893, 0.5977, 0.392, 0.408, 0.5907, 0.3997, 0.498, 0.489, 0.3857, 0.6517, 0.557, 0.5747, 0.419]
2026-08-19 16:42:42,855 - FINAL_SC_r200.log - INFO - === Head-Tail Evaluation ===
2026-08-19 16:42:42,855 - FINAL_SC_r200.log - INFO - Head Accuracy: 0.7053
2026-08-19 16:42:42,855 - FINAL_SC_r200.log - INFO - Tail Accuracy: 0.4190
2026-08-19 16:42:56,191 - FINAL_SC_r200.log - INFO - Round 71 S-diagnostic | score_mean 0.6620 | selected_tail_fraction 0.0163 | participation_range 23-34
2026-08-19 16:42:56,191 - FINAL_SC_r200.log - INFO - Round 71 selected clients: [0, 3, 4, 9, 11, 13, 16, 19]
2026-08-19 16:43:20,061 - FINAL_SC_r200.log - INFO - Round 71 | Global 0.6325 | Head 0.7150 | Tail 0.4400 | Many 0.8373 | Medium 0.6232 | Few 0.4400 | best_tail 0.6517@67 | rollback=False
2026-08-19 16:43:20,061 - FINAL_SC_r200.log - INFO - Round 72 S-diagnostic | score_mean 0.7086 | selected_tail_fraction 0.0234 | participation_range 23-34
2026-08-19 16:43:20,061 - FINAL_SC_r200.log - INFO - Round 72 selected clients: [2, 3, 4, 8, 9, 14, 15, 19]
2026-08-19 16:43:43,654 - FINAL_SC_r200.log - INFO - Round 72 | Global 0.6629 | Head 0.7106 | Tail 0.5517 | Many 0.7663 | Medium 0.6687 | Few 0.5517 | best_tail 0.6517@67 | rollback=False
2026-08-19 16:43:43,654 - FINAL_SC_r200.log - INFO - Round 73 S-diagnostic | score_mean 0.8498 | selected_tail_fraction 0.0286 | participation_range 24-34
2026-08-19 16:43:43,654 - FINAL_SC_r200.log - INFO - Round 73 selected clients: [0, 2, 4, 5, 12, 15, 18, 19]
2026-08-19 16:44:07,812 - FINAL_SC_r200.log - INFO - Round 73 | Global 0.6838 | Head 0.7126 | Tail 0.6167 | Many 0.7720 | Medium 0.6680 | Few 0.6167 | best_tail 0.6517@67 | rollback=False
2026-08-19 16:44:07,812 - FINAL_SC_r200.log - INFO - Round 74 S-diagnostic | score_mean 0.6717 | selected_tail_fraction 0.0226 | participation_range 25-34
2026-08-19 16:44:07,812 - FINAL_SC_r200.log - INFO - Round 74 selected clients: [3, 5, 9, 10, 12, 13, 14, 19]
2026-08-19 16:44:31,461 - FINAL_SC_r200.log - INFO - Round 74 | Global 0.6762 | Head 0.7186 | Tail 0.5773 | Many 0.7753 | Medium 0.6760 | Few 0.5773 | best_tail 0.6517@67 | rollback=False
2026-08-19 16:44:31,461 - FINAL_SC_r200.log - INFO - Round 75 S-diagnostic | score_mean 0.6046 | selected_tail_fraction 0.0161 | participation_range 25-34
2026-08-19 16:44:31,461 - FINAL_SC_r200.log - INFO - Round 75 selected clients: [0, 4, 5, 7, 8, 9, 11, 19]
2026-08-19 16:44:54,871 - FINAL_SC_r200.log - INFO - Round 75 | Global 0.6561 | Head 0.7120 | Tail 0.5257 | Many 0.8040 | Medium 0.6430 | Few 0.5257 | best_tail 0.6517@67 | rollback=False
2026-08-19 16:44:54,881 - FINAL_SC_r200.log - INFO - Round 76 S-diagnostic | score_mean 0.5528 | selected_tail_fraction 0.0119 | participation_range 26-35
2026-08-19 16:44:54,881 - FINAL_SC_r200.log - INFO - Round 76 selected clients: [0, 7, 8, 9, 10, 14, 15, 19]
2026-08-19 16:45:18,391 - FINAL_SC_r200.log - INFO - Round 76 | Global 0.6394 | Head 0.7087 | Tail 0.4777 | Many 0.7803 | Medium 0.6550 | Few 0.4777 | best_tail 0.6517@67 | rollback=False
2026-08-19 16:45:18,391 - FINAL_SC_r200.log - INFO - Round 77 S-diagnostic | score_mean 0.6705 | selected_tail_fraction 0.0153 | participation_range 26-36
2026-08-19 16:45:18,391 - FINAL_SC_r200.log - INFO - Round 77 selected clients: [1, 2, 4, 9, 10, 13, 16, 19]
2026-08-19 16:45:41,669 - FINAL_SC_r200.log - INFO - Round 77 | Global 0.6466 | Head 0.7064 | Tail 0.5070 | Many 0.7950 | Medium 0.6400 | Few 0.5070 | best_tail 0.6517@67 | rollback=False
2026-08-19 16:45:41,669 - FINAL_SC_r200.log - INFO - Round 78 S-diagnostic | score_mean 0.7308 | selected_tail_fraction 0.0290 | participation_range 26-37
2026-08-19 16:45:41,669 - FINAL_SC_r200.log - INFO - Round 78 selected clients: [2, 3, 4, 8, 9, 11, 18, 19]
2026-08-19 16:46:05,234 - FINAL_SC_r200.log - INFO - Round 78 | Global 0.6643 | Head 0.7024 | Tail 0.5753 | Many 0.7890 | Medium 0.6375 | Few 0.5753 | best_tail 0.6517@67 | rollback=False
2026-08-19 16:46:05,234 - FINAL_SC_r200.log - INFO - Round 79 S-diagnostic | score_mean 0.5867 | selected_tail_fraction 0.0214 | participation_range 27-38
2026-08-19 16:46:05,234 - FINAL_SC_r200.log - INFO - Round 79 selected clients: [4, 5, 8, 11, 13, 14, 18, 19]
2026-08-19 16:46:28,303 - FINAL_SC_r200.log - INFO - Round 79 | Global 0.6522 | Head 0.7096 | Tail 0.5183 | Many 0.7863 | Medium 0.6520 | Few 0.5183 | best_tail 0.6517@67 | rollback=False
2026-08-19 16:46:28,303 - FINAL_SC_r200.log - INFO - Round 80 S-diagnostic | score_mean 0.7057 | selected_tail_fraction 0.0284 | participation_range 27-39
2026-08-19 16:46:28,303 - FINAL_SC_r200.log - INFO - Round 80 selected clients: [2, 5, 10, 11, 13, 15, 18, 19]
2026-08-19 16:46:50,925 - FINAL_SC_r200.log - INFO - Round 80 | Global 0.6532 | Head 0.6900 | Tail 0.5673 | Many 0.7703 | Medium 0.6298 | Few 0.5673 | best_tail 0.6517@67 | rollback=False
2026-08-19 16:46:50,942 - FINAL_SC_r200.log - INFO - Global Accuracy: [0.1332, 0.2039, 0.2387, 0.29, 0.3201, 0.3382, 0.3669, 0.3733, 0.3661, 0.3459, 0.3881, 0.3504, 0.3848, 0.4173, 0.4273, 0.4481, 0.4247, 0.4187, 0.4349, 0.4499, 0.449, 0.4563, 0.4528, 0.4964, 0.4776, 0.4673, 0.4519, 0.4901, 0.507, 0.5203, 0.496, 0.4943, 0.4914, 0.5063, 0.4903, 0.5431, 0.5552, 0.5445, 0.5408, 0.5788, 0.571, 0.6106, 0.5711, 0.5781, 0.6236, 0.6235, 0.6003, 0.6267, 0.6194, 0.6455, 0.63, 0.6307, 0.6174, 0.6254, 0.6272, 0.581, 0.6175, 0.6375, 0.6624, 0.6028, 0.6189, 0.6505, 0.6193, 0.6474, 0.6427, 0.6212, 0.6786, 0.6602, 0.6533, 0.6194, 0.6325, 0.6629, 0.6838, 0.6762, 0.6561, 0.6394, 0.6466, 0.6643, 0.6522, 0.6532]
2026-08-19 16:46:50,942 - FINAL_SC_r200.log - INFO - Majority Class Accuracy: [0.3747, 0.54, 0.613, 0.6967, 0.723, 0.6857, 0.6937, 0.751, 0.8, 0.7963, 0.811, 0.8387, 0.7583, 0.722, 0.713, 0.799, 0.8217, 0.8053, 0.7997, 0.733, 0.808, 0.7753, 0.7837, 0.733, 0.794, 0.82, 0.8047, 0.7873, 0.7423, 0.807, 0.82, 0.778, 0.8297, 0.817, 0.83, 0.8023, 0.7283, 0.7677, 0.7657, 0.808, 0.781, 0.7607, 0.8017, 0.8103, 0.7233, 0.691, 0.6183, 0.7737, 0.751, 0.737, 0.7633, 0.7877, 0.8003, 0.804, 0.786, 0.8237, 0.839, 0.7943, 0.7743, 0.8003, 0.8213, 0.782, 0.8203, 0.816, 0.7753, 0.8223, 0.7243, 0.7937, 0.7493, 0.8173, 0.8373, 0.7663, 0.772, 0.7753, 0.804, 0.7803, 0.795, 0.789, 0.7863, 0.7703]
2026-08-19 16:46:50,942 - FINAL_SC_r200.log - INFO - Medium Class Accuracy: [0.052, 0.1047, 0.137, 0.2025, 0.258, 0.3312, 0.397, 0.3695, 0.3152, 0.2675, 0.3453, 0.2372, 0.3643, 0.4805, 0.492, 0.457, 0.3815, 0.4208, 0.4642, 0.5045, 0.4497, 0.5075, 0.4965, 0.5775, 0.4965, 0.452, 0.4585, 0.5427, 0.5465, 0.5202, 0.504, 0.5285, 0.483, 0.5288, 0.473, 0.5145, 0.6232, 0.6055, 0.5843, 0.5575, 0.5785, 0.6082, 0.584, 0.5773, 0.5998, 0.6382, 0.62, 0.6142, 0.6305, 0.6308, 0.6378, 0.629, 0.6212, 0.633, 0.6482, 0.6012, 0.6108, 0.631, 0.627, 0.6128, 0.6252, 0.5968, 0.6332, 0.633, 0.6585, 0.647, 0.6645, 0.6375, 0.6402, 0.6212, 0.6232, 0.6687, 0.668, 0.676, 0.643, 0.655, 0.64, 0.6375, 0.652, 0.6298]
2026-08-19 16:46:50,942 - FINAL_SC_r200.log - INFO - Minority Class Accuracy: [0.0, 0.0, 0.0, 0.0, 0.0, 0.0, 0.0, 0.0007, 0.0, 0.0, 0.0223, 0.013, 0.0387, 0.0283, 0.0553, 0.0853, 0.0853, 0.0293, 0.031, 0.094, 0.089, 0.069, 0.0637, 0.1517, 0.136, 0.135, 0.0903, 0.1227, 0.219, 0.2337, 0.1613, 0.165, 0.1643, 0.1657, 0.1737, 0.322, 0.2913, 0.24, 0.258, 0.378, 0.351, 0.4637, 0.3233, 0.347, 0.5557, 0.5363, 0.556, 0.4963, 0.473, 0.5737, 0.4863, 0.476, 0.4293, 0.4367, 0.4403, 0.3113, 0.405, 0.4893, 0.5977, 0.392, 0.408, 0.5907, 0.3997, 0.498, 0.489, 0.3857, 0.6517, 0.557, 0.5747, 0.419, 0.44, 0.5517, 0.6167, 0.5773, 0.5257, 0.4777, 0.507, 0.5753, 0.5183, 0.5673]
2026-08-19 16:46:50,942 - FINAL_SC_r200.log - INFO - === Head-Tail Evaluation ===
2026-08-19 16:46:50,942 - FINAL_SC_r200.log - INFO - Head Accuracy: 0.6900
2026-08-19 16:46:50,942 - FINAL_SC_r200.log - INFO - Tail Accuracy: 0.5673
2026-08-19 16:47:03,841 - FINAL_SC_r200.log - INFO - Round 81 S-diagnostic | score_mean 0.7140 | selected_tail_fraction 0.0278 | participation_range 28-40
2026-08-19 16:47:03,841 - FINAL_SC_r200.log - INFO - Round 81 selected clients: [5, 9, 10, 14, 15, 16, 17, 19]
2026-08-19 16:47:24,984 - FINAL_SC_r200.log - INFO - Round 81 | Global 0.6736 | Head 0.7207 | Tail 0.5637 | Many 0.7850 | Medium 0.6725 | Few 0.5637 | best_tail 0.6517@67 | rollback=False
2026-08-19 16:47:24,984 - FINAL_SC_r200.log - INFO - Round 82 S-diagnostic | score_mean 0.6607 | selected_tail_fraction 0.0238 | participation_range 28-41
2026-08-19 16:47:24,984 - FINAL_SC_r200.log - INFO - Round 82 selected clients: [5, 6, 7, 10, 11, 12, 15, 19]
2026-08-19 16:47:45,831 - FINAL_SC_r200.log - INFO - Round 82 | Global 0.6804 | Head 0.7231 | Tail 0.5807 | Many 0.7933 | Medium 0.6705 | Few 0.5807 | best_tail 0.6517@67 | rollback=False
2026-08-19 16:47:45,831 - FINAL_SC_r200.log - INFO - Round 83 S-diagnostic | score_mean 0.7351 | selected_tail_fraction 0.0306 | participation_range 29-41
2026-08-19 16:47:45,831 - FINAL_SC_r200.log - INFO - Round 83 selected clients: [0, 2, 3, 10, 14, 15, 17, 18]
2026-08-19 16:48:06,814 - FINAL_SC_r200.log - INFO - Round 83 | Global 0.6840 | Head 0.7077 | Tail 0.6287 | Many 0.7543 | Medium 0.6727 | Few 0.6287 | best_tail 0.6517@67 | rollback=False
2026-08-19 16:48:06,814 - FINAL_SC_r200.log - INFO - Round 84 S-diagnostic | score_mean 0.7318 | selected_tail_fraction 0.0242 | participation_range 29-41
2026-08-19 16:48:06,814 - FINAL_SC_r200.log - INFO - Round 84 selected clients: [3, 4, 5, 7, 12, 15, 16, 17]
2026-08-19 16:48:27,593 - FINAL_SC_r200.log - INFO - Round 84 | Global 0.6676 | Head 0.7240 | Tail 0.5360 | Many 0.7943 | Medium 0.6713 | Few 0.5360 | best_tail 0.6517@67 | rollback=False
2026-08-19 16:48:27,593 - FINAL_SC_r200.log - INFO - Round 85 S-diagnostic | score_mean 0.7545 | selected_tail_fraction 0.0395 | participation_range 29-42
2026-08-19 16:48:27,593 - FINAL_SC_r200.log - INFO - Round 85 selected clients: [3, 6, 8, 12, 14, 17, 18, 19]
2026-08-19 16:48:48,629 - FINAL_SC_r200.log - INFO - Round 85 | Global 0.6846 | Head 0.7116 | Tail 0.6217 | Many 0.7653 | Medium 0.6713 | Few 0.6217 | best_tail 0.6517@67 | rollback=False
2026-08-19 16:48:48,629 - FINAL_SC_r200.log - INFO - Round 86 S-diagnostic | score_mean 0.5967 | selected_tail_fraction 0.0153 | participation_range 30-42
2026-08-19 16:48:48,629 - FINAL_SC_r200.log - INFO - Round 86 selected clients: [0, 1, 4, 6, 7, 13, 14, 18]
2026-08-19 16:49:09,062 - FINAL_SC_r200.log - INFO - Round 86 | Global 0.6619 | Head 0.7067 | Tail 0.5573 | Many 0.8170 | Medium 0.6240 | Few 0.5573 | best_tail 0.6517@67 | rollback=False
2026-08-19 16:49:09,062 - FINAL_SC_r200.log - INFO - Round 87 S-diagnostic | score_mean 0.6239 | selected_tail_fraction 0.0155 | participation_range 30-42
2026-08-19 16:49:09,062 - FINAL_SC_r200.log - INFO - Round 87 selected clients: [2, 3, 4, 7, 9, 10, 11, 15]
2026-08-19 16:49:29,513 - FINAL_SC_r200.log - INFO - Round 87 | Global 0.6657 | Head 0.7300 | Tail 0.5157 | Many 0.8040 | Medium 0.6745 | Few 0.5157 | best_tail 0.6517@67 | rollback=False
2026-08-19 16:49:29,513 - FINAL_SC_r200.log - INFO - Round 88 S-diagnostic | score_mean 0.6444 | selected_tail_fraction 0.0218 | participation_range 30-42
2026-08-19 16:49:29,513 - FINAL_SC_r200.log - INFO - Round 88 selected clients: [3, 6, 10, 11, 12, 14, 16, 18]
2026-08-19 16:49:49,866 - FINAL_SC_r200.log - INFO - Round 88 | Global 0.6766 | Head 0.7250 | Tail 0.5637 | Many 0.8093 | Medium 0.6617 | Few 0.5637 | best_tail 0.6517@67 | rollback=False
2026-08-19 16:49:49,866 - FINAL_SC_r200.log - INFO - Round 89 S-diagnostic | score_mean 0.7653 | selected_tail_fraction 0.0256 | participation_range 31-42
2026-08-19 16:49:49,866 - FINAL_SC_r200.log - INFO - Round 89 selected clients: [0, 1, 3, 6, 8, 9, 15, 18]
2026-08-19 16:50:10,536 - FINAL_SC_r200.log - INFO - Round 89 | Global 0.6821 | Head 0.7074 | Tail 0.6230 | Many 0.7733 | Medium 0.6580 | Few 0.6230 | best_tail 0.6517@67 | rollback=False
2026-08-19 16:50:10,536 - FINAL_SC_r200.log - INFO - Round 90 S-diagnostic | score_mean 0.7665 | selected_tail_fraction 0.0250 | participation_range 31-43
2026-08-19 16:50:10,536 - FINAL_SC_r200.log - INFO - Round 90 selected clients: [0, 2, 4, 6, 9, 13, 15, 19]
2026-08-19 16:50:31,241 - FINAL_SC_r200.log - INFO - Round 90 | Global 0.6784 | Head 0.7054 | Tail 0.6153 | Many 0.7517 | Medium 0.6707 | Few 0.6153 | best_tail 0.6517@67 | rollback=False
2026-08-19 16:50:31,264 - FINAL_SC_r200.log - INFO - Global Accuracy: [0.1332, 0.2039, 0.2387, 0.29, 0.3201, 0.3382, 0.3669, 0.3733, 0.3661, 0.3459, 0.3881, 0.3504, 0.3848, 0.4173, 0.4273, 0.4481, 0.4247, 0.4187, 0.4349, 0.4499, 0.449, 0.4563, 0.4528, 0.4964, 0.4776, 0.4673, 0.4519, 0.4901, 0.507, 0.5203, 0.496, 0.4943, 0.4914, 0.5063, 0.4903, 0.5431, 0.5552, 0.5445, 0.5408, 0.5788, 0.571, 0.6106, 0.5711, 0.5781, 0.6236, 0.6235, 0.6003, 0.6267, 0.6194, 0.6455, 0.63, 0.6307, 0.6174, 0.6254, 0.6272, 0.581, 0.6175, 0.6375, 0.6624, 0.6028, 0.6189, 0.6505, 0.6193, 0.6474, 0.6427, 0.6212, 0.6786, 0.6602, 0.6533, 0.6194, 0.6325, 0.6629, 0.6838, 0.6762, 0.6561, 0.6394, 0.6466, 0.6643, 0.6522, 0.6532, 0.6736, 0.6804, 0.684, 0.6676, 0.6846, 0.6619, 0.6657, 0.6766, 0.6821, 0.6784]
2026-08-19 16:50:31,264 - FINAL_SC_r200.log - INFO - Majority Class Accuracy: [0.3747, 0.54, 0.613, 0.6967, 0.723, 0.6857, 0.6937, 0.751, 0.8, 0.7963, 0.811, 0.8387, 0.7583, 0.722, 0.713, 0.799, 0.8217, 0.8053, 0.7997, 0.733, 0.808, 0.7753, 0.7837, 0.733, 0.794, 0.82, 0.8047, 0.7873, 0.7423, 0.807, 0.82, 0.778, 0.8297, 0.817, 0.83, 0.8023, 0.7283, 0.7677, 0.7657, 0.808, 0.781, 0.7607, 0.8017, 0.8103, 0.7233, 0.691, 0.6183, 0.7737, 0.751, 0.737, 0.7633, 0.7877, 0.8003, 0.804, 0.786, 0.8237, 0.839, 0.7943, 0.7743, 0.8003, 0.8213, 0.782, 0.8203, 0.816, 0.7753, 0.8223, 0.7243, 0.7937, 0.7493, 0.8173, 0.8373, 0.7663, 0.772, 0.7753, 0.804, 0.7803, 0.795, 0.789, 0.7863, 0.7703, 0.785, 0.7933, 0.7543, 0.7943, 0.7653, 0.817, 0.804, 0.8093, 0.7733, 0.7517]
2026-08-19 16:50:31,265 - FINAL_SC_r200.log - INFO - Medium Class Accuracy: [0.052, 0.1047, 0.137, 0.2025, 0.258, 0.3312, 0.397, 0.3695, 0.3152, 0.2675, 0.3453, 0.2372, 0.3643, 0.4805, 0.492, 0.457, 0.3815, 0.4208, 0.4642, 0.5045, 0.4497, 0.5075, 0.4965, 0.5775, 0.4965, 0.452, 0.4585, 0.5427, 0.5465, 0.5202, 0.504, 0.5285, 0.483, 0.5288, 0.473, 0.5145, 0.6232, 0.6055, 0.5843, 0.5575, 0.5785, 0.6082, 0.584, 0.5773, 0.5998, 0.6382, 0.62, 0.6142, 0.6305, 0.6308, 0.6378, 0.629, 0.6212, 0.633, 0.6482, 0.6012, 0.6108, 0.631, 0.627, 0.6128, 0.6252, 0.5968, 0.6332, 0.633, 0.6585, 0.647, 0.6645, 0.6375, 0.6402, 0.6212, 0.6232, 0.6687, 0.668, 0.676, 0.643, 0.655, 0.64, 0.6375, 0.652, 0.6298, 0.6725, 0.6705, 0.6727, 0.6713, 0.6713, 0.624, 0.6745, 0.6617, 0.658, 0.6707]
2026-08-19 16:50:31,265 - FINAL_SC_r200.log - INFO - Minority Class Accuracy: [0.0, 0.0, 0.0, 0.0, 0.0, 0.0, 0.0, 0.0007, 0.0, 0.0, 0.0223, 0.013, 0.0387, 0.0283, 0.0553, 0.0853, 0.0853, 0.0293, 0.031, 0.094, 0.089, 0.069, 0.0637, 0.1517, 0.136, 0.135, 0.0903, 0.1227, 0.219, 0.2337, 0.1613, 0.165, 0.1643, 0.1657, 0.1737, 0.322, 0.2913, 0.24, 0.258, 0.378, 0.351, 0.4637, 0.3233, 0.347, 0.5557, 0.5363, 0.556, 0.4963, 0.473, 0.5737, 0.4863, 0.476, 0.4293, 0.4367, 0.4403, 0.3113, 0.405, 0.4893, 0.5977, 0.392, 0.408, 0.5907, 0.3997, 0.498, 0.489, 0.3857, 0.6517, 0.557, 0.5747, 0.419, 0.44, 0.5517, 0.6167, 0.5773, 0.5257, 0.4777, 0.507, 0.5753, 0.5183, 0.5673, 0.5637, 0.5807, 0.6287, 0.536, 0.6217, 0.5573, 0.5157, 0.5637, 0.623, 0.6153]
2026-08-19 16:50:31,265 - FINAL_SC_r200.log - INFO - === Head-Tail Evaluation ===
2026-08-19 16:50:31,265 - FINAL_SC_r200.log - INFO - Head Accuracy: 0.7054
2026-08-19 16:50:31,265 - FINAL_SC_r200.log - INFO - Tail Accuracy: 0.6153
2026-08-19 16:50:44,200 - FINAL_SC_r200.log - INFO - Round 91 S-diagnostic | score_mean 0.8175 | selected_tail_fraction 0.0218 | participation_range 31-43
2026-08-19 16:50:44,200 - FINAL_SC_r200.log - INFO - Round 91 selected clients: [2, 3, 4, 5, 9, 12, 15, 16]
2026-08-19 16:51:05,545 - FINAL_SC_r200.log - INFO - Round 91 | Global 0.6743 | Head 0.7107 | Tail 0.5893 | Many 0.7603 | Medium 0.6735 | Few 0.5893 | best_tail 0.6517@67 | rollback=False
2026-08-19 16:51:05,555 - FINAL_SC_r200.log - INFO - Round 92 S-diagnostic | score_mean 0.6956 | selected_tail_fraction 0.0236 | participation_range 31-43
2026-08-19 16:51:05,555 - FINAL_SC_r200.log - INFO - Round 92 selected clients: [3, 4, 6, 8, 12, 14, 15, 18]
2026-08-19 16:51:26,618 - FINAL_SC_r200.log - INFO - Round 92 | Global 0.6765 | Head 0.7211 | Tail 0.5723 | Many 0.7700 | Medium 0.6845 | Few 0.5723 | best_tail 0.6517@67 | rollback=False
2026-08-19 16:51:26,618 - FINAL_SC_r200.log - INFO - Round 93 S-diagnostic | score_mean 0.6203 | selected_tail_fraction 0.0274 | participation_range 32-43
2026-08-19 16:51:26,618 - FINAL_SC_r200.log - INFO - Round 93 selected clients: [4, 6, 7, 8, 9, 10, 17, 18]
2026-08-19 16:51:49,588 - FINAL_SC_r200.log - INFO - Round 93 | Global 0.6780 | Head 0.7154 | Tail 0.5907 | Many 0.7770 | Medium 0.6693 | Few 0.5907 | best_tail 0.6517@67 | rollback=False
2026-08-19 16:51:49,589 - FINAL_SC_r200.log - INFO - Round 94 S-diagnostic | score_mean 0.7538 | selected_tail_fraction 0.0351 | participation_range 32-44
2026-08-19 16:51:49,590 - FINAL_SC_r200.log - INFO - Round 94 selected clients: [6, 7, 12, 13, 15, 17, 18, 19]
2026-08-19 16:52:12,717 - FINAL_SC_r200.log - INFO - Round 94 | Global 0.6983 | Head 0.7159 | Tail 0.6573 | Many 0.7807 | Medium 0.6673 | Few 0.6573 | best_tail 0.6573@94 | rollback=False
2026-08-19 16:52:12,717 - FINAL_SC_r200.log - INFO - Round 95 S-diagnostic | score_mean 0.5842 | selected_tail_fraction 0.0214 | participation_range 32-44
2026-08-19 16:52:12,717 - FINAL_SC_r200.log - INFO - Round 95 selected clients: [0, 2, 3, 7, 10, 11, 13, 17]
2026-08-19 16:52:35,551 - FINAL_SC_r200.log - INFO - Round 95 | Global 0.6799 | Head 0.7251 | Tail 0.5743 | Many 0.8017 | Medium 0.6677 | Few 0.5743 | best_tail 0.6573@94 | rollback=False
2026-08-19 16:52:35,551 - FINAL_SC_r200.log - INFO - Round 96 S-diagnostic | score_mean 0.6197 | selected_tail_fraction 0.0095 | participation_range 32-44
2026-08-19 16:52:35,551 - FINAL_SC_r200.log - INFO - Round 96 selected clients: [0, 1, 7, 8, 11, 12, 15, 18]
2026-08-19 16:52:58,377 - FINAL_SC_r200.log - INFO - Round 96 | Global 0.6685 | Head 0.7204 | Tail 0.5473 | Many 0.8000 | Medium 0.6607 | Few 0.5473 | best_tail 0.6573@94 | rollback=False
2026-08-19 16:52:58,377 - FINAL_SC_r200.log - INFO - Round 97 S-diagnostic | score_mean 0.6551 | selected_tail_fraction 0.0161 | participation_range 32-44
2026-08-19 16:52:58,377 - FINAL_SC_r200.log - INFO - Round 97 selected clients: [1, 3, 4, 6, 7, 10, 12, 15]
2026-08-19 16:53:21,617 - FINAL_SC_r200.log - INFO - Round 97 | Global 0.6714 | Head 0.7283 | Tail 0.5387 | Many 0.8093 | Medium 0.6675 | Few 0.5387 | best_tail 0.6573@94 | rollback=False
2026-08-19 16:53:21,617 - FINAL_SC_r200.log - INFO - Round 98 S-diagnostic | score_mean 0.7874 | selected_tail_fraction 0.0328 | participation_range 32-44
2026-08-19 16:53:21,617 - FINAL_SC_r200.log - INFO - Round 98 selected clients: [2, 3, 4, 7, 9, 15, 17, 18]
2026-08-19 16:53:45,205 - FINAL_SC_r200.log - INFO - Round 98 | Global 0.6909 | Head 0.7244 | Tail 0.6127 | Many 0.7670 | Medium 0.6925 | Few 0.6127 | best_tail 0.6573@94 | rollback=False
2026-08-19 16:53:45,205 - FINAL_SC_r200.log - INFO - Round 99 S-diagnostic | score_mean 0.7763 | selected_tail_fraction 0.0375 | participation_range 33-45
2026-08-19 16:53:45,205 - FINAL_SC_r200.log - INFO - Round 99 selected clients: [3, 4, 5, 11, 16, 17, 18, 19]
2026-08-19 16:54:08,623 - FINAL_SC_r200.log - INFO - Round 99 | Global 0.6961 | Head 0.7154 | Tail 0.6510 | Many 0.7800 | Medium 0.6670 | Few 0.6510 | best_tail 0.6573@94 | rollback=False
2026-08-19 16:54:08,623 - FINAL_SC_r200.log - INFO - Round 100 S-diagnostic | score_mean 0.7653 | selected_tail_fraction 0.0314 | participation_range 34-46
2026-08-19 16:54:08,623 - FINAL_SC_r200.log - INFO - Round 100 selected clients: [0, 4, 5, 8, 12, 17, 18, 19]
2026-08-19 16:54:31,888 - FINAL_SC_r200.log - INFO - Round 100 | Global 0.6939 | Head 0.7206 | Tail 0.6317 | Many 0.7787 | Medium 0.6770 | Few 0.6317 | best_tail 0.6573@94 | rollback=False
2026-08-19 16:54:31,904 - FINAL_SC_r200.log - INFO - Global Accuracy: [0.1332, 0.2039, 0.2387, 0.29, 0.3201, 0.3382, 0.3669, 0.3733, 0.3661, 0.3459, 0.3881, 0.3504, 0.3848, 0.4173, 0.4273, 0.4481, 0.4247, 0.4187, 0.4349, 0.4499, 0.449, 0.4563, 0.4528, 0.4964, 0.4776, 0.4673, 0.4519, 0.4901, 0.507, 0.5203, 0.496, 0.4943, 0.4914, 0.5063, 0.4903, 0.5431, 0.5552, 0.5445, 0.5408, 0.5788, 0.571, 0.6106, 0.5711, 0.5781, 0.6236, 0.6235, 0.6003, 0.6267, 0.6194, 0.6455, 0.63, 0.6307, 0.6174, 0.6254, 0.6272, 0.581, 0.6175, 0.6375, 0.6624, 0.6028, 0.6189, 0.6505, 0.6193, 0.6474, 0.6427, 0.6212, 0.6786, 0.6602, 0.6533, 0.6194, 0.6325, 0.6629, 0.6838, 0.6762, 0.6561, 0.6394, 0.6466, 0.6643, 0.6522, 0.6532, 0.6736, 0.6804, 0.684, 0.6676, 0.6846, 0.6619, 0.6657, 0.6766, 0.6821, 0.6784, 0.6743, 0.6765, 0.678, 0.6983, 0.6799, 0.6685, 0.6714, 0.6909, 0.6961, 0.6939]
2026-08-19 16:54:31,904 - FINAL_SC_r200.log - INFO - Majority Class Accuracy: [0.3747, 0.54, 0.613, 0.6967, 0.723, 0.6857, 0.6937, 0.751, 0.8, 0.7963, 0.811, 0.8387, 0.7583, 0.722, 0.713, 0.799, 0.8217, 0.8053, 0.7997, 0.733, 0.808, 0.7753, 0.7837, 0.733, 0.794, 0.82, 0.8047, 0.7873, 0.7423, 0.807, 0.82, 0.778, 0.8297, 0.817, 0.83, 0.8023, 0.7283, 0.7677, 0.7657, 0.808, 0.781, 0.7607, 0.8017, 0.8103, 0.7233, 0.691, 0.6183, 0.7737, 0.751, 0.737, 0.7633, 0.7877, 0.8003, 0.804, 0.786, 0.8237, 0.839, 0.7943, 0.7743, 0.8003, 0.8213, 0.782, 0.8203, 0.816, 0.7753, 0.8223, 0.7243, 0.7937, 0.7493, 0.8173, 0.8373, 0.7663, 0.772, 0.7753, 0.804, 0.7803, 0.795, 0.789, 0.7863, 0.7703, 0.785, 0.7933, 0.7543, 0.7943, 0.7653, 0.817, 0.804, 0.8093, 0.7733, 0.7517, 0.7603, 0.77, 0.777, 0.7807, 0.8017, 0.8, 0.8093, 0.767, 0.78, 0.7787]
2026-08-19 16:54:31,904 - FINAL_SC_r200.log - INFO - Medium Class Accuracy: [0.052, 0.1047, 0.137, 0.2025, 0.258, 0.3312, 0.397, 0.3695, 0.3152, 0.2675, 0.3453, 0.2372, 0.3643, 0.4805, 0.492, 0.457, 0.3815, 0.4208, 0.4642, 0.5045, 0.4497, 0.5075, 0.4965, 0.5775, 0.4965, 0.452, 0.4585, 0.5427, 0.5465, 0.5202, 0.504, 0.5285, 0.483, 0.5288, 0.473, 0.5145, 0.6232, 0.6055, 0.5843, 0.5575, 0.5785, 0.6082, 0.584, 0.5773, 0.5998, 0.6382, 0.62, 0.6142, 0.6305, 0.6308, 0.6378, 0.629, 0.6212, 0.633, 0.6482, 0.6012, 0.6108, 0.631, 0.627, 0.6128, 0.6252, 0.5968, 0.6332, 0.633, 0.6585, 0.647, 0.6645, 0.6375, 0.6402, 0.6212, 0.6232, 0.6687, 0.668, 0.676, 0.643, 0.655, 0.64, 0.6375, 0.652, 0.6298, 0.6725, 0.6705, 0.6727, 0.6713, 0.6713, 0.624, 0.6745, 0.6617, 0.658, 0.6707, 0.6735, 0.6845, 0.6693, 0.6673, 0.6677, 0.6607, 0.6675, 0.6925, 0.667, 0.677]
2026-08-19 16:54:31,904 - FINAL_SC_r200.log - INFO - Minority Class Accuracy: [0.0, 0.0, 0.0, 0.0, 0.0, 0.0, 0.0, 0.0007, 0.0, 0.0, 0.0223, 0.013, 0.0387, 0.0283, 0.0553, 0.0853, 0.0853, 0.0293, 0.031, 0.094, 0.089, 0.069, 0.0637, 0.1517, 0.136, 0.135, 0.0903, 0.1227, 0.219, 0.2337, 0.1613, 0.165, 0.1643, 0.1657, 0.1737, 0.322, 0.2913, 0.24, 0.258, 0.378, 0.351, 0.4637, 0.3233, 0.347, 0.5557, 0.5363, 0.556, 0.4963, 0.473, 0.5737, 0.4863, 0.476, 0.4293, 0.4367, 0.4403, 0.3113, 0.405, 0.4893, 0.5977, 0.392, 0.408, 0.5907, 0.3997, 0.498, 0.489, 0.3857, 0.6517, 0.557, 0.5747, 0.419, 0.44, 0.5517, 0.6167, 0.5773, 0.5257, 0.4777, 0.507, 0.5753, 0.5183, 0.5673, 0.5637, 0.5807, 0.6287, 0.536, 0.6217, 0.5573, 0.5157, 0.5637, 0.623, 0.6153, 0.5893, 0.5723, 0.5907, 0.6573, 0.5743, 0.5473, 0.5387, 0.6127, 0.651, 0.6317]
2026-08-19 16:54:31,904 - FINAL_SC_r200.log - INFO - === Head-Tail Evaluation ===
2026-08-19 16:54:31,904 - FINAL_SC_r200.log - INFO - Head Accuracy: 0.7206
2026-08-19 16:54:31,904 - FINAL_SC_r200.log - INFO - Tail Accuracy: 0.6317
2026-08-19 16:54:44,943 - FINAL_SC_r200.log - INFO - Round 101 S-diagnostic | score_mean 0.6166 | selected_tail_fraction 0.0129 | participation_range 34-47
2026-08-19 16:54:44,943 - FINAL_SC_r200.log - INFO - Round 101 selected clients: [0, 2, 4, 7, 10, 11, 12, 18]
2026-08-19 16:55:08,191 - FINAL_SC_r200.log - INFO - Round 101 | Global 0.6786 | Head 0.7256 | Tail 0.5690 | Many 0.7840 | Medium 0.6817 | Few 0.5690 | best_tail 0.6573@94 | rollback=False
2026-08-19 16:55:08,191 - FINAL_SC_r200.log - INFO - Round 102 S-diagnostic | score_mean 0.5790 | selected_tail_fraction 0.0179 | participation_range 34-47
2026-08-19 16:55:08,191 - FINAL_SC_r200.log - INFO - Round 102 selected clients: [1, 8, 10, 11, 12, 14, 17, 19]
2026-08-19 16:55:31,030 - FINAL_SC_r200.log - INFO - Round 102 | Global 0.6660 | Head 0.7236 | Tail 0.5317 | Many 0.7977 | Medium 0.6680 | Few 0.5317 | best_tail 0.6573@94 | rollback=False
2026-08-19 16:55:31,039 - FINAL_SC_r200.log - INFO - Round 103 S-diagnostic | score_mean 0.7083 | selected_tail_fraction 0.0252 | participation_range 34-48
2026-08-19 16:55:31,039 - FINAL_SC_r200.log - INFO - Round 103 selected clients: [0, 2, 7, 9, 11, 16, 17, 19]
2026-08-19 16:55:54,186 - FINAL_SC_r200.log - INFO - Round 103 | Global 0.6812 | Head 0.7277 | Tail 0.5727 | Many 0.7933 | Medium 0.6785 | Few 0.5727 | best_tail 0.6573@94 | rollback=False
2026-08-19 16:55:54,186 - FINAL_SC_r200.log - INFO - Round 104 S-diagnostic | score_mean 0.7546 | selected_tail_fraction 0.0339 | participation_range 34-48
2026-08-19 16:55:54,186 - FINAL_SC_r200.log - INFO - Round 104 selected clients: [3, 6, 9, 12, 13, 14, 17, 18]
2026-08-19 16:56:15,082 - FINAL_SC_r200.log - INFO - Round 104 | Global 0.6966 | Head 0.7266 | Tail 0.6267 | Many 0.7913 | Medium 0.6780 | Few 0.6267 | best_tail 0.6573@94 | rollback=False
2026-08-19 16:56:15,082 - FINAL_SC_r200.log - INFO - Round 105 S-diagnostic | score_mean 0.5651 | selected_tail_fraction 0.0155 | participation_range 34-48
2026-08-19 16:56:15,082 - FINAL_SC_r200.log - INFO - Round 105 selected clients: [3, 8, 10, 13, 14, 15, 16, 18]
2026-08-19 16:56:35,358 - FINAL_SC_r200.log - INFO - Round 105 | Global 0.6725 | Head 0.7239 | Tail 0.5527 | Many 0.8133 | Medium 0.6567 | Few 0.5527 | best_tail 0.6573@94 | rollback=False
2026-08-19 16:56:35,368 - FINAL_SC_r200.log - INFO - Round 106 S-diagnostic | score_mean 0.7110 | selected_tail_fraction 0.0240 | participation_range 34-48
2026-08-19 16:56:35,368 - FINAL_SC_r200.log - INFO - Round 106 selected clients: [1, 3, 6, 7, 8, 9, 12, 18]
2026-08-19 16:56:56,124 - FINAL_SC_r200.log - INFO - Round 106 | Global 0.6951 | Head 0.7189 | Tail 0.6397 | Many 0.7893 | Medium 0.6660 | Few 0.6397 | best_tail 0.6573@94 | rollback=False
2026-08-19 16:56:56,124 - FINAL_SC_r200.log - INFO - Round 107 S-diagnostic | score_mean 0.6824 | selected_tail_fraction 0.0234 | participation_range 34-49
2026-08-19 16:56:56,124 - FINAL_SC_r200.log - INFO - Round 107 selected clients: [2, 6, 7, 9, 11, 12, 14, 19]
2026-08-19 16:57:16,968 - FINAL_SC_r200.log - INFO - Round 107 | Global 0.6992 | Head 0.7184 | Tail 0.6543 | Many 0.7670 | Medium 0.6820 | Few 0.6543 | best_tail 0.6573@94 | rollback=False
2026-08-19 16:57:16,968 - FINAL_SC_r200.log - INFO - Round 108 S-diagnostic | score_mean 0.5603 | selected_tail_fraction 0.0115 | participation_range 34-49
2026-08-19 16:57:16,968 - FINAL_SC_r200.log - INFO - Round 108 selected clients: [0, 7, 8, 9, 10, 13, 15, 18]
2026-08-19 16:57:37,497 - FINAL_SC_r200.log - INFO - Round 108 | Global 0.6764 | Head 0.7040 | Tail 0.6120 | Many 0.7693 | Medium 0.6550 | Few 0.6120 | best_tail 0.6573@94 | rollback=False
2026-08-19 16:57:37,497 - FINAL_SC_r200.log - INFO - Round 109 S-diagnostic | score_mean 0.6995 | selected_tail_fraction 0.0228 | participation_range 34-50
2026-08-19 16:57:37,497 - FINAL_SC_r200.log - INFO - Round 109 selected clients: [0, 2, 4, 7, 12, 13, 17, 18]
2026-08-19 16:57:58,102 - FINAL_SC_r200.log - INFO - Round 109 | Global 0.6811 | Head 0.7257 | Tail 0.5770 | Many 0.7907 | Medium 0.6770 | Few 0.5770 | best_tail 0.6573@94 | rollback=False
2026-08-19 16:57:58,102 - FINAL_SC_r200.log - INFO - Round 110 S-diagnostic | score_mean 0.7063 | selected_tail_fraction 0.0276 | participation_range 35-50
2026-08-19 16:57:58,102 - FINAL_SC_r200.log - INFO - Round 110 selected clients: [2, 3, 4, 5, 6, 7, 9, 14]
2026-08-19 16:58:18,882 - FINAL_SC_r200.log - INFO - Round 110 | Global 0.6985 | Head 0.7161 | Tail 0.6573 | Many 0.7600 | Medium 0.6833 | Few 0.6573 | best_tail 0.6573@110 | rollback=False
2026-08-19 16:58:18,908 - FINAL_SC_r200.log - INFO - Global Accuracy: [0.1332, 0.2039, 0.2387, 0.29, 0.3201, 0.3382, 0.3669, 0.3733, 0.3661, 0.3459, 0.3881, 0.3504, 0.3848, 0.4173, 0.4273, 0.4481, 0.4247, 0.4187, 0.4349, 0.4499, 0.449, 0.4563, 0.4528, 0.4964, 0.4776, 0.4673, 0.4519, 0.4901, 0.507, 0.5203, 0.496, 0.4943, 0.4914, 0.5063, 0.4903, 0.5431, 0.5552, 0.5445, 0.5408, 0.5788, 0.571, 0.6106, 0.5711, 0.5781, 0.6236, 0.6235, 0.6003, 0.6267, 0.6194, 0.6455, 0.63, 0.6307, 0.6174, 0.6254, 0.6272, 0.581, 0.6175, 0.6375, 0.6624, 0.6028, 0.6189, 0.6505, 0.6193, 0.6474, 0.6427, 0.6212, 0.6786, 0.6602, 0.6533, 0.6194, 0.6325, 0.6629, 0.6838, 0.6762, 0.6561, 0.6394, 0.6466, 0.6643, 0.6522, 0.6532, 0.6736, 0.6804, 0.684, 0.6676, 0.6846, 0.6619, 0.6657, 0.6766, 0.6821, 0.6784, 0.6743, 0.6765, 0.678, 0.6983, 0.6799, 0.6685, 0.6714, 0.6909, 0.6961, 0.6939, 0.6786, 0.666, 0.6812, 0.6966, 0.6725, 0.6951, 0.6992, 0.6764, 0.6811, 0.6985]
2026-08-19 16:58:18,909 - FINAL_SC_r200.log - INFO - Majority Class Accuracy: [0.3747, 0.54, 0.613, 0.6967, 0.723, 0.6857, 0.6937, 0.751, 0.8, 0.7963, 0.811, 0.8387, 0.7583, 0.722, 0.713, 0.799, 0.8217, 0.8053, 0.7997, 0.733, 0.808, 0.7753, 0.7837, 0.733, 0.794, 0.82, 0.8047, 0.7873, 0.7423, 0.807, 0.82, 0.778, 0.8297, 0.817, 0.83, 0.8023, 0.7283, 0.7677, 0.7657, 0.808, 0.781, 0.7607, 0.8017, 0.8103, 0.7233, 0.691, 0.6183, 0.7737, 0.751, 0.737, 0.7633, 0.7877, 0.8003, 0.804, 0.786, 0.8237, 0.839, 0.7943, 0.7743, 0.8003, 0.8213, 0.782, 0.8203, 0.816, 0.7753, 0.8223, 0.7243, 0.7937, 0.7493, 0.8173, 0.8373, 0.7663, 0.772, 0.7753, 0.804, 0.7803, 0.795, 0.789, 0.7863, 0.7703, 0.785, 0.7933, 0.7543, 0.7943, 0.7653, 0.817, 0.804, 0.8093, 0.7733, 0.7517, 0.7603, 0.77, 0.777, 0.7807, 0.8017, 0.8, 0.8093, 0.767, 0.78, 0.7787, 0.784, 0.7977, 0.7933, 0.7913, 0.8133, 0.7893, 0.767, 0.7693, 0.7907, 0.76]
2026-08-19 16:58:18,909 - FINAL_SC_r200.log - INFO - Medium Class Accuracy: [0.052, 0.1047, 0.137, 0.2025, 0.258, 0.3312, 0.397, 0.3695, 0.3152, 0.2675, 0.3453, 0.2372, 0.3643, 0.4805, 0.492, 0.457, 0.3815, 0.4208, 0.4642, 0.5045, 0.4497, 0.5075, 0.4965, 0.5775, 0.4965, 0.452, 0.4585, 0.5427, 0.5465, 0.5202, 0.504, 0.5285, 0.483, 0.5288, 0.473, 0.5145, 0.6232, 0.6055, 0.5843, 0.5575, 0.5785, 0.6082, 0.584, 0.5773, 0.5998, 0.6382, 0.62, 0.6142, 0.6305, 0.6308, 0.6378, 0.629, 0.6212, 0.633, 0.6482, 0.6012, 0.6108, 0.631, 0.627, 0.6128, 0.6252, 0.5968, 0.6332, 0.633, 0.6585, 0.647, 0.6645, 0.6375, 0.6402, 0.6212, 0.6232, 0.6687, 0.668, 0.676, 0.643, 0.655, 0.64, 0.6375, 0.652, 0.6298, 0.6725, 0.6705, 0.6727, 0.6713, 0.6713, 0.624, 0.6745, 0.6617, 0.658, 0.6707, 0.6735, 0.6845, 0.6693, 0.6673, 0.6677, 0.6607, 0.6675, 0.6925, 0.667, 0.677, 0.6817, 0.668, 0.6785, 0.678, 0.6567, 0.666, 0.682, 0.655, 0.677, 0.6833]
2026-08-19 16:58:18,909 - FINAL_SC_r200.log - INFO - Minority Class Accuracy: [0.0, 0.0, 0.0, 0.0, 0.0, 0.0, 0.0, 0.0007, 0.0, 0.0, 0.0223, 0.013, 0.0387, 0.0283, 0.0553, 0.0853, 0.0853, 0.0293, 0.031, 0.094, 0.089, 0.069, 0.0637, 0.1517, 0.136, 0.135, 0.0903, 0.1227, 0.219, 0.2337, 0.1613, 0.165, 0.1643, 0.1657, 0.1737, 0.322, 0.2913, 0.24, 0.258, 0.378, 0.351, 0.4637, 0.3233, 0.347, 0.5557, 0.5363, 0.556, 0.4963, 0.473, 0.5737, 0.4863, 0.476, 0.4293, 0.4367, 0.4403, 0.3113, 0.405, 0.4893, 0.5977, 0.392, 0.408, 0.5907, 0.3997, 0.498, 0.489, 0.3857, 0.6517, 0.557, 0.5747, 0.419, 0.44, 0.5517, 0.6167, 0.5773, 0.5257, 0.4777, 0.507, 0.5753, 0.5183, 0.5673, 0.5637, 0.5807, 0.6287, 0.536, 0.6217, 0.5573, 0.5157, 0.5637, 0.623, 0.6153, 0.5893, 0.5723, 0.5907, 0.6573, 0.5743, 0.5473, 0.5387, 0.6127, 0.651, 0.6317, 0.569, 0.5317, 0.5727, 0.6267, 0.5527, 0.6397, 0.6543, 0.612, 0.577, 0.6573]
2026-08-19 16:58:18,909 - FINAL_SC_r200.log - INFO - === Head-Tail Evaluation ===
2026-08-19 16:58:18,909 - FINAL_SC_r200.log - INFO - Head Accuracy: 0.7161
2026-08-19 16:58:18,909 - FINAL_SC_r200.log - INFO - Tail Accuracy: 0.6573
2026-08-19 16:58:32,029 - FINAL_SC_r200.log - INFO - Round 111 S-diagnostic | score_mean 0.7337 | selected_tail_fraction 0.0290 | participation_range 35-51
2026-08-19 16:58:32,029 - FINAL_SC_r200.log - INFO - Round 111 selected clients: [2, 3, 7, 11, 12, 16, 17, 18]
2026-08-19 16:58:53,052 - FINAL_SC_r200.log - INFO - Round 111 | Global 0.6969 | Head 0.7251 | Tail 0.6310 | Many 0.7770 | Medium 0.6863 | Few 0.6310 | best_tail 0.6573@110 | rollback=False
2026-08-19 16:58:53,052 - FINAL_SC_r200.log - INFO - Round 112 S-diagnostic | score_mean 0.6747 | selected_tail_fraction 0.0161 | participation_range 36-51
2026-08-19 16:58:53,052 - FINAL_SC_r200.log - INFO - Round 112 selected clients: [0, 1, 5, 8, 9, 11, 16, 19]
2026-08-19 16:59:13,606 - FINAL_SC_r200.log - INFO - Round 112 | Global 0.6888 | Head 0.7249 | Tail 0.6047 | Many 0.8063 | Medium 0.6637 | Few 0.6047 | best_tail 0.6573@110 | rollback=False
2026-08-19 16:59:13,606 - FINAL_SC_r200.log - INFO - Round 113 S-diagnostic | score_mean 0.7007 | selected_tail_fraction 0.0248 | participation_range 36-51
2026-08-19 16:59:13,606 - FINAL_SC_r200.log - INFO - Round 113 selected clients: [1, 2, 4, 6, 11, 14, 15, 17]
2026-08-19 16:59:34,282 - FINAL_SC_r200.log - INFO - Round 113 | Global 0.6838 | Head 0.7156 | Tail 0.6097 | Many 0.7590 | Medium 0.6830 | Few 0.6097 | best_tail 0.6573@110 | rollback=False
2026-08-19 16:59:34,282 - FINAL_SC_r200.log - INFO - Round 114 S-diagnostic | score_mean 0.6115 | selected_tail_fraction 0.0179 | participation_range 36-52
2026-08-19 16:59:34,282 - FINAL_SC_r200.log - INFO - Round 114 selected clients: [0, 6, 10, 11, 12, 14, 16, 17]
2026-08-19 16:59:54,515 - FINAL_SC_r200.log - INFO - Round 114 | Global 0.6808 | Head 0.7289 | Tail 0.5687 | Many 0.8173 | Medium 0.6625 | Few 0.5687 | best_tail 0.6573@110 | rollback=False
2026-08-19 16:59:54,515 - FINAL_SC_r200.log - INFO - Round 115 S-diagnostic | score_mean 0.5280 | selected_tail_fraction 0.0097 | participation_range 36-52
2026-08-19 16:59:54,515 - FINAL_SC_r200.log - INFO - Round 115 selected clients: [0, 4, 8, 10, 11, 14, 15, 19]
2026-08-19 17:00:14,690 - FINAL_SC_r200.log - INFO - Round 115 | Global 0.6599 | Head 0.7276 | Tail 0.5020 | Many 0.8243 | Medium 0.6550 | Few 0.5020 | best_tail 0.6573@110 | rollback=False
2026-08-19 17:00:14,690 - FINAL_SC_r200.log - INFO - Round 116 S-diagnostic | score_mean 0.6850 | selected_tail_fraction 0.0173 | participation_range 36-53
2026-08-19 17:00:14,690 - FINAL_SC_r200.log - INFO - Round 116 selected clients: [0, 1, 6, 7, 10, 12, 15, 18]
2026-08-19 17:00:37,786 - FINAL_SC_r200.log - INFO - Round 116 | Global 0.6816 | Head 0.7214 | Tail 0.5887 | Many 0.8033 | Medium 0.6600 | Few 0.5887 | best_tail 0.6573@110 | rollback=False
2026-08-19 17:00:37,786 - FINAL_SC_r200.log - INFO - Round 117 S-diagnostic | score_mean 0.8003 | selected_tail_fraction 0.0371 | participation_range 37-53
2026-08-19 17:00:37,786 - FINAL_SC_r200.log - INFO - Round 117 selected clients: [1, 2, 3, 5, 6, 7, 15, 17]
2026-08-19 17:01:01,559 - FINAL_SC_r200.log - INFO - Round 117 | Global 0.7007 | Head 0.7160 | Tail 0.6650 | Many 0.7560 | Medium 0.6860 | Few 0.6650 | best_tail 0.6650@117 | rollback=False
2026-08-19 17:01:01,559 - FINAL_SC_r200.log - INFO - Round 118 S-diagnostic | score_mean 0.6753 | selected_tail_fraction 0.0254 | participation_range 38-53
2026-08-19 17:01:01,559 - FINAL_SC_r200.log - INFO - Round 118 selected clients: [0, 2, 3, 4, 5, 6, 7, 8]
2026-08-19 17:01:25,274 - FINAL_SC_r200.log - INFO - Round 118 | Global 0.6958 | Head 0.7220 | Tail 0.6347 | Many 0.7817 | Medium 0.6773 | Few 0.6347 | best_tail 0.6650@117 | rollback=False
2026-08-19 17:01:25,274 - FINAL_SC_r200.log - INFO - Round 119 S-diagnostic | score_mean 0.7086 | selected_tail_fraction 0.0258 | participation_range 38-54
2026-08-19 17:01:25,274 - FINAL_SC_r200.log - INFO - Round 119 selected clients: [5, 7, 8, 9, 12, 16, 17, 18]
2026-08-19 17:01:48,936 - FINAL_SC_r200.log - INFO - Round 119 | Global 0.6534 | Head 0.6837 | Tail 0.5827 | Many 0.7377 | Medium 0.6432 | Few 0.5827 | best_tail 0.6650@117 | rollback=False
2026-08-19 17:01:48,936 - FINAL_SC_r200.log - INFO - Round 120 S-diagnostic | score_mean 0.5580 | selected_tail_fraction 0.0141 | participation_range 38-54
2026-08-19 17:01:48,936 - FINAL_SC_r200.log - INFO - Round 120 selected clients: [0, 3, 4, 6, 8, 10, 14, 16]
2026-08-19 17:02:11,917 - FINAL_SC_r200.log - INFO - Round 120 | Global 0.6800 | Head 0.7289 | Tail 0.5660 | Many 0.8117 | Medium 0.6667 | Few 0.5660 | best_tail 0.6650@117 | rollback=False
2026-08-19 17:02:11,941 - FINAL_SC_r200.log - INFO - Global Accuracy: [0.1332, 0.2039, 0.2387, 0.29, 0.3201, 0.3382, 0.3669, 0.3733, 0.3661, 0.3459, 0.3881, 0.3504, 0.3848, 0.4173, 0.4273, 0.4481, 0.4247, 0.4187, 0.4349, 0.4499, 0.449, 0.4563, 0.4528, 0.4964, 0.4776, 0.4673, 0.4519, 0.4901, 0.507, 0.5203, 0.496, 0.4943, 0.4914, 0.5063, 0.4903, 0.5431, 0.5552, 0.5445, 0.5408, 0.5788, 0.571, 0.6106, 0.5711, 0.5781, 0.6236, 0.6235, 0.6003, 0.6267, 0.6194, 0.6455, 0.63, 0.6307, 0.6174, 0.6254, 0.6272, 0.581, 0.6175, 0.6375, 0.6624, 0.6028, 0.6189, 0.6505, 0.6193, 0.6474, 0.6427, 0.6212, 0.6786, 0.6602, 0.6533, 0.6194, 0.6325, 0.6629, 0.6838, 0.6762, 0.6561, 0.6394, 0.6466, 0.6643, 0.6522, 0.6532, 0.6736, 0.6804, 0.684, 0.6676, 0.6846, 0.6619, 0.6657, 0.6766, 0.6821, 0.6784, 0.6743, 0.6765, 0.678, 0.6983, 0.6799, 0.6685, 0.6714, 0.6909, 0.6961, 0.6939, 0.6786, 0.666, 0.6812, 0.6966, 0.6725, 0.6951, 0.6992, 0.6764, 0.6811, 0.6985, 0.6969, 0.6888, 0.6838, 0.6808, 0.6599, 0.6816, 0.7007, 0.6958, 0.6534, 0.68]
2026-08-19 17:02:11,941 - FINAL_SC_r200.log - INFO - Majority Class Accuracy: [0.3747, 0.54, 0.613, 0.6967, 0.723, 0.6857, 0.6937, 0.751, 0.8, 0.7963, 0.811, 0.8387, 0.7583, 0.722, 0.713, 0.799, 0.8217, 0.8053, 0.7997, 0.733, 0.808, 0.7753, 0.7837, 0.733, 0.794, 0.82, 0.8047, 0.7873, 0.7423, 0.807, 0.82, 0.778, 0.8297, 0.817, 0.83, 0.8023, 0.7283, 0.7677, 0.7657, 0.808, 0.781, 0.7607, 0.8017, 0.8103, 0.7233, 0.691, 0.6183, 0.7737, 0.751, 0.737, 0.7633, 0.7877, 0.8003, 0.804, 0.786, 0.8237, 0.839, 0.7943, 0.7743, 0.8003, 0.8213, 0.782, 0.8203, 0.816, 0.7753, 0.8223, 0.7243, 0.7937, 0.7493, 0.8173, 0.8373, 0.7663, 0.772, 0.7753, 0.804, 0.7803, 0.795, 0.789, 0.7863, 0.7703, 0.785, 0.7933, 0.7543, 0.7943, 0.7653, 0.817, 0.804, 0.8093, 0.7733, 0.7517, 0.7603, 0.77, 0.777, 0.7807, 0.8017, 0.8, 0.8093, 0.767, 0.78, 0.7787, 0.784, 0.7977, 0.7933, 0.7913, 0.8133, 0.7893, 0.767, 0.7693, 0.7907, 0.76, 0.777, 0.8063, 0.759, 0.8173, 0.8243, 0.8033, 0.756, 0.7817, 0.7377, 0.8117]
2026-08-19 17:02:11,941 - FINAL_SC_r200.log - INFO - Medium Class Accuracy: [0.052, 0.1047, 0.137, 0.2025, 0.258, 0.3312, 0.397, 0.3695, 0.3152, 0.2675, 0.3453, 0.2372, 0.3643, 0.4805, 0.492, 0.457, 0.3815, 0.4208, 0.4642, 0.5045, 0.4497, 0.5075, 0.4965, 0.5775, 0.4965, 0.452, 0.4585, 0.5427, 0.5465, 0.5202, 0.504, 0.5285, 0.483, 0.5288, 0.473, 0.5145, 0.6232, 0.6055, 0.5843, 0.5575, 0.5785, 0.6082, 0.584, 0.5773, 0.5998, 0.6382, 0.62, 0.6142, 0.6305, 0.6308, 0.6378, 0.629, 0.6212, 0.633, 0.6482, 0.6012, 0.6108, 0.631, 0.627, 0.6128, 0.6252, 0.5968, 0.6332, 0.633, 0.6585, 0.647, 0.6645, 0.6375, 0.6402, 0.6212, 0.6232, 0.6687, 0.668, 0.676, 0.643, 0.655, 0.64, 0.6375, 0.652, 0.6298, 0.6725, 0.6705, 0.6727, 0.6713, 0.6713, 0.624, 0.6745, 0.6617, 0.658, 0.6707, 0.6735, 0.6845, 0.6693, 0.6673, 0.6677, 0.6607, 0.6675, 0.6925, 0.667, 0.677, 0.6817, 0.668, 0.6785, 0.678, 0.6567, 0.666, 0.682, 0.655, 0.677, 0.6833, 0.6863, 0.6637, 0.683, 0.6625, 0.655, 0.66, 0.686, 0.6773, 0.6432, 0.6667]
2026-08-19 17:02:11,941 - FINAL_SC_r200.log - INFO - Minority Class Accuracy: [0.0, 0.0, 0.0, 0.0, 0.0, 0.0, 0.0, 0.0007, 0.0, 0.0, 0.0223, 0.013, 0.0387, 0.0283, 0.0553, 0.0853, 0.0853, 0.0293, 0.031, 0.094, 0.089, 0.069, 0.0637, 0.1517, 0.136, 0.135, 0.0903, 0.1227, 0.219, 0.2337, 0.1613, 0.165, 0.1643, 0.1657, 0.1737, 0.322, 0.2913, 0.24, 0.258, 0.378, 0.351, 0.4637, 0.3233, 0.347, 0.5557, 0.5363, 0.556, 0.4963, 0.473, 0.5737, 0.4863, 0.476, 0.4293, 0.4367, 0.4403, 0.3113, 0.405, 0.4893, 0.5977, 0.392, 0.408, 0.5907, 0.3997, 0.498, 0.489, 0.3857, 0.6517, 0.557, 0.5747, 0.419, 0.44, 0.5517, 0.6167, 0.5773, 0.5257, 0.4777, 0.507, 0.5753, 0.5183, 0.5673, 0.5637, 0.5807, 0.6287, 0.536, 0.6217, 0.5573, 0.5157, 0.5637, 0.623, 0.6153, 0.5893, 0.5723, 0.5907, 0.6573, 0.5743, 0.5473, 0.5387, 0.6127, 0.651, 0.6317, 0.569, 0.5317, 0.5727, 0.6267, 0.5527, 0.6397, 0.6543, 0.612, 0.577, 0.6573, 0.631, 0.6047, 0.6097, 0.5687, 0.502, 0.5887, 0.665, 0.6347, 0.5827, 0.566]
2026-08-19 17:02:11,941 - FINAL_SC_r200.log - INFO - === Head-Tail Evaluation ===
2026-08-19 17:02:11,941 - FINAL_SC_r200.log - INFO - Head Accuracy: 0.7289
2026-08-19 17:02:11,941 - FINAL_SC_r200.log - INFO - Tail Accuracy: 0.5660
2026-08-19 17:02:25,195 - FINAL_SC_r200.log - INFO - Round 121 S-diagnostic | score_mean 0.7005 | selected_tail_fraction 0.0193 | participation_range 38-55
2026-08-19 17:02:25,195 - FINAL_SC_r200.log - INFO - Round 121 selected clients: [0, 2, 5, 10, 12, 14, 16, 19]
2026-08-19 17:02:48,930 - FINAL_SC_r200.log - INFO - Round 121 | Global 0.6907 | Head 0.7306 | Tail 0.5977 | Many 0.8030 | Medium 0.6763 | Few 0.5977 | best_tail 0.6650@117 | rollback=False
2026-08-19 17:02:48,930 - FINAL_SC_r200.log - INFO - Round 122 S-diagnostic | score_mean 0.6574 | selected_tail_fraction 0.0121 | participation_range 38-56
2026-08-19 17:02:48,930 - FINAL_SC_r200.log - INFO - Round 122 selected clients: [0, 6, 8, 9, 10, 12, 15, 16]
2026-08-19 17:03:12,341 - FINAL_SC_r200.log - INFO - Round 122 | Global 0.6992 | Head 0.7316 | Tail 0.6237 | Many 0.7930 | Medium 0.6855 | Few 0.6237 | best_tail 0.6650@117 | rollback=False
2026-08-19 17:03:12,341 - FINAL_SC_r200.log - INFO - Round 123 S-diagnostic | score_mean 0.7249 | selected_tail_fraction 0.0198 | participation_range 38-57
2026-08-19 17:03:12,341 - FINAL_SC_r200.log - INFO - Round 123 selected clients: [0, 1, 6, 10, 12, 15, 16, 17]
2026-08-19 17:03:35,719 - FINAL_SC_r200.log - INFO - Round 123 | Global 0.6783 | Head 0.7334 | Tail 0.5497 | Many 0.8313 | Medium 0.6600 | Few 0.5497 | best_tail 0.6650@117 | rollback=False
2026-08-19 17:03:35,719 - FINAL_SC_r200.log - INFO - Round 124 S-diagnostic | score_mean 0.5504 | selected_tail_fraction 0.0121 | participation_range 39-57
2026-08-19 17:03:35,719 - FINAL_SC_r200.log - INFO - Round 124 selected clients: [0, 1, 7, 9, 10, 11, 13, 17]
2026-08-19 17:03:58,813 - FINAL_SC_r200.log - INFO - Round 124 | Global 0.6554 | Head 0.7257 | Tail 0.4913 | Many 0.8370 | Medium 0.6422 | Few 0.4913 | best_tail 0.6650@117 | rollback=False
2026-08-19 17:03:58,813 - FINAL_SC_r200.log - INFO - Round 125 S-diagnostic | score_mean 0.6700 | selected_tail_fraction 0.0169 | participation_range 39-58
2026-08-19 17:03:58,813 - FINAL_SC_r200.log - INFO - Round 125 selected clients: [2, 8, 9, 10, 12, 14, 15, 18]
2026-08-19 17:04:22,301 - FINAL_SC_r200.log - INFO - Round 125 | Global 0.6915 | Head 0.7259 | Tail 0.6113 | Many 0.7730 | Medium 0.6905 | Few 0.6113 | best_tail 0.6650@117 | rollback=False
2026-08-19 17:04:22,301 - FINAL_SC_r200.log - INFO - Round 126 S-diagnostic | score_mean 0.7585 | selected_tail_fraction 0.0377 | participation_range 40-58
2026-08-19 17:04:22,301 - FINAL_SC_r200.log - INFO - Round 126 selected clients: [3, 5, 6, 9, 10, 13, 18, 19]
2026-08-19 17:04:46,050 - FINAL_SC_r200.log - INFO - Round 126 | Global 0.7022 | Head 0.6926 | Tail 0.7247 | Many 0.7307 | Medium 0.6640 | Few 0.7247 | best_tail 0.7247@126 | rollback=False
2026-08-19 17:04:46,050 - FINAL_SC_r200.log - INFO - Round 127 S-diagnostic | score_mean 0.6857 | selected_tail_fraction 0.0244 | participation_range 40-58
2026-08-19 17:04:46,050 - FINAL_SC_r200.log - INFO - Round 127 selected clients: [0, 3, 4, 5, 9, 11, 14, 17]
2026-08-19 17:05:07,648 - FINAL_SC_r200.log - INFO - Round 127 | Global 0.6907 | Head 0.7316 | Tail 0.5953 | Many 0.8040 | Medium 0.6773 | Few 0.5953 | best_tail 0.7247@126 | rollback=False
2026-08-19 17:05:07,648 - FINAL_SC_r200.log - INFO - Round 128 S-diagnostic | score_mean 0.7574 | selected_tail_fraction 0.0270 | participation_range 40-59
2026-08-19 17:05:07,648 - FINAL_SC_r200.log - INFO - Round 128 selected clients: [2, 3, 5, 8, 11, 12, 15, 18]
2026-08-19 17:05:28,347 - FINAL_SC_r200.log - INFO - Round 128 | Global 0.7065 | Head 0.7283 | Tail 0.6557 | Many 0.7807 | Medium 0.6890 | Few 0.6557 | best_tail 0.7247@126 | rollback=False
2026-08-19 17:05:28,347 - FINAL_SC_r200.log - INFO - Round 129 S-diagnostic | score_mean 0.7732 | selected_tail_fraction 0.0312 | participation_range 41-60
2026-08-19 17:05:28,347 - FINAL_SC_r200.log - INFO - Round 129 selected clients: [2, 3, 9, 11, 12, 13, 17, 18]
2026-08-19 17:05:49,177 - FINAL_SC_r200.log - INFO - Round 129 | Global 0.6975 | Head 0.7189 | Tail 0.6477 | Many 0.7570 | Medium 0.6903 | Few 0.6477 | best_tail 0.7247@126 | rollback=False
2026-08-19 17:05:49,177 - FINAL_SC_r200.log - INFO - Round 130 S-diagnostic | score_mean 0.5693 | selected_tail_fraction 0.0163 | participation_range 41-60
2026-08-19 17:05:49,177 - FINAL_SC_r200.log - INFO - Round 130 selected clients: [0, 3, 7, 9, 10, 11, 14, 19]
2026-08-19 17:06:09,350 - FINAL_SC_r200.log - INFO - Round 130 | Global 0.6919 | Head 0.7220 | Tail 0.6217 | Many 0.7793 | Medium 0.6790 | Few 0.6217 | best_tail 0.7247@126 | rollback=False
2026-08-19 17:06:09,376 - FINAL_SC_r200.log - INFO - Global Accuracy: [0.1332, 0.2039, 0.2387, 0.29, 0.3201, 0.3382, 0.3669, 0.3733, 0.3661, 0.3459, 0.3881, 0.3504, 0.3848, 0.4173, 0.4273, 0.4481, 0.4247, 0.4187, 0.4349, 0.4499, 0.449, 0.4563, 0.4528, 0.4964, 0.4776, 0.4673, 0.4519, 0.4901, 0.507, 0.5203, 0.496, 0.4943, 0.4914, 0.5063, 0.4903, 0.5431, 0.5552, 0.5445, 0.5408, 0.5788, 0.571, 0.6106, 0.5711, 0.5781, 0.6236, 0.6235, 0.6003, 0.6267, 0.6194, 0.6455, 0.63, 0.6307, 0.6174, 0.6254, 0.6272, 0.581, 0.6175, 0.6375, 0.6624, 0.6028, 0.6189, 0.6505, 0.6193, 0.6474, 0.6427, 0.6212, 0.6786, 0.6602, 0.6533, 0.6194, 0.6325, 0.6629, 0.6838, 0.6762, 0.6561, 0.6394, 0.6466, 0.6643, 0.6522, 0.6532, 0.6736, 0.6804, 0.684, 0.6676, 0.6846, 0.6619, 0.6657, 0.6766, 0.6821, 0.6784, 0.6743, 0.6765, 0.678, 0.6983, 0.6799, 0.6685, 0.6714, 0.6909, 0.6961, 0.6939, 0.6786, 0.666, 0.6812, 0.6966, 0.6725, 0.6951, 0.6992, 0.6764, 0.6811, 0.6985, 0.6969, 0.6888, 0.6838, 0.6808, 0.6599, 0.6816, 0.7007, 0.6958, 0.6534, 0.68, 0.6907, 0.6992, 0.6783, 0.6554, 0.6915, 0.7022, 0.6907, 0.7065, 0.6975, 0.6919]
2026-08-19 17:06:09,376 - FINAL_SC_r200.log - INFO - Majority Class Accuracy: [0.3747, 0.54, 0.613, 0.6967, 0.723, 0.6857, 0.6937, 0.751, 0.8, 0.7963, 0.811, 0.8387, 0.7583, 0.722, 0.713, 0.799, 0.8217, 0.8053, 0.7997, 0.733, 0.808, 0.7753, 0.7837, 0.733, 0.794, 0.82, 0.8047, 0.7873, 0.7423, 0.807, 0.82, 0.778, 0.8297, 0.817, 0.83, 0.8023, 0.7283, 0.7677, 0.7657, 0.808, 0.781, 0.7607, 0.8017, 0.8103, 0.7233, 0.691, 0.6183, 0.7737, 0.751, 0.737, 0.7633, 0.7877, 0.8003, 0.804, 0.786, 0.8237, 0.839, 0.7943, 0.7743, 0.8003, 0.8213, 0.782, 0.8203, 0.816, 0.7753, 0.8223, 0.7243, 0.7937, 0.7493, 0.8173, 0.8373, 0.7663, 0.772, 0.7753, 0.804, 0.7803, 0.795, 0.789, 0.7863, 0.7703, 0.785, 0.7933, 0.7543, 0.7943, 0.7653, 0.817, 0.804, 0.8093, 0.7733, 0.7517, 0.7603, 0.77, 0.777, 0.7807, 0.8017, 0.8, 0.8093, 0.767, 0.78, 0.7787, 0.784, 0.7977, 0.7933, 0.7913, 0.8133, 0.7893, 0.767, 0.7693, 0.7907, 0.76, 0.777, 0.8063, 0.759, 0.8173, 0.8243, 0.8033, 0.756, 0.7817, 0.7377, 0.8117, 0.803, 0.793, 0.8313, 0.837, 0.773, 0.7307, 0.804, 0.7807, 0.757, 0.7793]
2026-08-19 17:06:09,376 - FINAL_SC_r200.log - INFO - Medium Class Accuracy: [0.052, 0.1047, 0.137, 0.2025, 0.258, 0.3312, 0.397, 0.3695, 0.3152, 0.2675, 0.3453, 0.2372, 0.3643, 0.4805, 0.492, 0.457, 0.3815, 0.4208, 0.4642, 0.5045, 0.4497, 0.5075, 0.4965, 0.5775, 0.4965, 0.452, 0.4585, 0.5427, 0.5465, 0.5202, 0.504, 0.5285, 0.483, 0.5288, 0.473, 0.5145, 0.6232, 0.6055, 0.5843, 0.5575, 0.5785, 0.6082, 0.584, 0.5773, 0.5998, 0.6382, 0.62, 0.6142, 0.6305, 0.6308, 0.6378, 0.629, 0.6212, 0.633, 0.6482, 0.6012, 0.6108, 0.631, 0.627, 0.6128, 0.6252, 0.5968, 0.6332, 0.633, 0.6585, 0.647, 0.6645, 0.6375, 0.6402, 0.6212, 0.6232, 0.6687, 0.668, 0.676, 0.643, 0.655, 0.64, 0.6375, 0.652, 0.6298, 0.6725, 0.6705, 0.6727, 0.6713, 0.6713, 0.624, 0.6745, 0.6617, 0.658, 0.6707, 0.6735, 0.6845, 0.6693, 0.6673, 0.6677, 0.6607, 0.6675, 0.6925, 0.667, 0.677, 0.6817, 0.668, 0.6785, 0.678, 0.6567, 0.666, 0.682, 0.655, 0.677, 0.6833, 0.6863, 0.6637, 0.683, 0.6625, 0.655, 0.66, 0.686, 0.6773, 0.6432, 0.6667, 0.6763, 0.6855, 0.66, 0.6422, 0.6905, 0.664, 0.6773, 0.689, 0.6903, 0.679]
2026-08-19 17:06:09,376 - FINAL_SC_r200.log - INFO - Minority Class Accuracy: [0.0, 0.0, 0.0, 0.0, 0.0, 0.0, 0.0, 0.0007, 0.0, 0.0, 0.0223, 0.013, 0.0387, 0.0283, 0.0553, 0.0853, 0.0853, 0.0293, 0.031, 0.094, 0.089, 0.069, 0.0637, 0.1517, 0.136, 0.135, 0.0903, 0.1227, 0.219, 0.2337, 0.1613, 0.165, 0.1643, 0.1657, 0.1737, 0.322, 0.2913, 0.24, 0.258, 0.378, 0.351, 0.4637, 0.3233, 0.347, 0.5557, 0.5363, 0.556, 0.4963, 0.473, 0.5737, 0.4863, 0.476, 0.4293, 0.4367, 0.4403, 0.3113, 0.405, 0.4893, 0.5977, 0.392, 0.408, 0.5907, 0.3997, 0.498, 0.489, 0.3857, 0.6517, 0.557, 0.5747, 0.419, 0.44, 0.5517, 0.6167, 0.5773, 0.5257, 0.4777, 0.507, 0.5753, 0.5183, 0.5673, 0.5637, 0.5807, 0.6287, 0.536, 0.6217, 0.5573, 0.5157, 0.5637, 0.623, 0.6153, 0.5893, 0.5723, 0.5907, 0.6573, 0.5743, 0.5473, 0.5387, 0.6127, 0.651, 0.6317, 0.569, 0.5317, 0.5727, 0.6267, 0.5527, 0.6397, 0.6543, 0.612, 0.577, 0.6573, 0.631, 0.6047, 0.6097, 0.5687, 0.502, 0.5887, 0.665, 0.6347, 0.5827, 0.566, 0.5977, 0.6237, 0.5497, 0.4913, 0.6113, 0.7247, 0.5953, 0.6557, 0.6477, 0.6217]
2026-08-19 17:06:09,377 - FINAL_SC_r200.log - INFO - === Head-Tail Evaluation ===
2026-08-19 17:06:09,377 - FINAL_SC_r200.log - INFO - Head Accuracy: 0.7220
2026-08-19 17:06:09,377 - FINAL_SC_r200.log - INFO - Tail Accuracy: 0.6217
2026-08-19 17:06:22,847 - FINAL_SC_r200.log - INFO - Round 131 S-diagnostic | score_mean 0.6175 | selected_tail_fraction 0.0149 | participation_range 42-60
2026-08-19 17:06:22,847 - FINAL_SC_r200.log - INFO - Round 131 selected clients: [1, 2, 6, 8, 10, 13, 15, 16]
2026-08-19 17:06:43,335 - FINAL_SC_r200.log - INFO - Round 131 | Global 0.6967 | Head 0.7324 | Tail 0.6133 | Many 0.7963 | Medium 0.6845 | Few 0.6133 | best_tail 0.7247@126 | rollback=False
2026-08-19 17:06:43,335 - FINAL_SC_r200.log - INFO - Round 132 S-diagnostic | score_mean 0.5960 | selected_tail_fraction 0.0121 | participation_range 42-60
2026-08-19 17:06:43,335 - FINAL_SC_r200.log - INFO - Round 132 selected clients: [0, 1, 8, 9, 11, 14, 16, 17]
2026-08-19 17:07:03,292 - FINAL_SC_r200.log - INFO - Round 132 | Global 0.6799 | Head 0.7269 | Tail 0.5703 | Many 0.8103 | Medium 0.6643 | Few 0.5703 | best_tail 0.7247@126 | rollback=False
2026-08-19 17:07:03,303 - FINAL_SC_r200.log - INFO - Round 133 S-diagnostic | score_mean 0.7618 | selected_tail_fraction 0.0274 | participation_range 42-61
2026-08-19 17:07:03,303 - FINAL_SC_r200.log - INFO - Round 133 selected clients: [1, 2, 3, 4, 6, 10, 12, 19]
2026-08-19 17:07:23,993 - FINAL_SC_r200.log - INFO - Round 133 | Global 0.7002 | Head 0.7309 | Tail 0.6287 | Many 0.7840 | Medium 0.6910 | Few 0.6287 | best_tail 0.7247@126 | rollback=False
2026-08-19 17:07:23,993 - FINAL_SC_r200.log - INFO - Round 134 S-diagnostic | score_mean 0.6560 | selected_tail_fraction 0.0220 | participation_range 42-62
2026-08-19 17:07:23,993 - FINAL_SC_r200.log - INFO - Round 134 selected clients: [7, 8, 9, 12, 14, 15, 17, 19]
2026-08-19 17:07:44,545 - FINAL_SC_r200.log - INFO - Round 134 | Global 0.7040 | Head 0.7297 | Tail 0.6440 | Many 0.7660 | Medium 0.7025 | Few 0.6440 | best_tail 0.7247@126 | rollback=False
2026-08-19 17:07:44,555 - FINAL_SC_r200.log - INFO - Round 135 S-diagnostic | score_mean 0.8551 | selected_tail_fraction 0.0373 | participation_range 42-63
2026-08-19 17:07:44,555 - FINAL_SC_r200.log - INFO - Round 135 selected clients: [1, 2, 3, 6, 12, 16, 17, 19]
2026-08-19 17:08:05,412 - FINAL_SC_r200.log - INFO - Round 135 | Global 0.7100 | Head 0.7160 | Tail 0.6960 | Many 0.7423 | Medium 0.6963 | Few 0.6960 | best_tail 0.7247@126 | rollback=False
2026-08-19 17:08:05,412 - FINAL_SC_r200.log - INFO - Round 136 S-diagnostic | score_mean 0.7857 | selected_tail_fraction 0.0264 | participation_range 43-64
2026-08-19 17:08:05,412 - FINAL_SC_r200.log - INFO - Round 136 selected clients: [0, 3, 5, 9, 12, 13, 15, 17]
2026-08-19 17:08:26,354 - FINAL_SC_r200.log - INFO - Round 136 | Global 0.6989 | Head 0.7226 | Tail 0.6437 | Many 0.7693 | Medium 0.6875 | Few 0.6437 | best_tail 0.7247@126 | rollback=False
2026-08-19 17:08:26,364 - FINAL_SC_r200.log - INFO - Round 137 S-diagnostic | score_mean 0.7800 | selected_tail_fraction 0.0298 | participation_range 43-65
2026-08-19 17:08:26,365 - FINAL_SC_r200.log - INFO - Round 137 selected clients: [0, 6, 7, 9, 12, 15, 17, 19]
2026-08-19 17:08:47,116 - FINAL_SC_r200.log - INFO - Round 137 | Global 0.7011 | Head 0.7214 | Tail 0.6537 | Many 0.7660 | Medium 0.6880 | Few 0.6537 | best_tail 0.7247@126 | rollback=False
2026-08-19 17:08:47,116 - FINAL_SC_r200.log - INFO - Round 138 S-diagnostic | score_mean 0.7013 | selected_tail_fraction 0.0292 | participation_range 43-65
2026-08-19 17:08:47,119 - FINAL_SC_r200.log - INFO - Round 138 selected clients: [1, 2, 3, 4, 7, 14, 17, 19]
2026-08-19 17:09:07,600 - FINAL_SC_r200.log - INFO - Round 138 | Global 0.6971 | Head 0.7179 | Tail 0.6487 | Many 0.7677 | Medium 0.6805 | Few 0.6487 | best_tail 0.7247@126 | rollback=False
2026-08-19 17:09:07,600 - FINAL_SC_r200.log - INFO - Round 139 S-diagnostic | score_mean 0.5841 | selected_tail_fraction 0.0133 | participation_range 44-66
2026-08-19 17:09:07,600 - FINAL_SC_r200.log - INFO - Round 139 selected clients: [0, 2, 6, 8, 11, 12, 13, 14]
2026-08-19 17:09:28,899 - FINAL_SC_r200.log - INFO - Round 139 | Global 0.6971 | Head 0.7351 | Tail 0.6083 | Many 0.7940 | Medium 0.6910 | Few 0.6083 | best_tail 0.7247@126 | rollback=False
2026-08-19 17:09:28,909 - FINAL_SC_r200.log - INFO - Round 140 S-diagnostic | score_mean 0.6881 | selected_tail_fraction 0.0238 | participation_range 44-67
2026-08-19 17:09:28,909 - FINAL_SC_r200.log - INFO - Round 140 selected clients: [3, 4, 11, 12, 14, 16, 17, 18]
2026-08-19 17:09:51,845 - FINAL_SC_r200.log - INFO - Round 140 | Global 0.6918 | Head 0.7396 | Tail 0.5803 | Many 0.8030 | Medium 0.6920 | Few 0.5803 | best_tail 0.7247@126 | rollback=False
2026-08-19 17:09:51,872 - FINAL_SC_r200.log - INFO - Global Accuracy: [0.1332, 0.2039, 0.2387, 0.29, 0.3201, 0.3382, 0.3669, 0.3733, 0.3661, 0.3459, 0.3881, 0.3504, 0.3848, 0.4173, 0.4273, 0.4481, 0.4247, 0.4187, 0.4349, 0.4499, 0.449, 0.4563, 0.4528, 0.4964, 0.4776, 0.4673, 0.4519, 0.4901, 0.507, 0.5203, 0.496, 0.4943, 0.4914, 0.5063, 0.4903, 0.5431, 0.5552, 0.5445, 0.5408, 0.5788, 0.571, 0.6106, 0.5711, 0.5781, 0.6236, 0.6235, 0.6003, 0.6267, 0.6194, 0.6455, 0.63, 0.6307, 0.6174, 0.6254, 0.6272, 0.581, 0.6175, 0.6375, 0.6624, 0.6028, 0.6189, 0.6505, 0.6193, 0.6474, 0.6427, 0.6212, 0.6786, 0.6602, 0.6533, 0.6194, 0.6325, 0.6629, 0.6838, 0.6762, 0.6561, 0.6394, 0.6466, 0.6643, 0.6522, 0.6532, 0.6736, 0.6804, 0.684, 0.6676, 0.6846, 0.6619, 0.6657, 0.6766, 0.6821, 0.6784, 0.6743, 0.6765, 0.678, 0.6983, 0.6799, 0.6685, 0.6714, 0.6909, 0.6961, 0.6939, 0.6786, 0.666, 0.6812, 0.6966, 0.6725, 0.6951, 0.6992, 0.6764, 0.6811, 0.6985, 0.6969, 0.6888, 0.6838, 0.6808, 0.6599, 0.6816, 0.7007, 0.6958, 0.6534, 0.68, 0.6907, 0.6992, 0.6783, 0.6554, 0.6915, 0.7022, 0.6907, 0.7065, 0.6975, 0.6919, 0.6967, 0.6799, 0.7002, 0.704, 0.71, 0.6989, 0.7011, 0.6971, 0.6971, 0.6918]
2026-08-19 17:09:51,872 - FINAL_SC_r200.log - INFO - Majority Class Accuracy: [0.3747, 0.54, 0.613, 0.6967, 0.723, 0.6857, 0.6937, 0.751, 0.8, 0.7963, 0.811, 0.8387, 0.7583, 0.722, 0.713, 0.799, 0.8217, 0.8053, 0.7997, 0.733, 0.808, 0.7753, 0.7837, 0.733, 0.794, 0.82, 0.8047, 0.7873, 0.7423, 0.807, 0.82, 0.778, 0.8297, 0.817, 0.83, 0.8023, 0.7283, 0.7677, 0.7657, 0.808, 0.781, 0.7607, 0.8017, 0.8103, 0.7233, 0.691, 0.6183, 0.7737, 0.751, 0.737, 0.7633, 0.7877, 0.8003, 0.804, 0.786, 0.8237, 0.839, 0.7943, 0.7743, 0.8003, 0.8213, 0.782, 0.8203, 0.816, 0.7753, 0.8223, 0.7243, 0.7937, 0.7493, 0.8173, 0.8373, 0.7663, 0.772, 0.7753, 0.804, 0.7803, 0.795, 0.789, 0.7863, 0.7703, 0.785, 0.7933, 0.7543, 0.7943, 0.7653, 0.817, 0.804, 0.8093, 0.7733, 0.7517, 0.7603, 0.77, 0.777, 0.7807, 0.8017, 0.8, 0.8093, 0.767, 0.78, 0.7787, 0.784, 0.7977, 0.7933, 0.7913, 0.8133, 0.7893, 0.767, 0.7693, 0.7907, 0.76, 0.777, 0.8063, 0.759, 0.8173, 0.8243, 0.8033, 0.756, 0.7817, 0.7377, 0.8117, 0.803, 0.793, 0.8313, 0.837, 0.773, 0.7307, 0.804, 0.7807, 0.757, 0.7793, 0.7963, 0.8103, 0.784, 0.766, 0.7423, 0.7693, 0.766, 0.7677, 0.794, 0.803]
2026-08-19 17:09:51,872 - FINAL_SC_r200.log - INFO - Medium Class Accuracy: [0.052, 0.1047, 0.137, 0.2025, 0.258, 0.3312, 0.397, 0.3695, 0.3152, 0.2675, 0.3453, 0.2372, 0.3643, 0.4805, 0.492, 0.457, 0.3815, 0.4208, 0.4642, 0.5045, 0.4497, 0.5075, 0.4965, 0.5775, 0.4965, 0.452, 0.4585, 0.5427, 0.5465, 0.5202, 0.504, 0.5285, 0.483, 0.5288, 0.473, 0.5145, 0.6232, 0.6055, 0.5843, 0.5575, 0.5785, 0.6082, 0.584, 0.5773, 0.5998, 0.6382, 0.62, 0.6142, 0.6305, 0.6308, 0.6378, 0.629, 0.6212, 0.633, 0.6482, 0.6012, 0.6108, 0.631, 0.627, 0.6128, 0.6252, 0.5968, 0.6332, 0.633, 0.6585, 0.647, 0.6645, 0.6375, 0.6402, 0.6212, 0.6232, 0.6687, 0.668, 0.676, 0.643, 0.655, 0.64, 0.6375, 0.652, 0.6298, 0.6725, 0.6705, 0.6727, 0.6713, 0.6713, 0.624, 0.6745, 0.6617, 0.658, 0.6707, 0.6735, 0.6845, 0.6693, 0.6673, 0.6677, 0.6607, 0.6675, 0.6925, 0.667, 0.677, 0.6817, 0.668, 0.6785, 0.678, 0.6567, 0.666, 0.682, 0.655, 0.677, 0.6833, 0.6863, 0.6637, 0.683, 0.6625, 0.655, 0.66, 0.686, 0.6773, 0.6432, 0.6667, 0.6763, 0.6855, 0.66, 0.6422, 0.6905, 0.664, 0.6773, 0.689, 0.6903, 0.679, 0.6845, 0.6643, 0.691, 0.7025, 0.6963, 0.6875, 0.688, 0.6805, 0.691, 0.692]
2026-08-19 17:09:51,877 - FINAL_SC_r200.log - INFO - Minority Class Accuracy: [0.0, 0.0, 0.0, 0.0, 0.0, 0.0, 0.0, 0.0007, 0.0, 0.0, 0.0223, 0.013, 0.0387, 0.0283, 0.0553, 0.0853, 0.0853, 0.0293, 0.031, 0.094, 0.089, 0.069, 0.0637, 0.1517, 0.136, 0.135, 0.0903, 0.1227, 0.219, 0.2337, 0.1613, 0.165, 0.1643, 0.1657, 0.1737, 0.322, 0.2913, 0.24, 0.258, 0.378, 0.351, 0.4637, 0.3233, 0.347, 0.5557, 0.5363, 0.556, 0.4963, 0.473, 0.5737, 0.4863, 0.476, 0.4293, 0.4367, 0.4403, 0.3113, 0.405, 0.4893, 0.5977, 0.392, 0.408, 0.5907, 0.3997, 0.498, 0.489, 0.3857, 0.6517, 0.557, 0.5747, 0.419, 0.44, 0.5517, 0.6167, 0.5773, 0.5257, 0.4777, 0.507, 0.5753, 0.5183, 0.5673, 0.5637, 0.5807, 0.6287, 0.536, 0.6217, 0.5573, 0.5157, 0.5637, 0.623, 0.6153, 0.5893, 0.5723, 0.5907, 0.6573, 0.5743, 0.5473, 0.5387, 0.6127, 0.651, 0.6317, 0.569, 0.5317, 0.5727, 0.6267, 0.5527, 0.6397, 0.6543, 0.612, 0.577, 0.6573, 0.631, 0.6047, 0.6097, 0.5687, 0.502, 0.5887, 0.665, 0.6347, 0.5827, 0.566, 0.5977, 0.6237, 0.5497, 0.4913, 0.6113, 0.7247, 0.5953, 0.6557, 0.6477, 0.6217, 0.6133, 0.5703, 0.6287, 0.644, 0.696, 0.6437, 0.6537, 0.6487, 0.6083, 0.5803]
2026-08-19 17:09:51,878 - FINAL_SC_r200.log - INFO - === Head-Tail Evaluation ===
2026-08-19 17:09:51,878 - FINAL_SC_r200.log - INFO - Head Accuracy: 0.7396
2026-08-19 17:09:51,878 - FINAL_SC_r200.log - INFO - Tail Accuracy: 0.5803
2026-08-19 17:10:04,999 - FINAL_SC_r200.log - INFO - Round 141 S-diagnostic | score_mean 0.7789 | selected_tail_fraction 0.0349 | participation_range 44-67
2026-08-19 17:10:04,999 - FINAL_SC_r200.log - INFO - Round 141 selected clients: [1, 4, 6, 13, 15, 17, 18, 19]
2026-08-19 17:10:28,967 - FINAL_SC_r200.log - INFO - Round 141 | Global 0.7013 | Head 0.7219 | Tail 0.6533 | Many 0.7580 | Medium 0.6947 | Few 0.6533 | best_tail 0.7247@126 | rollback=False
2026-08-19 17:10:28,970 - FINAL_SC_r200.log - INFO - Round 142 S-diagnostic | score_mean 0.7465 | selected_tail_fraction 0.0171 | participation_range 44-67
2026-08-19 17:10:28,970 - FINAL_SC_r200.log - INFO - Round 142 selected clients: [0, 1, 2, 7, 9, 15, 16, 19]
2026-08-19 17:10:52,558 - FINAL_SC_r200.log - INFO - Round 142 | Global 0.7006 | Head 0.7060 | Tail 0.6880 | Many 0.7617 | Medium 0.6643 | Few 0.6880 | best_tail 0.7247@126 | rollback=False
2026-08-19 17:10:52,558 - FINAL_SC_r200.log - INFO - Round 143 S-diagnostic | score_mean 0.7002 | selected_tail_fraction 0.0254 | participation_range 44-67
2026-08-19 17:10:52,558 - FINAL_SC_r200.log - INFO - Round 143 selected clients: [1, 3, 8, 13, 15, 16, 17, 18]
2026-08-19 17:11:16,037 - FINAL_SC_r200.log - INFO - Round 143 | Global 0.7008 | Head 0.7223 | Tail 0.6507 | Many 0.7873 | Medium 0.6735 | Few 0.6507 | best_tail 0.7247@126 | rollback=False
2026-08-19 17:11:16,045 - FINAL_SC_r200.log - INFO - Round 144 S-diagnostic | score_mean 0.6190 | selected_tail_fraction 0.0151 | participation_range 44-68
2026-08-19 17:11:16,045 - FINAL_SC_r200.log - INFO - Round 144 selected clients: [2, 6, 7, 8, 10, 12, 15, 16]
2026-08-19 17:11:39,013 - FINAL_SC_r200.log - INFO - Round 144 | Global 0.7000 | Head 0.7297 | Tail 0.6307 | Many 0.7840 | Medium 0.6890 | Few 0.6307 | best_tail 0.7247@126 | rollback=False
2026-08-19 17:11:39,013 - FINAL_SC_r200.log - INFO - Round 145 S-diagnostic | score_mean 0.7063 | selected_tail_fraction 0.0230 | participation_range 44-69
2026-08-19 17:11:39,013 - FINAL_SC_r200.log - INFO - Round 145 selected clients: [2, 4, 6, 7, 12, 14, 15, 19]
2026-08-19 17:12:02,504 - FINAL_SC_r200.log - INFO - Round 145 | Global 0.6953 | Head 0.7207 | Tail 0.6360 | Many 0.7517 | Medium 0.6975 | Few 0.6360 | best_tail 0.7247@126 | rollback=False
2026-08-19 17:12:02,504 - FINAL_SC_r200.log - INFO - Round 146 S-diagnostic | score_mean 0.5462 | selected_tail_fraction 0.0153 | participation_range 44-69
2026-08-19 17:12:02,506 - FINAL_SC_r200.log - INFO - Round 146 selected clients: [0, 6, 8, 10, 11, 14, 16, 18]
2026-08-19 17:12:24,926 - FINAL_SC_r200.log - INFO - Round 146 | Global 0.6942 | Head 0.7274 | Tail 0.6167 | Many 0.7820 | Medium 0.6865 | Few 0.6167 | best_tail 0.7247@126 | rollback=False
2026-08-19 17:12:24,927 - FINAL_SC_r200.log - INFO - Round 147 S-diagnostic | score_mean 0.5611 | selected_tail_fraction 0.0115 | participation_range 44-69
2026-08-19 17:12:24,927 - FINAL_SC_r200.log - INFO - Round 147 selected clients: [0, 1, 2, 3, 7, 10, 11, 13]
2026-08-19 17:12:47,802 - FINAL_SC_r200.log - INFO - Round 147 | Global 0.6794 | Head 0.7209 | Tail 0.5827 | Many 0.8030 | Medium 0.6593 | Few 0.5827 | best_tail 0.7247@126 | rollback=False
2026-08-19 17:12:47,804 - FINAL_SC_r200.log - INFO - Round 148 S-diagnostic | score_mean 0.7142 | selected_tail_fraction 0.0199 | participation_range 44-69
2026-08-19 17:12:47,804 - FINAL_SC_r200.log - INFO - Round 148 selected clients: [0, 1, 4, 9, 11, 16, 17, 19]
2026-08-19 17:13:11,016 - FINAL_SC_r200.log - INFO - Round 148 | Global 0.6967 | Head 0.7269 | Tail 0.6263 | Many 0.8003 | Medium 0.6717 | Few 0.6263 | best_tail 0.7247@126 | rollback=False
2026-08-19 17:13:11,016 - FINAL_SC_r200.log - INFO - Round 149 S-diagnostic | score_mean 0.7214 | selected_tail_fraction 0.0292 | participation_range 45-69
2026-08-19 17:13:11,016 - FINAL_SC_r200.log - INFO - Round 149 selected clients: [1, 2, 3, 5, 8, 10, 15, 17]
2026-08-19 17:13:34,800 - FINAL_SC_r200.log - INFO - Round 149 | Global 0.7085 | Head 0.7269 | Tail 0.6657 | Many 0.7560 | Medium 0.7050 | Few 0.6657 | best_tail 0.7247@126 | rollback=False
2026-08-19 17:13:34,800 - FINAL_SC_r200.log - INFO - Round 150 S-diagnostic | score_mean 0.6807 | selected_tail_fraction 0.0183 | participation_range 45-70
2026-08-19 17:13:34,800 - FINAL_SC_r200.log - INFO - Round 150 selected clients: [3, 4, 7, 8, 9, 12, 15, 19]
2026-08-19 17:13:56,799 - FINAL_SC_r200.log - INFO - Round 150 | Global 0.7017 | Head 0.7287 | Tail 0.6387 | Many 0.7813 | Medium 0.6893 | Few 0.6387 | best_tail 0.7247@126 | rollback=False
2026-08-19 17:13:56,819 - FINAL_SC_r200.log - INFO - Global Accuracy: [0.1332, 0.2039, 0.2387, 0.29, 0.3201, 0.3382, 0.3669, 0.3733, 0.3661, 0.3459, 0.3881, 0.3504, 0.3848, 0.4173, 0.4273, 0.4481, 0.4247, 0.4187, 0.4349, 0.4499, 0.449, 0.4563, 0.4528, 0.4964, 0.4776, 0.4673, 0.4519, 0.4901, 0.507, 0.5203, 0.496, 0.4943, 0.4914, 0.5063, 0.4903, 0.5431, 0.5552, 0.5445, 0.5408, 0.5788, 0.571, 0.6106, 0.5711, 0.5781, 0.6236, 0.6235, 0.6003, 0.6267, 0.6194, 0.6455, 0.63, 0.6307, 0.6174, 0.6254, 0.6272, 0.581, 0.6175, 0.6375, 0.6624, 0.6028, 0.6189, 0.6505, 0.6193, 0.6474, 0.6427, 0.6212, 0.6786, 0.6602, 0.6533, 0.6194, 0.6325, 0.6629, 0.6838, 0.6762, 0.6561, 0.6394, 0.6466, 0.6643, 0.6522, 0.6532, 0.6736, 0.6804, 0.684, 0.6676, 0.6846, 0.6619, 0.6657, 0.6766, 0.6821, 0.6784, 0.6743, 0.6765, 0.678, 0.6983, 0.6799, 0.6685, 0.6714, 0.6909, 0.6961, 0.6939, 0.6786, 0.666, 0.6812, 0.6966, 0.6725, 0.6951, 0.6992, 0.6764, 0.6811, 0.6985, 0.6969, 0.6888, 0.6838, 0.6808, 0.6599, 0.6816, 0.7007, 0.6958, 0.6534, 0.68, 0.6907, 0.6992, 0.6783, 0.6554, 0.6915, 0.7022, 0.6907, 0.7065, 0.6975, 0.6919, 0.6967, 0.6799, 0.7002, 0.704, 0.71, 0.6989, 0.7011, 0.6971, 0.6971, 0.6918, 0.7013, 0.7006, 0.7008, 0.7, 0.6953, 0.6942, 0.6794, 0.6967, 0.7085, 0.7017]
2026-08-19 17:13:56,821 - FINAL_SC_r200.log - INFO - Majority Class Accuracy: [0.3747, 0.54, 0.613, 0.6967, 0.723, 0.6857, 0.6937, 0.751, 0.8, 0.7963, 0.811, 0.8387, 0.7583, 0.722, 0.713, 0.799, 0.8217, 0.8053, 0.7997, 0.733, 0.808, 0.7753, 0.7837, 0.733, 0.794, 0.82, 0.8047, 0.7873, 0.7423, 0.807, 0.82, 0.778, 0.8297, 0.817, 0.83, 0.8023, 0.7283, 0.7677, 0.7657, 0.808, 0.781, 0.7607, 0.8017, 0.8103, 0.7233, 0.691, 0.6183, 0.7737, 0.751, 0.737, 0.7633, 0.7877, 0.8003, 0.804, 0.786, 0.8237, 0.839, 0.7943, 0.7743, 0.8003, 0.8213, 0.782, 0.8203, 0.816, 0.7753, 0.8223, 0.7243, 0.7937, 0.7493, 0.8173, 0.8373, 0.7663, 0.772, 0.7753, 0.804, 0.7803, 0.795, 0.789, 0.7863, 0.7703, 0.785, 0.7933, 0.7543, 0.7943, 0.7653, 0.817, 0.804, 0.8093, 0.7733, 0.7517, 0.7603, 0.77, 0.777, 0.7807, 0.8017, 0.8, 0.8093, 0.767, 0.78, 0.7787, 0.784, 0.7977, 0.7933, 0.7913, 0.8133, 0.7893, 0.767, 0.7693, 0.7907, 0.76, 0.777, 0.8063, 0.759, 0.8173, 0.8243, 0.8033, 0.756, 0.7817, 0.7377, 0.8117, 0.803, 0.793, 0.8313, 0.837, 0.773, 0.7307, 0.804, 0.7807, 0.757, 0.7793, 0.7963, 0.8103, 0.784, 0.766, 0.7423, 0.7693, 0.766, 0.7677, 0.794, 0.803, 0.758, 0.7617, 0.7873, 0.784, 0.7517, 0.782, 0.803, 0.8003, 0.756, 0.7813]
2026-08-19 17:13:56,821 - FINAL_SC_r200.log - INFO - Medium Class Accuracy: [0.052, 0.1047, 0.137, 0.2025, 0.258, 0.3312, 0.397, 0.3695, 0.3152, 0.2675, 0.3453, 0.2372, 0.3643, 0.4805, 0.492, 0.457, 0.3815, 0.4208, 0.4642, 0.5045, 0.4497, 0.5075, 0.4965, 0.5775, 0.4965, 0.452, 0.4585, 0.5427, 0.5465, 0.5202, 0.504, 0.5285, 0.483, 0.5288, 0.473, 0.5145, 0.6232, 0.6055, 0.5843, 0.5575, 0.5785, 0.6082, 0.584, 0.5773, 0.5998, 0.6382, 0.62, 0.6142, 0.6305, 0.6308, 0.6378, 0.629, 0.6212, 0.633, 0.6482, 0.6012, 0.6108, 0.631, 0.627, 0.6128, 0.6252, 0.5968, 0.6332, 0.633, 0.6585, 0.647, 0.6645, 0.6375, 0.6402, 0.6212, 0.6232, 0.6687, 0.668, 0.676, 0.643, 0.655, 0.64, 0.6375, 0.652, 0.6298, 0.6725, 0.6705, 0.6727, 0.6713, 0.6713, 0.624, 0.6745, 0.6617, 0.658, 0.6707, 0.6735, 0.6845, 0.6693, 0.6673, 0.6677, 0.6607, 0.6675, 0.6925, 0.667, 0.677, 0.6817, 0.668, 0.6785, 0.678, 0.6567, 0.666, 0.682, 0.655, 0.677, 0.6833, 0.6863, 0.6637, 0.683, 0.6625, 0.655, 0.66, 0.686, 0.6773, 0.6432, 0.6667, 0.6763, 0.6855, 0.66, 0.6422, 0.6905, 0.664, 0.6773, 0.689, 0.6903, 0.679, 0.6845, 0.6643, 0.691, 0.7025, 0.6963, 0.6875, 0.688, 0.6805, 0.691, 0.692, 0.6947, 0.6643, 0.6735, 0.689, 0.6975, 0.6865, 0.6593, 0.6717, 0.705, 0.6893]
2026-08-19 17:13:56,821 - FINAL_SC_r200.log - INFO - Minority Class Accuracy: [0.0, 0.0, 0.0, 0.0, 0.0, 0.0, 0.0, 0.0007, 0.0, 0.0, 0.0223, 0.013, 0.0387, 0.0283, 0.0553, 0.0853, 0.0853, 0.0293, 0.031, 0.094, 0.089, 0.069, 0.0637, 0.1517, 0.136, 0.135, 0.0903, 0.1227, 0.219, 0.2337, 0.1613, 0.165, 0.1643, 0.1657, 0.1737, 0.322, 0.2913, 0.24, 0.258, 0.378, 0.351, 0.4637, 0.3233, 0.347, 0.5557, 0.5363, 0.556, 0.4963, 0.473, 0.5737, 0.4863, 0.476, 0.4293, 0.4367, 0.4403, 0.3113, 0.405, 0.4893, 0.5977, 0.392, 0.408, 0.5907, 0.3997, 0.498, 0.489, 0.3857, 0.6517, 0.557, 0.5747, 0.419, 0.44, 0.5517, 0.6167, 0.5773, 0.5257, 0.4777, 0.507, 0.5753, 0.5183, 0.5673, 0.5637, 0.5807, 0.6287, 0.536, 0.6217, 0.5573, 0.5157, 0.5637, 0.623, 0.6153, 0.5893, 0.5723, 0.5907, 0.6573, 0.5743, 0.5473, 0.5387, 0.6127, 0.651, 0.6317, 0.569, 0.5317, 0.5727, 0.6267, 0.5527, 0.6397, 0.6543, 0.612, 0.577, 0.6573, 0.631, 0.6047, 0.6097, 0.5687, 0.502, 0.5887, 0.665, 0.6347, 0.5827, 0.566, 0.5977, 0.6237, 0.5497, 0.4913, 0.6113, 0.7247, 0.5953, 0.6557, 0.6477, 0.6217, 0.6133, 0.5703, 0.6287, 0.644, 0.696, 0.6437, 0.6537, 0.6487, 0.6083, 0.5803, 0.6533, 0.688, 0.6507, 0.6307, 0.636, 0.6167, 0.5827, 0.6263, 0.6657, 0.6387]
2026-08-19 17:13:56,821 - FINAL_SC_r200.log - INFO - === Head-Tail Evaluation ===
2026-08-19 17:13:56,821 - FINAL_SC_r200.log - INFO - Head Accuracy: 0.7287
2026-08-19 17:13:56,821 - FINAL_SC_r200.log - INFO - Tail Accuracy: 0.6387
2026-08-19 17:14:10,210 - FINAL_SC_r200.log - INFO - Round 151 S-diagnostic | score_mean 0.7864 | selected_tail_fraction 0.0298 | participation_range 45-71
2026-08-19 17:14:10,210 - FINAL_SC_r200.log - INFO - Round 151 selected clients: [6, 9, 12, 13, 15, 16, 17, 19]
2026-08-19 17:14:31,493 - FINAL_SC_r200.log - INFO - Round 151 | Global 0.7098 | Head 0.7197 | Tail 0.6867 | Many 0.7453 | Medium 0.7005 | Few 0.6867 | best_tail 0.7247@126 | rollback=False
2026-08-19 17:14:31,493 - FINAL_SC_r200.log - INFO - Round 152 S-diagnostic | score_mean 0.8038 | selected_tail_fraction 0.0371 | participation_range 46-72
2026-08-19 17:14:31,493 - FINAL_SC_r200.log - INFO - Round 152 selected clients: [0, 2, 5, 6, 10, 12, 17, 19]
2026-08-19 17:14:52,420 - FINAL_SC_r200.log - INFO - Round 152 | Global 0.7165 | Head 0.7131 | Tail 0.7243 | Many 0.7353 | Medium 0.6965 | Few 0.7243 | best_tail 0.7247@126 | rollback=False
2026-08-19 17:14:52,420 - FINAL_SC_r200.log - INFO - Round 153 S-diagnostic | score_mean 0.7229 | selected_tail_fraction 0.0234 | participation_range 46-73
2026-08-19 17:14:52,420 - FINAL_SC_r200.log - INFO - Round 153 selected clients: [2, 3, 12, 13, 14, 15, 16, 17]
2026-08-19 17:15:13,131 - FINAL_SC_r200.log - INFO - Round 153 | Global 0.7022 | Head 0.7126 | Tail 0.6780 | Many 0.7497 | Medium 0.6847 | Few 0.6780 | best_tail 0.7247@126 | rollback=False
2026-08-19 17:15:13,131 - FINAL_SC_r200.log - INFO - Round 154 S-diagnostic | score_mean 0.7029 | selected_tail_fraction 0.0256 | participation_range 46-73
2026-08-19 17:15:13,131 - FINAL_SC_r200.log - INFO - Round 154 selected clients: [0, 1, 4, 6, 8, 16, 17, 19]
2026-08-19 17:15:33,540 - FINAL_SC_r200.log - INFO - Round 154 | Global 0.6998 | Head 0.7176 | Tail 0.6583 | Many 0.7787 | Medium 0.6717 | Few 0.6583 | best_tail 0.7247@126 | rollback=False
2026-08-19 17:15:33,540 - FINAL_SC_r200.log - INFO - Round 155 S-diagnostic | score_mean 0.7268 | selected_tail_fraction 0.0232 | participation_range 47-74
2026-08-19 17:15:33,540 - FINAL_SC_r200.log - INFO - Round 155 selected clients: [2, 5, 12, 13, 14, 15, 16, 17]
2026-08-19 17:15:54,520 - FINAL_SC_r200.log - INFO - Round 155 | Global 0.7002 | Head 0.7321 | Tail 0.6257 | Many 0.7860 | Medium 0.6917 | Few 0.6257 | best_tail 0.7247@126 | rollback=False
2026-08-19 17:15:54,520 - FINAL_SC_r200.log - INFO - Round 156 S-diagnostic | score_mean 0.6529 | selected_tail_fraction 0.0105 | participation_range 47-75
2026-08-19 17:15:54,520 - FINAL_SC_r200.log - INFO - Round 156 selected clients: [1, 3, 4, 7, 8, 9, 12, 15]
2026-08-19 17:16:16,195 - FINAL_SC_r200.log - INFO - Round 156 | Global 0.6908 | Head 0.7280 | Tail 0.6040 | Many 0.7963 | Medium 0.6767 | Few 0.6040 | best_tail 0.7247@126 | rollback=False
2026-08-19 17:16:16,195 - FINAL_SC_r200.log - INFO - Round 157 S-diagnostic | score_mean 0.7620 | selected_tail_fraction 0.0256 | participation_range 47-75
2026-08-19 17:16:16,195 - FINAL_SC_r200.log - INFO - Round 157 selected clients: [1, 3, 4, 6, 9, 13, 15, 18]
2026-08-19 17:16:37,722 - FINAL_SC_r200.log - INFO - Round 157 | Global 0.7006 | Head 0.7097 | Tail 0.6793 | Many 0.7427 | Medium 0.6850 | Few 0.6793 | best_tail 0.7247@126 | rollback=False
2026-08-19 17:16:37,722 - FINAL_SC_r200.log - INFO - Round 158 S-diagnostic | score_mean 0.7046 | selected_tail_fraction 0.0248 | participation_range 47-75
2026-08-19 17:16:37,722 - FINAL_SC_r200.log - INFO - Round 158 selected clients: [2, 4, 9, 13, 14, 16, 17, 18]
2026-08-19 17:16:58,832 - FINAL_SC_r200.log - INFO - Round 158 | Global 0.7067 | Head 0.7313 | Tail 0.6493 | Many 0.7790 | Medium 0.6955 | Few 0.6493 | best_tail 0.7247@126 | rollback=False
2026-08-19 17:16:58,832 - FINAL_SC_r200.log - INFO - Round 159 S-diagnostic | score_mean 0.7364 | selected_tail_fraction 0.0171 | participation_range 47-75
2026-08-19 17:16:58,832 - FINAL_SC_r200.log - INFO - Round 159 selected clients: [0, 1, 2, 6, 7, 9, 15, 16]
2026-08-19 17:17:19,611 - FINAL_SC_r200.log - INFO - Round 159 | Global 0.7078 | Head 0.7279 | Tail 0.6610 | Many 0.7800 | Medium 0.6887 | Few 0.6610 | best_tail 0.7247@126 | rollback=False
2026-08-19 17:17:19,611 - FINAL_SC_r200.log - INFO - Round 160 S-diagnostic | score_mean 0.6997 | selected_tail_fraction 0.0274 | participation_range 47-75
2026-08-19 17:17:19,611 - FINAL_SC_r200.log - INFO - Round 160 selected clients: [0, 4, 6, 9, 11, 13, 17, 18]
2026-08-19 17:17:40,217 - FINAL_SC_r200.log - INFO - Round 160 | Global 0.6982 | Head 0.7171 | Tail 0.6540 | Many 0.7670 | Medium 0.6797 | Few 0.6540 | best_tail 0.7247@126 | rollback=False
2026-08-19 17:17:40,235 - FINAL_SC_r200.log - INFO - Global Accuracy: [0.1332, 0.2039, 0.2387, 0.29, 0.3201, 0.3382, 0.3669, 0.3733, 0.3661, 0.3459, 0.3881, 0.3504, 0.3848, 0.4173, 0.4273, 0.4481, 0.4247, 0.4187, 0.4349, 0.4499, 0.449, 0.4563, 0.4528, 0.4964, 0.4776, 0.4673, 0.4519, 0.4901, 0.507, 0.5203, 0.496, 0.4943, 0.4914, 0.5063, 0.4903, 0.5431, 0.5552, 0.5445, 0.5408, 0.5788, 0.571, 0.6106, 0.5711, 0.5781, 0.6236, 0.6235, 0.6003, 0.6267, 0.6194, 0.6455, 0.63, 0.6307, 0.6174, 0.6254, 0.6272, 0.581, 0.6175, 0.6375, 0.6624, 0.6028, 0.6189, 0.6505, 0.6193, 0.6474, 0.6427, 0.6212, 0.6786, 0.6602, 0.6533, 0.6194, 0.6325, 0.6629, 0.6838, 0.6762, 0.6561, 0.6394, 0.6466, 0.6643, 0.6522, 0.6532, 0.6736, 0.6804, 0.684, 0.6676, 0.6846, 0.6619, 0.6657, 0.6766, 0.6821, 0.6784, 0.6743, 0.6765, 0.678, 0.6983, 0.6799, 0.6685, 0.6714, 0.6909, 0.6961, 0.6939, 0.6786, 0.666, 0.6812, 0.6966, 0.6725, 0.6951, 0.6992, 0.6764, 0.6811, 0.6985, 0.6969, 0.6888, 0.6838, 0.6808, 0.6599, 0.6816, 0.7007, 0.6958, 0.6534, 0.68, 0.6907, 0.6992, 0.6783, 0.6554, 0.6915, 0.7022, 0.6907, 0.7065, 0.6975, 0.6919, 0.6967, 0.6799, 0.7002, 0.704, 0.71, 0.6989, 0.7011, 0.6971, 0.6971, 0.6918, 0.7013, 0.7006, 0.7008, 0.7, 0.6953, 0.6942, 0.6794, 0.6967, 0.7085, 0.7017, 0.7098, 0.7165, 0.7022, 0.6998, 0.7002, 0.6908, 0.7006, 0.7067, 0.7078, 0.6982]
2026-08-19 17:17:40,235 - FINAL_SC_r200.log - INFO - Majority Class Accuracy: [0.3747, 0.54, 0.613, 0.6967, 0.723, 0.6857, 0.6937, 0.751, 0.8, 0.7963, 0.811, 0.8387, 0.7583, 0.722, 0.713, 0.799, 0.8217, 0.8053, 0.7997, 0.733, 0.808, 0.7753, 0.7837, 0.733, 0.794, 0.82, 0.8047, 0.7873, 0.7423, 0.807, 0.82, 0.778, 0.8297, 0.817, 0.83, 0.8023, 0.7283, 0.7677, 0.7657, 0.808, 0.781, 0.7607, 0.8017, 0.8103, 0.7233, 0.691, 0.6183, 0.7737, 0.751, 0.737, 0.7633, 0.7877, 0.8003, 0.804, 0.786, 0.8237, 0.839, 0.7943, 0.7743, 0.8003, 0.8213, 0.782, 0.8203, 0.816, 0.7753, 0.8223, 0.7243, 0.7937, 0.7493, 0.8173, 0.8373, 0.7663, 0.772, 0.7753, 0.804, 0.7803, 0.795, 0.789, 0.7863, 0.7703, 0.785, 0.7933, 0.7543, 0.7943, 0.7653, 0.817, 0.804, 0.8093, 0.7733, 0.7517, 0.7603, 0.77, 0.777, 0.7807, 0.8017, 0.8, 0.8093, 0.767, 0.78, 0.7787, 0.784, 0.7977, 0.7933, 0.7913, 0.8133, 0.7893, 0.767, 0.7693, 0.7907, 0.76, 0.777, 0.8063, 0.759, 0.8173, 0.8243, 0.8033, 0.756, 0.7817, 0.7377, 0.8117, 0.803, 0.793, 0.8313, 0.837, 0.773, 0.7307, 0.804, 0.7807, 0.757, 0.7793, 0.7963, 0.8103, 0.784, 0.766, 0.7423, 0.7693, 0.766, 0.7677, 0.794, 0.803, 0.758, 0.7617, 0.7873, 0.784, 0.7517, 0.782, 0.803, 0.8003, 0.756, 0.7813, 0.7453, 0.7353, 0.7497, 0.7787, 0.786, 0.7963, 0.7427, 0.779, 0.78, 0.767]
2026-08-19 17:17:40,235 - FINAL_SC_r200.log - INFO - Medium Class Accuracy: [0.052, 0.1047, 0.137, 0.2025, 0.258, 0.3312, 0.397, 0.3695, 0.3152, 0.2675, 0.3453, 0.2372, 0.3643, 0.4805, 0.492, 0.457, 0.3815, 0.4208, 0.4642, 0.5045, 0.4497, 0.5075, 0.4965, 0.5775, 0.4965, 0.452, 0.4585, 0.5427, 0.5465, 0.5202, 0.504, 0.5285, 0.483, 0.5288, 0.473, 0.5145, 0.6232, 0.6055, 0.5843, 0.5575, 0.5785, 0.6082, 0.584, 0.5773, 0.5998, 0.6382, 0.62, 0.6142, 0.6305, 0.6308, 0.6378, 0.629, 0.6212, 0.633, 0.6482, 0.6012, 0.6108, 0.631, 0.627, 0.6128, 0.6252, 0.5968, 0.6332, 0.633, 0.6585, 0.647, 0.6645, 0.6375, 0.6402, 0.6212, 0.6232, 0.6687, 0.668, 0.676, 0.643, 0.655, 0.64, 0.6375, 0.652, 0.6298, 0.6725, 0.6705, 0.6727, 0.6713, 0.6713, 0.624, 0.6745, 0.6617, 0.658, 0.6707, 0.6735, 0.6845, 0.6693, 0.6673, 0.6677, 0.6607, 0.6675, 0.6925, 0.667, 0.677, 0.6817, 0.668, 0.6785, 0.678, 0.6567, 0.666, 0.682, 0.655, 0.677, 0.6833, 0.6863, 0.6637, 0.683, 0.6625, 0.655, 0.66, 0.686, 0.6773, 0.6432, 0.6667, 0.6763, 0.6855, 0.66, 0.6422, 0.6905, 0.664, 0.6773, 0.689, 0.6903, 0.679, 0.6845, 0.6643, 0.691, 0.7025, 0.6963, 0.6875, 0.688, 0.6805, 0.691, 0.692, 0.6947, 0.6643, 0.6735, 0.689, 0.6975, 0.6865, 0.6593, 0.6717, 0.705, 0.6893, 0.7005, 0.6965, 0.6847, 0.6717, 0.6917, 0.6767, 0.685, 0.6955, 0.6887, 0.6797]
2026-08-19 17:17:40,235 - FINAL_SC_r200.log - INFO - Minority Class Accuracy: [0.0, 0.0, 0.0, 0.0, 0.0, 0.0, 0.0, 0.0007, 0.0, 0.0, 0.0223, 0.013, 0.0387, 0.0283, 0.0553, 0.0853, 0.0853, 0.0293, 0.031, 0.094, 0.089, 0.069, 0.0637, 0.1517, 0.136, 0.135, 0.0903, 0.1227, 0.219, 0.2337, 0.1613, 0.165, 0.1643, 0.1657, 0.1737, 0.322, 0.2913, 0.24, 0.258, 0.378, 0.351, 0.4637, 0.3233, 0.347, 0.5557, 0.5363, 0.556, 0.4963, 0.473, 0.5737, 0.4863, 0.476, 0.4293, 0.4367, 0.4403, 0.3113, 0.405, 0.4893, 0.5977, 0.392, 0.408, 0.5907, 0.3997, 0.498, 0.489, 0.3857, 0.6517, 0.557, 0.5747, 0.419, 0.44, 0.5517, 0.6167, 0.5773, 0.5257, 0.4777, 0.507, 0.5753, 0.5183, 0.5673, 0.5637, 0.5807, 0.6287, 0.536, 0.6217, 0.5573, 0.5157, 0.5637, 0.623, 0.6153, 0.5893, 0.5723, 0.5907, 0.6573, 0.5743, 0.5473, 0.5387, 0.6127, 0.651, 0.6317, 0.569, 0.5317, 0.5727, 0.6267, 0.5527, 0.6397, 0.6543, 0.612, 0.577, 0.6573, 0.631, 0.6047, 0.6097, 0.5687, 0.502, 0.5887, 0.665, 0.6347, 0.5827, 0.566, 0.5977, 0.6237, 0.5497, 0.4913, 0.6113, 0.7247, 0.5953, 0.6557, 0.6477, 0.6217, 0.6133, 0.5703, 0.6287, 0.644, 0.696, 0.6437, 0.6537, 0.6487, 0.6083, 0.5803, 0.6533, 0.688, 0.6507, 0.6307, 0.636, 0.6167, 0.5827, 0.6263, 0.6657, 0.6387, 0.6867, 0.7243, 0.678, 0.6583, 0.6257, 0.604, 0.6793, 0.6493, 0.661, 0.654]
2026-08-19 17:17:40,235 - FINAL_SC_r200.log - INFO - === Head-Tail Evaluation ===
2026-08-19 17:17:40,235 - FINAL_SC_r200.log - INFO - Head Accuracy: 0.7171
2026-08-19 17:17:40,235 - FINAL_SC_r200.log - INFO - Tail Accuracy: 0.6540
2026-08-19 17:17:53,588 - FINAL_SC_r200.log - INFO - Round 161 S-diagnostic | score_mean 0.6550 | selected_tail_fraction 0.0171 | participation_range 47-75
2026-08-19 17:17:53,588 - FINAL_SC_r200.log - INFO - Round 161 selected clients: [1, 2, 7, 9, 10, 13, 15, 19]
2026-08-19 17:18:14,204 - FINAL_SC_r200.log - INFO - Round 161 | Global 0.7018 | Head 0.7203 | Tail 0.6587 | Many 0.7610 | Medium 0.6897 | Few 0.6587 | best_tail 0.7247@126 | rollback=False
2026-08-19 17:18:14,204 - FINAL_SC_r200.log - INFO - Round 162 S-diagnostic | score_mean 0.7230 | selected_tail_fraction 0.0292 | participation_range 47-75
2026-08-19 17:18:14,204 - FINAL_SC_r200.log - INFO - Round 162 selected clients: [7, 9, 14, 15, 16, 17, 18, 19]
2026-08-19 17:18:37,133 - FINAL_SC_r200.log - INFO - Round 162 | Global 0.7151 | Head 0.7187 | Tail 0.7067 | Many 0.7643 | Medium 0.6845 | Few 0.7067 | best_tail 0.7247@126 | rollback=False
2026-08-19 17:18:37,133 - FINAL_SC_r200.log - INFO - Round 163 S-diagnostic | score_mean 0.5360 | selected_tail_fraction 0.0018 | participation_range 47-75
2026-08-19 17:18:37,133 - FINAL_SC_r200.log - INFO - Round 163 selected clients: [0, 1, 4, 7, 8, 14, 15, 16]
2026-08-19 17:18:59,914 - FINAL_SC_r200.log - INFO - Round 163 | Global 0.6861 | Head 0.7246 | Tail 0.5963 | Many 0.8073 | Medium 0.6625 | Few 0.5963 | best_tail 0.7247@126 | rollback=False
2026-08-19 17:18:59,914 - FINAL_SC_r200.log - INFO - Round 164 S-diagnostic | score_mean 0.7272 | selected_tail_fraction 0.0310 | participation_range 47-76
2026-08-19 17:18:59,914 - FINAL_SC_r200.log - INFO - Round 164 selected clients: [2, 4, 6, 12, 13, 14, 17, 19]
2026-08-19 17:19:23,255 - FINAL_SC_r200.log - INFO - Round 164 | Global 0.7027 | Head 0.7120 | Tail 0.6810 | Many 0.7577 | Medium 0.6777 | Few 0.6810 | best_tail 0.7247@126 | rollback=False
2026-08-19 17:19:23,255 - FINAL_SC_r200.log - INFO - Round 165 S-diagnostic | score_mean 0.6877 | selected_tail_fraction 0.0193 | participation_range 47-76
2026-08-19 17:19:23,255 - FINAL_SC_r200.log - INFO - Round 165 selected clients: [0, 4, 9, 10, 13, 15, 18, 19]
2026-08-19 17:19:46,601 - FINAL_SC_r200.log - INFO - Round 165 | Global 0.6967 | Head 0.7121 | Tail 0.6607 | Many 0.7753 | Medium 0.6647 | Few 0.6607 | best_tail 0.7247@126 | rollback=False
2026-08-19 17:19:46,611 - FINAL_SC_r200.log - INFO - Round 166 S-diagnostic | score_mean 0.6430 | selected_tail_fraction 0.0147 | participation_range 48-77
2026-08-19 17:19:46,611 - FINAL_SC_r200.log - INFO - Round 166 selected clients: [1, 3, 5, 7, 9, 11, 12, 14]
2026-08-19 17:20:09,964 - FINAL_SC_r200.log - INFO - Round 166 | Global 0.6982 | Head 0.7286 | Tail 0.6273 | Many 0.7833 | Medium 0.6875 | Few 0.6273 | best_tail 0.7247@126 | rollback=False
2026-08-19 17:20:09,964 - FINAL_SC_r200.log - INFO - Round 167 S-diagnostic | score_mean 0.5907 | selected_tail_fraction 0.0230 | participation_range 48-77
2026-08-19 17:20:09,964 - FINAL_SC_r200.log - INFO - Round 167 selected clients: [0, 2, 8, 10, 11, 14, 17, 19]
2026-08-19 17:20:33,004 - FINAL_SC_r200.log - INFO - Round 167 | Global 0.7076 | Head 0.7284 | Tail 0.6590 | Many 0.7713 | Medium 0.6963 | Few 0.6590 | best_tail 0.7247@126 | rollback=False
2026-08-19 17:20:33,004 - FINAL_SC_r200.log - INFO - Round 168 S-diagnostic | score_mean 0.7403 | selected_tail_fraction 0.0312 | participation_range 49-77
2026-08-19 17:20:33,004 - FINAL_SC_r200.log - INFO - Round 168 selected clients: [0, 1, 4, 5, 6, 8, 17, 18]
2026-08-19 17:20:56,592 - FINAL_SC_r200.log - INFO - Round 168 | Global 0.7085 | Head 0.7140 | Tail 0.6957 | Many 0.7467 | Medium 0.6895 | Few 0.6957 | best_tail 0.7247@126 | rollback=False
2026-08-19 17:20:56,603 - FINAL_SC_r200.log - INFO - Round 169 S-diagnostic | score_mean 0.5400 | selected_tail_fraction 0.0177 | participation_range 49-77
2026-08-19 17:20:56,603 - FINAL_SC_r200.log - INFO - Round 169 selected clients: [0, 6, 7, 10, 11, 13, 16, 17]
2026-08-19 17:21:19,246 - FINAL_SC_r200.log - INFO - Round 169 | Global 0.6963 | Head 0.7350 | Tail 0.6060 | Many 0.7987 | Medium 0.6873 | Few 0.6060 | best_tail 0.7247@126 | rollback=False
2026-08-19 17:21:19,246 - FINAL_SC_r200.log - INFO - Round 170 S-diagnostic | score_mean 0.5799 | selected_tail_fraction 0.0141 | participation_range 49-77
2026-08-19 17:21:19,246 - FINAL_SC_r200.log - INFO - Round 170 selected clients: [0, 1, 3, 7, 8, 10, 16, 19]
2026-08-19 17:21:42,328 - FINAL_SC_r200.log - INFO - Round 170 | Global 0.6990 | Head 0.7229 | Tail 0.6433 | Many 0.7933 | Medium 0.6700 | Few 0.6433 | best_tail 0.7247@126 | rollback=False
2026-08-19 17:21:42,345 - FINAL_SC_r200.log - INFO - Global Accuracy: [0.1332, 0.2039, 0.2387, 0.29, 0.3201, 0.3382, 0.3669, 0.3733, 0.3661, 0.3459, 0.3881, 0.3504, 0.3848, 0.4173, 0.4273, 0.4481, 0.4247, 0.4187, 0.4349, 0.4499, 0.449, 0.4563, 0.4528, 0.4964, 0.4776, 0.4673, 0.4519, 0.4901, 0.507, 0.5203, 0.496, 0.4943, 0.4914, 0.5063, 0.4903, 0.5431, 0.5552, 0.5445, 0.5408, 0.5788, 0.571, 0.6106, 0.5711, 0.5781, 0.6236, 0.6235, 0.6003, 0.6267, 0.6194, 0.6455, 0.63, 0.6307, 0.6174, 0.6254, 0.6272, 0.581, 0.6175, 0.6375, 0.6624, 0.6028, 0.6189, 0.6505, 0.6193, 0.6474, 0.6427, 0.6212, 0.6786, 0.6602, 0.6533, 0.6194, 0.6325, 0.6629, 0.6838, 0.6762, 0.6561, 0.6394, 0.6466, 0.6643, 0.6522, 0.6532, 0.6736, 0.6804, 0.684, 0.6676, 0.6846, 0.6619, 0.6657, 0.6766, 0.6821, 0.6784, 0.6743, 0.6765, 0.678, 0.6983, 0.6799, 0.6685, 0.6714, 0.6909, 0.6961, 0.6939, 0.6786, 0.666, 0.6812, 0.6966, 0.6725, 0.6951, 0.6992, 0.6764, 0.6811, 0.6985, 0.6969, 0.6888, 0.6838, 0.6808, 0.6599, 0.6816, 0.7007, 0.6958, 0.6534, 0.68, 0.6907, 0.6992, 0.6783, 0.6554, 0.6915, 0.7022, 0.6907, 0.7065, 0.6975, 0.6919, 0.6967, 0.6799, 0.7002, 0.704, 0.71, 0.6989, 0.7011, 0.6971, 0.6971, 0.6918, 0.7013, 0.7006, 0.7008, 0.7, 0.6953, 0.6942, 0.6794, 0.6967, 0.7085, 0.7017, 0.7098, 0.7165, 0.7022, 0.6998, 0.7002, 0.6908, 0.7006, 0.7067, 0.7078, 0.6982, 0.7018, 0.7151, 0.6861, 0.7027, 0.6967, 0.6982, 0.7076, 0.7085, 0.6963, 0.699]
2026-08-19 17:21:42,346 - FINAL_SC_r200.log - INFO - Majority Class Accuracy: [0.3747, 0.54, 0.613, 0.6967, 0.723, 0.6857, 0.6937, 0.751, 0.8, 0.7963, 0.811, 0.8387, 0.7583, 0.722, 0.713, 0.799, 0.8217, 0.8053, 0.7997, 0.733, 0.808, 0.7753, 0.7837, 0.733, 0.794, 0.82, 0.8047, 0.7873, 0.7423, 0.807, 0.82, 0.778, 0.8297, 0.817, 0.83, 0.8023, 0.7283, 0.7677, 0.7657, 0.808, 0.781, 0.7607, 0.8017, 0.8103, 0.7233, 0.691, 0.6183, 0.7737, 0.751, 0.737, 0.7633, 0.7877, 0.8003, 0.804, 0.786, 0.8237, 0.839, 0.7943, 0.7743, 0.8003, 0.8213, 0.782, 0.8203, 0.816, 0.7753, 0.8223, 0.7243, 0.7937, 0.7493, 0.8173, 0.8373, 0.7663, 0.772, 0.7753, 0.804, 0.7803, 0.795, 0.789, 0.7863, 0.7703, 0.785, 0.7933, 0.7543, 0.7943, 0.7653, 0.817, 0.804, 0.8093, 0.7733, 0.7517, 0.7603, 0.77, 0.777, 0.7807, 0.8017, 0.8, 0.8093, 0.767, 0.78, 0.7787, 0.784, 0.7977, 0.7933, 0.7913, 0.8133, 0.7893, 0.767, 0.7693, 0.7907, 0.76, 0.777, 0.8063, 0.759, 0.8173, 0.8243, 0.8033, 0.756, 0.7817, 0.7377, 0.8117, 0.803, 0.793, 0.8313, 0.837, 0.773, 0.7307, 0.804, 0.7807, 0.757, 0.7793, 0.7963, 0.8103, 0.784, 0.766, 0.7423, 0.7693, 0.766, 0.7677, 0.794, 0.803, 0.758, 0.7617, 0.7873, 0.784, 0.7517, 0.782, 0.803, 0.8003, 0.756, 0.7813, 0.7453, 0.7353, 0.7497, 0.7787, 0.786, 0.7963, 0.7427, 0.779, 0.78, 0.767, 0.761, 0.7643, 0.8073, 0.7577, 0.7753, 0.7833, 0.7713, 0.7467, 0.7987, 0.7933]
2026-08-19 17:21:42,346 - FINAL_SC_r200.log - INFO - Medium Class Accuracy: [0.052, 0.1047, 0.137, 0.2025, 0.258, 0.3312, 0.397, 0.3695, 0.3152, 0.2675, 0.3453, 0.2372, 0.3643, 0.4805, 0.492, 0.457, 0.3815, 0.4208, 0.4642, 0.5045, 0.4497, 0.5075, 0.4965, 0.5775, 0.4965, 0.452, 0.4585, 0.5427, 0.5465, 0.5202, 0.504, 0.5285, 0.483, 0.5288, 0.473, 0.5145, 0.6232, 0.6055, 0.5843, 0.5575, 0.5785, 0.6082, 0.584, 0.5773, 0.5998, 0.6382, 0.62, 0.6142, 0.6305, 0.6308, 0.6378, 0.629, 0.6212, 0.633, 0.6482, 0.6012, 0.6108, 0.631, 0.627, 0.6128, 0.6252, 0.5968, 0.6332, 0.633, 0.6585, 0.647, 0.6645, 0.6375, 0.6402, 0.6212, 0.6232, 0.6687, 0.668, 0.676, 0.643, 0.655, 0.64, 0.6375, 0.652, 0.6298, 0.6725, 0.6705, 0.6727, 0.6713, 0.6713, 0.624, 0.6745, 0.6617, 0.658, 0.6707, 0.6735, 0.6845, 0.6693, 0.6673, 0.6677, 0.6607, 0.6675, 0.6925, 0.667, 0.677, 0.6817, 0.668, 0.6785, 0.678, 0.6567, 0.666, 0.682, 0.655, 0.677, 0.6833, 0.6863, 0.6637, 0.683, 0.6625, 0.655, 0.66, 0.686, 0.6773, 0.6432, 0.6667, 0.6763, 0.6855, 0.66, 0.6422, 0.6905, 0.664, 0.6773, 0.689, 0.6903, 0.679, 0.6845, 0.6643, 0.691, 0.7025, 0.6963, 0.6875, 0.688, 0.6805, 0.691, 0.692, 0.6947, 0.6643, 0.6735, 0.689, 0.6975, 0.6865, 0.6593, 0.6717, 0.705, 0.6893, 0.7005, 0.6965, 0.6847, 0.6717, 0.6917, 0.6767, 0.685, 0.6955, 0.6887, 0.6797, 0.6897, 0.6845, 0.6625, 0.6777, 0.6647, 0.6875, 0.6963, 0.6895, 0.6873, 0.67]
2026-08-19 17:21:42,346 - FINAL_SC_r200.log - INFO - Minority Class Accuracy: [0.0, 0.0, 0.0, 0.0, 0.0, 0.0, 0.0, 0.0007, 0.0, 0.0, 0.0223, 0.013, 0.0387, 0.0283, 0.0553, 0.0853, 0.0853, 0.0293, 0.031, 0.094, 0.089, 0.069, 0.0637, 0.1517, 0.136, 0.135, 0.0903, 0.1227, 0.219, 0.2337, 0.1613, 0.165, 0.1643, 0.1657, 0.1737, 0.322, 0.2913, 0.24, 0.258, 0.378, 0.351, 0.4637, 0.3233, 0.347, 0.5557, 0.5363, 0.556, 0.4963, 0.473, 0.5737, 0.4863, 0.476, 0.4293, 0.4367, 0.4403, 0.3113, 0.405, 0.4893, 0.5977, 0.392, 0.408, 0.5907, 0.3997, 0.498, 0.489, 0.3857, 0.6517, 0.557, 0.5747, 0.419, 0.44, 0.5517, 0.6167, 0.5773, 0.5257, 0.4777, 0.507, 0.5753, 0.5183, 0.5673, 0.5637, 0.5807, 0.6287, 0.536, 0.6217, 0.5573, 0.5157, 0.5637, 0.623, 0.6153, 0.5893, 0.5723, 0.5907, 0.6573, 0.5743, 0.5473, 0.5387, 0.6127, 0.651, 0.6317, 0.569, 0.5317, 0.5727, 0.6267, 0.5527, 0.6397, 0.6543, 0.612, 0.577, 0.6573, 0.631, 0.6047, 0.6097, 0.5687, 0.502, 0.5887, 0.665, 0.6347, 0.5827, 0.566, 0.5977, 0.6237, 0.5497, 0.4913, 0.6113, 0.7247, 0.5953, 0.6557, 0.6477, 0.6217, 0.6133, 0.5703, 0.6287, 0.644, 0.696, 0.6437, 0.6537, 0.6487, 0.6083, 0.5803, 0.6533, 0.688, 0.6507, 0.6307, 0.636, 0.6167, 0.5827, 0.6263, 0.6657, 0.6387, 0.6867, 0.7243, 0.678, 0.6583, 0.6257, 0.604, 0.6793, 0.6493, 0.661, 0.654, 0.6587, 0.7067, 0.5963, 0.681, 0.6607, 0.6273, 0.659, 0.6957, 0.606, 0.6433]
2026-08-19 17:21:42,346 - FINAL_SC_r200.log - INFO - === Head-Tail Evaluation ===
2026-08-19 17:21:42,346 - FINAL_SC_r200.log - INFO - Head Accuracy: 0.7229
2026-08-19 17:21:42,346 - FINAL_SC_r200.log - INFO - Tail Accuracy: 0.6433
2026-08-19 17:21:56,253 - FINAL_SC_r200.log - INFO - Round 171 S-diagnostic | score_mean 0.6676 | selected_tail_fraction 0.0252 | participation_range 50-77
2026-08-19 17:21:56,253 - FINAL_SC_r200.log - INFO - Round 171 selected clients: [1, 5, 10, 11, 13, 15, 17, 18]
2026-08-19 17:22:19,757 - FINAL_SC_r200.log - INFO - Round 171 | Global 0.7068 | Head 0.7256 | Tail 0.6630 | Many 0.7750 | Medium 0.6885 | Few 0.6630 | best_tail 0.7247@126 | rollback=False
2026-08-19 17:22:19,757 - FINAL_SC_r200.log - INFO - Round 172 S-diagnostic | score_mean 0.6737 | selected_tail_fraction 0.0117 | participation_range 50-78
2026-08-19 17:22:19,766 - FINAL_SC_r200.log - INFO - Round 172 selected clients: [0, 4, 9, 10, 12, 13, 15, 18]
2026-08-19 17:22:43,198 - FINAL_SC_r200.log - INFO - Round 172 | Global 0.7068 | Head 0.7321 | Tail 0.6477 | Many 0.7860 | Medium 0.6917 | Few 0.6477 | best_tail 0.7247@126 | rollback=False
2026-08-19 17:22:43,198 - FINAL_SC_r200.log - INFO - Round 173 S-diagnostic | score_mean 0.7701 | selected_tail_fraction 0.0308 | participation_range 51-78
2026-08-19 17:22:43,198 - FINAL_SC_r200.log - INFO - Round 173 selected clients: [1, 2, 4, 5, 8, 15, 17, 19]
2026-08-19 17:23:05,005 - FINAL_SC_r200.log - INFO - Round 173 | Global 0.7137 | Head 0.7117 | Tail 0.7183 | Many 0.7330 | Medium 0.6957 | Few 0.7183 | best_tail 0.7247@126 | rollback=False
2026-08-19 17:23:05,007 - FINAL_SC_r200.log - INFO - Round 174 S-diagnostic | score_mean 0.5324 | selected_tail_fraction 0.0075 | participation_range 51-78
2026-08-19 17:23:05,007 - FINAL_SC_r200.log - INFO - Round 174 selected clients: [2, 4, 8, 9, 10, 11, 13, 16]
2026-08-19 17:23:24,964 - FINAL_SC_r200.log - INFO - Round 174 | Global 0.6729 | Head 0.7223 | Tail 0.5577 | Many 0.8293 | Medium 0.6420 | Few 0.5577 | best_tail 0.7247@126 | rollback=False
2026-08-19 17:23:24,964 - FINAL_SC_r200.log - INFO - Round 175 S-diagnostic | score_mean 0.7361 | selected_tail_fraction 0.0282 | participation_range 52-79
2026-08-19 17:23:24,964 - FINAL_SC_r200.log - INFO - Round 175 selected clients: [1, 3, 5, 6, 11, 12, 13, 19]
2026-08-19 17:23:45,616 - FINAL_SC_r200.log - INFO - Round 175 | Global 0.7133 | Head 0.7231 | Tail 0.6903 | Many 0.7760 | Medium 0.6835 | Few 0.6903 | best_tail 0.7247@126 | rollback=False
2026-08-19 17:23:45,616 - FINAL_SC_r200.log - INFO - Round 176 S-diagnostic | score_mean 0.5921 | selected_tail_fraction 0.0073 | participation_range 52-80
2026-08-19 17:23:45,616 - FINAL_SC_r200.log - INFO - Round 176 selected clients: [2, 4, 7, 10, 11, 12, 15, 16]
2026-08-19 17:24:05,705 - FINAL_SC_r200.log - INFO - Round 176 | Global 0.7016 | Head 0.7371 | Tail 0.6187 | Many 0.7953 | Medium 0.6935 | Few 0.6187 | best_tail 0.7247@126 | rollback=False
2026-08-19 17:24:05,716 - FINAL_SC_r200.log - INFO - Round 177 S-diagnostic | score_mean 0.6448 | selected_tail_fraction 0.0278 | participation_range 53-80
2026-08-19 17:24:05,716 - FINAL_SC_r200.log - INFO - Round 177 selected clients: [5, 6, 7, 8, 9, 10, 15, 17]
2026-08-19 17:24:26,231 - FINAL_SC_r200.log - INFO - Round 177 | Global 0.7045 | Head 0.7286 | Tail 0.6483 | Many 0.7713 | Medium 0.6965 | Few 0.6483 | best_tail 0.7247@126 | rollback=False
2026-08-19 17:24:26,231 - FINAL_SC_r200.log - INFO - Round 178 S-diagnostic | score_mean 0.8036 | selected_tail_fraction 0.0258 | participation_range 54-80
2026-08-19 17:24:26,231 - FINAL_SC_r200.log - INFO - Round 178 selected clients: [0, 1, 4, 5, 6, 9, 15, 19]
2026-08-19 17:24:47,136 - FINAL_SC_r200.log - INFO - Round 178 | Global 0.7117 | Head 0.7170 | Tail 0.6993 | Many 0.7503 | Medium 0.6920 | Few 0.6993 | best_tail 0.7247@126 | rollback=False
2026-08-19 17:24:47,136 - FINAL_SC_r200.log - INFO - Round 179 S-diagnostic | score_mean 0.7024 | selected_tail_fraction 0.0183 | participation_range 54-81
2026-08-19 17:24:47,136 - FINAL_SC_r200.log - INFO - Round 179 selected clients: [3, 9, 10, 12, 13, 15, 16, 19]
2026-08-19 17:25:07,979 - FINAL_SC_r200.log - INFO - Round 179 | Global 0.7165 | Head 0.7239 | Tail 0.6993 | Many 0.7783 | Medium 0.6830 | Few 0.6993 | best_tail 0.7247@126 | rollback=False
2026-08-19 17:25:07,979 - FINAL_SC_r200.log - INFO - Round 180 S-diagnostic | score_mean 0.6074 | selected_tail_fraction 0.0103 | participation_range 54-81
2026-08-19 17:25:07,979 - FINAL_SC_r200.log - INFO - Round 180 selected clients: [0, 3, 8, 9, 11, 13, 15, 16]
2026-08-19 17:25:28,421 - FINAL_SC_r200.log - INFO - Round 180 | Global 0.6970 | Head 0.7274 | Tail 0.6260 | Many 0.8000 | Medium 0.6730 | Few 0.6260 | best_tail 0.7247@126 | rollback=False
2026-08-19 17:25:28,448 - FINAL_SC_r200.log - INFO - Global Accuracy: [0.1332, 0.2039, 0.2387, 0.29, 0.3201, 0.3382, 0.3669, 0.3733, 0.3661, 0.3459, 0.3881, 0.3504, 0.3848, 0.4173, 0.4273, 0.4481, 0.4247, 0.4187, 0.4349, 0.4499, 0.449, 0.4563, 0.4528, 0.4964, 0.4776, 0.4673, 0.4519, 0.4901, 0.507, 0.5203, 0.496, 0.4943, 0.4914, 0.5063, 0.4903, 0.5431, 0.5552, 0.5445, 0.5408, 0.5788, 0.571, 0.6106, 0.5711, 0.5781, 0.6236, 0.6235, 0.6003, 0.6267, 0.6194, 0.6455, 0.63, 0.6307, 0.6174, 0.6254, 0.6272, 0.581, 0.6175, 0.6375, 0.6624, 0.6028, 0.6189, 0.6505, 0.6193, 0.6474, 0.6427, 0.6212, 0.6786, 0.6602, 0.6533, 0.6194, 0.6325, 0.6629, 0.6838, 0.6762, 0.6561, 0.6394, 0.6466, 0.6643, 0.6522, 0.6532, 0.6736, 0.6804, 0.684, 0.6676, 0.6846, 0.6619, 0.6657, 0.6766, 0.6821, 0.6784, 0.6743, 0.6765, 0.678, 0.6983, 0.6799, 0.6685, 0.6714, 0.6909, 0.6961, 0.6939, 0.6786, 0.666, 0.6812, 0.6966, 0.6725, 0.6951, 0.6992, 0.6764, 0.6811, 0.6985, 0.6969, 0.6888, 0.6838, 0.6808, 0.6599, 0.6816, 0.7007, 0.6958, 0.6534, 0.68, 0.6907, 0.6992, 0.6783, 0.6554, 0.6915, 0.7022, 0.6907, 0.7065, 0.6975, 0.6919, 0.6967, 0.6799, 0.7002, 0.704, 0.71, 0.6989, 0.7011, 0.6971, 0.6971, 0.6918, 0.7013, 0.7006, 0.7008, 0.7, 0.6953, 0.6942, 0.6794, 0.6967, 0.7085, 0.7017, 0.7098, 0.7165, 0.7022, 0.6998, 0.7002, 0.6908, 0.7006, 0.7067, 0.7078, 0.6982, 0.7018, 0.7151, 0.6861, 0.7027, 0.6967, 0.6982, 0.7076, 0.7085, 0.6963, 0.699, 0.7068, 0.7068, 0.7137, 0.6729, 0.7133, 0.7016, 0.7045, 0.7117, 0.7165, 0.697]
2026-08-19 17:25:28,454 - FINAL_SC_r200.log - INFO - Majority Class Accuracy: [0.3747, 0.54, 0.613, 0.6967, 0.723, 0.6857, 0.6937, 0.751, 0.8, 0.7963, 0.811, 0.8387, 0.7583, 0.722, 0.713, 0.799, 0.8217, 0.8053, 0.7997, 0.733, 0.808, 0.7753, 0.7837, 0.733, 0.794, 0.82, 0.8047, 0.7873, 0.7423, 0.807, 0.82, 0.778, 0.8297, 0.817, 0.83, 0.8023, 0.7283, 0.7677, 0.7657, 0.808, 0.781, 0.7607, 0.8017, 0.8103, 0.7233, 0.691, 0.6183, 0.7737, 0.751, 0.737, 0.7633, 0.7877, 0.8003, 0.804, 0.786, 0.8237, 0.839, 0.7943, 0.7743, 0.8003, 0.8213, 0.782, 0.8203, 0.816, 0.7753, 0.8223, 0.7243, 0.7937, 0.7493, 0.8173, 0.8373, 0.7663, 0.772, 0.7753, 0.804, 0.7803, 0.795, 0.789, 0.7863, 0.7703, 0.785, 0.7933, 0.7543, 0.7943, 0.7653, 0.817, 0.804, 0.8093, 0.7733, 0.7517, 0.7603, 0.77, 0.777, 0.7807, 0.8017, 0.8, 0.8093, 0.767, 0.78, 0.7787, 0.784, 0.7977, 0.7933, 0.7913, 0.8133, 0.7893, 0.767, 0.7693, 0.7907, 0.76, 0.777, 0.8063, 0.759, 0.8173, 0.8243, 0.8033, 0.756, 0.7817, 0.7377, 0.8117, 0.803, 0.793, 0.8313, 0.837, 0.773, 0.7307, 0.804, 0.7807, 0.757, 0.7793, 0.7963, 0.8103, 0.784, 0.766, 0.7423, 0.7693, 0.766, 0.7677, 0.794, 0.803, 0.758, 0.7617, 0.7873, 0.784, 0.7517, 0.782, 0.803, 0.8003, 0.756, 0.7813, 0.7453, 0.7353, 0.7497, 0.7787, 0.786, 0.7963, 0.7427, 0.779, 0.78, 0.767, 0.761, 0.7643, 0.8073, 0.7577, 0.7753, 0.7833, 0.7713, 0.7467, 0.7987, 0.7933, 0.775, 0.786, 0.733, 0.8293, 0.776, 0.7953, 0.7713, 0.7503, 0.7783, 0.8]
2026-08-19 17:25:28,454 - FINAL_SC_r200.log - INFO - Medium Class Accuracy: [0.052, 0.1047, 0.137, 0.2025, 0.258, 0.3312, 0.397, 0.3695, 0.3152, 0.2675, 0.3453, 0.2372, 0.3643, 0.4805, 0.492, 0.457, 0.3815, 0.4208, 0.4642, 0.5045, 0.4497, 0.5075, 0.4965, 0.5775, 0.4965, 0.452, 0.4585, 0.5427, 0.5465, 0.5202, 0.504, 0.5285, 0.483, 0.5288, 0.473, 0.5145, 0.6232, 0.6055, 0.5843, 0.5575, 0.5785, 0.6082, 0.584, 0.5773, 0.5998, 0.6382, 0.62, 0.6142, 0.6305, 0.6308, 0.6378, 0.629, 0.6212, 0.633, 0.6482, 0.6012, 0.6108, 0.631, 0.627, 0.6128, 0.6252, 0.5968, 0.6332, 0.633, 0.6585, 0.647, 0.6645, 0.6375, 0.6402, 0.6212, 0.6232, 0.6687, 0.668, 0.676, 0.643, 0.655, 0.64, 0.6375, 0.652, 0.6298, 0.6725, 0.6705, 0.6727, 0.6713, 0.6713, 0.624, 0.6745, 0.6617, 0.658, 0.6707, 0.6735, 0.6845, 0.6693, 0.6673, 0.6677, 0.6607, 0.6675, 0.6925, 0.667, 0.677, 0.6817, 0.668, 0.6785, 0.678, 0.6567, 0.666, 0.682, 0.655, 0.677, 0.6833, 0.6863, 0.6637, 0.683, 0.6625, 0.655, 0.66, 0.686, 0.6773, 0.6432, 0.6667, 0.6763, 0.6855, 0.66, 0.6422, 0.6905, 0.664, 0.6773, 0.689, 0.6903, 0.679, 0.6845, 0.6643, 0.691, 0.7025, 0.6963, 0.6875, 0.688, 0.6805, 0.691, 0.692, 0.6947, 0.6643, 0.6735, 0.689, 0.6975, 0.6865, 0.6593, 0.6717, 0.705, 0.6893, 0.7005, 0.6965, 0.6847, 0.6717, 0.6917, 0.6767, 0.685, 0.6955, 0.6887, 0.6797, 0.6897, 0.6845, 0.6625, 0.6777, 0.6647, 0.6875, 0.6963, 0.6895, 0.6873, 0.67, 0.6885, 0.6917, 0.6957, 0.642, 0.6835, 0.6935, 0.6965, 0.692, 0.683, 0.673]
2026-08-19 17:25:28,455 - FINAL_SC_r200.log - INFO - Minority Class Accuracy: [0.0, 0.0, 0.0, 0.0, 0.0, 0.0, 0.0, 0.0007, 0.0, 0.0, 0.0223, 0.013, 0.0387, 0.0283, 0.0553, 0.0853, 0.0853, 0.0293, 0.031, 0.094, 0.089, 0.069, 0.0637, 0.1517, 0.136, 0.135, 0.0903, 0.1227, 0.219, 0.2337, 0.1613, 0.165, 0.1643, 0.1657, 0.1737, 0.322, 0.2913, 0.24, 0.258, 0.378, 0.351, 0.4637, 0.3233, 0.347, 0.5557, 0.5363, 0.556, 0.4963, 0.473, 0.5737, 0.4863, 0.476, 0.4293, 0.4367, 0.4403, 0.3113, 0.405, 0.4893, 0.5977, 0.392, 0.408, 0.5907, 0.3997, 0.498, 0.489, 0.3857, 0.6517, 0.557, 0.5747, 0.419, 0.44, 0.5517, 0.6167, 0.5773, 0.5257, 0.4777, 0.507, 0.5753, 0.5183, 0.5673, 0.5637, 0.5807, 0.6287, 0.536, 0.6217, 0.5573, 0.5157, 0.5637, 0.623, 0.6153, 0.5893, 0.5723, 0.5907, 0.6573, 0.5743, 0.5473, 0.5387, 0.6127, 0.651, 0.6317, 0.569, 0.5317, 0.5727, 0.6267, 0.5527, 0.6397, 0.6543, 0.612, 0.577, 0.6573, 0.631, 0.6047, 0.6097, 0.5687, 0.502, 0.5887, 0.665, 0.6347, 0.5827, 0.566, 0.5977, 0.6237, 0.5497, 0.4913, 0.6113, 0.7247, 0.5953, 0.6557, 0.6477, 0.6217, 0.6133, 0.5703, 0.6287, 0.644, 0.696, 0.6437, 0.6537, 0.6487, 0.6083, 0.5803, 0.6533, 0.688, 0.6507, 0.6307, 0.636, 0.6167, 0.5827, 0.6263, 0.6657, 0.6387, 0.6867, 0.7243, 0.678, 0.6583, 0.6257, 0.604, 0.6793, 0.6493, 0.661, 0.654, 0.6587, 0.7067, 0.5963, 0.681, 0.6607, 0.6273, 0.659, 0.6957, 0.606, 0.6433, 0.663, 0.6477, 0.7183, 0.5577, 0.6903, 0.6187, 0.6483, 0.6993, 0.6993, 0.626]
2026-08-19 17:25:28,455 - FINAL_SC_r200.log - INFO - === Head-Tail Evaluation ===
2026-08-19 17:25:28,455 - FINAL_SC_r200.log - INFO - Head Accuracy: 0.7274
2026-08-19 17:25:28,455 - FINAL_SC_r200.log - INFO - Tail Accuracy: 0.6260
2026-08-19 17:25:41,851 - FINAL_SC_r200.log - INFO - Round 181 S-diagnostic | score_mean 0.7229 | selected_tail_fraction 0.0226 | participation_range 54-82
2026-08-19 17:25:41,851 - FINAL_SC_r200.log - INFO - Round 181 selected clients: [2, 4, 6, 12, 13, 14, 15, 18]
2026-08-19 17:26:03,046 - FINAL_SC_r200.log - INFO - Round 181 | Global 0.7114 | Head 0.7257 | Tail 0.6780 | Many 0.7587 | Medium 0.7010 | Few 0.6780 | best_tail 0.7247@126 | rollback=False
2026-08-19 17:26:03,046 - FINAL_SC_r200.log - INFO - Round 182 S-diagnostic | score_mean 0.7935 | selected_tail_fraction 0.0395 | participation_range 54-83
2026-08-19 17:26:03,046 - FINAL_SC_r200.log - INFO - Round 182 selected clients: [3, 6, 8, 12, 16, 17, 18, 19]
2026-08-19 17:26:24,216 - FINAL_SC_r200.log - INFO - Round 182 | Global 0.7196 | Head 0.7063 | Tail 0.7507 | Many 0.7297 | Medium 0.6887 | Few 0.7507 | best_tail 0.7507@182 | rollback=False
2026-08-19 17:26:24,216 - FINAL_SC_r200.log - INFO - Round 183 S-diagnostic | score_mean 0.6458 | selected_tail_fraction 0.0171 | participation_range 54-83
2026-08-19 17:26:24,216 - FINAL_SC_r200.log - INFO - Round 183 selected clients: [0, 2, 7, 8, 9, 14, 15, 19]
2026-08-19 17:26:44,807 - FINAL_SC_r200.log - INFO - Round 183 | Global 0.7136 | Head 0.7160 | Tail 0.7080 | Many 0.7503 | Medium 0.6903 | Few 0.7080 | best_tail 0.7507@182 | rollback=False
2026-08-19 17:26:44,817 - FINAL_SC_r200.log - INFO - Round 184 S-diagnostic | score_mean 0.6014 | selected_tail_fraction 0.0226 | participation_range 54-83
2026-08-19 17:26:44,817 - FINAL_SC_r200.log - INFO - Round 184 selected clients: [2, 8, 11, 13, 14, 16, 17, 18]
2026-08-19 17:27:05,102 - FINAL_SC_r200.log - INFO - Round 184 | Global 0.7120 | Head 0.7343 | Tail 0.6600 | Many 0.7787 | Medium 0.7010 | Few 0.6600 | best_tail 0.7507@182 | rollback=False
2026-08-19 17:27:05,102 - FINAL_SC_r200.log - INFO - Round 185 S-diagnostic | score_mean 0.6557 | selected_tail_fraction 0.0173 | participation_range 54-84
2026-08-19 17:27:05,102 - FINAL_SC_r200.log - INFO - Round 185 selected clients: [0, 10, 11, 12, 14, 15, 18, 19]
2026-08-19 17:27:26,979 - FINAL_SC_r200.log - INFO - Round 185 | Global 0.7078 | Head 0.7210 | Tail 0.6770 | Many 0.7887 | Medium 0.6703 | Few 0.6770 | best_tail 0.7507@182 | rollback=False
2026-08-19 17:27:26,979 - FINAL_SC_r200.log - INFO - Round 186 S-diagnostic | score_mean 0.8047 | selected_tail_fraction 0.0387 | participation_range 55-84
2026-08-19 17:27:26,979 - FINAL_SC_r200.log - INFO - Round 186 selected clients: [2, 5, 6, 9, 10, 16, 17, 18]
2026-08-19 17:27:50,420 - FINAL_SC_r200.log - INFO - Round 186 | Global 0.7190 | Head 0.7044 | Tail 0.7530 | Many 0.7100 | Medium 0.7003 | Few 0.7530 | best_tail 0.7530@186 | rollback=False
2026-08-19 17:27:50,421 - FINAL_SC_r200.log - INFO - Round 187 S-diagnostic | score_mean 0.6482 | selected_tail_fraction 0.0200 | participation_range 56-85
2026-08-19 17:27:50,421 - FINAL_SC_r200.log - INFO - Round 187 selected clients: [1, 5, 9, 10, 11, 14, 15, 17]
2026-08-19 17:28:13,532 - FINAL_SC_r200.log - INFO - Round 187 | Global 0.7063 | Head 0.7323 | Tail 0.6457 | Many 0.7807 | Medium 0.6960 | Few 0.6457 | best_tail 0.7530@186 | rollback=False
2026-08-19 17:28:13,532 - FINAL_SC_r200.log - INFO - Round 188 S-diagnostic | score_mean 0.7096 | selected_tail_fraction 0.0270 | participation_range 56-86
2026-08-19 17:28:13,532 - FINAL_SC_r200.log - INFO - Round 188 selected clients: [1, 10, 13, 15, 16, 17, 18, 19]
2026-08-19 17:28:36,715 - FINAL_SC_r200.log - INFO - Round 188 | Global 0.7184 | Head 0.7279 | Tail 0.6963 | Many 0.7880 | Medium 0.6827 | Few 0.6963 | best_tail 0.7530@186 | rollback=False
2026-08-19 17:28:36,725 - FINAL_SC_r200.log - INFO - Round 189 S-diagnostic | score_mean 0.7481 | selected_tail_fraction 0.0322 | participation_range 57-86
2026-08-19 17:28:36,725 - FINAL_SC_r200.log - INFO - Round 189 selected clients: [3, 4, 5, 6, 9, 13, 16, 17]
2026-08-19 17:29:00,409 - FINAL_SC_r200.log - INFO - Round 189 | Global 0.7019 | Head 0.7191 | Tail 0.6617 | Many 0.7593 | Medium 0.6890 | Few 0.6617 | best_tail 0.7530@186 | rollback=False
2026-08-19 17:29:00,419 - FINAL_SC_r200.log - INFO - Round 190 S-diagnostic | score_mean 0.7334 | selected_tail_fraction 0.0220 | participation_range 58-86
2026-08-19 17:29:00,419 - FINAL_SC_r200.log - INFO - Round 190 selected clients: [1, 4, 5, 6, 11, 12, 16, 19]
2026-08-19 17:29:23,757 - FINAL_SC_r200.log - INFO - Round 190 | Global 0.7187 | Head 0.7389 | Tail 0.6717 | Many 0.7927 | Medium 0.6985 | Few 0.6717 | best_tail 0.7530@186 | rollback=False
2026-08-19 17:29:23,773 - FINAL_SC_r200.log - INFO - Global Accuracy: [0.1332, 0.2039, 0.2387, 0.29, 0.3201, 0.3382, 0.3669, 0.3733, 0.3661, 0.3459, 0.3881, 0.3504, 0.3848, 0.4173, 0.4273, 0.4481, 0.4247, 0.4187, 0.4349, 0.4499, 0.449, 0.4563, 0.4528, 0.4964, 0.4776, 0.4673, 0.4519, 0.4901, 0.507, 0.5203, 0.496, 0.4943, 0.4914, 0.5063, 0.4903, 0.5431, 0.5552, 0.5445, 0.5408, 0.5788, 0.571, 0.6106, 0.5711, 0.5781, 0.6236, 0.6235, 0.6003, 0.6267, 0.6194, 0.6455, 0.63, 0.6307, 0.6174, 0.6254, 0.6272, 0.581, 0.6175, 0.6375, 0.6624, 0.6028, 0.6189, 0.6505, 0.6193, 0.6474, 0.6427, 0.6212, 0.6786, 0.6602, 0.6533, 0.6194, 0.6325, 0.6629, 0.6838, 0.6762, 0.6561, 0.6394, 0.6466, 0.6643, 0.6522, 0.6532, 0.6736, 0.6804, 0.684, 0.6676, 0.6846, 0.6619, 0.6657, 0.6766, 0.6821, 0.6784, 0.6743, 0.6765, 0.678, 0.6983, 0.6799, 0.6685, 0.6714, 0.6909, 0.6961, 0.6939, 0.6786, 0.666, 0.6812, 0.6966, 0.6725, 0.6951, 0.6992, 0.6764, 0.6811, 0.6985, 0.6969, 0.6888, 0.6838, 0.6808, 0.6599, 0.6816, 0.7007, 0.6958, 0.6534, 0.68, 0.6907, 0.6992, 0.6783, 0.6554, 0.6915, 0.7022, 0.6907, 0.7065, 0.6975, 0.6919, 0.6967, 0.6799, 0.7002, 0.704, 0.71, 0.6989, 0.7011, 0.6971, 0.6971, 0.6918, 0.7013, 0.7006, 0.7008, 0.7, 0.6953, 0.6942, 0.6794, 0.6967, 0.7085, 0.7017, 0.7098, 0.7165, 0.7022, 0.6998, 0.7002, 0.6908, 0.7006, 0.7067, 0.7078, 0.6982, 0.7018, 0.7151, 0.6861, 0.7027, 0.6967, 0.6982, 0.7076, 0.7085, 0.6963, 0.699, 0.7068, 0.7068, 0.7137, 0.6729, 0.7133, 0.7016, 0.7045, 0.7117, 0.7165, 0.697, 0.7114, 0.7196, 0.7136, 0.712, 0.7078, 0.719, 0.7063, 0.7184, 0.7019, 0.7187]
2026-08-19 17:29:23,773 - FINAL_SC_r200.log - INFO - Majority Class Accuracy: [0.3747, 0.54, 0.613, 0.6967, 0.723, 0.6857, 0.6937, 0.751, 0.8, 0.7963, 0.811, 0.8387, 0.7583, 0.722, 0.713, 0.799, 0.8217, 0.8053, 0.7997, 0.733, 0.808, 0.7753, 0.7837, 0.733, 0.794, 0.82, 0.8047, 0.7873, 0.7423, 0.807, 0.82, 0.778, 0.8297, 0.817, 0.83, 0.8023, 0.7283, 0.7677, 0.7657, 0.808, 0.781, 0.7607, 0.8017, 0.8103, 0.7233, 0.691, 0.6183, 0.7737, 0.751, 0.737, 0.7633, 0.7877, 0.8003, 0.804, 0.786, 0.8237, 0.839, 0.7943, 0.7743, 0.8003, 0.8213, 0.782, 0.8203, 0.816, 0.7753, 0.8223, 0.7243, 0.7937, 0.7493, 0.8173, 0.8373, 0.7663, 0.772, 0.7753, 0.804, 0.7803, 0.795, 0.789, 0.7863, 0.7703, 0.785, 0.7933, 0.7543, 0.7943, 0.7653, 0.817, 0.804, 0.8093, 0.7733, 0.7517, 0.7603, 0.77, 0.777, 0.7807, 0.8017, 0.8, 0.8093, 0.767, 0.78, 0.7787, 0.784, 0.7977, 0.7933, 0.7913, 0.8133, 0.7893, 0.767, 0.7693, 0.7907, 0.76, 0.777, 0.8063, 0.759, 0.8173, 0.8243, 0.8033, 0.756, 0.7817, 0.7377, 0.8117, 0.803, 0.793, 0.8313, 0.837, 0.773, 0.7307, 0.804, 0.7807, 0.757, 0.7793, 0.7963, 0.8103, 0.784, 0.766, 0.7423, 0.7693, 0.766, 0.7677, 0.794, 0.803, 0.758, 0.7617, 0.7873, 0.784, 0.7517, 0.782, 0.803, 0.8003, 0.756, 0.7813, 0.7453, 0.7353, 0.7497, 0.7787, 0.786, 0.7963, 0.7427, 0.779, 0.78, 0.767, 0.761, 0.7643, 0.8073, 0.7577, 0.7753, 0.7833, 0.7713, 0.7467, 0.7987, 0.7933, 0.775, 0.786, 0.733, 0.8293, 0.776, 0.7953, 0.7713, 0.7503, 0.7783, 0.8, 0.7587, 0.7297, 0.7503, 0.7787, 0.7887, 0.71, 0.7807, 0.788, 0.7593, 0.7927]
2026-08-19 17:29:23,773 - FINAL_SC_r200.log - INFO - Medium Class Accuracy: [0.052, 0.1047, 0.137, 0.2025, 0.258, 0.3312, 0.397, 0.3695, 0.3152, 0.2675, 0.3453, 0.2372, 0.3643, 0.4805, 0.492, 0.457, 0.3815, 0.4208, 0.4642, 0.5045, 0.4497, 0.5075, 0.4965, 0.5775, 0.4965, 0.452, 0.4585, 0.5427, 0.5465, 0.5202, 0.504, 0.5285, 0.483, 0.5288, 0.473, 0.5145, 0.6232, 0.6055, 0.5843, 0.5575, 0.5785, 0.6082, 0.584, 0.5773, 0.5998, 0.6382, 0.62, 0.6142, 0.6305, 0.6308, 0.6378, 0.629, 0.6212, 0.633, 0.6482, 0.6012, 0.6108, 0.631, 0.627, 0.6128, 0.6252, 0.5968, 0.6332, 0.633, 0.6585, 0.647, 0.6645, 0.6375, 0.6402, 0.6212, 0.6232, 0.6687, 0.668, 0.676, 0.643, 0.655, 0.64, 0.6375, 0.652, 0.6298, 0.6725, 0.6705, 0.6727, 0.6713, 0.6713, 0.624, 0.6745, 0.6617, 0.658, 0.6707, 0.6735, 0.6845, 0.6693, 0.6673, 0.6677, 0.6607, 0.6675, 0.6925, 0.667, 0.677, 0.6817, 0.668, 0.6785, 0.678, 0.6567, 0.666, 0.682, 0.655, 0.677, 0.6833, 0.6863, 0.6637, 0.683, 0.6625, 0.655, 0.66, 0.686, 0.6773, 0.6432, 0.6667, 0.6763, 0.6855, 0.66, 0.6422, 0.6905, 0.664, 0.6773, 0.689, 0.6903, 0.679, 0.6845, 0.6643, 0.691, 0.7025, 0.6963, 0.6875, 0.688, 0.6805, 0.691, 0.692, 0.6947, 0.6643, 0.6735, 0.689, 0.6975, 0.6865, 0.6593, 0.6717, 0.705, 0.6893, 0.7005, 0.6965, 0.6847, 0.6717, 0.6917, 0.6767, 0.685, 0.6955, 0.6887, 0.6797, 0.6897, 0.6845, 0.6625, 0.6777, 0.6647, 0.6875, 0.6963, 0.6895, 0.6873, 0.67, 0.6885, 0.6917, 0.6957, 0.642, 0.6835, 0.6935, 0.6965, 0.692, 0.683, 0.673, 0.701, 0.6887, 0.6903, 0.701, 0.6703, 0.7003, 0.696, 0.6827, 0.689, 0.6985]
2026-08-19 17:29:23,773 - FINAL_SC_r200.log - INFO - Minority Class Accuracy: [0.0, 0.0, 0.0, 0.0, 0.0, 0.0, 0.0, 0.0007, 0.0, 0.0, 0.0223, 0.013, 0.0387, 0.0283, 0.0553, 0.0853, 0.0853, 0.0293, 0.031, 0.094, 0.089, 0.069, 0.0637, 0.1517, 0.136, 0.135, 0.0903, 0.1227, 0.219, 0.2337, 0.1613, 0.165, 0.1643, 0.1657, 0.1737, 0.322, 0.2913, 0.24, 0.258, 0.378, 0.351, 0.4637, 0.3233, 0.347, 0.5557, 0.5363, 0.556, 0.4963, 0.473, 0.5737, 0.4863, 0.476, 0.4293, 0.4367, 0.4403, 0.3113, 0.405, 0.4893, 0.5977, 0.392, 0.408, 0.5907, 0.3997, 0.498, 0.489, 0.3857, 0.6517, 0.557, 0.5747, 0.419, 0.44, 0.5517, 0.6167, 0.5773, 0.5257, 0.4777, 0.507, 0.5753, 0.5183, 0.5673, 0.5637, 0.5807, 0.6287, 0.536, 0.6217, 0.5573, 0.5157, 0.5637, 0.623, 0.6153, 0.5893, 0.5723, 0.5907, 0.6573, 0.5743, 0.5473, 0.5387, 0.6127, 0.651, 0.6317, 0.569, 0.5317, 0.5727, 0.6267, 0.5527, 0.6397, 0.6543, 0.612, 0.577, 0.6573, 0.631, 0.6047, 0.6097, 0.5687, 0.502, 0.5887, 0.665, 0.6347, 0.5827, 0.566, 0.5977, 0.6237, 0.5497, 0.4913, 0.6113, 0.7247, 0.5953, 0.6557, 0.6477, 0.6217, 0.6133, 0.5703, 0.6287, 0.644, 0.696, 0.6437, 0.6537, 0.6487, 0.6083, 0.5803, 0.6533, 0.688, 0.6507, 0.6307, 0.636, 0.6167, 0.5827, 0.6263, 0.6657, 0.6387, 0.6867, 0.7243, 0.678, 0.6583, 0.6257, 0.604, 0.6793, 0.6493, 0.661, 0.654, 0.6587, 0.7067, 0.5963, 0.681, 0.6607, 0.6273, 0.659, 0.6957, 0.606, 0.6433, 0.663, 0.6477, 0.7183, 0.5577, 0.6903, 0.6187, 0.6483, 0.6993, 0.6993, 0.626, 0.678, 0.7507, 0.708, 0.66, 0.677, 0.753, 0.6457, 0.6963, 0.6617, 0.6717]
2026-08-19 17:29:23,773 - FINAL_SC_r200.log - INFO - === Head-Tail Evaluation ===
2026-08-19 17:29:23,773 - FINAL_SC_r200.log - INFO - Head Accuracy: 0.7389
2026-08-19 17:29:23,773 - FINAL_SC_r200.log - INFO - Tail Accuracy: 0.6717
2026-08-19 17:29:36,924 - FINAL_SC_r200.log - INFO - Round 191 S-diagnostic | score_mean 0.6792 | selected_tail_fraction 0.0242 | participation_range 58-86
2026-08-19 17:29:36,924 - FINAL_SC_r200.log - INFO - Round 191 selected clients: [0, 3, 4, 7, 12, 13, 17, 19]
2026-08-19 17:30:00,425 - FINAL_SC_r200.log - INFO - Round 191 | Global 0.7011 | Head 0.7230 | Tail 0.6500 | Many 0.7773 | Medium 0.6823 | Few 0.6500 | best_tail 0.7530@186 | rollback=False
2026-08-19 17:30:00,437 - FINAL_SC_r200.log - INFO - Round 192 S-diagnostic | score_mean 0.8289 | selected_tail_fraction 0.0385 | participation_range 58-87
2026-08-19 17:30:00,437 - FINAL_SC_r200.log - INFO - Round 192 selected clients: [1, 2, 6, 12, 14, 17, 18, 19]
2026-08-19 17:30:23,953 - FINAL_SC_r200.log - INFO - Round 192 | Global 0.7245 | Head 0.7173 | Tail 0.7413 | Many 0.7333 | Medium 0.7053 | Few 0.7413 | best_tail 0.7530@186 | rollback=False
2026-08-19 17:30:23,953 - FINAL_SC_r200.log - INFO - Round 193 S-diagnostic | score_mean 0.6262 | selected_tail_fraction 0.0218 | participation_range 59-87
2026-08-19 17:30:23,953 - FINAL_SC_r200.log - INFO - Round 193 selected clients: [0, 1, 5, 6, 8, 10, 11, 19]
2026-08-19 17:30:47,106 - FINAL_SC_r200.log - INFO - Round 193 | Global 0.7133 | Head 0.7170 | Tail 0.7047 | Many 0.7580 | Medium 0.6863 | Few 0.7047 | best_tail 0.7530@186 | rollback=False
2026-08-19 17:30:47,106 - FINAL_SC_r200.log - INFO - Round 194 S-diagnostic | score_mean 0.7749 | selected_tail_fraction 0.0308 | participation_range 59-87
2026-08-19 17:30:47,106 - FINAL_SC_r200.log - INFO - Round 194 selected clients: [2, 3, 9, 11, 14, 15, 18, 19]
2026-08-19 17:31:10,707 - FINAL_SC_r200.log - INFO - Round 194 | Global 0.7155 | Head 0.7050 | Tail 0.7400 | Many 0.7177 | Medium 0.6955 | Few 0.7400 | best_tail 0.7530@186 | rollback=False
2026-08-19 17:31:10,707 - FINAL_SC_r200.log - INFO - Round 195 S-diagnostic | score_mean 0.7041 | selected_tail_fraction 0.0205 | participation_range 60-88
2026-08-19 17:31:10,707 - FINAL_SC_r200.log - INFO - Round 195 selected clients: [1, 2, 4, 5, 7, 11, 15, 18]
2026-08-19 17:31:33,846 - FINAL_SC_r200.log - INFO - Round 195 | Global 0.7129 | Head 0.7223 | Tail 0.6910 | Many 0.7420 | Medium 0.7075 | Few 0.6910 | best_tail 0.7530@186 | rollback=False
2026-08-19 17:31:33,846 - FINAL_SC_r200.log - INFO - Round 196 S-diagnostic | score_mean 0.6300 | selected_tail_fraction 0.0202 | participation_range 60-88
2026-08-19 17:31:33,846 - FINAL_SC_r200.log - INFO - Round 196 selected clients: [0, 6, 8, 9, 10, 11, 12, 17]
2026-08-19 17:31:57,130 - FINAL_SC_r200.log - INFO - Round 196 | Global 0.7196 | Head 0.7331 | Tail 0.6880 | Many 0.7833 | Medium 0.6955 | Few 0.6880 | best_tail 0.7530@186 | rollback=False
2026-08-19 17:31:57,131 - FINAL_SC_r200.log - INFO - Round 197 S-diagnostic | score_mean 0.8027 | selected_tail_fraction 0.0445 | participation_range 60-88
2026-08-19 17:31:57,131 - FINAL_SC_r200.log - INFO - Round 197 selected clients: [2, 3, 4, 6, 7, 17, 18, 19]
2026-08-19 17:32:19,033 - FINAL_SC_r200.log - INFO - Round 197 | Global 0.7175 | Head 0.7053 | Tail 0.7460 | Many 0.7080 | Medium 0.7033 | Few 0.7460 | best_tail 0.7530@186 | rollback=False
2026-08-19 17:32:19,033 - FINAL_SC_r200.log - INFO - Round 198 S-diagnostic | score_mean 0.6254 | selected_tail_fraction 0.0232 | participation_range 61-89
2026-08-19 17:32:19,033 - FINAL_SC_r200.log - INFO - Round 198 selected clients: [4, 5, 6, 8, 10, 14, 15, 18]
2026-08-19 17:32:40,089 - FINAL_SC_r200.log - INFO - Round 198 | Global 0.7175 | Head 0.7271 | Tail 0.6950 | Many 0.7687 | Medium 0.6960 | Few 0.6950 | best_tail 0.7530@186 | rollback=False
2026-08-19 17:32:40,097 - FINAL_SC_r200.log - INFO - Round 199 S-diagnostic | score_mean 0.8084 | selected_tail_fraction 0.0296 | participation_range 62-90
2026-08-19 17:32:40,097 - FINAL_SC_r200.log - INFO - Round 199 selected clients: [1, 3, 5, 12, 14, 15, 18, 19]
2026-08-19 17:33:01,692 - FINAL_SC_r200.log - INFO - Round 199 | Global 0.7247 | Head 0.7169 | Tail 0.7430 | Many 0.7370 | Medium 0.7017 | Few 0.7430 | best_tail 0.7530@186 | rollback=False
2026-08-19 17:33:01,692 - FINAL_SC_r200.log - INFO - Round 200 S-diagnostic | score_mean 0.6690 | selected_tail_fraction 0.0260 | participation_range 62-91
2026-08-19 17:33:01,692 - FINAL_SC_r200.log - INFO - Round 200 selected clients: [3, 7, 12, 13, 14, 15, 17, 19]
2026-08-19 17:33:23,559 - FINAL_SC_r200.log - INFO - Round 200 | Global 0.7151 | Head 0.7279 | Tail 0.6853 | Many 0.7830 | Medium 0.6865 | Few 0.6853 | best_tail 0.7530@186 | rollback=False
2026-08-19 17:33:23,577 - FINAL_SC_r200.log - INFO - Global Accuracy: [0.1332, 0.2039, 0.2387, 0.29, 0.3201, 0.3382, 0.3669, 0.3733, 0.3661, 0.3459, 0.3881, 0.3504, 0.3848, 0.4173, 0.4273, 0.4481, 0.4247, 0.4187, 0.4349, 0.4499, 0.449, 0.4563, 0.4528, 0.4964, 0.4776, 0.4673, 0.4519, 0.4901, 0.507, 0.5203, 0.496, 0.4943, 0.4914, 0.5063, 0.4903, 0.5431, 0.5552, 0.5445, 0.5408, 0.5788, 0.571, 0.6106, 0.5711, 0.5781, 0.6236, 0.6235, 0.6003, 0.6267, 0.6194, 0.6455, 0.63, 0.6307, 0.6174, 0.6254, 0.6272, 0.581, 0.6175, 0.6375, 0.6624, 0.6028, 0.6189, 0.6505, 0.6193, 0.6474, 0.6427, 0.6212, 0.6786, 0.6602, 0.6533, 0.6194, 0.6325, 0.6629, 0.6838, 0.6762, 0.6561, 0.6394, 0.6466, 0.6643, 0.6522, 0.6532, 0.6736, 0.6804, 0.684, 0.6676, 0.6846, 0.6619, 0.6657, 0.6766, 0.6821, 0.6784, 0.6743, 0.6765, 0.678, 0.6983, 0.6799, 0.6685, 0.6714, 0.6909, 0.6961, 0.6939, 0.6786, 0.666, 0.6812, 0.6966, 0.6725, 0.6951, 0.6992, 0.6764, 0.6811, 0.6985, 0.6969, 0.6888, 0.6838, 0.6808, 0.6599, 0.6816, 0.7007, 0.6958, 0.6534, 0.68, 0.6907, 0.6992, 0.6783, 0.6554, 0.6915, 0.7022, 0.6907, 0.7065, 0.6975, 0.6919, 0.6967, 0.6799, 0.7002, 0.704, 0.71, 0.6989, 0.7011, 0.6971, 0.6971, 0.6918, 0.7013, 0.7006, 0.7008, 0.7, 0.6953, 0.6942, 0.6794, 0.6967, 0.7085, 0.7017, 0.7098, 0.7165, 0.7022, 0.6998, 0.7002, 0.6908, 0.7006, 0.7067, 0.7078, 0.6982, 0.7018, 0.7151, 0.6861, 0.7027, 0.6967, 0.6982, 0.7076, 0.7085, 0.6963, 0.699, 0.7068, 0.7068, 0.7137, 0.6729, 0.7133, 0.7016, 0.7045, 0.7117, 0.7165, 0.697, 0.7114, 0.7196, 0.7136, 0.712, 0.7078, 0.719, 0.7063, 0.7184, 0.7019, 0.7187, 0.7011, 0.7245, 0.7133, 0.7155, 0.7129, 0.7196, 0.7175, 0.7175, 0.7247, 0.7151]
2026-08-19 17:33:23,577 - FINAL_SC_r200.log - INFO - Majority Class Accuracy: [0.3747, 0.54, 0.613, 0.6967, 0.723, 0.6857, 0.6937, 0.751, 0.8, 0.7963, 0.811, 0.8387, 0.7583, 0.722, 0.713, 0.799, 0.8217, 0.8053, 0.7997, 0.733, 0.808, 0.7753, 0.7837, 0.733, 0.794, 0.82, 0.8047, 0.7873, 0.7423, 0.807, 0.82, 0.778, 0.8297, 0.817, 0.83, 0.8023, 0.7283, 0.7677, 0.7657, 0.808, 0.781, 0.7607, 0.8017, 0.8103, 0.7233, 0.691, 0.6183, 0.7737, 0.751, 0.737, 0.7633, 0.7877, 0.8003, 0.804, 0.786, 0.8237, 0.839, 0.7943, 0.7743, 0.8003, 0.8213, 0.782, 0.8203, 0.816, 0.7753, 0.8223, 0.7243, 0.7937, 0.7493, 0.8173, 0.8373, 0.7663, 0.772, 0.7753, 0.804, 0.7803, 0.795, 0.789, 0.7863, 0.7703, 0.785, 0.7933, 0.7543, 0.7943, 0.7653, 0.817, 0.804, 0.8093, 0.7733, 0.7517, 0.7603, 0.77, 0.777, 0.7807, 0.8017, 0.8, 0.8093, 0.767, 0.78, 0.7787, 0.784, 0.7977, 0.7933, 0.7913, 0.8133, 0.7893, 0.767, 0.7693, 0.7907, 0.76, 0.777, 0.8063, 0.759, 0.8173, 0.8243, 0.8033, 0.756, 0.7817, 0.7377, 0.8117, 0.803, 0.793, 0.8313, 0.837, 0.773, 0.7307, 0.804, 0.7807, 0.757, 0.7793, 0.7963, 0.8103, 0.784, 0.766, 0.7423, 0.7693, 0.766, 0.7677, 0.794, 0.803, 0.758, 0.7617, 0.7873, 0.784, 0.7517, 0.782, 0.803, 0.8003, 0.756, 0.7813, 0.7453, 0.7353, 0.7497, 0.7787, 0.786, 0.7963, 0.7427, 0.779, 0.78, 0.767, 0.761, 0.7643, 0.8073, 0.7577, 0.7753, 0.7833, 0.7713, 0.7467, 0.7987, 0.7933, 0.775, 0.786, 0.733, 0.8293, 0.776, 0.7953, 0.7713, 0.7503, 0.7783, 0.8, 0.7587, 0.7297, 0.7503, 0.7787, 0.7887, 0.71, 0.7807, 0.788, 0.7593, 0.7927, 0.7773, 0.7333, 0.758, 0.7177, 0.742, 0.7833, 0.708, 0.7687, 0.737, 0.783]
2026-08-19 17:33:23,577 - FINAL_SC_r200.log - INFO - Medium Class Accuracy: [0.052, 0.1047, 0.137, 0.2025, 0.258, 0.3312, 0.397, 0.3695, 0.3152, 0.2675, 0.3453, 0.2372, 0.3643, 0.4805, 0.492, 0.457, 0.3815, 0.4208, 0.4642, 0.5045, 0.4497, 0.5075, 0.4965, 0.5775, 0.4965, 0.452, 0.4585, 0.5427, 0.5465, 0.5202, 0.504, 0.5285, 0.483, 0.5288, 0.473, 0.5145, 0.6232, 0.6055, 0.5843, 0.5575, 0.5785, 0.6082, 0.584, 0.5773, 0.5998, 0.6382, 0.62, 0.6142, 0.6305, 0.6308, 0.6378, 0.629, 0.6212, 0.633, 0.6482, 0.6012, 0.6108, 0.631, 0.627, 0.6128, 0.6252, 0.5968, 0.6332, 0.633, 0.6585, 0.647, 0.6645, 0.6375, 0.6402, 0.6212, 0.6232, 0.6687, 0.668, 0.676, 0.643, 0.655, 0.64, 0.6375, 0.652, 0.6298, 0.6725, 0.6705, 0.6727, 0.6713, 0.6713, 0.624, 0.6745, 0.6617, 0.658, 0.6707, 0.6735, 0.6845, 0.6693, 0.6673, 0.6677, 0.6607, 0.6675, 0.6925, 0.667, 0.677, 0.6817, 0.668, 0.6785, 0.678, 0.6567, 0.666, 0.682, 0.655, 0.677, 0.6833, 0.6863, 0.6637, 0.683, 0.6625, 0.655, 0.66, 0.686, 0.6773, 0.6432, 0.6667, 0.6763, 0.6855, 0.66, 0.6422, 0.6905, 0.664, 0.6773, 0.689, 0.6903, 0.679, 0.6845, 0.6643, 0.691, 0.7025, 0.6963, 0.6875, 0.688, 0.6805, 0.691, 0.692, 0.6947, 0.6643, 0.6735, 0.689, 0.6975, 0.6865, 0.6593, 0.6717, 0.705, 0.6893, 0.7005, 0.6965, 0.6847, 0.6717, 0.6917, 0.6767, 0.685, 0.6955, 0.6887, 0.6797, 0.6897, 0.6845, 0.6625, 0.6777, 0.6647, 0.6875, 0.6963, 0.6895, 0.6873, 0.67, 0.6885, 0.6917, 0.6957, 0.642, 0.6835, 0.6935, 0.6965, 0.692, 0.683, 0.673, 0.701, 0.6887, 0.6903, 0.701, 0.6703, 0.7003, 0.696, 0.6827, 0.689, 0.6985, 0.6823, 0.7053, 0.6863, 0.6955, 0.7075, 0.6955, 0.7033, 0.696, 0.7017, 0.6865]
2026-08-19 17:33:23,584 - FINAL_SC_r200.log - INFO - Minority Class Accuracy: [0.0, 0.0, 0.0, 0.0, 0.0, 0.0, 0.0, 0.0007, 0.0, 0.0, 0.0223, 0.013, 0.0387, 0.0283, 0.0553, 0.0853, 0.0853, 0.0293, 0.031, 0.094, 0.089, 0.069, 0.0637, 0.1517, 0.136, 0.135, 0.0903, 0.1227, 0.219, 0.2337, 0.1613, 0.165, 0.1643, 0.1657, 0.1737, 0.322, 0.2913, 0.24, 0.258, 0.378, 0.351, 0.4637, 0.3233, 0.347, 0.5557, 0.5363, 0.556, 0.4963, 0.473, 0.5737, 0.4863, 0.476, 0.4293, 0.4367, 0.4403, 0.3113, 0.405, 0.4893, 0.5977, 0.392, 0.408, 0.5907, 0.3997, 0.498, 0.489, 0.3857, 0.6517, 0.557, 0.5747, 0.419, 0.44, 0.5517, 0.6167, 0.5773, 0.5257, 0.4777, 0.507, 0.5753, 0.5183, 0.5673, 0.5637, 0.5807, 0.6287, 0.536, 0.6217, 0.5573, 0.5157, 0.5637, 0.623, 0.6153, 0.5893, 0.5723, 0.5907, 0.6573, 0.5743, 0.5473, 0.5387, 0.6127, 0.651, 0.6317, 0.569, 0.5317, 0.5727, 0.6267, 0.5527, 0.6397, 0.6543, 0.612, 0.577, 0.6573, 0.631, 0.6047, 0.6097, 0.5687, 0.502, 0.5887, 0.665, 0.6347, 0.5827, 0.566, 0.5977, 0.6237, 0.5497, 0.4913, 0.6113, 0.7247, 0.5953, 0.6557, 0.6477, 0.6217, 0.6133, 0.5703, 0.6287, 0.644, 0.696, 0.6437, 0.6537, 0.6487, 0.6083, 0.5803, 0.6533, 0.688, 0.6507, 0.6307, 0.636, 0.6167, 0.5827, 0.6263, 0.6657, 0.6387, 0.6867, 0.7243, 0.678, 0.6583, 0.6257, 0.604, 0.6793, 0.6493, 0.661, 0.654, 0.6587, 0.7067, 0.5963, 0.681, 0.6607, 0.6273, 0.659, 0.6957, 0.606, 0.6433, 0.663, 0.6477, 0.7183, 0.5577, 0.6903, 0.6187, 0.6483, 0.6993, 0.6993, 0.626, 0.678, 0.7507, 0.708, 0.66, 0.677, 0.753, 0.6457, 0.6963, 0.6617, 0.6717, 0.65, 0.7413, 0.7047, 0.74, 0.691, 0.688, 0.746, 0.695, 0.743, 0.6853]
2026-08-19 17:33:23,584 - FINAL_SC_r200.log - INFO - === Head-Tail Evaluation ===
2026-08-19 17:33:23,584 - FINAL_SC_r200.log - INFO - Head Accuracy: 0.7279
2026-08-19 17:33:23,584 - FINAL_SC_r200.log - INFO - Tail Accuracy: 0.6853
2026-08-19 17:33:40,179 - FINAL_SC_r200.log - INFO - ========== FINISHED ==========
2026-08-19 17:33:40,179 - FINAL_SC_r200.log - INFO - Final Global: 0.7151
2026-08-19 17:33:40,179 - FINAL_SC_r200.log - INFO - Final Head: 0.7279
2026-08-19 17:33:40,179 - FINAL_SC_r200.log - INFO - Final Tail: 0.6853
2026-08-19 17:33:40,179 - FINAL_SC_r200.log - INFO - Best Tail: 0.7530 @ round 186
