2026-08-19 11:23:00,075 - FINAL_FedLF_r200.log - INFO - ========== THESIS FINAL FedLF S/C/A ABLATION ==========\nvariant=fedlf | S=OFF | C=OFF | A=OFF\nimb_factor:0.01, non_iid:0.5, rs_alpha:0.5\nlr_local_training:0.1 (fixed FedLF baseline LR)\nnum_rounds:200, local_epochs:10\nbatch_size_local_training:32\nnum_online_clients:8\nS semantic_epsilon:0.75\nC confidence_alpha:0.7, warmup:30\nA server_tail_agg_weight:1.5\nbaseline:AdaptiveLogit+LocalCenters+FedDecorr+FedAvg\nformal_protocol:no_test_rollback\n
2026-08-19 11:23:06,055 - FINAL_FedLF_r200.log - INFO - Global class counts: [5000, 2997, 1796, 1077, 645, 387, 232, 139, 83, 50]
2026-08-19 11:23:06,055 - FINAL_FedLF_r200.log - INFO - Tail classes (<200): [7, 8, 9]
2026-08-19 11:23:06,085 - FINAL_FedLF_r200.log - INFO - Round 1 selected clients: [0, 1, 3, 5, 8, 11, 15, 17]
2026-08-19 11:23:27,150 - FINAL_FedLF_r200.log - INFO - Round 1 | Global 0.1613 | Head 0.2304 | Tail 0.0000 | Many 0.5050 | Medium 0.0245 | Few 0.0000 | best_tail 0.0000@1 | rollback=False
2026-08-19 11:23:27,150 - FINAL_FedLF_r200.log - INFO - Round 2 selected clients: [4, 5, 7, 12, 14, 15, 16, 19]
2026-08-19 11:23:48,535 - FINAL_FedLF_r200.log - INFO - Round 2 | Global 0.2120 | Head 0.3029 | Tail 0.0000 | Many 0.6557 | Medium 0.0382 | Few 0.0000 | best_tail 0.0000@2 | rollback=False
2026-08-19 11:23:48,535 - FINAL_FedLF_r200.log - INFO - Round 3 selected clients: [0, 2, 5, 7, 10, 12, 16, 18]
2026-08-19 11:24:10,406 - FINAL_FedLF_r200.log - INFO - Round 3 | Global 0.2494 | Head 0.3563 | Tail 0.0000 | Many 0.7047 | Medium 0.0950 | Few 0.0000 | best_tail 0.0000@3 | rollback=False
2026-08-19 11:24:10,406 - FINAL_FedLF_r200.log - INFO - Round 4 selected clients: [0, 4, 6, 8, 9, 11, 17, 18]
2026-08-19 11:24:32,471 - FINAL_FedLF_r200.log - INFO - Round 4 | Global 0.2527 | Head 0.3610 | Tail 0.0000 | Many 0.7043 | Medium 0.1035 | Few 0.0000 | best_tail 0.0000@4 | rollback=False
2026-08-19 11:24:32,481 - FINAL_FedLF_r200.log - INFO - Round 5 selected clients: [0, 2, 5, 9, 10, 12, 16, 19]
2026-08-19 11:24:54,586 - FINAL_FedLF_r200.log - INFO - Round 5 | Global 0.2967 | Head 0.4239 | Tail 0.0000 | Many 0.7367 | Medium 0.1893 | Few 0.0000 | best_tail 0.0000@5 | rollback=False
2026-08-19 11:24:54,586 - FINAL_FedLF_r200.log - INFO - Round 6 selected clients: [1, 3, 4, 5, 9, 10, 15, 16]
2026-08-19 11:25:16,780 - FINAL_FedLF_r200.log - INFO - Round 6 | Global 0.3211 | Head 0.4587 | Tail 0.0000 | Many 0.7610 | Medium 0.2320 | Few 0.0000 | best_tail 0.0000@6 | rollback=False
2026-08-19 11:25:16,780 - FINAL_FedLF_r200.log - INFO - Round 7 selected clients: [2, 3, 5, 9, 10, 12, 13, 16]
2026-08-19 11:25:38,956 - FINAL_FedLF_r200.log - INFO - Round 7 | Global 0.3432 | Head 0.4903 | Tail 0.0000 | Many 0.7787 | Medium 0.2740 | Few 0.0000 | best_tail 0.0000@7 | rollback=False
2026-08-19 11:25:38,956 - FINAL_FedLF_r200.log - INFO - Round 8 selected clients: [1, 3, 5, 7, 11, 15, 17, 18]
2026-08-19 11:26:01,202 - FINAL_FedLF_r200.log - INFO - Round 8 | Global 0.3499 | Head 0.4999 | Tail 0.0000 | Many 0.7387 | Medium 0.3207 | Few 0.0000 | best_tail 0.0000@8 | rollback=False
2026-08-19 11:26:01,202 - FINAL_FedLF_r200.log - INFO - Round 9 selected clients: [0, 4, 7, 8, 9, 11, 13, 17]
2026-08-19 11:26:22,806 - FINAL_FedLF_r200.log - INFO - Round 9 | Global 0.3141 | Head 0.4487 | Tail 0.0000 | Many 0.6963 | Medium 0.2630 | Few 0.0000 | best_tail 0.0000@8 | rollback=False
2026-08-19 11:26:22,806 - FINAL_FedLF_r200.log - INFO - Round 10 selected clients: [1, 2, 4, 5, 7, 9, 15, 16]
2026-08-19 11:26:44,924 - FINAL_FedLF_r200.log - INFO - Round 10 | Global 0.3499 | Head 0.4999 | Tail 0.0000 | Many 0.7957 | Medium 0.2780 | Few 0.0000 | best_tail 0.0000@8 | rollback=False
2026-08-19 11:26:44,965 - FINAL_FedLF_r200.log - INFO - Global Accuracy: [0.1613, 0.212, 0.2494, 0.2527, 0.2967, 0.3211, 0.3432, 0.3499, 0.3141, 0.3499]
2026-08-19 11:26:44,965 - FINAL_FedLF_r200.log - INFO - Majority Class Accuracy: [0.505, 0.6557, 0.7047, 0.7043, 0.7367, 0.761, 0.7787, 0.7387, 0.6963, 0.7957]
2026-08-19 11:26:44,965 - FINAL_FedLF_r200.log - INFO - Medium Class Accuracy: [0.0245, 0.0382, 0.095, 0.1035, 0.1893, 0.232, 0.274, 0.3207, 0.263, 0.278]
2026-08-19 11:26:44,965 - FINAL_FedLF_r200.log - INFO - Minority Class Accuracy: [0.0, 0.0, 0.0, 0.0, 0.0, 0.0, 0.0, 0.0, 0.0, 0.0]
2026-08-19 11:26:44,965 - FINAL_FedLF_r200.log - INFO - === Head-Tail Evaluation ===
2026-08-19 11:26:44,965 - FINAL_FedLF_r200.log - INFO - Head Accuracy: 0.4999
2026-08-19 11:26:44,965 - FINAL_FedLF_r200.log - INFO - Tail Accuracy: 0.0000
2026-08-19 11:27:05,583 - FINAL_FedLF_r200.log - INFO - Round 11 selected clients: [1, 2, 4, 6, 12, 13, 16, 17]
2026-08-19 11:27:26,926 - FINAL_FedLF_r200.log - INFO - Round 11 | Global 0.3685 | Head 0.5263 | Tail 0.0003 | Many 0.8000 | Medium 0.3210 | Few 0.0003 | best_tail 0.0003@11 | rollback=False
2026-08-19 11:27:26,926 - FINAL_FedLF_r200.log - INFO - Round 12 selected clients: [3, 6, 8, 9, 11, 14, 17, 18]
2026-08-19 11:27:46,932 - FINAL_FedLF_r200.log - INFO - Round 12 | Global 0.3975 | Head 0.5567 | Tail 0.0260 | Many 0.7330 | Medium 0.4245 | Few 0.0260 | best_tail 0.0260@12 | rollback=False
2026-08-19 11:27:46,942 - FINAL_FedLF_r200.log - INFO - Round 13 selected clients: [2, 6, 8, 9, 12, 13, 14, 19]
2026-08-19 11:28:06,699 - FINAL_FedLF_r200.log - INFO - Round 13 | Global 0.4025 | Head 0.5639 | Tail 0.0260 | Many 0.7363 | Medium 0.4345 | Few 0.0260 | best_tail 0.0260@13 | rollback=False
2026-08-19 11:28:06,699 - FINAL_FedLF_r200.log - INFO - Round 14 selected clients: [1, 4, 5, 9, 10, 11, 12, 19]
2026-08-19 11:28:27,321 - FINAL_FedLF_r200.log - INFO - Round 14 | Global 0.3872 | Head 0.5469 | Tail 0.0147 | Many 0.7220 | Medium 0.4155 | Few 0.0147 | best_tail 0.0260@13 | rollback=False
2026-08-19 11:28:27,321 - FINAL_FedLF_r200.log - INFO - Round 15 selected clients: [4, 5, 7, 12, 13, 14, 16, 19]
2026-08-19 11:28:47,252 - FINAL_FedLF_r200.log - INFO - Round 15 | Global 0.4057 | Head 0.5719 | Tail 0.0180 | Many 0.7567 | Medium 0.4333 | Few 0.0180 | best_tail 0.0260@13 | rollback=False
2026-08-19 11:28:47,252 - FINAL_FedLF_r200.log - INFO - Round 16 selected clients: [1, 4, 6, 9, 11, 13, 14, 18]
2026-08-19 11:29:07,493 - FINAL_FedLF_r200.log - INFO - Round 16 | Global 0.4110 | Head 0.5779 | Tail 0.0217 | Many 0.7893 | Medium 0.4193 | Few 0.0217 | best_tail 0.0260@13 | rollback=False
2026-08-19 11:29:07,493 - FINAL_FedLF_r200.log - INFO - Round 17 selected clients: [4, 6, 7, 9, 11, 12, 14, 16]
2026-08-19 11:29:27,538 - FINAL_FedLF_r200.log - INFO - Round 17 | Global 0.4140 | Head 0.5849 | Tail 0.0153 | Many 0.7727 | Medium 0.4440 | Few 0.0153 | best_tail 0.0260@13 | rollback=False
2026-08-19 11:29:27,548 - FINAL_FedLF_r200.log - INFO - Round 18 selected clients: [1, 3, 4, 7, 8, 9, 12, 18]
2026-08-19 11:29:47,653 - FINAL_FedLF_r200.log - INFO - Round 18 | Global 0.4069 | Head 0.5799 | Tail 0.0033 | Many 0.7483 | Medium 0.4535 | Few 0.0033 | best_tail 0.0260@13 | rollback=False
2026-08-19 11:29:47,653 - FINAL_FedLF_r200.log - INFO - Round 19 selected clients: [1, 6, 7, 8, 9, 10, 11, 19]
2026-08-19 11:30:07,312 - FINAL_FedLF_r200.log - INFO - Round 19 | Global 0.4079 | Head 0.5721 | Tail 0.0247 | Many 0.7517 | Medium 0.4375 | Few 0.0247 | best_tail 0.0260@13 | rollback=False
2026-08-19 11:30:07,312 - FINAL_FedLF_r200.log - INFO - Round 20 selected clients: [3, 4, 6, 10, 11, 13, 14, 17]
2026-08-19 11:30:26,751 - FINAL_FedLF_r200.log - INFO - Round 20 | Global 0.4227 | Head 0.5854 | Tail 0.0430 | Many 0.8087 | Medium 0.4180 | Few 0.0430 | best_tail 0.0430@20 | rollback=False
2026-08-19 11:30:26,778 - FINAL_FedLF_r200.log - INFO - Global Accuracy: [0.1613, 0.212, 0.2494, 0.2527, 0.2967, 0.3211, 0.3432, 0.3499, 0.3141, 0.3499, 0.3685, 0.3975, 0.4025, 0.3872, 0.4057, 0.411, 0.414, 0.4069, 0.4079, 0.4227]
2026-08-19 11:30:26,778 - FINAL_FedLF_r200.log - INFO - Majority Class Accuracy: [0.505, 0.6557, 0.7047, 0.7043, 0.7367, 0.761, 0.7787, 0.7387, 0.6963, 0.7957, 0.8, 0.733, 0.7363, 0.722, 0.7567, 0.7893, 0.7727, 0.7483, 0.7517, 0.8087]
2026-08-19 11:30:26,778 - FINAL_FedLF_r200.log - INFO - Medium Class Accuracy: [0.0245, 0.0382, 0.095, 0.1035, 0.1893, 0.232, 0.274, 0.3207, 0.263, 0.278, 0.321, 0.4245, 0.4345, 0.4155, 0.4333, 0.4193, 0.444, 0.4535, 0.4375, 0.418]
2026-08-19 11:30:26,778 - FINAL_FedLF_r200.log - INFO - Minority Class Accuracy: [0.0, 0.0, 0.0, 0.0, 0.0, 0.0, 0.0, 0.0, 0.0, 0.0, 0.0003, 0.026, 0.026, 0.0147, 0.018, 0.0217, 0.0153, 0.0033, 0.0247, 0.043]
2026-08-19 11:30:26,778 - FINAL_FedLF_r200.log - INFO - === Head-Tail Evaluation ===
2026-08-19 11:30:26,778 - FINAL_FedLF_r200.log - INFO - Head Accuracy: 0.5854
2026-08-19 11:30:26,785 - FINAL_FedLF_r200.log - INFO - Tail Accuracy: 0.0430
2026-08-19 11:30:40,008 - FINAL_FedLF_r200.log - INFO - Round 21 selected clients: [3, 4, 13, 14, 15, 17, 18, 19]
2026-08-19 11:31:00,252 - FINAL_FedLF_r200.log - INFO - Round 21 | Global 0.4298 | Head 0.5847 | Tail 0.0683 | Many 0.7357 | Medium 0.4715 | Few 0.0683 | best_tail 0.0683@21 | rollback=False
2026-08-19 11:31:00,252 - FINAL_FedLF_r200.log - INFO - Round 22 selected clients: [4, 5, 8, 10, 16, 17, 18, 19]
2026-08-19 11:31:19,964 - FINAL_FedLF_r200.log - INFO - Round 22 | Global 0.4800 | Head 0.6137 | Tail 0.1680 | Many 0.7717 | Medium 0.4953 | Few 0.1680 | best_tail 0.1680@22 | rollback=False
2026-08-19 11:31:19,964 - FINAL_FedLF_r200.log - INFO - Round 23 selected clients: [1, 2, 3, 6, 8, 13, 15, 19]
2026-08-19 11:31:39,864 - FINAL_FedLF_r200.log - INFO - Round 23 | Global 0.4877 | Head 0.6296 | Tail 0.1567 | Many 0.7833 | Medium 0.5142 | Few 0.1567 | best_tail 0.1680@22 | rollback=False
2026-08-19 11:31:39,864 - FINAL_FedLF_r200.log - INFO - Round 24 selected clients: [3, 4, 5, 8, 10, 13, 14, 17]
2026-08-19 11:32:01,109 - FINAL_FedLF_r200.log - INFO - Round 24 | Global 0.4721 | Head 0.6244 | Tail 0.1167 | Many 0.7947 | Medium 0.4968 | Few 0.1167 | best_tail 0.1680@22 | rollback=False
2026-08-19 11:32:01,119 - FINAL_FedLF_r200.log - INFO - Round 25 selected clients: [2, 3, 6, 9, 10, 12, 15, 18]
2026-08-19 11:32:23,521 - FINAL_FedLF_r200.log - INFO - Round 25 | Global 0.5093 | Head 0.6409 | Tail 0.2023 | Many 0.7737 | Medium 0.5413 | Few 0.2023 | best_tail 0.2023@25 | rollback=False
2026-08-19 11:32:23,521 - FINAL_FedLF_r200.log - INFO - Round 26 selected clients: [1, 2, 5, 6, 7, 8, 12, 16]
2026-08-19 11:32:44,874 - FINAL_FedLF_r200.log - INFO - Round 26 | Global 0.5037 | Head 0.6269 | Tail 0.2163 | Many 0.8190 | Medium 0.4828 | Few 0.2163 | best_tail 0.2163@26 | rollback=False
2026-08-19 11:32:44,874 - FINAL_FedLF_r200.log - INFO - Round 27 selected clients: [5, 6, 8, 10, 12, 13, 14, 17]
2026-08-19 11:33:06,335 - FINAL_FedLF_r200.log - INFO - Round 27 | Global 0.4801 | Head 0.6176 | Tail 0.1593 | Many 0.7380 | Medium 0.5272 | Few 0.1593 | best_tail 0.2163@26 | rollback=False
2026-08-19 11:33:06,335 - FINAL_FedLF_r200.log - INFO - Round 28 selected clients: [1, 3, 5, 6, 7, 8, 14, 19]
2026-08-19 11:33:27,766 - FINAL_FedLF_r200.log - INFO - Round 28 | Global 0.5015 | Head 0.6140 | Tail 0.2390 | Many 0.7413 | Medium 0.5185 | Few 0.2390 | best_tail 0.2390@28 | rollback=False
2026-08-19 11:33:27,766 - FINAL_FedLF_r200.log - INFO - Round 29 selected clients: [3, 4, 5, 8, 12, 14, 15, 16]
2026-08-19 11:33:49,481 - FINAL_FedLF_r200.log - INFO - Round 29 | Global 0.4829 | Head 0.6521 | Tail 0.0880 | Many 0.7887 | Medium 0.5497 | Few 0.0880 | best_tail 0.2390@28 | rollback=False
2026-08-19 11:33:49,481 - FINAL_FedLF_r200.log - INFO - Round 30 selected clients: [5, 6, 11, 13, 14, 15, 16, 19]
2026-08-19 11:34:10,985 - FINAL_FedLF_r200.log - INFO - Round 30 | Global 0.4880 | Head 0.6341 | Tail 0.1470 | Many 0.8310 | Medium 0.4865 | Few 0.1470 | best_tail 0.2390@28 | rollback=False
2026-08-19 11:34:11,012 - FINAL_FedLF_r200.log - INFO - Global Accuracy: [0.1613, 0.212, 0.2494, 0.2527, 0.2967, 0.3211, 0.3432, 0.3499, 0.3141, 0.3499, 0.3685, 0.3975, 0.4025, 0.3872, 0.4057, 0.411, 0.414, 0.4069, 0.4079, 0.4227, 0.4298, 0.48, 0.4877, 0.4721, 0.5093, 0.5037, 0.4801, 0.5015, 0.4829, 0.488]
2026-08-19 11:34:11,012 - FINAL_FedLF_r200.log - INFO - Majority Class Accuracy: [0.505, 0.6557, 0.7047, 0.7043, 0.7367, 0.761, 0.7787, 0.7387, 0.6963, 0.7957, 0.8, 0.733, 0.7363, 0.722, 0.7567, 0.7893, 0.7727, 0.7483, 0.7517, 0.8087, 0.7357, 0.7717, 0.7833, 0.7947, 0.7737, 0.819, 0.738, 0.7413, 0.7887, 0.831]
2026-08-19 11:34:11,012 - FINAL_FedLF_r200.log - INFO - Medium Class Accuracy: [0.0245, 0.0382, 0.095, 0.1035, 0.1893, 0.232, 0.274, 0.3207, 0.263, 0.278, 0.321, 0.4245, 0.4345, 0.4155, 0.4333, 0.4193, 0.444, 0.4535, 0.4375, 0.418, 0.4715, 0.4953, 0.5142, 0.4968, 0.5413, 0.4828, 0.5272, 0.5185, 0.5497, 0.4865]
2026-08-19 11:34:11,012 - FINAL_FedLF_r200.log - INFO - Minority Class Accuracy: [0.0, 0.0, 0.0, 0.0, 0.0, 0.0, 0.0, 0.0, 0.0, 0.0, 0.0003, 0.026, 0.026, 0.0147, 0.018, 0.0217, 0.0153, 0.0033, 0.0247, 0.043, 0.0683, 0.168, 0.1567, 0.1167, 0.2023, 0.2163, 0.1593, 0.239, 0.088, 0.147]
2026-08-19 11:34:11,012 - FINAL_FedLF_r200.log - INFO - === Head-Tail Evaluation ===
2026-08-19 11:34:11,012 - FINAL_FedLF_r200.log - INFO - Head Accuracy: 0.6341
2026-08-19 11:34:11,013 - FINAL_FedLF_r200.log - INFO - Tail Accuracy: 0.1470
2026-08-19 11:34:24,287 - FINAL_FedLF_r200.log - INFO - Round 31 selected clients: [1, 4, 6, 7, 9, 11, 14, 19]
2026-08-19 11:34:46,474 - FINAL_FedLF_r200.log - INFO - Round 31 | Global 0.4927 | Head 0.6410 | Tail 0.1467 | Many 0.7967 | Medium 0.5242 | Few 0.1467 | best_tail 0.2390@28 | rollback=False
2026-08-19 11:34:46,474 - FINAL_FedLF_r200.log - INFO - Round 32 selected clients: [0, 1, 5, 6, 7, 9, 12, 19]
2026-08-19 11:35:08,172 - FINAL_FedLF_r200.log - INFO - Round 32 | Global 0.5214 | Head 0.6340 | Tail 0.2587 | Many 0.8010 | Medium 0.5088 | Few 0.2587 | best_tail 0.2587@32 | rollback=False
2026-08-19 11:35:08,172 - FINAL_FedLF_r200.log - INFO - Round 33 selected clients: [3, 5, 7, 11, 14, 15, 16, 17]
2026-08-19 11:35:30,032 - FINAL_FedLF_r200.log - INFO - Round 33 | Global 0.5219 | Head 0.6581 | Tail 0.2040 | Many 0.7960 | Medium 0.5547 | Few 0.2040 | best_tail 0.2587@32 | rollback=False
2026-08-19 11:35:30,034 - FINAL_FedLF_r200.log - INFO - Round 34 selected clients: [6, 8, 9, 10, 13, 14, 16, 18]
2026-08-19 11:35:51,342 - FINAL_FedLF_r200.log - INFO - Round 34 | Global 0.5372 | Head 0.6674 | Tail 0.2333 | Many 0.7853 | Medium 0.5790 | Few 0.2333 | best_tail 0.2587@32 | rollback=False
2026-08-19 11:35:51,342 - FINAL_FedLF_r200.log - INFO - Round 35 selected clients: [0, 4, 5, 8, 10, 12, 13, 19]
2026-08-19 11:36:12,877 - FINAL_FedLF_r200.log - INFO - Round 35 | Global 0.5008 | Head 0.6550 | Tail 0.1410 | Many 0.8180 | Medium 0.5327 | Few 0.1410 | best_tail 0.2587@32 | rollback=False
2026-08-19 11:36:12,877 - FINAL_FedLF_r200.log - INFO - Round 36 selected clients: [1, 2, 3, 6, 7, 8, 10, 18]
2026-08-19 11:36:33,762 - FINAL_FedLF_r200.log - INFO - Round 36 | Global 0.5435 | Head 0.6509 | Tail 0.2930 | Many 0.7807 | Medium 0.5535 | Few 0.2930 | best_tail 0.2930@36 | rollback=False
2026-08-19 11:36:33,762 - FINAL_FedLF_r200.log - INFO - Round 37 selected clients: [1, 3, 7, 9, 10, 11, 15, 17]
2026-08-19 11:36:53,267 - FINAL_FedLF_r200.log - INFO - Round 37 | Global 0.5417 | Head 0.6627 | Tail 0.2593 | Many 0.8060 | Medium 0.5553 | Few 0.2593 | best_tail 0.2930@36 | rollback=False
2026-08-19 11:36:53,267 - FINAL_FedLF_r200.log - INFO - Round 38 selected clients: [1, 2, 6, 9, 12, 13, 14, 18]
2026-08-19 11:37:13,062 - FINAL_FedLF_r200.log - INFO - Round 38 | Global 0.5616 | Head 0.6666 | Tail 0.3167 | Many 0.7910 | Medium 0.5733 | Few 0.3167 | best_tail 0.3167@38 | rollback=False
2026-08-19 11:37:13,063 - FINAL_FedLF_r200.log - INFO - Round 39 selected clients: [0, 2, 3, 11, 12, 13, 15, 19]
2026-08-19 11:37:32,919 - FINAL_FedLF_r200.log - INFO - Round 39 | Global 0.5519 | Head 0.6680 | Tail 0.2810 | Many 0.7617 | Medium 0.5978 | Few 0.2810 | best_tail 0.3167@38 | rollback=False
2026-08-19 11:37:32,919 - FINAL_FedLF_r200.log - INFO - Round 40 selected clients: [3, 7, 9, 11, 13, 14, 15, 19]
2026-08-19 11:37:52,656 - FINAL_FedLF_r200.log - INFO - Round 40 | Global 0.5619 | Head 0.6797 | Tail 0.2870 | Many 0.7973 | Medium 0.5915 | Few 0.2870 | best_tail 0.3167@38 | rollback=False
2026-08-19 11:37:52,683 - FINAL_FedLF_r200.log - INFO - Global Accuracy: [0.1613, 0.212, 0.2494, 0.2527, 0.2967, 0.3211, 0.3432, 0.3499, 0.3141, 0.3499, 0.3685, 0.3975, 0.4025, 0.3872, 0.4057, 0.411, 0.414, 0.4069, 0.4079, 0.4227, 0.4298, 0.48, 0.4877, 0.4721, 0.5093, 0.5037, 0.4801, 0.5015, 0.4829, 0.488, 0.4927, 0.5214, 0.5219, 0.5372, 0.5008, 0.5435, 0.5417, 0.5616, 0.5519, 0.5619]
2026-08-19 11:37:52,683 - FINAL_FedLF_r200.log - INFO - Majority Class Accuracy: [0.505, 0.6557, 0.7047, 0.7043, 0.7367, 0.761, 0.7787, 0.7387, 0.6963, 0.7957, 0.8, 0.733, 0.7363, 0.722, 0.7567, 0.7893, 0.7727, 0.7483, 0.7517, 0.8087, 0.7357, 0.7717, 0.7833, 0.7947, 0.7737, 0.819, 0.738, 0.7413, 0.7887, 0.831, 0.7967, 0.801, 0.796, 0.7853, 0.818, 0.7807, 0.806, 0.791, 0.7617, 0.7973]
2026-08-19 11:37:52,683 - FINAL_FedLF_r200.log - INFO - Medium Class Accuracy: [0.0245, 0.0382, 0.095, 0.1035, 0.1893, 0.232, 0.274, 0.3207, 0.263, 0.278, 0.321, 0.4245, 0.4345, 0.4155, 0.4333, 0.4193, 0.444, 0.4535, 0.4375, 0.418, 0.4715, 0.4953, 0.5142, 0.4968, 0.5413, 0.4828, 0.5272, 0.5185, 0.5497, 0.4865, 0.5242, 0.5088, 0.5547, 0.579, 0.5327, 0.5535, 0.5553, 0.5733, 0.5978, 0.5915]
2026-08-19 11:37:52,683 - FINAL_FedLF_r200.log - INFO - Minority Class Accuracy: [0.0, 0.0, 0.0, 0.0, 0.0, 0.0, 0.0, 0.0, 0.0, 0.0, 0.0003, 0.026, 0.026, 0.0147, 0.018, 0.0217, 0.0153, 0.0033, 0.0247, 0.043, 0.0683, 0.168, 0.1567, 0.1167, 0.2023, 0.2163, 0.1593, 0.239, 0.088, 0.147, 0.1467, 0.2587, 0.204, 0.2333, 0.141, 0.293, 0.2593, 0.3167, 0.281, 0.287]
2026-08-19 11:37:52,683 - FINAL_FedLF_r200.log - INFO - === Head-Tail Evaluation ===
2026-08-19 11:37:52,683 - FINAL_FedLF_r200.log - INFO - Head Accuracy: 0.6797
2026-08-19 11:37:52,683 - FINAL_FedLF_r200.log - INFO - Tail Accuracy: 0.2870
2026-08-19 11:38:06,138 - FINAL_FedLF_r200.log - INFO - Round 41 selected clients: [1, 5, 6, 7, 10, 11, 14, 15]
2026-08-19 11:38:26,121 - FINAL_FedLF_r200.log - INFO - Round 41 | Global 0.5451 | Head 0.6650 | Tail 0.2653 | Many 0.7487 | Medium 0.6022 | Few 0.2653 | best_tail 0.3167@38 | rollback=False
2026-08-19 11:38:26,121 - FINAL_FedLF_r200.log - INFO - Round 42 selected clients: [1, 3, 7, 9, 12, 14, 15, 19]
2026-08-19 11:38:46,122 - FINAL_FedLF_r200.log - INFO - Round 42 | Global 0.5668 | Head 0.6813 | Tail 0.2997 | Many 0.7920 | Medium 0.5982 | Few 0.2997 | best_tail 0.3167@38 | rollback=False
2026-08-19 11:38:46,122 - FINAL_FedLF_r200.log - INFO - Round 43 selected clients: [0, 4, 6, 7, 9, 11, 12, 14]
2026-08-19 11:39:05,945 - FINAL_FedLF_r200.log - INFO - Round 43 | Global 0.5328 | Head 0.6891 | Tail 0.1680 | Many 0.7997 | Medium 0.6062 | Few 0.1680 | best_tail 0.3167@38 | rollback=False
2026-08-19 11:39:05,945 - FINAL_FedLF_r200.log - INFO - Round 44 selected clients: [2, 6, 8, 10, 12, 13, 15, 17]
2026-08-19 11:39:25,806 - FINAL_FedLF_r200.log - INFO - Round 44 | Global 0.5379 | Head 0.6714 | Tail 0.2263 | Many 0.7193 | Medium 0.6355 | Few 0.2263 | best_tail 0.3167@38 | rollback=False
2026-08-19 11:39:25,806 - FINAL_FedLF_r200.log - INFO - Round 45 selected clients: [0, 1, 4, 5, 6, 11, 12, 17]
2026-08-19 11:39:46,068 - FINAL_FedLF_r200.log - INFO - Round 45 | Global 0.5360 | Head 0.6640 | Tail 0.2373 | Many 0.7557 | Medium 0.5952 | Few 0.2373 | best_tail 0.3167@38 | rollback=False
2026-08-19 11:39:46,068 - FINAL_FedLF_r200.log - INFO - Round 46 selected clients: [2, 3, 6, 7, 10, 12, 14, 16]
2026-08-19 11:40:05,871 - FINAL_FedLF_r200.log - INFO - Round 46 | Global 0.5769 | Head 0.6864 | Tail 0.3213 | Many 0.7673 | Medium 0.6258 | Few 0.3213 | best_tail 0.3213@46 | rollback=False
2026-08-19 11:40:05,871 - FINAL_FedLF_r200.log - INFO - Round 47 selected clients: [1, 4, 8, 10, 11, 13, 15, 18]
2026-08-19 11:40:25,390 - FINAL_FedLF_r200.log - INFO - Round 47 | Global 0.5397 | Head 0.6794 | Tail 0.2137 | Many 0.7943 | Medium 0.5933 | Few 0.2137 | best_tail 0.3213@46 | rollback=False
2026-08-19 11:40:25,390 - FINAL_FedLF_r200.log - INFO - Round 48 selected clients: [0, 3, 4, 6, 7, 8, 16, 17]
2026-08-19 11:40:45,064 - FINAL_FedLF_r200.log - INFO - Round 48 | Global 0.5624 | Head 0.6771 | Tail 0.2947 | Many 0.7977 | Medium 0.5867 | Few 0.2947 | best_tail 0.3213@46 | rollback=False
2026-08-19 11:40:45,065 - FINAL_FedLF_r200.log - INFO - Round 49 selected clients: [0, 4, 5, 7, 10, 15, 17, 18]
2026-08-19 11:41:05,766 - FINAL_FedLF_r200.log - INFO - Round 49 | Global 0.5570 | Head 0.6866 | Tail 0.2547 | Many 0.7837 | Medium 0.6138 | Few 0.2547 | best_tail 0.3213@46 | rollback=False
2026-08-19 11:41:05,766 - FINAL_FedLF_r200.log - INFO - Round 50 selected clients: [0, 2, 6, 11, 12, 13, 14, 17]
2026-08-19 11:41:27,951 - FINAL_FedLF_r200.log - INFO - Round 50 | Global 0.5696 | Head 0.6899 | Tail 0.2890 | Many 0.7827 | Medium 0.6202 | Few 0.2890 | best_tail 0.3213@46 | rollback=False
2026-08-19 11:41:27,979 - FINAL_FedLF_r200.log - INFO - Global Accuracy: [0.1613, 0.212, 0.2494, 0.2527, 0.2967, 0.3211, 0.3432, 0.3499, 0.3141, 0.3499, 0.3685, 0.3975, 0.4025, 0.3872, 0.4057, 0.411, 0.414, 0.4069, 0.4079, 0.4227, 0.4298, 0.48, 0.4877, 0.4721, 0.5093, 0.5037, 0.4801, 0.5015, 0.4829, 0.488, 0.4927, 0.5214, 0.5219, 0.5372, 0.5008, 0.5435, 0.5417, 0.5616, 0.5519, 0.5619, 0.5451, 0.5668, 0.5328, 0.5379, 0.536, 0.5769, 0.5397, 0.5624, 0.557, 0.5696]
2026-08-19 11:41:27,979 - FINAL_FedLF_r200.log - INFO - Majority Class Accuracy: [0.505, 0.6557, 0.7047, 0.7043, 0.7367, 0.761, 0.7787, 0.7387, 0.6963, 0.7957, 0.8, 0.733, 0.7363, 0.722, 0.7567, 0.7893, 0.7727, 0.7483, 0.7517, 0.8087, 0.7357, 0.7717, 0.7833, 0.7947, 0.7737, 0.819, 0.738, 0.7413, 0.7887, 0.831, 0.7967, 0.801, 0.796, 0.7853, 0.818, 0.7807, 0.806, 0.791, 0.7617, 0.7973, 0.7487, 0.792, 0.7997, 0.7193, 0.7557, 0.7673, 0.7943, 0.7977, 0.7837, 0.7827]
2026-08-19 11:41:27,979 - FINAL_FedLF_r200.log - INFO - Medium Class Accuracy: [0.0245, 0.0382, 0.095, 0.1035, 0.1893, 0.232, 0.274, 0.3207, 0.263, 0.278, 0.321, 0.4245, 0.4345, 0.4155, 0.4333, 0.4193, 0.444, 0.4535, 0.4375, 0.418, 0.4715, 0.4953, 0.5142, 0.4968, 0.5413, 0.4828, 0.5272, 0.5185, 0.5497, 0.4865, 0.5242, 0.5088, 0.5547, 0.579, 0.5327, 0.5535, 0.5553, 0.5733, 0.5978, 0.5915, 0.6022, 0.5982, 0.6062, 0.6355, 0.5952, 0.6258, 0.5933, 0.5867, 0.6138, 0.6202]
2026-08-19 11:41:27,979 - FINAL_FedLF_r200.log - INFO - Minority Class Accuracy: [0.0, 0.0, 0.0, 0.0, 0.0, 0.0, 0.0, 0.0, 0.0, 0.0, 0.0003, 0.026, 0.026, 0.0147, 0.018, 0.0217, 0.0153, 0.0033, 0.0247, 0.043, 0.0683, 0.168, 0.1567, 0.1167, 0.2023, 0.2163, 0.1593, 0.239, 0.088, 0.147, 0.1467, 0.2587, 0.204, 0.2333, 0.141, 0.293, 0.2593, 0.3167, 0.281, 0.287, 0.2653, 0.2997, 0.168, 0.2263, 0.2373, 0.3213, 0.2137, 0.2947, 0.2547, 0.289]
2026-08-19 11:41:27,979 - FINAL_FedLF_r200.log - INFO - === Head-Tail Evaluation ===
2026-08-19 11:41:27,979 - FINAL_FedLF_r200.log - INFO - Head Accuracy: 0.6899
2026-08-19 11:41:27,979 - FINAL_FedLF_r200.log - INFO - Tail Accuracy: 0.2890
2026-08-19 11:41:41,076 - FINAL_FedLF_r200.log - INFO - Round 51 selected clients: [0, 1, 9, 11, 13, 16, 17, 19]
2026-08-19 11:42:03,495 - FINAL_FedLF_r200.log - INFO - Round 51 | Global 0.5738 | Head 0.6821 | Tail 0.3210 | Many 0.8183 | Medium 0.5800 | Few 0.3210 | best_tail 0.3213@46 | rollback=False
2026-08-19 11:42:03,495 - FINAL_FedLF_r200.log - INFO - Round 52 selected clients: [0, 3, 6, 8, 12, 15, 17, 19]
2026-08-19 11:42:25,918 - FINAL_FedLF_r200.log - INFO - Round 52 | Global 0.6121 | Head 0.6701 | Tail 0.4767 | Many 0.7603 | Medium 0.6025 | Few 0.4767 | best_tail 0.4767@52 | rollback=False
2026-08-19 11:42:25,918 - FINAL_FedLF_r200.log - INFO - Round 53 selected clients: [1, 6, 7, 8, 9, 11, 12, 15]
2026-08-19 11:42:47,901 - FINAL_FedLF_r200.log - INFO - Round 53 | Global 0.5936 | Head 0.6780 | Tail 0.3967 | Many 0.7870 | Medium 0.5962 | Few 0.3967 | best_tail 0.4767@52 | rollback=False
2026-08-19 11:42:47,901 - FINAL_FedLF_r200.log - INFO - Round 54 selected clients: [3, 9, 11, 12, 13, 14, 16, 18]
2026-08-19 11:43:10,111 - FINAL_FedLF_r200.log - INFO - Round 54 | Global 0.5886 | Head 0.7014 | Tail 0.3253 | Many 0.8120 | Medium 0.6185 | Few 0.3253 | best_tail 0.4767@52 | rollback=False
2026-08-19 11:43:10,111 - FINAL_FedLF_r200.log - INFO - Round 55 selected clients: [3, 6, 9, 13, 14, 16, 17, 19]
2026-08-19 11:43:32,575 - FINAL_FedLF_r200.log - INFO - Round 55 | Global 0.6181 | Head 0.6813 | Tail 0.4707 | Many 0.7280 | Medium 0.6462 | Few 0.4707 | best_tail 0.4767@52 | rollback=False
2026-08-19 11:43:32,585 - FINAL_FedLF_r200.log - INFO - Round 56 selected clients: [0, 4, 5, 10, 14, 15, 17, 19]
2026-08-19 11:43:54,742 - FINAL_FedLF_r200.log - INFO - Round 56 | Global 0.6014 | Head 0.6904 | Tail 0.3937 | Many 0.7610 | Medium 0.6375 | Few 0.3937 | best_tail 0.4767@52 | rollback=False
2026-08-19 11:43:54,742 - FINAL_FedLF_r200.log - INFO - Round 57 selected clients: [0, 3, 4, 8, 9, 10, 15, 18]
2026-08-19 11:44:17,170 - FINAL_FedLF_r200.log - INFO - Round 57 | Global 0.6100 | Head 0.6750 | Tail 0.4583 | Many 0.7400 | Medium 0.6262 | Few 0.4583 | best_tail 0.4767@52 | rollback=False
2026-08-19 11:44:17,170 - FINAL_FedLF_r200.log - INFO - Round 58 selected clients: [2, 7, 8, 11, 12, 13, 14, 15]
2026-08-19 11:44:39,076 - FINAL_FedLF_r200.log - INFO - Round 58 | Global 0.5867 | Head 0.7104 | Tail 0.2980 | Many 0.7927 | Medium 0.6488 | Few 0.2980 | best_tail 0.4767@52 | rollback=False
2026-08-19 11:44:39,076 - FINAL_FedLF_r200.log - INFO - Round 59 selected clients: [0, 5, 6, 8, 13, 15, 16, 17]
2026-08-19 11:45:00,824 - FINAL_FedLF_r200.log - INFO - Round 59 | Global 0.6075 | Head 0.6991 | Tail 0.3937 | Many 0.7940 | Medium 0.6280 | Few 0.3937 | best_tail 0.4767@52 | rollback=False
2026-08-19 11:45:00,824 - FINAL_FedLF_r200.log - INFO - Round 60 selected clients: [0, 2, 3, 4, 8, 11, 13, 15]
2026-08-19 11:45:22,546 - FINAL_FedLF_r200.log - INFO - Round 60 | Global 0.5938 | Head 0.7107 | Tail 0.3210 | Many 0.8057 | Medium 0.6395 | Few 0.3210 | best_tail 0.4767@52 | rollback=False
2026-08-19 11:45:22,570 - FINAL_FedLF_r200.log - INFO - Global Accuracy: [0.1613, 0.212, 0.2494, 0.2527, 0.2967, 0.3211, 0.3432, 0.3499, 0.3141, 0.3499, 0.3685, 0.3975, 0.4025, 0.3872, 0.4057, 0.411, 0.414, 0.4069, 0.4079, 0.4227, 0.4298, 0.48, 0.4877, 0.4721, 0.5093, 0.5037, 0.4801, 0.5015, 0.4829, 0.488, 0.4927, 0.5214, 0.5219, 0.5372, 0.5008, 0.5435, 0.5417, 0.5616, 0.5519, 0.5619, 0.5451, 0.5668, 0.5328, 0.5379, 0.536, 0.5769, 0.5397, 0.5624, 0.557, 0.5696, 0.5738, 0.6121, 0.5936, 0.5886, 0.6181, 0.6014, 0.61, 0.5867, 0.6075, 0.5938]
2026-08-19 11:45:22,570 - FINAL_FedLF_r200.log - INFO - Majority Class Accuracy: [0.505, 0.6557, 0.7047, 0.7043, 0.7367, 0.761, 0.7787, 0.7387, 0.6963, 0.7957, 0.8, 0.733, 0.7363, 0.722, 0.7567, 0.7893, 0.7727, 0.7483, 0.7517, 0.8087, 0.7357, 0.7717, 0.7833, 0.7947, 0.7737, 0.819, 0.738, 0.7413, 0.7887, 0.831, 0.7967, 0.801, 0.796, 0.7853, 0.818, 0.7807, 0.806, 0.791, 0.7617, 0.7973, 0.7487, 0.792, 0.7997, 0.7193, 0.7557, 0.7673, 0.7943, 0.7977, 0.7837, 0.7827, 0.8183, 0.7603, 0.787, 0.812, 0.728, 0.761, 0.74, 0.7927, 0.794, 0.8057]
2026-08-19 11:45:22,570 - FINAL_FedLF_r200.log - INFO - Medium Class Accuracy: [0.0245, 0.0382, 0.095, 0.1035, 0.1893, 0.232, 0.274, 0.3207, 0.263, 0.278, 0.321, 0.4245, 0.4345, 0.4155, 0.4333, 0.4193, 0.444, 0.4535, 0.4375, 0.418, 0.4715, 0.4953, 0.5142, 0.4968, 0.5413, 0.4828, 0.5272, 0.5185, 0.5497, 0.4865, 0.5242, 0.5088, 0.5547, 0.579, 0.5327, 0.5535, 0.5553, 0.5733, 0.5978, 0.5915, 0.6022, 0.5982, 0.6062, 0.6355, 0.5952, 0.6258, 0.5933, 0.5867, 0.6138, 0.6202, 0.58, 0.6025, 0.5962, 0.6185, 0.6462, 0.6375, 0.6262, 0.6488, 0.628, 0.6395]
2026-08-19 11:45:22,571 - FINAL_FedLF_r200.log - INFO - Minority Class Accuracy: [0.0, 0.0, 0.0, 0.0, 0.0, 0.0, 0.0, 0.0, 0.0, 0.0, 0.0003, 0.026, 0.026, 0.0147, 0.018, 0.0217, 0.0153, 0.0033, 0.0247, 0.043, 0.0683, 0.168, 0.1567, 0.1167, 0.2023, 0.2163, 0.1593, 0.239, 0.088, 0.147, 0.1467, 0.2587, 0.204, 0.2333, 0.141, 0.293, 0.2593, 0.3167, 0.281, 0.287, 0.2653, 0.2997, 0.168, 0.2263, 0.2373, 0.3213, 0.2137, 0.2947, 0.2547, 0.289, 0.321, 0.4767, 0.3967, 0.3253, 0.4707, 0.3937, 0.4583, 0.298, 0.3937, 0.321]
2026-08-19 11:45:22,571 - FINAL_FedLF_r200.log - INFO - === Head-Tail Evaluation ===
2026-08-19 11:45:22,571 - FINAL_FedLF_r200.log - INFO - Head Accuracy: 0.7107
2026-08-19 11:45:22,571 - FINAL_FedLF_r200.log - INFO - Tail Accuracy: 0.3210
2026-08-19 11:45:35,810 - FINAL_FedLF_r200.log - INFO - Round 61 selected clients: [0, 1, 3, 6, 10, 13, 15, 19]
2026-08-19 11:45:57,960 - FINAL_FedLF_r200.log - INFO - Round 61 | Global 0.6332 | Head 0.6803 | Tail 0.5233 | Many 0.7677 | Medium 0.6148 | Few 0.5233 | best_tail 0.5233@61 | rollback=False
2026-08-19 11:45:57,960 - FINAL_FedLF_r200.log - INFO - Round 62 selected clients: [1, 2, 5, 6, 10, 12, 17, 18]
2026-08-19 11:46:18,623 - FINAL_FedLF_r200.log - INFO - Round 62 | Global 0.6419 | Head 0.6936 | Tail 0.5213 | Many 0.7593 | Medium 0.6442 | Few 0.5213 | best_tail 0.5233@61 | rollback=False
2026-08-19 11:46:18,623 - FINAL_FedLF_r200.log - INFO - Round 63 selected clients: [3, 4, 7, 8, 9, 11, 13, 16]
2026-08-19 11:46:37,851 - FINAL_FedLF_r200.log - INFO - Round 63 | Global 0.6069 | Head 0.7070 | Tail 0.3733 | Many 0.8183 | Medium 0.6235 | Few 0.3733 | best_tail 0.5233@61 | rollback=False
2026-08-19 11:46:37,851 - FINAL_FedLF_r200.log - INFO - Round 64 selected clients: [1, 2, 4, 9, 11, 12, 13, 18]
2026-08-19 11:46:57,251 - FINAL_FedLF_r200.log - INFO - Round 64 | Global 0.6072 | Head 0.7097 | Tail 0.3680 | Many 0.7890 | Medium 0.6502 | Few 0.3680 | best_tail 0.5233@61 | rollback=False
2026-08-19 11:46:57,251 - FINAL_FedLF_r200.log - INFO - Round 65 selected clients: [3, 4, 6, 8, 9, 11, 17, 19]
2026-08-19 11:47:16,901 - FINAL_FedLF_r200.log - INFO - Round 65 | Global 0.6607 | Head 0.6921 | Tail 0.5873 | Many 0.7430 | Medium 0.6540 | Few 0.5873 | best_tail 0.5873@65 | rollback=False
2026-08-19 11:47:16,901 - FINAL_FedLF_r200.log - INFO - Round 66 selected clients: [3, 4, 5, 7, 8, 12, 15, 16]
2026-08-19 11:47:36,064 - FINAL_FedLF_r200.log - INFO - Round 66 | Global 0.6202 | Head 0.7120 | Tail 0.4060 | Many 0.7903 | Medium 0.6532 | Few 0.4060 | best_tail 0.5873@65 | rollback=False
2026-08-19 11:47:36,064 - FINAL_FedLF_r200.log - INFO - Round 67 selected clients: [3, 5, 6, 8, 10, 13, 17, 18]
2026-08-19 11:47:55,337 - FINAL_FedLF_r200.log - INFO - Round 67 | Global 0.6484 | Head 0.6999 | Tail 0.5283 | Many 0.7800 | Medium 0.6398 | Few 0.5283 | best_tail 0.5873@65 | rollback=False
2026-08-19 11:47:55,337 - FINAL_FedLF_r200.log - INFO - Round 68 selected clients: [1, 5, 7, 8, 11, 12, 18, 19]
2026-08-19 11:48:14,467 - FINAL_FedLF_r200.log - INFO - Round 68 | Global 0.6554 | Head 0.7000 | Tail 0.5513 | Many 0.7680 | Medium 0.6490 | Few 0.5513 | best_tail 0.5873@65 | rollback=False
2026-08-19 11:48:14,467 - FINAL_FedLF_r200.log - INFO - Round 69 selected clients: [0, 7, 8, 12, 13, 15, 16, 17]
2026-08-19 11:48:33,397 - FINAL_FedLF_r200.log - INFO - Round 69 | Global 0.6228 | Head 0.7074 | Tail 0.4253 | Many 0.8127 | Medium 0.6285 | Few 0.4253 | best_tail 0.5873@65 | rollback=False
2026-08-19 11:48:33,397 - FINAL_FedLF_r200.log - INFO - Round 70 selected clients: [3, 4, 5, 10, 12, 15, 17, 19]
2026-08-19 11:48:53,001 - FINAL_FedLF_r200.log - INFO - Round 70 | Global 0.6382 | Head 0.7027 | Tail 0.4877 | Many 0.7857 | Medium 0.6405 | Few 0.4877 | best_tail 0.5873@65 | rollback=False
2026-08-19 11:48:53,018 - FINAL_FedLF_r200.log - INFO - Global Accuracy: [0.1613, 0.212, 0.2494, 0.2527, 0.2967, 0.3211, 0.3432, 0.3499, 0.3141, 0.3499, 0.3685, 0.3975, 0.4025, 0.3872, 0.4057, 0.411, 0.414, 0.4069, 0.4079, 0.4227, 0.4298, 0.48, 0.4877, 0.4721, 0.5093, 0.5037, 0.4801, 0.5015, 0.4829, 0.488, 0.4927, 0.5214, 0.5219, 0.5372, 0.5008, 0.5435, 0.5417, 0.5616, 0.5519, 0.5619, 0.5451, 0.5668, 0.5328, 0.5379, 0.536, 0.5769, 0.5397, 0.5624, 0.557, 0.5696, 0.5738, 0.6121, 0.5936, 0.5886, 0.6181, 0.6014, 0.61, 0.5867, 0.6075, 0.5938, 0.6332, 0.6419, 0.6069, 0.6072, 0.6607, 0.6202, 0.6484, 0.6554, 0.6228, 0.6382]
2026-08-19 11:48:53,018 - FINAL_FedLF_r200.log - INFO - Majority Class Accuracy: [0.505, 0.6557, 0.7047, 0.7043, 0.7367, 0.761, 0.7787, 0.7387, 0.6963, 0.7957, 0.8, 0.733, 0.7363, 0.722, 0.7567, 0.7893, 0.7727, 0.7483, 0.7517, 0.8087, 0.7357, 0.7717, 0.7833, 0.7947, 0.7737, 0.819, 0.738, 0.7413, 0.7887, 0.831, 0.7967, 0.801, 0.796, 0.7853, 0.818, 0.7807, 0.806, 0.791, 0.7617, 0.7973, 0.7487, 0.792, 0.7997, 0.7193, 0.7557, 0.7673, 0.7943, 0.7977, 0.7837, 0.7827, 0.8183, 0.7603, 0.787, 0.812, 0.728, 0.761, 0.74, 0.7927, 0.794, 0.8057, 0.7677, 0.7593, 0.8183, 0.789, 0.743, 0.7903, 0.78, 0.768, 0.8127, 0.7857]
2026-08-19 11:48:53,023 - FINAL_FedLF_r200.log - INFO - Medium Class Accuracy: [0.0245, 0.0382, 0.095, 0.1035, 0.1893, 0.232, 0.274, 0.3207, 0.263, 0.278, 0.321, 0.4245, 0.4345, 0.4155, 0.4333, 0.4193, 0.444, 0.4535, 0.4375, 0.418, 0.4715, 0.4953, 0.5142, 0.4968, 0.5413, 0.4828, 0.5272, 0.5185, 0.5497, 0.4865, 0.5242, 0.5088, 0.5547, 0.579, 0.5327, 0.5535, 0.5553, 0.5733, 0.5978, 0.5915, 0.6022, 0.5982, 0.6062, 0.6355, 0.5952, 0.6258, 0.5933, 0.5867, 0.6138, 0.6202, 0.58, 0.6025, 0.5962, 0.6185, 0.6462, 0.6375, 0.6262, 0.6488, 0.628, 0.6395, 0.6148, 0.6442, 0.6235, 0.6502, 0.654, 0.6532, 0.6398, 0.649, 0.6285, 0.6405]
2026-08-19 11:48:53,023 - FINAL_FedLF_r200.log - INFO - Minority Class Accuracy: [0.0, 0.0, 0.0, 0.0, 0.0, 0.0, 0.0, 0.0, 0.0, 0.0, 0.0003, 0.026, 0.026, 0.0147, 0.018, 0.0217, 0.0153, 0.0033, 0.0247, 0.043, 0.0683, 0.168, 0.1567, 0.1167, 0.2023, 0.2163, 0.1593, 0.239, 0.088, 0.147, 0.1467, 0.2587, 0.204, 0.2333, 0.141, 0.293, 0.2593, 0.3167, 0.281, 0.287, 0.2653, 0.2997, 0.168, 0.2263, 0.2373, 0.3213, 0.2137, 0.2947, 0.2547, 0.289, 0.321, 0.4767, 0.3967, 0.3253, 0.4707, 0.3937, 0.4583, 0.298, 0.3937, 0.321, 0.5233, 0.5213, 0.3733, 0.368, 0.5873, 0.406, 0.5283, 0.5513, 0.4253, 0.4877]
2026-08-19 11:48:53,023 - FINAL_FedLF_r200.log - INFO - === Head-Tail Evaluation ===
2026-08-19 11:48:53,023 - FINAL_FedLF_r200.log - INFO - Head Accuracy: 0.7027
2026-08-19 11:48:53,024 - FINAL_FedLF_r200.log - INFO - Tail Accuracy: 0.4877
2026-08-19 11:49:05,983 - FINAL_FedLF_r200.log - INFO - Round 71 selected clients: [0, 2, 6, 7, 11, 13, 16, 19]
2026-08-19 11:49:25,134 - FINAL_FedLF_r200.log - INFO - Round 71 | Global 0.6586 | Head 0.6971 | Tail 0.5687 | Many 0.7947 | Medium 0.6240 | Few 0.5687 | best_tail 0.5873@65 | rollback=False
2026-08-19 11:49:25,134 - FINAL_FedLF_r200.log - INFO - Round 72 selected clients: [2, 3, 10, 13, 15, 16, 17, 18]
2026-08-19 11:49:44,392 - FINAL_FedLF_r200.log - INFO - Round 72 | Global 0.6584 | Head 0.7031 | Tail 0.5540 | Many 0.7603 | Medium 0.6603 | Few 0.5540 | best_tail 0.5873@65 | rollback=False
2026-08-19 11:49:44,392 - FINAL_FedLF_r200.log - INFO - Round 73 selected clients: [1, 4, 5, 8, 9, 11, 12, 13]
2026-08-19 11:50:03,329 - FINAL_FedLF_r200.log - INFO - Round 73 | Global 0.6185 | Head 0.7097 | Tail 0.4057 | Many 0.8023 | Medium 0.6402 | Few 0.4057 | best_tail 0.5873@65 | rollback=False
2026-08-19 11:50:03,329 - FINAL_FedLF_r200.log - INFO - Round 74 selected clients: [4, 5, 6, 7, 9, 15, 17, 19]
2026-08-19 11:50:23,113 - FINAL_FedLF_r200.log - INFO - Round 74 | Global 0.6680 | Head 0.7007 | Tail 0.5917 | Many 0.7700 | Medium 0.6488 | Few 0.5917 | best_tail 0.5917@74 | rollback=False
2026-08-19 11:50:23,113 - FINAL_FedLF_r200.log - INFO - Round 75 selected clients: [0, 3, 8, 12, 16, 17, 18, 19]
2026-08-19 11:50:44,211 - FINAL_FedLF_r200.log - INFO - Round 75 | Global 0.6728 | Head 0.7047 | Tail 0.5983 | Many 0.7677 | Medium 0.6575 | Few 0.5983 | best_tail 0.5983@75 | rollback=False
2026-08-19 11:50:44,211 - FINAL_FedLF_r200.log - INFO - Round 76 selected clients: [1, 3, 5, 8, 10, 12, 15, 18]
2026-08-19 11:51:05,537 - FINAL_FedLF_r200.log - INFO - Round 76 | Global 0.6556 | Head 0.6977 | Tail 0.5573 | Many 0.7693 | Medium 0.6440 | Few 0.5573 | best_tail 0.5983@75 | rollback=False
2026-08-19 11:51:05,537 - FINAL_FedLF_r200.log - INFO - Round 77 selected clients: [1, 2, 3, 7, 10, 11, 17, 18]
2026-08-19 11:51:26,579 - FINAL_FedLF_r200.log - INFO - Round 77 | Global 0.6567 | Head 0.7044 | Tail 0.5453 | Many 0.7710 | Medium 0.6545 | Few 0.5453 | best_tail 0.5983@75 | rollback=False
2026-08-19 11:51:26,579 - FINAL_FedLF_r200.log - INFO - Round 78 selected clients: [3, 4, 5, 8, 11, 12, 13, 14]
2026-08-19 11:51:47,374 - FINAL_FedLF_r200.log - INFO - Round 78 | Global 0.6240 | Head 0.7121 | Tail 0.4183 | Many 0.7980 | Medium 0.6478 | Few 0.4183 | best_tail 0.5983@75 | rollback=False
2026-08-19 11:51:47,374 - FINAL_FedLF_r200.log - INFO - Round 79 selected clients: [2, 4, 9, 10, 13, 15, 17, 18]
2026-08-19 11:52:08,972 - FINAL_FedLF_r200.log - INFO - Round 79 | Global 0.6641 | Head 0.7131 | Tail 0.5497 | Many 0.7850 | Medium 0.6593 | Few 0.5497 | best_tail 0.5983@75 | rollback=False
2026-08-19 11:52:08,972 - FINAL_FedLF_r200.log - INFO - Round 80 selected clients: [5, 7, 8, 11, 13, 14, 15, 18]
2026-08-19 11:52:29,930 - FINAL_FedLF_r200.log - INFO - Round 80 | Global 0.6532 | Head 0.7176 | Tail 0.5030 | Many 0.8077 | Medium 0.6500 | Few 0.5030 | best_tail 0.5983@75 | rollback=False
2026-08-19 11:52:29,956 - FINAL_FedLF_r200.log - INFO - Global Accuracy: [0.1613, 0.212, 0.2494, 0.2527, 0.2967, 0.3211, 0.3432, 0.3499, 0.3141, 0.3499, 0.3685, 0.3975, 0.4025, 0.3872, 0.4057, 0.411, 0.414, 0.4069, 0.4079, 0.4227, 0.4298, 0.48, 0.4877, 0.4721, 0.5093, 0.5037, 0.4801, 0.5015, 0.4829, 0.488, 0.4927, 0.5214, 0.5219, 0.5372, 0.5008, 0.5435, 0.5417, 0.5616, 0.5519, 0.5619, 0.5451, 0.5668, 0.5328, 0.5379, 0.536, 0.5769, 0.5397, 0.5624, 0.557, 0.5696, 0.5738, 0.6121, 0.5936, 0.5886, 0.6181, 0.6014, 0.61, 0.5867, 0.6075, 0.5938, 0.6332, 0.6419, 0.6069, 0.6072, 0.6607, 0.6202, 0.6484, 0.6554, 0.6228, 0.6382, 0.6586, 0.6584, 0.6185, 0.668, 0.6728, 0.6556, 0.6567, 0.624, 0.6641, 0.6532]
2026-08-19 11:52:29,956 - FINAL_FedLF_r200.log - INFO - Majority Class Accuracy: [0.505, 0.6557, 0.7047, 0.7043, 0.7367, 0.761, 0.7787, 0.7387, 0.6963, 0.7957, 0.8, 0.733, 0.7363, 0.722, 0.7567, 0.7893, 0.7727, 0.7483, 0.7517, 0.8087, 0.7357, 0.7717, 0.7833, 0.7947, 0.7737, 0.819, 0.738, 0.7413, 0.7887, 0.831, 0.7967, 0.801, 0.796, 0.7853, 0.818, 0.7807, 0.806, 0.791, 0.7617, 0.7973, 0.7487, 0.792, 0.7997, 0.7193, 0.7557, 0.7673, 0.7943, 0.7977, 0.7837, 0.7827, 0.8183, 0.7603, 0.787, 0.812, 0.728, 0.761, 0.74, 0.7927, 0.794, 0.8057, 0.7677, 0.7593, 0.8183, 0.789, 0.743, 0.7903, 0.78, 0.768, 0.8127, 0.7857, 0.7947, 0.7603, 0.8023, 0.77, 0.7677, 0.7693, 0.771, 0.798, 0.785, 0.8077]
2026-08-19 11:52:29,957 - FINAL_FedLF_r200.log - INFO - Medium Class Accuracy: [0.0245, 0.0382, 0.095, 0.1035, 0.1893, 0.232, 0.274, 0.3207, 0.263, 0.278, 0.321, 0.4245, 0.4345, 0.4155, 0.4333, 0.4193, 0.444, 0.4535, 0.4375, 0.418, 0.4715, 0.4953, 0.5142, 0.4968, 0.5413, 0.4828, 0.5272, 0.5185, 0.5497, 0.4865, 0.5242, 0.5088, 0.5547, 0.579, 0.5327, 0.5535, 0.5553, 0.5733, 0.5978, 0.5915, 0.6022, 0.5982, 0.6062, 0.6355, 0.5952, 0.6258, 0.5933, 0.5867, 0.6138, 0.6202, 0.58, 0.6025, 0.5962, 0.6185, 0.6462, 0.6375, 0.6262, 0.6488, 0.628, 0.6395, 0.6148, 0.6442, 0.6235, 0.6502, 0.654, 0.6532, 0.6398, 0.649, 0.6285, 0.6405, 0.624, 0.6603, 0.6402, 0.6488, 0.6575, 0.644, 0.6545, 0.6478, 0.6593, 0.65]
2026-08-19 11:52:29,957 - FINAL_FedLF_r200.log - INFO - Minority Class Accuracy: [0.0, 0.0, 0.0, 0.0, 0.0, 0.0, 0.0, 0.0, 0.0, 0.0, 0.0003, 0.026, 0.026, 0.0147, 0.018, 0.0217, 0.0153, 0.0033, 0.0247, 0.043, 0.0683, 0.168, 0.1567, 0.1167, 0.2023, 0.2163, 0.1593, 0.239, 0.088, 0.147, 0.1467, 0.2587, 0.204, 0.2333, 0.141, 0.293, 0.2593, 0.3167, 0.281, 0.287, 0.2653, 0.2997, 0.168, 0.2263, 0.2373, 0.3213, 0.2137, 0.2947, 0.2547, 0.289, 0.321, 0.4767, 0.3967, 0.3253, 0.4707, 0.3937, 0.4583, 0.298, 0.3937, 0.321, 0.5233, 0.5213, 0.3733, 0.368, 0.5873, 0.406, 0.5283, 0.5513, 0.4253, 0.4877, 0.5687, 0.554, 0.4057, 0.5917, 0.5983, 0.5573, 0.5453, 0.4183, 0.5497, 0.503]
2026-08-19 11:52:29,957 - FINAL_FedLF_r200.log - INFO - === Head-Tail Evaluation ===
2026-08-19 11:52:29,957 - FINAL_FedLF_r200.log - INFO - Head Accuracy: 0.7176
2026-08-19 11:52:29,957 - FINAL_FedLF_r200.log - INFO - Tail Accuracy: 0.5030
2026-08-19 11:52:43,220 - FINAL_FedLF_r200.log - INFO - Round 81 selected clients: [5, 8, 9, 10, 14, 15, 17, 19]
2026-08-19 11:53:05,196 - FINAL_FedLF_r200.log - INFO - Round 81 | Global 0.6671 | Head 0.7064 | Tail 0.5753 | Many 0.7533 | Medium 0.6713 | Few 0.5753 | best_tail 0.5983@75 | rollback=False
2026-08-19 11:53:05,196 - FINAL_FedLF_r200.log - INFO - Round 82 selected clients: [0, 2, 9, 12, 13, 15, 16, 19]
2026-08-19 11:53:27,045 - FINAL_FedLF_r200.log - INFO - Round 82 | Global 0.6695 | Head 0.7069 | Tail 0.5823 | Many 0.7717 | Medium 0.6583 | Few 0.5823 | best_tail 0.5983@75 | rollback=False
2026-08-19 11:53:27,045 - FINAL_FedLF_r200.log - INFO - Round 83 selected clients: [3, 4, 5, 6, 7, 11, 14, 15]
2026-08-19 11:53:48,365 - FINAL_FedLF_r200.log - INFO - Round 83 | Global 0.6604 | Head 0.7207 | Tail 0.5197 | Many 0.7750 | Medium 0.6800 | Few 0.5197 | best_tail 0.5983@75 | rollback=False
2026-08-19 11:53:48,365 - FINAL_FedLF_r200.log - INFO - Round 84 selected clients: [3, 4, 5, 6, 13, 14, 15, 18]
2026-08-19 11:54:10,042 - FINAL_FedLF_r200.log - INFO - Round 84 | Global 0.6488 | Head 0.6933 | Tail 0.5450 | Many 0.7790 | Medium 0.6290 | Few 0.5450 | best_tail 0.5983@75 | rollback=False
2026-08-19 11:54:10,042 - FINAL_FedLF_r200.log - INFO - Round 85 selected clients: [0, 5, 6, 9, 12, 15, 16, 18]
2026-08-19 11:54:31,984 - FINAL_FedLF_r200.log - INFO - Round 85 | Global 0.6837 | Head 0.6954 | Tail 0.6563 | Many 0.7473 | Medium 0.6565 | Few 0.6563 | best_tail 0.6563@85 | rollback=False
2026-08-19 11:54:31,984 - FINAL_FedLF_r200.log - INFO - Round 86 selected clients: [0, 2, 3, 6, 8, 11, 13, 16]
2026-08-19 11:54:53,190 - FINAL_FedLF_r200.log - INFO - Round 86 | Global 0.6711 | Head 0.7107 | Tail 0.5787 | Many 0.7880 | Medium 0.6528 | Few 0.5787 | best_tail 0.6563@85 | rollback=False
2026-08-19 11:54:53,190 - FINAL_FedLF_r200.log - INFO - Round 87 selected clients: [3, 4, 6, 8, 9, 11, 13, 15]
2026-08-19 11:55:14,551 - FINAL_FedLF_r200.log - INFO - Round 87 | Global 0.6498 | Head 0.7109 | Tail 0.5073 | Many 0.7870 | Medium 0.6538 | Few 0.5073 | best_tail 0.6563@85 | rollback=False
2026-08-19 11:55:14,551 - FINAL_FedLF_r200.log - INFO - Round 88 selected clients: [0, 1, 2, 7, 13, 15, 16, 18]
2026-08-19 11:55:33,695 - FINAL_FedLF_r200.log - INFO - Round 88 | Global 0.6505 | Head 0.7091 | Tail 0.5137 | Many 0.7957 | Medium 0.6442 | Few 0.5137 | best_tail 0.6563@85 | rollback=False
2026-08-19 11:55:33,695 - FINAL_FedLF_r200.log - INFO - Round 89 selected clients: [2, 4, 5, 7, 9, 10, 15, 18]
2026-08-19 11:55:53,195 - FINAL_FedLF_r200.log - INFO - Round 89 | Global 0.6615 | Head 0.7219 | Tail 0.5207 | Many 0.7767 | Medium 0.6807 | Few 0.5207 | best_tail 0.6563@85 | rollback=False
2026-08-19 11:55:53,195 - FINAL_FedLF_r200.log - INFO - Round 90 selected clients: [0, 2, 7, 10, 12, 14, 17, 19]
2026-08-19 11:56:12,545 - FINAL_FedLF_r200.log - INFO - Round 90 | Global 0.6817 | Head 0.7173 | Tail 0.5987 | Many 0.7643 | Medium 0.6820 | Few 0.5987 | best_tail 0.6563@85 | rollback=False
2026-08-19 11:56:12,567 - FINAL_FedLF_r200.log - INFO - Global Accuracy: [0.1613, 0.212, 0.2494, 0.2527, 0.2967, 0.3211, 0.3432, 0.3499, 0.3141, 0.3499, 0.3685, 0.3975, 0.4025, 0.3872, 0.4057, 0.411, 0.414, 0.4069, 0.4079, 0.4227, 0.4298, 0.48, 0.4877, 0.4721, 0.5093, 0.5037, 0.4801, 0.5015, 0.4829, 0.488, 0.4927, 0.5214, 0.5219, 0.5372, 0.5008, 0.5435, 0.5417, 0.5616, 0.5519, 0.5619, 0.5451, 0.5668, 0.5328, 0.5379, 0.536, 0.5769, 0.5397, 0.5624, 0.557, 0.5696, 0.5738, 0.6121, 0.5936, 0.5886, 0.6181, 0.6014, 0.61, 0.5867, 0.6075, 0.5938, 0.6332, 0.6419, 0.6069, 0.6072, 0.6607, 0.6202, 0.6484, 0.6554, 0.6228, 0.6382, 0.6586, 0.6584, 0.6185, 0.668, 0.6728, 0.6556, 0.6567, 0.624, 0.6641, 0.6532, 0.6671, 0.6695, 0.6604, 0.6488, 0.6837, 0.6711, 0.6498, 0.6505, 0.6615, 0.6817]
2026-08-19 11:56:12,567 - FINAL_FedLF_r200.log - INFO - Majority Class Accuracy: [0.505, 0.6557, 0.7047, 0.7043, 0.7367, 0.761, 0.7787, 0.7387, 0.6963, 0.7957, 0.8, 0.733, 0.7363, 0.722, 0.7567, 0.7893, 0.7727, 0.7483, 0.7517, 0.8087, 0.7357, 0.7717, 0.7833, 0.7947, 0.7737, 0.819, 0.738, 0.7413, 0.7887, 0.831, 0.7967, 0.801, 0.796, 0.7853, 0.818, 0.7807, 0.806, 0.791, 0.7617, 0.7973, 0.7487, 0.792, 0.7997, 0.7193, 0.7557, 0.7673, 0.7943, 0.7977, 0.7837, 0.7827, 0.8183, 0.7603, 0.787, 0.812, 0.728, 0.761, 0.74, 0.7927, 0.794, 0.8057, 0.7677, 0.7593, 0.8183, 0.789, 0.743, 0.7903, 0.78, 0.768, 0.8127, 0.7857, 0.7947, 0.7603, 0.8023, 0.77, 0.7677, 0.7693, 0.771, 0.798, 0.785, 0.8077, 0.7533, 0.7717, 0.775, 0.779, 0.7473, 0.788, 0.787, 0.7957, 0.7767, 0.7643]
2026-08-19 11:56:12,568 - FINAL_FedLF_r200.log - INFO - Medium Class Accuracy: [0.0245, 0.0382, 0.095, 0.1035, 0.1893, 0.232, 0.274, 0.3207, 0.263, 0.278, 0.321, 0.4245, 0.4345, 0.4155, 0.4333, 0.4193, 0.444, 0.4535, 0.4375, 0.418, 0.4715, 0.4953, 0.5142, 0.4968, 0.5413, 0.4828, 0.5272, 0.5185, 0.5497, 0.4865, 0.5242, 0.5088, 0.5547, 0.579, 0.5327, 0.5535, 0.5553, 0.5733, 0.5978, 0.5915, 0.6022, 0.5982, 0.6062, 0.6355, 0.5952, 0.6258, 0.5933, 0.5867, 0.6138, 0.6202, 0.58, 0.6025, 0.5962, 0.6185, 0.6462, 0.6375, 0.6262, 0.6488, 0.628, 0.6395, 0.6148, 0.6442, 0.6235, 0.6502, 0.654, 0.6532, 0.6398, 0.649, 0.6285, 0.6405, 0.624, 0.6603, 0.6402, 0.6488, 0.6575, 0.644, 0.6545, 0.6478, 0.6593, 0.65, 0.6713, 0.6583, 0.68, 0.629, 0.6565, 0.6528, 0.6538, 0.6442, 0.6807, 0.682]
2026-08-19 11:56:12,568 - FINAL_FedLF_r200.log - INFO - Minority Class Accuracy: [0.0, 0.0, 0.0, 0.0, 0.0, 0.0, 0.0, 0.0, 0.0, 0.0, 0.0003, 0.026, 0.026, 0.0147, 0.018, 0.0217, 0.0153, 0.0033, 0.0247, 0.043, 0.0683, 0.168, 0.1567, 0.1167, 0.2023, 0.2163, 0.1593, 0.239, 0.088, 0.147, 0.1467, 0.2587, 0.204, 0.2333, 0.141, 0.293, 0.2593, 0.3167, 0.281, 0.287, 0.2653, 0.2997, 0.168, 0.2263, 0.2373, 0.3213, 0.2137, 0.2947, 0.2547, 0.289, 0.321, 0.4767, 0.3967, 0.3253, 0.4707, 0.3937, 0.4583, 0.298, 0.3937, 0.321, 0.5233, 0.5213, 0.3733, 0.368, 0.5873, 0.406, 0.5283, 0.5513, 0.4253, 0.4877, 0.5687, 0.554, 0.4057, 0.5917, 0.5983, 0.5573, 0.5453, 0.4183, 0.5497, 0.503, 0.5753, 0.5823, 0.5197, 0.545, 0.6563, 0.5787, 0.5073, 0.5137, 0.5207, 0.5987]
2026-08-19 11:56:12,568 - FINAL_FedLF_r200.log - INFO - === Head-Tail Evaluation ===
2026-08-19 11:56:12,568 - FINAL_FedLF_r200.log - INFO - Head Accuracy: 0.7173
2026-08-19 11:56:12,568 - FINAL_FedLF_r200.log - INFO - Tail Accuracy: 0.5987
2026-08-19 11:56:25,662 - FINAL_FedLF_r200.log - INFO - Round 91 selected clients: [1, 4, 5, 6, 7, 8, 17, 18]
2026-08-19 11:56:45,474 - FINAL_FedLF_r200.log - INFO - Round 91 | Global 0.6729 | Head 0.7116 | Tail 0.5827 | Many 0.7727 | Medium 0.6657 | Few 0.5827 | best_tail 0.6563@85 | rollback=False
2026-08-19 11:56:45,474 - FINAL_FedLF_r200.log - INFO - Round 92 selected clients: [4, 5, 7, 9, 11, 15, 17, 19]
2026-08-19 11:57:05,060 - FINAL_FedLF_r200.log - INFO - Round 92 | Global 0.6719 | Head 0.7237 | Tail 0.5510 | Many 0.7933 | Medium 0.6715 | Few 0.5510 | best_tail 0.6563@85 | rollback=False
2026-08-19 11:57:05,060 - FINAL_FedLF_r200.log - INFO - Round 93 selected clients: [0, 1, 6, 8, 9, 15, 17, 18]
2026-08-19 11:57:24,871 - FINAL_FedLF_r200.log - INFO - Round 93 | Global 0.6786 | Head 0.6991 | Tail 0.6307 | Many 0.7537 | Medium 0.6583 | Few 0.6307 | best_tail 0.6563@85 | rollback=False
2026-08-19 11:57:24,871 - FINAL_FedLF_r200.log - INFO - Round 94 selected clients: [3, 4, 6, 9, 10, 16, 18, 19]
2026-08-19 11:57:44,842 - FINAL_FedLF_r200.log - INFO - Round 94 | Global 0.6896 | Head 0.6969 | Tail 0.6727 | Many 0.7557 | Medium 0.6528 | Few 0.6727 | best_tail 0.6727@94 | rollback=False
2026-08-19 11:57:44,842 - FINAL_FedLF_r200.log - INFO - Round 95 selected clients: [1, 4, 5, 7, 9, 12, 16, 17]
2026-08-19 11:58:04,315 - FINAL_FedLF_r200.log - INFO - Round 95 | Global 0.6730 | Head 0.7047 | Tail 0.5990 | Many 0.7423 | Medium 0.6765 | Few 0.5990 | best_tail 0.6727@94 | rollback=False
2026-08-19 11:58:04,315 - FINAL_FedLF_r200.log - INFO - Round 96 selected clients: [2, 3, 6, 9, 11, 14, 15, 17]
2026-08-19 11:58:24,017 - FINAL_FedLF_r200.log - INFO - Round 96 | Global 0.6757 | Head 0.7047 | Tail 0.6080 | Many 0.7380 | Medium 0.6797 | Few 0.6080 | best_tail 0.6727@94 | rollback=False
2026-08-19 11:58:24,017 - FINAL_FedLF_r200.log - INFO - Round 97 selected clients: [1, 2, 4, 6, 9, 10, 12, 19]
2026-08-19 11:58:43,696 - FINAL_FedLF_r200.log - INFO - Round 97 | Global 0.6866 | Head 0.7163 | Tail 0.6173 | Many 0.7653 | Medium 0.6795 | Few 0.6173 | best_tail 0.6727@94 | rollback=False
2026-08-19 11:58:43,696 - FINAL_FedLF_r200.log - INFO - Round 98 selected clients: [2, 4, 7, 10, 14, 15, 17, 19]
2026-08-19 11:59:02,984 - FINAL_FedLF_r200.log - INFO - Round 98 | Global 0.6639 | Head 0.7257 | Tail 0.5197 | Many 0.7927 | Medium 0.6755 | Few 0.5197 | best_tail 0.6727@94 | rollback=False
2026-08-19 11:59:02,984 - FINAL_FedLF_r200.log - INFO - Round 99 selected clients: [0, 3, 4, 9, 13, 14, 16, 19]
2026-08-19 11:59:22,041 - FINAL_FedLF_r200.log - INFO - Round 99 | Global 0.6632 | Head 0.7123 | Tail 0.5487 | Many 0.8047 | Medium 0.6430 | Few 0.5487 | best_tail 0.6727@94 | rollback=False
2026-08-19 11:59:22,041 - FINAL_FedLF_r200.log - INFO - Round 100 selected clients: [0, 4, 6, 7, 10, 11, 12, 17]
2026-08-19 11:59:41,017 - FINAL_FedLF_r200.log - INFO - Round 100 | Global 0.6582 | Head 0.7239 | Tail 0.5050 | Many 0.8147 | Medium 0.6558 | Few 0.5050 | best_tail 0.6727@94 | rollback=False
2026-08-19 11:59:41,039 - FINAL_FedLF_r200.log - INFO - Global Accuracy: [0.1613, 0.212, 0.2494, 0.2527, 0.2967, 0.3211, 0.3432, 0.3499, 0.3141, 0.3499, 0.3685, 0.3975, 0.4025, 0.3872, 0.4057, 0.411, 0.414, 0.4069, 0.4079, 0.4227, 0.4298, 0.48, 0.4877, 0.4721, 0.5093, 0.5037, 0.4801, 0.5015, 0.4829, 0.488, 0.4927, 0.5214, 0.5219, 0.5372, 0.5008, 0.5435, 0.5417, 0.5616, 0.5519, 0.5619, 0.5451, 0.5668, 0.5328, 0.5379, 0.536, 0.5769, 0.5397, 0.5624, 0.557, 0.5696, 0.5738, 0.6121, 0.5936, 0.5886, 0.6181, 0.6014, 0.61, 0.5867, 0.6075, 0.5938, 0.6332, 0.6419, 0.6069, 0.6072, 0.6607, 0.6202, 0.6484, 0.6554, 0.6228, 0.6382, 0.6586, 0.6584, 0.6185, 0.668, 0.6728, 0.6556, 0.6567, 0.624, 0.6641, 0.6532, 0.6671, 0.6695, 0.6604, 0.6488, 0.6837, 0.6711, 0.6498, 0.6505, 0.6615, 0.6817, 0.6729, 0.6719, 0.6786, 0.6896, 0.673, 0.6757, 0.6866, 0.6639, 0.6632, 0.6582]
2026-08-19 11:59:41,039 - FINAL_FedLF_r200.log - INFO - Majority Class Accuracy: [0.505, 0.6557, 0.7047, 0.7043, 0.7367, 0.761, 0.7787, 0.7387, 0.6963, 0.7957, 0.8, 0.733, 0.7363, 0.722, 0.7567, 0.7893, 0.7727, 0.7483, 0.7517, 0.8087, 0.7357, 0.7717, 0.7833, 0.7947, 0.7737, 0.819, 0.738, 0.7413, 0.7887, 0.831, 0.7967, 0.801, 0.796, 0.7853, 0.818, 0.7807, 0.806, 0.791, 0.7617, 0.7973, 0.7487, 0.792, 0.7997, 0.7193, 0.7557, 0.7673, 0.7943, 0.7977, 0.7837, 0.7827, 0.8183, 0.7603, 0.787, 0.812, 0.728, 0.761, 0.74, 0.7927, 0.794, 0.8057, 0.7677, 0.7593, 0.8183, 0.789, 0.743, 0.7903, 0.78, 0.768, 0.8127, 0.7857, 0.7947, 0.7603, 0.8023, 0.77, 0.7677, 0.7693, 0.771, 0.798, 0.785, 0.8077, 0.7533, 0.7717, 0.775, 0.779, 0.7473, 0.788, 0.787, 0.7957, 0.7767, 0.7643, 0.7727, 0.7933, 0.7537, 0.7557, 0.7423, 0.738, 0.7653, 0.7927, 0.8047, 0.8147]
2026-08-19 11:59:41,040 - FINAL_FedLF_r200.log - INFO - Medium Class Accuracy: [0.0245, 0.0382, 0.095, 0.1035, 0.1893, 0.232, 0.274, 0.3207, 0.263, 0.278, 0.321, 0.4245, 0.4345, 0.4155, 0.4333, 0.4193, 0.444, 0.4535, 0.4375, 0.418, 0.4715, 0.4953, 0.5142, 0.4968, 0.5413, 0.4828, 0.5272, 0.5185, 0.5497, 0.4865, 0.5242, 0.5088, 0.5547, 0.579, 0.5327, 0.5535, 0.5553, 0.5733, 0.5978, 0.5915, 0.6022, 0.5982, 0.6062, 0.6355, 0.5952, 0.6258, 0.5933, 0.5867, 0.6138, 0.6202, 0.58, 0.6025, 0.5962, 0.6185, 0.6462, 0.6375, 0.6262, 0.6488, 0.628, 0.6395, 0.6148, 0.6442, 0.6235, 0.6502, 0.654, 0.6532, 0.6398, 0.649, 0.6285, 0.6405, 0.624, 0.6603, 0.6402, 0.6488, 0.6575, 0.644, 0.6545, 0.6478, 0.6593, 0.65, 0.6713, 0.6583, 0.68, 0.629, 0.6565, 0.6528, 0.6538, 0.6442, 0.6807, 0.682, 0.6657, 0.6715, 0.6583, 0.6528, 0.6765, 0.6797, 0.6795, 0.6755, 0.643, 0.6558]
2026-08-19 11:59:41,040 - FINAL_FedLF_r200.log - INFO - Minority Class Accuracy: [0.0, 0.0, 0.0, 0.0, 0.0, 0.0, 0.0, 0.0, 0.0, 0.0, 0.0003, 0.026, 0.026, 0.0147, 0.018, 0.0217, 0.0153, 0.0033, 0.0247, 0.043, 0.0683, 0.168, 0.1567, 0.1167, 0.2023, 0.2163, 0.1593, 0.239, 0.088, 0.147, 0.1467, 0.2587, 0.204, 0.2333, 0.141, 0.293, 0.2593, 0.3167, 0.281, 0.287, 0.2653, 0.2997, 0.168, 0.2263, 0.2373, 0.3213, 0.2137, 0.2947, 0.2547, 0.289, 0.321, 0.4767, 0.3967, 0.3253, 0.4707, 0.3937, 0.4583, 0.298, 0.3937, 0.321, 0.5233, 0.5213, 0.3733, 0.368, 0.5873, 0.406, 0.5283, 0.5513, 0.4253, 0.4877, 0.5687, 0.554, 0.4057, 0.5917, 0.5983, 0.5573, 0.5453, 0.4183, 0.5497, 0.503, 0.5753, 0.5823, 0.5197, 0.545, 0.6563, 0.5787, 0.5073, 0.5137, 0.5207, 0.5987, 0.5827, 0.551, 0.6307, 0.6727, 0.599, 0.608, 0.6173, 0.5197, 0.5487, 0.505]
2026-08-19 11:59:41,040 - FINAL_FedLF_r200.log - INFO - === Head-Tail Evaluation ===
2026-08-19 11:59:41,040 - FINAL_FedLF_r200.log - INFO - Head Accuracy: 0.7239
2026-08-19 11:59:41,040 - FINAL_FedLF_r200.log - INFO - Tail Accuracy: 0.5050
2026-08-19 11:59:54,244 - FINAL_FedLF_r200.log - INFO - Round 101 selected clients: [0, 8, 9, 10, 11, 14, 15, 17]
2026-08-19 12:00:15,313 - FINAL_FedLF_r200.log - INFO - Round 101 | Global 0.6309 | Head 0.7173 | Tail 0.4293 | Many 0.8290 | Medium 0.6335 | Few 0.4293 | best_tail 0.6727@94 | rollback=False
2026-08-19 12:00:15,313 - FINAL_FedLF_r200.log - INFO - Round 102 selected clients: [1, 5, 8, 10, 12, 13, 16, 17]
2026-08-19 12:00:36,488 - FINAL_FedLF_r200.log - INFO - Round 102 | Global 0.6410 | Head 0.7230 | Tail 0.4497 | Many 0.8237 | Medium 0.6475 | Few 0.4497 | best_tail 0.6727@94 | rollback=False
2026-08-19 12:00:36,488 - FINAL_FedLF_r200.log - INFO - Round 103 selected clients: [0, 4, 7, 9, 10, 11, 12, 19]
2026-08-19 12:00:57,579 - FINAL_FedLF_r200.log - INFO - Round 103 | Global 0.6488 | Head 0.7259 | Tail 0.4690 | Many 0.8240 | Medium 0.6522 | Few 0.4690 | best_tail 0.6727@94 | rollback=False
2026-08-19 12:00:57,579 - FINAL_FedLF_r200.log - INFO - Round 104 selected clients: [4, 5, 8, 10, 12, 13, 15, 16]
2026-08-19 12:01:18,687 - FINAL_FedLF_r200.log - INFO - Round 104 | Global 0.6322 | Head 0.7329 | Tail 0.3973 | Many 0.8277 | Medium 0.6617 | Few 0.3973 | best_tail 0.6727@94 | rollback=False
2026-08-19 12:01:18,687 - FINAL_FedLF_r200.log - INFO - Round 105 selected clients: [3, 4, 7, 9, 12, 15, 18, 19]
2026-08-19 12:01:40,160 - FINAL_FedLF_r200.log - INFO - Round 105 | Global 0.6859 | Head 0.7170 | Tail 0.6133 | Many 0.7747 | Medium 0.6737 | Few 0.6133 | best_tail 0.6727@94 | rollback=False
2026-08-19 12:01:40,160 - FINAL_FedLF_r200.log - INFO - Round 106 selected clients: [1, 3, 6, 7, 11, 15, 16, 18]
2026-08-19 12:02:01,801 - FINAL_FedLF_r200.log - INFO - Round 106 | Global 0.6845 | Head 0.7084 | Tail 0.6287 | Many 0.7697 | Medium 0.6625 | Few 0.6287 | best_tail 0.6727@94 | rollback=False
2026-08-19 12:02:01,801 - FINAL_FedLF_r200.log - INFO - Round 107 selected clients: [1, 2, 6, 8, 9, 12, 17, 19]
2026-08-19 12:02:23,306 - FINAL_FedLF_r200.log - INFO - Round 107 | Global 0.6922 | Head 0.7014 | Tail 0.6707 | Many 0.7273 | Medium 0.6820 | Few 0.6707 | best_tail 0.6727@94 | rollback=False
2026-08-19 12:02:23,306 - FINAL_FedLF_r200.log - INFO - Round 108 selected clients: [1, 6, 7, 8, 11, 13, 14, 17]
2026-08-19 12:02:44,204 - FINAL_FedLF_r200.log - INFO - Round 108 | Global 0.6634 | Head 0.7163 | Tail 0.5400 | Many 0.7877 | Medium 0.6627 | Few 0.5400 | best_tail 0.6727@94 | rollback=False
2026-08-19 12:02:44,214 - FINAL_FedLF_r200.log - INFO - Round 109 selected clients: [0, 2, 4, 7, 8, 9, 12, 16]
2026-08-19 12:03:05,485 - FINAL_FedLF_r200.log - INFO - Round 109 | Global 0.6628 | Head 0.7331 | Tail 0.4987 | Many 0.8207 | Medium 0.6675 | Few 0.4987 | best_tail 0.6727@94 | rollback=False
2026-08-19 12:03:05,485 - FINAL_FedLF_r200.log - INFO - Round 110 selected clients: [2, 3, 7, 8, 12, 16, 18, 19]
2026-08-19 12:03:26,756 - FINAL_FedLF_r200.log - INFO - Round 110 | Global 0.6864 | Head 0.7104 | Tail 0.6303 | Many 0.7590 | Medium 0.6740 | Few 0.6303 | best_tail 0.6727@94 | rollback=False
2026-08-19 12:03:26,779 - FINAL_FedLF_r200.log - INFO - Global Accuracy: [0.1613, 0.212, 0.2494, 0.2527, 0.2967, 0.3211, 0.3432, 0.3499, 0.3141, 0.3499, 0.3685, 0.3975, 0.4025, 0.3872, 0.4057, 0.411, 0.414, 0.4069, 0.4079, 0.4227, 0.4298, 0.48, 0.4877, 0.4721, 0.5093, 0.5037, 0.4801, 0.5015, 0.4829, 0.488, 0.4927, 0.5214, 0.5219, 0.5372, 0.5008, 0.5435, 0.5417, 0.5616, 0.5519, 0.5619, 0.5451, 0.5668, 0.5328, 0.5379, 0.536, 0.5769, 0.5397, 0.5624, 0.557, 0.5696, 0.5738, 0.6121, 0.5936, 0.5886, 0.6181, 0.6014, 0.61, 0.5867, 0.6075, 0.5938, 0.6332, 0.6419, 0.6069, 0.6072, 0.6607, 0.6202, 0.6484, 0.6554, 0.6228, 0.6382, 0.6586, 0.6584, 0.6185, 0.668, 0.6728, 0.6556, 0.6567, 0.624, 0.6641, 0.6532, 0.6671, 0.6695, 0.6604, 0.6488, 0.6837, 0.6711, 0.6498, 0.6505, 0.6615, 0.6817, 0.6729, 0.6719, 0.6786, 0.6896, 0.673, 0.6757, 0.6866, 0.6639, 0.6632, 0.6582, 0.6309, 0.641, 0.6488, 0.6322, 0.6859, 0.6845, 0.6922, 0.6634, 0.6628, 0.6864]
2026-08-19 12:03:26,779 - FINAL_FedLF_r200.log - INFO - Majority Class Accuracy: [0.505, 0.6557, 0.7047, 0.7043, 0.7367, 0.761, 0.7787, 0.7387, 0.6963, 0.7957, 0.8, 0.733, 0.7363, 0.722, 0.7567, 0.7893, 0.7727, 0.7483, 0.7517, 0.8087, 0.7357, 0.7717, 0.7833, 0.7947, 0.7737, 0.819, 0.738, 0.7413, 0.7887, 0.831, 0.7967, 0.801, 0.796, 0.7853, 0.818, 0.7807, 0.806, 0.791, 0.7617, 0.7973, 0.7487, 0.792, 0.7997, 0.7193, 0.7557, 0.7673, 0.7943, 0.7977, 0.7837, 0.7827, 0.8183, 0.7603, 0.787, 0.812, 0.728, 0.761, 0.74, 0.7927, 0.794, 0.8057, 0.7677, 0.7593, 0.8183, 0.789, 0.743, 0.7903, 0.78, 0.768, 0.8127, 0.7857, 0.7947, 0.7603, 0.8023, 0.77, 0.7677, 0.7693, 0.771, 0.798, 0.785, 0.8077, 0.7533, 0.7717, 0.775, 0.779, 0.7473, 0.788, 0.787, 0.7957, 0.7767, 0.7643, 0.7727, 0.7933, 0.7537, 0.7557, 0.7423, 0.738, 0.7653, 0.7927, 0.8047, 0.8147, 0.829, 0.8237, 0.824, 0.8277, 0.7747, 0.7697, 0.7273, 0.7877, 0.8207, 0.759]
2026-08-19 12:03:26,779 - FINAL_FedLF_r200.log - INFO - Medium Class Accuracy: [0.0245, 0.0382, 0.095, 0.1035, 0.1893, 0.232, 0.274, 0.3207, 0.263, 0.278, 0.321, 0.4245, 0.4345, 0.4155, 0.4333, 0.4193, 0.444, 0.4535, 0.4375, 0.418, 0.4715, 0.4953, 0.5142, 0.4968, 0.5413, 0.4828, 0.5272, 0.5185, 0.5497, 0.4865, 0.5242, 0.5088, 0.5547, 0.579, 0.5327, 0.5535, 0.5553, 0.5733, 0.5978, 0.5915, 0.6022, 0.5982, 0.6062, 0.6355, 0.5952, 0.6258, 0.5933, 0.5867, 0.6138, 0.6202, 0.58, 0.6025, 0.5962, 0.6185, 0.6462, 0.6375, 0.6262, 0.6488, 0.628, 0.6395, 0.6148, 0.6442, 0.6235, 0.6502, 0.654, 0.6532, 0.6398, 0.649, 0.6285, 0.6405, 0.624, 0.6603, 0.6402, 0.6488, 0.6575, 0.644, 0.6545, 0.6478, 0.6593, 0.65, 0.6713, 0.6583, 0.68, 0.629, 0.6565, 0.6528, 0.6538, 0.6442, 0.6807, 0.682, 0.6657, 0.6715, 0.6583, 0.6528, 0.6765, 0.6797, 0.6795, 0.6755, 0.643, 0.6558, 0.6335, 0.6475, 0.6522, 0.6617, 0.6737, 0.6625, 0.682, 0.6627, 0.6675, 0.674]
2026-08-19 12:03:26,780 - FINAL_FedLF_r200.log - INFO - Minority Class Accuracy: [0.0, 0.0, 0.0, 0.0, 0.0, 0.0, 0.0, 0.0, 0.0, 0.0, 0.0003, 0.026, 0.026, 0.0147, 0.018, 0.0217, 0.0153, 0.0033, 0.0247, 0.043, 0.0683, 0.168, 0.1567, 0.1167, 0.2023, 0.2163, 0.1593, 0.239, 0.088, 0.147, 0.1467, 0.2587, 0.204, 0.2333, 0.141, 0.293, 0.2593, 0.3167, 0.281, 0.287, 0.2653, 0.2997, 0.168, 0.2263, 0.2373, 0.3213, 0.2137, 0.2947, 0.2547, 0.289, 0.321, 0.4767, 0.3967, 0.3253, 0.4707, 0.3937, 0.4583, 0.298, 0.3937, 0.321, 0.5233, 0.5213, 0.3733, 0.368, 0.5873, 0.406, 0.5283, 0.5513, 0.4253, 0.4877, 0.5687, 0.554, 0.4057, 0.5917, 0.5983, 0.5573, 0.5453, 0.4183, 0.5497, 0.503, 0.5753, 0.5823, 0.5197, 0.545, 0.6563, 0.5787, 0.5073, 0.5137, 0.5207, 0.5987, 0.5827, 0.551, 0.6307, 0.6727, 0.599, 0.608, 0.6173, 0.5197, 0.5487, 0.505, 0.4293, 0.4497, 0.469, 0.3973, 0.6133, 0.6287, 0.6707, 0.54, 0.4987, 0.6303]
2026-08-19 12:03:26,780 - FINAL_FedLF_r200.log - INFO - === Head-Tail Evaluation ===
2026-08-19 12:03:26,780 - FINAL_FedLF_r200.log - INFO - Head Accuracy: 0.7104
2026-08-19 12:03:26,780 - FINAL_FedLF_r200.log - INFO - Tail Accuracy: 0.6303
2026-08-19 12:03:39,912 - FINAL_FedLF_r200.log - INFO - Round 111 selected clients: [5, 6, 7, 10, 11, 15, 16, 18]
2026-08-19 12:04:01,585 - FINAL_FedLF_r200.log - INFO - Round 111 | Global 0.6930 | Head 0.7066 | Tail 0.6613 | Many 0.7500 | Medium 0.6740 | Few 0.6613 | best_tail 0.6727@94 | rollback=False
2026-08-19 12:04:01,585 - FINAL_FedLF_r200.log - INFO - Round 112 selected clients: [0, 4, 6, 7, 9, 13, 15, 16]
2026-08-19 12:04:22,652 - FINAL_FedLF_r200.log - INFO - Round 112 | Global 0.6737 | Head 0.7174 | Tail 0.5717 | Many 0.8003 | Medium 0.6552 | Few 0.5717 | best_tail 0.6727@94 | rollback=False
2026-08-19 12:04:22,652 - FINAL_FedLF_r200.log - INFO - Round 113 selected clients: [1, 3, 5, 7, 13, 15, 18, 19]
2026-08-19 12:04:44,297 - FINAL_FedLF_r200.log - INFO - Round 113 | Global 0.6925 | Head 0.7119 | Tail 0.6473 | Many 0.7690 | Medium 0.6690 | Few 0.6473 | best_tail 0.6727@94 | rollback=False
2026-08-19 12:04:44,297 - FINAL_FedLF_r200.log - INFO - Round 114 selected clients: [0, 3, 6, 12, 15, 17, 18, 19]
2026-08-19 12:05:04,095 - FINAL_FedLF_r200.log - INFO - Round 114 | Global 0.6966 | Head 0.6850 | Tail 0.7237 | Many 0.7010 | Medium 0.6730 | Few 0.7237 | best_tail 0.7237@114 | rollback=False
2026-08-19 12:05:04,095 - FINAL_FedLF_r200.log - INFO - Round 115 selected clients: [0, 2, 7, 8, 9, 12, 13, 16]
2026-08-19 12:05:22,982 - FINAL_FedLF_r200.log - INFO - Round 115 | Global 0.6909 | Head 0.7280 | Tail 0.6043 | Many 0.7903 | Medium 0.6813 | Few 0.6043 | best_tail 0.7237@114 | rollback=False
2026-08-19 12:05:22,982 - FINAL_FedLF_r200.log - INFO - Round 116 selected clients: [0, 6, 7, 8, 9, 11, 12, 19]
2026-08-19 12:05:42,069 - FINAL_FedLF_r200.log - INFO - Round 116 | Global 0.6922 | Head 0.7157 | Tail 0.6373 | Many 0.7680 | Medium 0.6765 | Few 0.6373 | best_tail 0.7237@114 | rollback=False
2026-08-19 12:05:42,069 - FINAL_FedLF_r200.log - INFO - Round 117 selected clients: [4, 5, 6, 10, 11, 12, 18, 19]
2026-08-19 12:06:01,510 - FINAL_FedLF_r200.log - INFO - Round 117 | Global 0.6947 | Head 0.7074 | Tail 0.6650 | Many 0.7680 | Medium 0.6620 | Few 0.6650 | best_tail 0.7237@114 | rollback=False
2026-08-19 12:06:01,510 - FINAL_FedLF_r200.log - INFO - Round 118 selected clients: [1, 2, 4, 8, 10, 12, 15, 18]
2026-08-19 12:06:20,910 - FINAL_FedLF_r200.log - INFO - Round 118 | Global 0.6847 | Head 0.7096 | Tail 0.6267 | Many 0.7333 | Medium 0.6917 | Few 0.6267 | best_tail 0.7237@114 | rollback=False
2026-08-19 12:06:20,910 - FINAL_FedLF_r200.log - INFO - Round 119 selected clients: [1, 2, 3, 4, 5, 6, 11, 13]
2026-08-19 12:06:40,282 - FINAL_FedLF_r200.log - INFO - Round 119 | Global 0.6838 | Head 0.7169 | Tail 0.6067 | Many 0.7497 | Medium 0.6923 | Few 0.6067 | best_tail 0.7237@114 | rollback=False
2026-08-19 12:06:40,282 - FINAL_FedLF_r200.log - INFO - Round 120 selected clients: [5, 7, 8, 10, 11, 13, 15, 16]
2026-08-19 12:06:59,019 - FINAL_FedLF_r200.log - INFO - Round 120 | Global 0.6716 | Head 0.7283 | Tail 0.5393 | Many 0.8057 | Medium 0.6703 | Few 0.5393 | best_tail 0.7237@114 | rollback=False
2026-08-19 12:06:59,043 - FINAL_FedLF_r200.log - INFO - Global Accuracy: [0.1613, 0.212, 0.2494, 0.2527, 0.2967, 0.3211, 0.3432, 0.3499, 0.3141, 0.3499, 0.3685, 0.3975, 0.4025, 0.3872, 0.4057, 0.411, 0.414, 0.4069, 0.4079, 0.4227, 0.4298, 0.48, 0.4877, 0.4721, 0.5093, 0.5037, 0.4801, 0.5015, 0.4829, 0.488, 0.4927, 0.5214, 0.5219, 0.5372, 0.5008, 0.5435, 0.5417, 0.5616, 0.5519, 0.5619, 0.5451, 0.5668, 0.5328, 0.5379, 0.536, 0.5769, 0.5397, 0.5624, 0.557, 0.5696, 0.5738, 0.6121, 0.5936, 0.5886, 0.6181, 0.6014, 0.61, 0.5867, 0.6075, 0.5938, 0.6332, 0.6419, 0.6069, 0.6072, 0.6607, 0.6202, 0.6484, 0.6554, 0.6228, 0.6382, 0.6586, 0.6584, 0.6185, 0.668, 0.6728, 0.6556, 0.6567, 0.624, 0.6641, 0.6532, 0.6671, 0.6695, 0.6604, 0.6488, 0.6837, 0.6711, 0.6498, 0.6505, 0.6615, 0.6817, 0.6729, 0.6719, 0.6786, 0.6896, 0.673, 0.6757, 0.6866, 0.6639, 0.6632, 0.6582, 0.6309, 0.641, 0.6488, 0.6322, 0.6859, 0.6845, 0.6922, 0.6634, 0.6628, 0.6864, 0.693, 0.6737, 0.6925, 0.6966, 0.6909, 0.6922, 0.6947, 0.6847, 0.6838, 0.6716]
2026-08-19 12:06:59,044 - FINAL_FedLF_r200.log - INFO - Majority Class Accuracy: [0.505, 0.6557, 0.7047, 0.7043, 0.7367, 0.761, 0.7787, 0.7387, 0.6963, 0.7957, 0.8, 0.733, 0.7363, 0.722, 0.7567, 0.7893, 0.7727, 0.7483, 0.7517, 0.8087, 0.7357, 0.7717, 0.7833, 0.7947, 0.7737, 0.819, 0.738, 0.7413, 0.7887, 0.831, 0.7967, 0.801, 0.796, 0.7853, 0.818, 0.7807, 0.806, 0.791, 0.7617, 0.7973, 0.7487, 0.792, 0.7997, 0.7193, 0.7557, 0.7673, 0.7943, 0.7977, 0.7837, 0.7827, 0.8183, 0.7603, 0.787, 0.812, 0.728, 0.761, 0.74, 0.7927, 0.794, 0.8057, 0.7677, 0.7593, 0.8183, 0.789, 0.743, 0.7903, 0.78, 0.768, 0.8127, 0.7857, 0.7947, 0.7603, 0.8023, 0.77, 0.7677, 0.7693, 0.771, 0.798, 0.785, 0.8077, 0.7533, 0.7717, 0.775, 0.779, 0.7473, 0.788, 0.787, 0.7957, 0.7767, 0.7643, 0.7727, 0.7933, 0.7537, 0.7557, 0.7423, 0.738, 0.7653, 0.7927, 0.8047, 0.8147, 0.829, 0.8237, 0.824, 0.8277, 0.7747, 0.7697, 0.7273, 0.7877, 0.8207, 0.759, 0.75, 0.8003, 0.769, 0.701, 0.7903, 0.768, 0.768, 0.7333, 0.7497, 0.8057]
2026-08-19 12:06:59,044 - FINAL_FedLF_r200.log - INFO - Medium Class Accuracy: [0.0245, 0.0382, 0.095, 0.1035, 0.1893, 0.232, 0.274, 0.3207, 0.263, 0.278, 0.321, 0.4245, 0.4345, 0.4155, 0.4333, 0.4193, 0.444, 0.4535, 0.4375, 0.418, 0.4715, 0.4953, 0.5142, 0.4968, 0.5413, 0.4828, 0.5272, 0.5185, 0.5497, 0.4865, 0.5242, 0.5088, 0.5547, 0.579, 0.5327, 0.5535, 0.5553, 0.5733, 0.5978, 0.5915, 0.6022, 0.5982, 0.6062, 0.6355, 0.5952, 0.6258, 0.5933, 0.5867, 0.6138, 0.6202, 0.58, 0.6025, 0.5962, 0.6185, 0.6462, 0.6375, 0.6262, 0.6488, 0.628, 0.6395, 0.6148, 0.6442, 0.6235, 0.6502, 0.654, 0.6532, 0.6398, 0.649, 0.6285, 0.6405, 0.624, 0.6603, 0.6402, 0.6488, 0.6575, 0.644, 0.6545, 0.6478, 0.6593, 0.65, 0.6713, 0.6583, 0.68, 0.629, 0.6565, 0.6528, 0.6538, 0.6442, 0.6807, 0.682, 0.6657, 0.6715, 0.6583, 0.6528, 0.6765, 0.6797, 0.6795, 0.6755, 0.643, 0.6558, 0.6335, 0.6475, 0.6522, 0.6617, 0.6737, 0.6625, 0.682, 0.6627, 0.6675, 0.674, 0.674, 0.6552, 0.669, 0.673, 0.6813, 0.6765, 0.662, 0.6917, 0.6923, 0.6703]
2026-08-19 12:06:59,044 - FINAL_FedLF_r200.log - INFO - Minority Class Accuracy: [0.0, 0.0, 0.0, 0.0, 0.0, 0.0, 0.0, 0.0, 0.0, 0.0, 0.0003, 0.026, 0.026, 0.0147, 0.018, 0.0217, 0.0153, 0.0033, 0.0247, 0.043, 0.0683, 0.168, 0.1567, 0.1167, 0.2023, 0.2163, 0.1593, 0.239, 0.088, 0.147, 0.1467, 0.2587, 0.204, 0.2333, 0.141, 0.293, 0.2593, 0.3167, 0.281, 0.287, 0.2653, 0.2997, 0.168, 0.2263, 0.2373, 0.3213, 0.2137, 0.2947, 0.2547, 0.289, 0.321, 0.4767, 0.3967, 0.3253, 0.4707, 0.3937, 0.4583, 0.298, 0.3937, 0.321, 0.5233, 0.5213, 0.3733, 0.368, 0.5873, 0.406, 0.5283, 0.5513, 0.4253, 0.4877, 0.5687, 0.554, 0.4057, 0.5917, 0.5983, 0.5573, 0.5453, 0.4183, 0.5497, 0.503, 0.5753, 0.5823, 0.5197, 0.545, 0.6563, 0.5787, 0.5073, 0.5137, 0.5207, 0.5987, 0.5827, 0.551, 0.6307, 0.6727, 0.599, 0.608, 0.6173, 0.5197, 0.5487, 0.505, 0.4293, 0.4497, 0.469, 0.3973, 0.6133, 0.6287, 0.6707, 0.54, 0.4987, 0.6303, 0.6613, 0.5717, 0.6473, 0.7237, 0.6043, 0.6373, 0.665, 0.6267, 0.6067, 0.5393]
2026-08-19 12:06:59,044 - FINAL_FedLF_r200.log - INFO - === Head-Tail Evaluation ===
2026-08-19 12:06:59,044 - FINAL_FedLF_r200.log - INFO - Head Accuracy: 0.7283
2026-08-19 12:06:59,044 - FINAL_FedLF_r200.log - INFO - Tail Accuracy: 0.5393
2026-08-19 12:07:12,430 - FINAL_FedLF_r200.log - INFO - Round 121 selected clients: [0, 3, 4, 5, 7, 16, 17, 18]
2026-08-19 12:07:32,265 - FINAL_FedLF_r200.log - INFO - Round 121 | Global 0.6883 | Head 0.7259 | Tail 0.6007 | Many 0.7953 | Medium 0.6737 | Few 0.6007 | best_tail 0.7237@114 | rollback=False
2026-08-19 12:07:32,275 - FINAL_FedLF_r200.log - INFO - Round 122 selected clients: [0, 1, 4, 12, 13, 14, 17, 18]
2026-08-19 12:07:51,506 - FINAL_FedLF_r200.log - INFO - Round 122 | Global 0.6667 | Head 0.7263 | Tail 0.5277 | Many 0.8067 | Medium 0.6660 | Few 0.5277 | best_tail 0.7237@114 | rollback=False
2026-08-19 12:07:51,506 - FINAL_FedLF_r200.log - INFO - Round 123 selected clients: [2, 10, 13, 14, 15, 16, 17, 19]
2026-08-19 12:08:10,681 - FINAL_FedLF_r200.log - INFO - Round 123 | Global 0.6885 | Head 0.7309 | Tail 0.5897 | Many 0.8080 | Medium 0.6730 | Few 0.5897 | best_tail 0.7237@114 | rollback=False
2026-08-19 12:08:10,681 - FINAL_FedLF_r200.log - INFO - Round 124 selected clients: [4, 8, 9, 10, 12, 13, 14, 16]
2026-08-19 12:08:29,585 - FINAL_FedLF_r200.log - INFO - Round 124 | Global 0.6543 | Head 0.7349 | Tail 0.4663 | Many 0.8390 | Medium 0.6567 | Few 0.4663 | best_tail 0.7237@114 | rollback=False
2026-08-19 12:08:29,585 - FINAL_FedLF_r200.log - INFO - Round 125 selected clients: [1, 4, 5, 8, 12, 13, 17, 19]
2026-08-19 12:08:48,902 - FINAL_FedLF_r200.log - INFO - Round 125 | Global 0.6712 | Head 0.7294 | Tail 0.5353 | Many 0.8073 | Medium 0.6710 | Few 0.5353 | best_tail 0.7237@114 | rollback=False
2026-08-19 12:08:48,902 - FINAL_FedLF_r200.log - INFO - Round 126 selected clients: [2, 8, 9, 12, 13, 14, 15, 16]
2026-08-19 12:09:08,165 - FINAL_FedLF_r200.log - INFO - Round 126 | Global 0.6870 | Head 0.7344 | Tail 0.5763 | Many 0.7837 | Medium 0.6975 | Few 0.5763 | best_tail 0.7237@114 | rollback=False
2026-08-19 12:09:08,165 - FINAL_FedLF_r200.log - INFO - Round 127 selected clients: [4, 5, 7, 11, 15, 16, 17, 18]
2026-08-19 12:09:28,303 - FINAL_FedLF_r200.log - INFO - Round 127 | Global 0.6901 | Head 0.7361 | Tail 0.5827 | Many 0.7977 | Medium 0.6900 | Few 0.5827 | best_tail 0.7237@114 | rollback=False
2026-08-19 12:09:28,303 - FINAL_FedLF_r200.log - INFO - Round 128 selected clients: [3, 6, 8, 10, 12, 15, 17, 19]
2026-08-19 12:09:49,992 - FINAL_FedLF_r200.log - INFO - Round 128 | Global 0.7087 | Head 0.7071 | Tail 0.7123 | Many 0.7600 | Medium 0.6675 | Few 0.7123 | best_tail 0.7237@114 | rollback=False
2026-08-19 12:09:49,992 - FINAL_FedLF_r200.log - INFO - Round 129 selected clients: [4, 6, 7, 10, 11, 15, 16, 17]
2026-08-19 12:10:11,099 - FINAL_FedLF_r200.log - INFO - Round 129 | Global 0.6915 | Head 0.7280 | Tail 0.6063 | Many 0.7930 | Medium 0.6793 | Few 0.6063 | best_tail 0.7237@114 | rollback=False
2026-08-19 12:10:11,099 - FINAL_FedLF_r200.log - INFO - Round 130 selected clients: [0, 3, 6, 9, 10, 14, 15, 17]
2026-08-19 12:10:32,676 - FINAL_FedLF_r200.log - INFO - Round 130 | Global 0.6829 | Head 0.7109 | Tail 0.6177 | Many 0.7737 | Medium 0.6637 | Few 0.6177 | best_tail 0.7237@114 | rollback=False
2026-08-19 12:10:32,703 - FINAL_FedLF_r200.log - INFO - Global Accuracy: [0.1613, 0.212, 0.2494, 0.2527, 0.2967, 0.3211, 0.3432, 0.3499, 0.3141, 0.3499, 0.3685, 0.3975, 0.4025, 0.3872, 0.4057, 0.411, 0.414, 0.4069, 0.4079, 0.4227, 0.4298, 0.48, 0.4877, 0.4721, 0.5093, 0.5037, 0.4801, 0.5015, 0.4829, 0.488, 0.4927, 0.5214, 0.5219, 0.5372, 0.5008, 0.5435, 0.5417, 0.5616, 0.5519, 0.5619, 0.5451, 0.5668, 0.5328, 0.5379, 0.536, 0.5769, 0.5397, 0.5624, 0.557, 0.5696, 0.5738, 0.6121, 0.5936, 0.5886, 0.6181, 0.6014, 0.61, 0.5867, 0.6075, 0.5938, 0.6332, 0.6419, 0.6069, 0.6072, 0.6607, 0.6202, 0.6484, 0.6554, 0.6228, 0.6382, 0.6586, 0.6584, 0.6185, 0.668, 0.6728, 0.6556, 0.6567, 0.624, 0.6641, 0.6532, 0.6671, 0.6695, 0.6604, 0.6488, 0.6837, 0.6711, 0.6498, 0.6505, 0.6615, 0.6817, 0.6729, 0.6719, 0.6786, 0.6896, 0.673, 0.6757, 0.6866, 0.6639, 0.6632, 0.6582, 0.6309, 0.641, 0.6488, 0.6322, 0.6859, 0.6845, 0.6922, 0.6634, 0.6628, 0.6864, 0.693, 0.6737, 0.6925, 0.6966, 0.6909, 0.6922, 0.6947, 0.6847, 0.6838, 0.6716, 0.6883, 0.6667, 0.6885, 0.6543, 0.6712, 0.687, 0.6901, 0.7087, 0.6915, 0.6829]
2026-08-19 12:10:32,703 - FINAL_FedLF_r200.log - INFO - Majority Class Accuracy: [0.505, 0.6557, 0.7047, 0.7043, 0.7367, 0.761, 0.7787, 0.7387, 0.6963, 0.7957, 0.8, 0.733, 0.7363, 0.722, 0.7567, 0.7893, 0.7727, 0.7483, 0.7517, 0.8087, 0.7357, 0.7717, 0.7833, 0.7947, 0.7737, 0.819, 0.738, 0.7413, 0.7887, 0.831, 0.7967, 0.801, 0.796, 0.7853, 0.818, 0.7807, 0.806, 0.791, 0.7617, 0.7973, 0.7487, 0.792, 0.7997, 0.7193, 0.7557, 0.7673, 0.7943, 0.7977, 0.7837, 0.7827, 0.8183, 0.7603, 0.787, 0.812, 0.728, 0.761, 0.74, 0.7927, 0.794, 0.8057, 0.7677, 0.7593, 0.8183, 0.789, 0.743, 0.7903, 0.78, 0.768, 0.8127, 0.7857, 0.7947, 0.7603, 0.8023, 0.77, 0.7677, 0.7693, 0.771, 0.798, 0.785, 0.8077, 0.7533, 0.7717, 0.775, 0.779, 0.7473, 0.788, 0.787, 0.7957, 0.7767, 0.7643, 0.7727, 0.7933, 0.7537, 0.7557, 0.7423, 0.738, 0.7653, 0.7927, 0.8047, 0.8147, 0.829, 0.8237, 0.824, 0.8277, 0.7747, 0.7697, 0.7273, 0.7877, 0.8207, 0.759, 0.75, 0.8003, 0.769, 0.701, 0.7903, 0.768, 0.768, 0.7333, 0.7497, 0.8057, 0.7953, 0.8067, 0.808, 0.839, 0.8073, 0.7837, 0.7977, 0.76, 0.793, 0.7737]
2026-08-19 12:10:32,703 - FINAL_FedLF_r200.log - INFO - Medium Class Accuracy: [0.0245, 0.0382, 0.095, 0.1035, 0.1893, 0.232, 0.274, 0.3207, 0.263, 0.278, 0.321, 0.4245, 0.4345, 0.4155, 0.4333, 0.4193, 0.444, 0.4535, 0.4375, 0.418, 0.4715, 0.4953, 0.5142, 0.4968, 0.5413, 0.4828, 0.5272, 0.5185, 0.5497, 0.4865, 0.5242, 0.5088, 0.5547, 0.579, 0.5327, 0.5535, 0.5553, 0.5733, 0.5978, 0.5915, 0.6022, 0.5982, 0.6062, 0.6355, 0.5952, 0.6258, 0.5933, 0.5867, 0.6138, 0.6202, 0.58, 0.6025, 0.5962, 0.6185, 0.6462, 0.6375, 0.6262, 0.6488, 0.628, 0.6395, 0.6148, 0.6442, 0.6235, 0.6502, 0.654, 0.6532, 0.6398, 0.649, 0.6285, 0.6405, 0.624, 0.6603, 0.6402, 0.6488, 0.6575, 0.644, 0.6545, 0.6478, 0.6593, 0.65, 0.6713, 0.6583, 0.68, 0.629, 0.6565, 0.6528, 0.6538, 0.6442, 0.6807, 0.682, 0.6657, 0.6715, 0.6583, 0.6528, 0.6765, 0.6797, 0.6795, 0.6755, 0.643, 0.6558, 0.6335, 0.6475, 0.6522, 0.6617, 0.6737, 0.6625, 0.682, 0.6627, 0.6675, 0.674, 0.674, 0.6552, 0.669, 0.673, 0.6813, 0.6765, 0.662, 0.6917, 0.6923, 0.6703, 0.6737, 0.666, 0.673, 0.6567, 0.671, 0.6975, 0.69, 0.6675, 0.6793, 0.6637]
2026-08-19 12:10:32,703 - FINAL_FedLF_r200.log - INFO - Minority Class Accuracy: [0.0, 0.0, 0.0, 0.0, 0.0, 0.0, 0.0, 0.0, 0.0, 0.0, 0.0003, 0.026, 0.026, 0.0147, 0.018, 0.0217, 0.0153, 0.0033, 0.0247, 0.043, 0.0683, 0.168, 0.1567, 0.1167, 0.2023, 0.2163, 0.1593, 0.239, 0.088, 0.147, 0.1467, 0.2587, 0.204, 0.2333, 0.141, 0.293, 0.2593, 0.3167, 0.281, 0.287, 0.2653, 0.2997, 0.168, 0.2263, 0.2373, 0.3213, 0.2137, 0.2947, 0.2547, 0.289, 0.321, 0.4767, 0.3967, 0.3253, 0.4707, 0.3937, 0.4583, 0.298, 0.3937, 0.321, 0.5233, 0.5213, 0.3733, 0.368, 0.5873, 0.406, 0.5283, 0.5513, 0.4253, 0.4877, 0.5687, 0.554, 0.4057, 0.5917, 0.5983, 0.5573, 0.5453, 0.4183, 0.5497, 0.503, 0.5753, 0.5823, 0.5197, 0.545, 0.6563, 0.5787, 0.5073, 0.5137, 0.5207, 0.5987, 0.5827, 0.551, 0.6307, 0.6727, 0.599, 0.608, 0.6173, 0.5197, 0.5487, 0.505, 0.4293, 0.4497, 0.469, 0.3973, 0.6133, 0.6287, 0.6707, 0.54, 0.4987, 0.6303, 0.6613, 0.5717, 0.6473, 0.7237, 0.6043, 0.6373, 0.665, 0.6267, 0.6067, 0.5393, 0.6007, 0.5277, 0.5897, 0.4663, 0.5353, 0.5763, 0.5827, 0.7123, 0.6063, 0.6177]
2026-08-19 12:10:32,703 - FINAL_FedLF_r200.log - INFO - === Head-Tail Evaluation ===
2026-08-19 12:10:32,703 - FINAL_FedLF_r200.log - INFO - Head Accuracy: 0.7109
2026-08-19 12:10:32,710 - FINAL_FedLF_r200.log - INFO - Tail Accuracy: 0.6177
2026-08-19 12:10:45,945 - FINAL_FedLF_r200.log - INFO - Round 131 selected clients: [0, 3, 7, 8, 9, 12, 14, 18]
2026-08-19 12:11:07,770 - FINAL_FedLF_r200.log - INFO - Round 131 | Global 0.6880 | Head 0.7226 | Tail 0.6073 | Many 0.7893 | Medium 0.6725 | Few 0.6073 | best_tail 0.7237@114 | rollback=False
2026-08-19 12:11:07,770 - FINAL_FedLF_r200.log - INFO - Round 132 selected clients: [1, 5, 7, 10, 12, 13, 15, 19]
2026-08-19 12:11:29,157 - FINAL_FedLF_r200.log - INFO - Round 132 | Global 0.6883 | Head 0.7263 | Tail 0.5997 | Many 0.7823 | Medium 0.6843 | Few 0.5997 | best_tail 0.7237@114 | rollback=False
2026-08-19 12:11:29,157 - FINAL_FedLF_r200.log - INFO - Round 133 selected clients: [0, 1, 7, 8, 9, 11, 15, 16]
2026-08-19 12:11:50,404 - FINAL_FedLF_r200.log - INFO - Round 133 | Global 0.6657 | Head 0.7167 | Tail 0.5467 | Many 0.8057 | Medium 0.6500 | Few 0.5467 | best_tail 0.7237@114 | rollback=False
2026-08-19 12:11:50,404 - FINAL_FedLF_r200.log - INFO - Round 134 selected clients: [2, 3, 7, 8, 10, 16, 18, 19]
2026-08-19 12:12:11,708 - FINAL_FedLF_r200.log - INFO - Round 134 | Global 0.6970 | Head 0.7159 | Tail 0.6530 | Many 0.7687 | Medium 0.6763 | Few 0.6530 | best_tail 0.7237@114 | rollback=False
2026-08-19 12:12:11,708 - FINAL_FedLF_r200.log - INFO - Round 135 selected clients: [0, 6, 9, 12, 13, 14, 16, 19]
2026-08-19 12:12:33,031 - FINAL_FedLF_r200.log - INFO - Round 135 | Global 0.6935 | Head 0.7129 | Tail 0.6483 | Many 0.7633 | Medium 0.6750 | Few 0.6483 | best_tail 0.7237@114 | rollback=False
2026-08-19 12:12:33,031 - FINAL_FedLF_r200.log - INFO - Round 136 selected clients: [2, 3, 5, 6, 10, 13, 15, 18]
2026-08-19 12:12:54,822 - FINAL_FedLF_r200.log - INFO - Round 136 | Global 0.6944 | Head 0.6919 | Tail 0.7003 | Many 0.7253 | Medium 0.6667 | Few 0.7003 | best_tail 0.7237@114 | rollback=False
2026-08-19 12:12:54,822 - FINAL_FedLF_r200.log - INFO - Round 137 selected clients: [1, 2, 3, 5, 9, 10, 13, 19]
2026-08-19 12:13:16,366 - FINAL_FedLF_r200.log - INFO - Round 137 | Global 0.7001 | Head 0.7076 | Tail 0.6827 | Many 0.7433 | Medium 0.6807 | Few 0.6827 | best_tail 0.7237@114 | rollback=False
2026-08-19 12:13:16,366 - FINAL_FedLF_r200.log - INFO - Round 138 selected clients: [0, 1, 5, 7, 8, 12, 16, 18]
2026-08-19 12:13:37,009 - FINAL_FedLF_r200.log - INFO - Round 138 | Global 0.7034 | Head 0.7187 | Tail 0.6677 | Many 0.7717 | Medium 0.6790 | Few 0.6677 | best_tail 0.7237@114 | rollback=False
2026-08-19 12:13:37,009 - FINAL_FedLF_r200.log - INFO - Round 139 selected clients: [4, 5, 6, 10, 11, 12, 14, 18]
2026-08-19 12:13:58,331 - FINAL_FedLF_r200.log - INFO - Round 139 | Global 0.6958 | Head 0.7283 | Tail 0.6200 | Many 0.7807 | Medium 0.6890 | Few 0.6200 | best_tail 0.7237@114 | rollback=False
2026-08-19 12:13:58,331 - FINAL_FedLF_r200.log - INFO - Round 140 selected clients: [2, 6, 8, 12, 14, 15, 16, 19]
2026-08-19 12:14:18,195 - FINAL_FedLF_r200.log - INFO - Round 140 | Global 0.7088 | Head 0.7143 | Tail 0.6960 | Many 0.7450 | Medium 0.6913 | Few 0.6960 | best_tail 0.7237@114 | rollback=False
2026-08-19 12:14:18,222 - FINAL_FedLF_r200.log - INFO - Global Accuracy: [0.1613, 0.212, 0.2494, 0.2527, 0.2967, 0.3211, 0.3432, 0.3499, 0.3141, 0.3499, 0.3685, 0.3975, 0.4025, 0.3872, 0.4057, 0.411, 0.414, 0.4069, 0.4079, 0.4227, 0.4298, 0.48, 0.4877, 0.4721, 0.5093, 0.5037, 0.4801, 0.5015, 0.4829, 0.488, 0.4927, 0.5214, 0.5219, 0.5372, 0.5008, 0.5435, 0.5417, 0.5616, 0.5519, 0.5619, 0.5451, 0.5668, 0.5328, 0.5379, 0.536, 0.5769, 0.5397, 0.5624, 0.557, 0.5696, 0.5738, 0.6121, 0.5936, 0.5886, 0.6181, 0.6014, 0.61, 0.5867, 0.6075, 0.5938, 0.6332, 0.6419, 0.6069, 0.6072, 0.6607, 0.6202, 0.6484, 0.6554, 0.6228, 0.6382, 0.6586, 0.6584, 0.6185, 0.668, 0.6728, 0.6556, 0.6567, 0.624, 0.6641, 0.6532, 0.6671, 0.6695, 0.6604, 0.6488, 0.6837, 0.6711, 0.6498, 0.6505, 0.6615, 0.6817, 0.6729, 0.6719, 0.6786, 0.6896, 0.673, 0.6757, 0.6866, 0.6639, 0.6632, 0.6582, 0.6309, 0.641, 0.6488, 0.6322, 0.6859, 0.6845, 0.6922, 0.6634, 0.6628, 0.6864, 0.693, 0.6737, 0.6925, 0.6966, 0.6909, 0.6922, 0.6947, 0.6847, 0.6838, 0.6716, 0.6883, 0.6667, 0.6885, 0.6543, 0.6712, 0.687, 0.6901, 0.7087, 0.6915, 0.6829, 0.688, 0.6883, 0.6657, 0.697, 0.6935, 0.6944, 0.7001, 0.7034, 0.6958, 0.7088]
2026-08-19 12:14:18,222 - FINAL_FedLF_r200.log - INFO - Majority Class Accuracy: [0.505, 0.6557, 0.7047, 0.7043, 0.7367, 0.761, 0.7787, 0.7387, 0.6963, 0.7957, 0.8, 0.733, 0.7363, 0.722, 0.7567, 0.7893, 0.7727, 0.7483, 0.7517, 0.8087, 0.7357, 0.7717, 0.7833, 0.7947, 0.7737, 0.819, 0.738, 0.7413, 0.7887, 0.831, 0.7967, 0.801, 0.796, 0.7853, 0.818, 0.7807, 0.806, 0.791, 0.7617, 0.7973, 0.7487, 0.792, 0.7997, 0.7193, 0.7557, 0.7673, 0.7943, 0.7977, 0.7837, 0.7827, 0.8183, 0.7603, 0.787, 0.812, 0.728, 0.761, 0.74, 0.7927, 0.794, 0.8057, 0.7677, 0.7593, 0.8183, 0.789, 0.743, 0.7903, 0.78, 0.768, 0.8127, 0.7857, 0.7947, 0.7603, 0.8023, 0.77, 0.7677, 0.7693, 0.771, 0.798, 0.785, 0.8077, 0.7533, 0.7717, 0.775, 0.779, 0.7473, 0.788, 0.787, 0.7957, 0.7767, 0.7643, 0.7727, 0.7933, 0.7537, 0.7557, 0.7423, 0.738, 0.7653, 0.7927, 0.8047, 0.8147, 0.829, 0.8237, 0.824, 0.8277, 0.7747, 0.7697, 0.7273, 0.7877, 0.8207, 0.759, 0.75, 0.8003, 0.769, 0.701, 0.7903, 0.768, 0.768, 0.7333, 0.7497, 0.8057, 0.7953, 0.8067, 0.808, 0.839, 0.8073, 0.7837, 0.7977, 0.76, 0.793, 0.7737, 0.7893, 0.7823, 0.8057, 0.7687, 0.7633, 0.7253, 0.7433, 0.7717, 0.7807, 0.745]
2026-08-19 12:14:18,222 - FINAL_FedLF_r200.log - INFO - Medium Class Accuracy: [0.0245, 0.0382, 0.095, 0.1035, 0.1893, 0.232, 0.274, 0.3207, 0.263, 0.278, 0.321, 0.4245, 0.4345, 0.4155, 0.4333, 0.4193, 0.444, 0.4535, 0.4375, 0.418, 0.4715, 0.4953, 0.5142, 0.4968, 0.5413, 0.4828, 0.5272, 0.5185, 0.5497, 0.4865, 0.5242, 0.5088, 0.5547, 0.579, 0.5327, 0.5535, 0.5553, 0.5733, 0.5978, 0.5915, 0.6022, 0.5982, 0.6062, 0.6355, 0.5952, 0.6258, 0.5933, 0.5867, 0.6138, 0.6202, 0.58, 0.6025, 0.5962, 0.6185, 0.6462, 0.6375, 0.6262, 0.6488, 0.628, 0.6395, 0.6148, 0.6442, 0.6235, 0.6502, 0.654, 0.6532, 0.6398, 0.649, 0.6285, 0.6405, 0.624, 0.6603, 0.6402, 0.6488, 0.6575, 0.644, 0.6545, 0.6478, 0.6593, 0.65, 0.6713, 0.6583, 0.68, 0.629, 0.6565, 0.6528, 0.6538, 0.6442, 0.6807, 0.682, 0.6657, 0.6715, 0.6583, 0.6528, 0.6765, 0.6797, 0.6795, 0.6755, 0.643, 0.6558, 0.6335, 0.6475, 0.6522, 0.6617, 0.6737, 0.6625, 0.682, 0.6627, 0.6675, 0.674, 0.674, 0.6552, 0.669, 0.673, 0.6813, 0.6765, 0.662, 0.6917, 0.6923, 0.6703, 0.6737, 0.666, 0.673, 0.6567, 0.671, 0.6975, 0.69, 0.6675, 0.6793, 0.6637, 0.6725, 0.6843, 0.65, 0.6763, 0.675, 0.6667, 0.6807, 0.679, 0.689, 0.6913]
2026-08-19 12:14:18,222 - FINAL_FedLF_r200.log - INFO - Minority Class Accuracy: [0.0, 0.0, 0.0, 0.0, 0.0, 0.0, 0.0, 0.0, 0.0, 0.0, 0.0003, 0.026, 0.026, 0.0147, 0.018, 0.0217, 0.0153, 0.0033, 0.0247, 0.043, 0.0683, 0.168, 0.1567, 0.1167, 0.2023, 0.2163, 0.1593, 0.239, 0.088, 0.147, 0.1467, 0.2587, 0.204, 0.2333, 0.141, 0.293, 0.2593, 0.3167, 0.281, 0.287, 0.2653, 0.2997, 0.168, 0.2263, 0.2373, 0.3213, 0.2137, 0.2947, 0.2547, 0.289, 0.321, 0.4767, 0.3967, 0.3253, 0.4707, 0.3937, 0.4583, 0.298, 0.3937, 0.321, 0.5233, 0.5213, 0.3733, 0.368, 0.5873, 0.406, 0.5283, 0.5513, 0.4253, 0.4877, 0.5687, 0.554, 0.4057, 0.5917, 0.5983, 0.5573, 0.5453, 0.4183, 0.5497, 0.503, 0.5753, 0.5823, 0.5197, 0.545, 0.6563, 0.5787, 0.5073, 0.5137, 0.5207, 0.5987, 0.5827, 0.551, 0.6307, 0.6727, 0.599, 0.608, 0.6173, 0.5197, 0.5487, 0.505, 0.4293, 0.4497, 0.469, 0.3973, 0.6133, 0.6287, 0.6707, 0.54, 0.4987, 0.6303, 0.6613, 0.5717, 0.6473, 0.7237, 0.6043, 0.6373, 0.665, 0.6267, 0.6067, 0.5393, 0.6007, 0.5277, 0.5897, 0.4663, 0.5353, 0.5763, 0.5827, 0.7123, 0.6063, 0.6177, 0.6073, 0.5997, 0.5467, 0.653, 0.6483, 0.7003, 0.6827, 0.6677, 0.62, 0.696]
2026-08-19 12:14:18,223 - FINAL_FedLF_r200.log - INFO - === Head-Tail Evaluation ===
2026-08-19 12:14:18,223 - FINAL_FedLF_r200.log - INFO - Head Accuracy: 0.7143
2026-08-19 12:14:18,223 - FINAL_FedLF_r200.log - INFO - Tail Accuracy: 0.6960
2026-08-19 12:14:31,465 - FINAL_FedLF_r200.log - INFO - Round 141 selected clients: [1, 3, 5, 10, 12, 14, 15, 19]
2026-08-19 12:14:51,160 - FINAL_FedLF_r200.log - INFO - Round 141 | Global 0.7024 | Head 0.7214 | Tail 0.6580 | Many 0.7780 | Medium 0.6790 | Few 0.6580 | best_tail 0.7237@114 | rollback=False
2026-08-19 12:14:51,160 - FINAL_FedLF_r200.log - INFO - Round 142 selected clients: [0, 1, 2, 3, 4, 9, 14, 17]
2026-08-19 12:15:10,456 - FINAL_FedLF_r200.log - INFO - Round 142 | Global 0.7021 | Head 0.7290 | Tail 0.6393 | Many 0.7843 | Medium 0.6875 | Few 0.6393 | best_tail 0.7237@114 | rollback=False
2026-08-19 12:15:10,456 - FINAL_FedLF_r200.log - INFO - Round 143 selected clients: [1, 3, 6, 8, 9, 13, 15, 16]
2026-08-19 12:15:29,502 - FINAL_FedLF_r200.log - INFO - Round 143 | Global 0.6919 | Head 0.7174 | Tail 0.6323 | Many 0.7790 | Medium 0.6713 | Few 0.6323 | best_tail 0.7237@114 | rollback=False
2026-08-19 12:15:29,502 - FINAL_FedLF_r200.log - INFO - Round 144 selected clients: [1, 5, 6, 8, 10, 12, 15, 18]
2026-08-19 12:15:48,664 - FINAL_FedLF_r200.log - INFO - Round 144 | Global 0.6987 | Head 0.7163 | Tail 0.6577 | Many 0.7577 | Medium 0.6853 | Few 0.6577 | best_tail 0.7237@114 | rollback=False
2026-08-19 12:15:48,664 - FINAL_FedLF_r200.log - INFO - Round 145 selected clients: [0, 2, 4, 7, 11, 17, 18, 19]
2026-08-19 12:16:07,900 - FINAL_FedLF_r200.log - INFO - Round 145 | Global 0.6878 | Head 0.6833 | Tail 0.6983 | Many 0.7080 | Medium 0.6647 | Few 0.6983 | best_tail 0.7237@114 | rollback=False
2026-08-19 12:16:07,900 - FINAL_FedLF_r200.log - INFO - Round 146 selected clients: [0, 1, 6, 8, 12, 13, 14, 16]
2026-08-19 12:16:26,564 - FINAL_FedLF_r200.log - INFO - Round 146 | Global 0.6907 | Head 0.7293 | Tail 0.6007 | Many 0.8153 | Medium 0.6647 | Few 0.6007 | best_tail 0.7237@114 | rollback=False
2026-08-19 12:16:26,564 - FINAL_FedLF_r200.log - INFO - Round 147 selected clients: [1, 2, 4, 10, 12, 15, 16, 19]
2026-08-19 12:16:45,683 - FINAL_FedLF_r200.log - INFO - Round 147 | Global 0.7012 | Head 0.7279 | Tail 0.6390 | Many 0.7867 | Medium 0.6837 | Few 0.6390 | best_tail 0.7237@114 | rollback=False
2026-08-19 12:16:45,683 - FINAL_FedLF_r200.log - INFO - Round 148 selected clients: [0, 6, 8, 10, 11, 15, 17, 18]
2026-08-19 12:17:04,720 - FINAL_FedLF_r200.log - INFO - Round 148 | Global 0.6937 | Head 0.7193 | Tail 0.6340 | Many 0.7680 | Medium 0.6827 | Few 0.6340 | best_tail 0.7237@114 | rollback=False
2026-08-19 12:17:04,720 - FINAL_FedLF_r200.log - INFO - Round 149 selected clients: [1, 2, 3, 4, 6, 7, 12, 14]
2026-08-19 12:17:23,820 - FINAL_FedLF_r200.log - INFO - Round 149 | Global 0.6859 | Head 0.7170 | Tail 0.6133 | Many 0.7540 | Medium 0.6893 | Few 0.6133 | best_tail 0.7237@114 | rollback=False
2026-08-19 12:17:23,828 - FINAL_FedLF_r200.log - INFO - Round 150 selected clients: [5, 7, 11, 12, 14, 17, 18, 19]
2026-08-19 12:17:43,216 - FINAL_FedLF_r200.log - INFO - Round 150 | Global 0.7076 | Head 0.7173 | Tail 0.6850 | Many 0.7667 | Medium 0.6803 | Few 0.6850 | best_tail 0.7237@114 | rollback=False
2026-08-19 12:17:43,243 - FINAL_FedLF_r200.log - INFO - Global Accuracy: [0.1613, 0.212, 0.2494, 0.2527, 0.2967, 0.3211, 0.3432, 0.3499, 0.3141, 0.3499, 0.3685, 0.3975, 0.4025, 0.3872, 0.4057, 0.411, 0.414, 0.4069, 0.4079, 0.4227, 0.4298, 0.48, 0.4877, 0.4721, 0.5093, 0.5037, 0.4801, 0.5015, 0.4829, 0.488, 0.4927, 0.5214, 0.5219, 0.5372, 0.5008, 0.5435, 0.5417, 0.5616, 0.5519, 0.5619, 0.5451, 0.5668, 0.5328, 0.5379, 0.536, 0.5769, 0.5397, 0.5624, 0.557, 0.5696, 0.5738, 0.6121, 0.5936, 0.5886, 0.6181, 0.6014, 0.61, 0.5867, 0.6075, 0.5938, 0.6332, 0.6419, 0.6069, 0.6072, 0.6607, 0.6202, 0.6484, 0.6554, 0.6228, 0.6382, 0.6586, 0.6584, 0.6185, 0.668, 0.6728, 0.6556, 0.6567, 0.624, 0.6641, 0.6532, 0.6671, 0.6695, 0.6604, 0.6488, 0.6837, 0.6711, 0.6498, 0.6505, 0.6615, 0.6817, 0.6729, 0.6719, 0.6786, 0.6896, 0.673, 0.6757, 0.6866, 0.6639, 0.6632, 0.6582, 0.6309, 0.641, 0.6488, 0.6322, 0.6859, 0.6845, 0.6922, 0.6634, 0.6628, 0.6864, 0.693, 0.6737, 0.6925, 0.6966, 0.6909, 0.6922, 0.6947, 0.6847, 0.6838, 0.6716, 0.6883, 0.6667, 0.6885, 0.6543, 0.6712, 0.687, 0.6901, 0.7087, 0.6915, 0.6829, 0.688, 0.6883, 0.6657, 0.697, 0.6935, 0.6944, 0.7001, 0.7034, 0.6958, 0.7088, 0.7024, 0.7021, 0.6919, 0.6987, 0.6878, 0.6907, 0.7012, 0.6937, 0.6859, 0.7076]
2026-08-19 12:17:43,243 - FINAL_FedLF_r200.log - INFO - Majority Class Accuracy: [0.505, 0.6557, 0.7047, 0.7043, 0.7367, 0.761, 0.7787, 0.7387, 0.6963, 0.7957, 0.8, 0.733, 0.7363, 0.722, 0.7567, 0.7893, 0.7727, 0.7483, 0.7517, 0.8087, 0.7357, 0.7717, 0.7833, 0.7947, 0.7737, 0.819, 0.738, 0.7413, 0.7887, 0.831, 0.7967, 0.801, 0.796, 0.7853, 0.818, 0.7807, 0.806, 0.791, 0.7617, 0.7973, 0.7487, 0.792, 0.7997, 0.7193, 0.7557, 0.7673, 0.7943, 0.7977, 0.7837, 0.7827, 0.8183, 0.7603, 0.787, 0.812, 0.728, 0.761, 0.74, 0.7927, 0.794, 0.8057, 0.7677, 0.7593, 0.8183, 0.789, 0.743, 0.7903, 0.78, 0.768, 0.8127, 0.7857, 0.7947, 0.7603, 0.8023, 0.77, 0.7677, 0.7693, 0.771, 0.798, 0.785, 0.8077, 0.7533, 0.7717, 0.775, 0.779, 0.7473, 0.788, 0.787, 0.7957, 0.7767, 0.7643, 0.7727, 0.7933, 0.7537, 0.7557, 0.7423, 0.738, 0.7653, 0.7927, 0.8047, 0.8147, 0.829, 0.8237, 0.824, 0.8277, 0.7747, 0.7697, 0.7273, 0.7877, 0.8207, 0.759, 0.75, 0.8003, 0.769, 0.701, 0.7903, 0.768, 0.768, 0.7333, 0.7497, 0.8057, 0.7953, 0.8067, 0.808, 0.839, 0.8073, 0.7837, 0.7977, 0.76, 0.793, 0.7737, 0.7893, 0.7823, 0.8057, 0.7687, 0.7633, 0.7253, 0.7433, 0.7717, 0.7807, 0.745, 0.778, 0.7843, 0.779, 0.7577, 0.708, 0.8153, 0.7867, 0.768, 0.754, 0.7667]
2026-08-19 12:17:43,243 - FINAL_FedLF_r200.log - INFO - Medium Class Accuracy: [0.0245, 0.0382, 0.095, 0.1035, 0.1893, 0.232, 0.274, 0.3207, 0.263, 0.278, 0.321, 0.4245, 0.4345, 0.4155, 0.4333, 0.4193, 0.444, 0.4535, 0.4375, 0.418, 0.4715, 0.4953, 0.5142, 0.4968, 0.5413, 0.4828, 0.5272, 0.5185, 0.5497, 0.4865, 0.5242, 0.5088, 0.5547, 0.579, 0.5327, 0.5535, 0.5553, 0.5733, 0.5978, 0.5915, 0.6022, 0.5982, 0.6062, 0.6355, 0.5952, 0.6258, 0.5933, 0.5867, 0.6138, 0.6202, 0.58, 0.6025, 0.5962, 0.6185, 0.6462, 0.6375, 0.6262, 0.6488, 0.628, 0.6395, 0.6148, 0.6442, 0.6235, 0.6502, 0.654, 0.6532, 0.6398, 0.649, 0.6285, 0.6405, 0.624, 0.6603, 0.6402, 0.6488, 0.6575, 0.644, 0.6545, 0.6478, 0.6593, 0.65, 0.6713, 0.6583, 0.68, 0.629, 0.6565, 0.6528, 0.6538, 0.6442, 0.6807, 0.682, 0.6657, 0.6715, 0.6583, 0.6528, 0.6765, 0.6797, 0.6795, 0.6755, 0.643, 0.6558, 0.6335, 0.6475, 0.6522, 0.6617, 0.6737, 0.6625, 0.682, 0.6627, 0.6675, 0.674, 0.674, 0.6552, 0.669, 0.673, 0.6813, 0.6765, 0.662, 0.6917, 0.6923, 0.6703, 0.6737, 0.666, 0.673, 0.6567, 0.671, 0.6975, 0.69, 0.6675, 0.6793, 0.6637, 0.6725, 0.6843, 0.65, 0.6763, 0.675, 0.6667, 0.6807, 0.679, 0.689, 0.6913, 0.679, 0.6875, 0.6713, 0.6853, 0.6647, 0.6647, 0.6837, 0.6827, 0.6893, 0.6803]
2026-08-19 12:17:43,243 - FINAL_FedLF_r200.log - INFO - Minority Class Accuracy: [0.0, 0.0, 0.0, 0.0, 0.0, 0.0, 0.0, 0.0, 0.0, 0.0, 0.0003, 0.026, 0.026, 0.0147, 0.018, 0.0217, 0.0153, 0.0033, 0.0247, 0.043, 0.0683, 0.168, 0.1567, 0.1167, 0.2023, 0.2163, 0.1593, 0.239, 0.088, 0.147, 0.1467, 0.2587, 0.204, 0.2333, 0.141, 0.293, 0.2593, 0.3167, 0.281, 0.287, 0.2653, 0.2997, 0.168, 0.2263, 0.2373, 0.3213, 0.2137, 0.2947, 0.2547, 0.289, 0.321, 0.4767, 0.3967, 0.3253, 0.4707, 0.3937, 0.4583, 0.298, 0.3937, 0.321, 0.5233, 0.5213, 0.3733, 0.368, 0.5873, 0.406, 0.5283, 0.5513, 0.4253, 0.4877, 0.5687, 0.554, 0.4057, 0.5917, 0.5983, 0.5573, 0.5453, 0.4183, 0.5497, 0.503, 0.5753, 0.5823, 0.5197, 0.545, 0.6563, 0.5787, 0.5073, 0.5137, 0.5207, 0.5987, 0.5827, 0.551, 0.6307, 0.6727, 0.599, 0.608, 0.6173, 0.5197, 0.5487, 0.505, 0.4293, 0.4497, 0.469, 0.3973, 0.6133, 0.6287, 0.6707, 0.54, 0.4987, 0.6303, 0.6613, 0.5717, 0.6473, 0.7237, 0.6043, 0.6373, 0.665, 0.6267, 0.6067, 0.5393, 0.6007, 0.5277, 0.5897, 0.4663, 0.5353, 0.5763, 0.5827, 0.7123, 0.6063, 0.6177, 0.6073, 0.5997, 0.5467, 0.653, 0.6483, 0.7003, 0.6827, 0.6677, 0.62, 0.696, 0.658, 0.6393, 0.6323, 0.6577, 0.6983, 0.6007, 0.639, 0.634, 0.6133, 0.685]
2026-08-19 12:17:43,243 - FINAL_FedLF_r200.log - INFO - === Head-Tail Evaluation ===
2026-08-19 12:17:43,243 - FINAL_FedLF_r200.log - INFO - Head Accuracy: 0.7173
2026-08-19 12:17:43,243 - FINAL_FedLF_r200.log - INFO - Tail Accuracy: 0.6850
2026-08-19 12:17:56,316 - FINAL_FedLF_r200.log - INFO - Round 151 selected clients: [1, 5, 6, 7, 8, 10, 14, 15]
2026-08-19 12:18:15,485 - FINAL_FedLF_r200.log - INFO - Round 151 | Global 0.6844 | Head 0.7144 | Tail 0.6143 | Many 0.7653 | Medium 0.6763 | Few 0.6143 | best_tail 0.7237@114 | rollback=False
2026-08-19 12:18:15,485 - FINAL_FedLF_r200.log - INFO - Round 152 selected clients: [1, 4, 9, 10, 15, 16, 18, 19]
2026-08-19 12:18:34,775 - FINAL_FedLF_r200.log - INFO - Round 152 | Global 0.6916 | Head 0.7077 | Tail 0.6540 | Many 0.7727 | Medium 0.6590 | Few 0.6540 | best_tail 0.7237@114 | rollback=False
2026-08-19 12:18:34,775 - FINAL_FedLF_r200.log - INFO - Round 153 selected clients: [0, 1, 4, 10, 11, 17, 18, 19]
2026-08-19 12:18:54,164 - FINAL_FedLF_r200.log - INFO - Round 153 | Global 0.6930 | Head 0.7167 | Tail 0.6377 | Many 0.7877 | Medium 0.6635 | Few 0.6377 | best_tail 0.7237@114 | rollback=False
2026-08-19 12:18:54,164 - FINAL_FedLF_r200.log - INFO - Round 154 selected clients: [2, 4, 8, 9, 11, 13, 15, 18]
2026-08-19 12:19:15,343 - FINAL_FedLF_r200.log - INFO - Round 154 | Global 0.6987 | Head 0.7267 | Tail 0.6333 | Many 0.8000 | Medium 0.6717 | Few 0.6333 | best_tail 0.7237@114 | rollback=False
2026-08-19 12:19:15,343 - FINAL_FedLF_r200.log - INFO - Round 155 selected clients: [1, 3, 5, 11, 12, 13, 14, 15]
2026-08-19 12:19:36,750 - FINAL_FedLF_r200.log - INFO - Round 155 | Global 0.6985 | Head 0.7350 | Tail 0.6133 | Many 0.7940 | Medium 0.6907 | Few 0.6133 | best_tail 0.7237@114 | rollback=False
2026-08-19 12:19:36,750 - FINAL_FedLF_r200.log - INFO - Round 156 selected clients: [2, 4, 5, 10, 11, 14, 15, 19]
2026-08-19 12:19:58,075 - FINAL_FedLF_r200.log - INFO - Round 156 | Global 0.7031 | Head 0.7351 | Tail 0.6283 | Many 0.7820 | Medium 0.7000 | Few 0.6283 | best_tail 0.7237@114 | rollback=False
2026-08-19 12:19:58,083 - FINAL_FedLF_r200.log - INFO - Round 157 selected clients: [3, 7, 10, 11, 13, 14, 16, 18]
2026-08-19 12:20:18,750 - FINAL_FedLF_r200.log - INFO - Round 157 | Global 0.6836 | Head 0.7309 | Tail 0.5733 | Many 0.8060 | Medium 0.6745 | Few 0.5733 | best_tail 0.7237@114 | rollback=False
2026-08-19 12:20:18,750 - FINAL_FedLF_r200.log - INFO - Round 158 selected clients: [0, 1, 2, 8, 9, 10, 11, 17]
2026-08-19 12:20:40,158 - FINAL_FedLF_r200.log - INFO - Round 158 | Global 0.6969 | Head 0.7336 | Tail 0.6113 | Many 0.8043 | Medium 0.6805 | Few 0.6113 | best_tail 0.7237@114 | rollback=False
2026-08-19 12:20:40,158 - FINAL_FedLF_r200.log - INFO - Round 159 selected clients: [4, 8, 10, 13, 14, 15, 18, 19]
2026-08-19 12:21:01,907 - FINAL_FedLF_r200.log - INFO - Round 159 | Global 0.6934 | Head 0.7299 | Tail 0.6083 | Many 0.8060 | Medium 0.6727 | Few 0.6083 | best_tail 0.7237@114 | rollback=False
2026-08-19 12:21:01,907 - FINAL_FedLF_r200.log - INFO - Round 160 selected clients: [0, 1, 2, 5, 6, 12, 14, 19]
2026-08-19 12:21:23,920 - FINAL_FedLF_r200.log - INFO - Round 160 | Global 0.7003 | Head 0.6974 | Tail 0.7070 | Many 0.7093 | Medium 0.6885 | Few 0.7070 | best_tail 0.7237@114 | rollback=False
2026-08-19 12:21:23,948 - FINAL_FedLF_r200.log - INFO - Global Accuracy: [0.1613, 0.212, 0.2494, 0.2527, 0.2967, 0.3211, 0.3432, 0.3499, 0.3141, 0.3499, 0.3685, 0.3975, 0.4025, 0.3872, 0.4057, 0.411, 0.414, 0.4069, 0.4079, 0.4227, 0.4298, 0.48, 0.4877, 0.4721, 0.5093, 0.5037, 0.4801, 0.5015, 0.4829, 0.488, 0.4927, 0.5214, 0.5219, 0.5372, 0.5008, 0.5435, 0.5417, 0.5616, 0.5519, 0.5619, 0.5451, 0.5668, 0.5328, 0.5379, 0.536, 0.5769, 0.5397, 0.5624, 0.557, 0.5696, 0.5738, 0.6121, 0.5936, 0.5886, 0.6181, 0.6014, 0.61, 0.5867, 0.6075, 0.5938, 0.6332, 0.6419, 0.6069, 0.6072, 0.6607, 0.6202, 0.6484, 0.6554, 0.6228, 0.6382, 0.6586, 0.6584, 0.6185, 0.668, 0.6728, 0.6556, 0.6567, 0.624, 0.6641, 0.6532, 0.6671, 0.6695, 0.6604, 0.6488, 0.6837, 0.6711, 0.6498, 0.6505, 0.6615, 0.6817, 0.6729, 0.6719, 0.6786, 0.6896, 0.673, 0.6757, 0.6866, 0.6639, 0.6632, 0.6582, 0.6309, 0.641, 0.6488, 0.6322, 0.6859, 0.6845, 0.6922, 0.6634, 0.6628, 0.6864, 0.693, 0.6737, 0.6925, 0.6966, 0.6909, 0.6922, 0.6947, 0.6847, 0.6838, 0.6716, 0.6883, 0.6667, 0.6885, 0.6543, 0.6712, 0.687, 0.6901, 0.7087, 0.6915, 0.6829, 0.688, 0.6883, 0.6657, 0.697, 0.6935, 0.6944, 0.7001, 0.7034, 0.6958, 0.7088, 0.7024, 0.7021, 0.6919, 0.6987, 0.6878, 0.6907, 0.7012, 0.6937, 0.6859, 0.7076, 0.6844, 0.6916, 0.693, 0.6987, 0.6985, 0.7031, 0.6836, 0.6969, 0.6934, 0.7003]
2026-08-19 12:21:23,948 - FINAL_FedLF_r200.log - INFO - Majority Class Accuracy: [0.505, 0.6557, 0.7047, 0.7043, 0.7367, 0.761, 0.7787, 0.7387, 0.6963, 0.7957, 0.8, 0.733, 0.7363, 0.722, 0.7567, 0.7893, 0.7727, 0.7483, 0.7517, 0.8087, 0.7357, 0.7717, 0.7833, 0.7947, 0.7737, 0.819, 0.738, 0.7413, 0.7887, 0.831, 0.7967, 0.801, 0.796, 0.7853, 0.818, 0.7807, 0.806, 0.791, 0.7617, 0.7973, 0.7487, 0.792, 0.7997, 0.7193, 0.7557, 0.7673, 0.7943, 0.7977, 0.7837, 0.7827, 0.8183, 0.7603, 0.787, 0.812, 0.728, 0.761, 0.74, 0.7927, 0.794, 0.8057, 0.7677, 0.7593, 0.8183, 0.789, 0.743, 0.7903, 0.78, 0.768, 0.8127, 0.7857, 0.7947, 0.7603, 0.8023, 0.77, 0.7677, 0.7693, 0.771, 0.798, 0.785, 0.8077, 0.7533, 0.7717, 0.775, 0.779, 0.7473, 0.788, 0.787, 0.7957, 0.7767, 0.7643, 0.7727, 0.7933, 0.7537, 0.7557, 0.7423, 0.738, 0.7653, 0.7927, 0.8047, 0.8147, 0.829, 0.8237, 0.824, 0.8277, 0.7747, 0.7697, 0.7273, 0.7877, 0.8207, 0.759, 0.75, 0.8003, 0.769, 0.701, 0.7903, 0.768, 0.768, 0.7333, 0.7497, 0.8057, 0.7953, 0.8067, 0.808, 0.839, 0.8073, 0.7837, 0.7977, 0.76, 0.793, 0.7737, 0.7893, 0.7823, 0.8057, 0.7687, 0.7633, 0.7253, 0.7433, 0.7717, 0.7807, 0.745, 0.778, 0.7843, 0.779, 0.7577, 0.708, 0.8153, 0.7867, 0.768, 0.754, 0.7667, 0.7653, 0.7727, 0.7877, 0.8, 0.794, 0.782, 0.806, 0.8043, 0.806, 0.7093]
2026-08-19 12:21:23,948 - FINAL_FedLF_r200.log - INFO - Medium Class Accuracy: [0.0245, 0.0382, 0.095, 0.1035, 0.1893, 0.232, 0.274, 0.3207, 0.263, 0.278, 0.321, 0.4245, 0.4345, 0.4155, 0.4333, 0.4193, 0.444, 0.4535, 0.4375, 0.418, 0.4715, 0.4953, 0.5142, 0.4968, 0.5413, 0.4828, 0.5272, 0.5185, 0.5497, 0.4865, 0.5242, 0.5088, 0.5547, 0.579, 0.5327, 0.5535, 0.5553, 0.5733, 0.5978, 0.5915, 0.6022, 0.5982, 0.6062, 0.6355, 0.5952, 0.6258, 0.5933, 0.5867, 0.6138, 0.6202, 0.58, 0.6025, 0.5962, 0.6185, 0.6462, 0.6375, 0.6262, 0.6488, 0.628, 0.6395, 0.6148, 0.6442, 0.6235, 0.6502, 0.654, 0.6532, 0.6398, 0.649, 0.6285, 0.6405, 0.624, 0.6603, 0.6402, 0.6488, 0.6575, 0.644, 0.6545, 0.6478, 0.6593, 0.65, 0.6713, 0.6583, 0.68, 0.629, 0.6565, 0.6528, 0.6538, 0.6442, 0.6807, 0.682, 0.6657, 0.6715, 0.6583, 0.6528, 0.6765, 0.6797, 0.6795, 0.6755, 0.643, 0.6558, 0.6335, 0.6475, 0.6522, 0.6617, 0.6737, 0.6625, 0.682, 0.6627, 0.6675, 0.674, 0.674, 0.6552, 0.669, 0.673, 0.6813, 0.6765, 0.662, 0.6917, 0.6923, 0.6703, 0.6737, 0.666, 0.673, 0.6567, 0.671, 0.6975, 0.69, 0.6675, 0.6793, 0.6637, 0.6725, 0.6843, 0.65, 0.6763, 0.675, 0.6667, 0.6807, 0.679, 0.689, 0.6913, 0.679, 0.6875, 0.6713, 0.6853, 0.6647, 0.6647, 0.6837, 0.6827, 0.6893, 0.6803, 0.6763, 0.659, 0.6635, 0.6717, 0.6907, 0.7, 0.6745, 0.6805, 0.6727, 0.6885]
2026-08-19 12:21:23,948 - FINAL_FedLF_r200.log - INFO - Minority Class Accuracy: [0.0, 0.0, 0.0, 0.0, 0.0, 0.0, 0.0, 0.0, 0.0, 0.0, 0.0003, 0.026, 0.026, 0.0147, 0.018, 0.0217, 0.0153, 0.0033, 0.0247, 0.043, 0.0683, 0.168, 0.1567, 0.1167, 0.2023, 0.2163, 0.1593, 0.239, 0.088, 0.147, 0.1467, 0.2587, 0.204, 0.2333, 0.141, 0.293, 0.2593, 0.3167, 0.281, 0.287, 0.2653, 0.2997, 0.168, 0.2263, 0.2373, 0.3213, 0.2137, 0.2947, 0.2547, 0.289, 0.321, 0.4767, 0.3967, 0.3253, 0.4707, 0.3937, 0.4583, 0.298, 0.3937, 0.321, 0.5233, 0.5213, 0.3733, 0.368, 0.5873, 0.406, 0.5283, 0.5513, 0.4253, 0.4877, 0.5687, 0.554, 0.4057, 0.5917, 0.5983, 0.5573, 0.5453, 0.4183, 0.5497, 0.503, 0.5753, 0.5823, 0.5197, 0.545, 0.6563, 0.5787, 0.5073, 0.5137, 0.5207, 0.5987, 0.5827, 0.551, 0.6307, 0.6727, 0.599, 0.608, 0.6173, 0.5197, 0.5487, 0.505, 0.4293, 0.4497, 0.469, 0.3973, 0.6133, 0.6287, 0.6707, 0.54, 0.4987, 0.6303, 0.6613, 0.5717, 0.6473, 0.7237, 0.6043, 0.6373, 0.665, 0.6267, 0.6067, 0.5393, 0.6007, 0.5277, 0.5897, 0.4663, 0.5353, 0.5763, 0.5827, 0.7123, 0.6063, 0.6177, 0.6073, 0.5997, 0.5467, 0.653, 0.6483, 0.7003, 0.6827, 0.6677, 0.62, 0.696, 0.658, 0.6393, 0.6323, 0.6577, 0.6983, 0.6007, 0.639, 0.634, 0.6133, 0.685, 0.6143, 0.654, 0.6377, 0.6333, 0.6133, 0.6283, 0.5733, 0.6113, 0.6083, 0.707]
2026-08-19 12:21:23,948 - FINAL_FedLF_r200.log - INFO - === Head-Tail Evaluation ===
2026-08-19 12:21:23,948 - FINAL_FedLF_r200.log - INFO - Head Accuracy: 0.6974
2026-08-19 12:21:23,948 - FINAL_FedLF_r200.log - INFO - Tail Accuracy: 0.7070
2026-08-19 12:21:37,053 - FINAL_FedLF_r200.log - INFO - Round 161 selected clients: [3, 4, 8, 9, 11, 14, 17, 18]
2026-08-19 12:21:59,118 - FINAL_FedLF_r200.log - INFO - Round 161 | Global 0.7038 | Head 0.7233 | Tail 0.6583 | Many 0.7927 | Medium 0.6713 | Few 0.6583 | best_tail 0.7237@114 | rollback=False
2026-08-19 12:21:59,118 - FINAL_FedLF_r200.log - INFO - Round 162 selected clients: [1, 2, 7, 14, 15, 16, 18, 19]
2026-08-19 12:22:20,563 - FINAL_FedLF_r200.log - INFO - Round 162 | Global 0.7072 | Head 0.7024 | Tail 0.7183 | Many 0.7360 | Medium 0.6773 | Few 0.7183 | best_tail 0.7237@114 | rollback=False
2026-08-19 12:22:20,563 - FINAL_FedLF_r200.log - INFO - Round 163 selected clients: [5, 6, 7, 10, 11, 12, 13, 17]
2026-08-19 12:22:41,947 - FINAL_FedLF_r200.log - INFO - Round 163 | Global 0.6952 | Head 0.7240 | Tail 0.6280 | Many 0.7943 | Medium 0.6713 | Few 0.6280 | best_tail 0.7237@114 | rollback=False
2026-08-19 12:22:41,947 - FINAL_FedLF_r200.log - INFO - Round 164 selected clients: [0, 3, 6, 10, 12, 13, 15, 16]
2026-08-19 12:23:03,416 - FINAL_FedLF_r200.log - INFO - Round 164 | Global 0.6974 | Head 0.7263 | Tail 0.6300 | Many 0.7910 | Medium 0.6777 | Few 0.6300 | best_tail 0.7237@114 | rollback=False
2026-08-19 12:23:03,416 - FINAL_FedLF_r200.log - INFO - Round 165 selected clients: [3, 7, 9, 11, 13, 15, 17, 19]
2026-08-19 12:23:25,152 - FINAL_FedLF_r200.log - INFO - Round 165 | Global 0.7008 | Head 0.7157 | Tail 0.6660 | Many 0.7857 | Medium 0.6633 | Few 0.6660 | best_tail 0.7237@114 | rollback=False
2026-08-19 12:23:25,155 - FINAL_FedLF_r200.log - INFO - Round 166 selected clients: [1, 10, 11, 12, 13, 14, 16, 17]
2026-08-19 12:23:45,491 - FINAL_FedLF_r200.log - INFO - Round 166 | Global 0.6801 | Head 0.7383 | Tail 0.5443 | Many 0.8213 | Medium 0.6760 | Few 0.5443 | best_tail 0.7237@114 | rollback=False
2026-08-19 12:23:45,491 - FINAL_FedLF_r200.log - INFO - Round 167 selected clients: [3, 4, 7, 9, 10, 13, 14, 18]
2026-08-19 12:24:04,576 - FINAL_FedLF_r200.log - INFO - Round 167 | Global 0.6716 | Head 0.7333 | Tail 0.5277 | Many 0.8370 | Medium 0.6555 | Few 0.5277 | best_tail 0.7237@114 | rollback=False
2026-08-19 12:24:04,576 - FINAL_FedLF_r200.log - INFO - Round 168 selected clients: [0, 1, 3, 4, 10, 11, 14, 15]
2026-08-19 12:24:23,759 - FINAL_FedLF_r200.log - INFO - Round 168 | Global 0.6698 | Head 0.7253 | Tail 0.5403 | Many 0.8163 | Medium 0.6570 | Few 0.5403 | best_tail 0.7237@114 | rollback=False
2026-08-19 12:24:23,759 - FINAL_FedLF_r200.log - INFO - Round 169 selected clients: [0, 1, 4, 5, 7, 9, 16, 18]
2026-08-19 12:24:43,145 - FINAL_FedLF_r200.log - INFO - Round 169 | Global 0.6731 | Head 0.7126 | Tail 0.5810 | Many 0.7970 | Medium 0.6492 | Few 0.5810 | best_tail 0.7237@114 | rollback=False
2026-08-19 12:24:43,145 - FINAL_FedLF_r200.log - INFO - Round 170 selected clients: [1, 5, 6, 9, 11, 14, 15, 18]
2026-08-19 12:25:02,805 - FINAL_FedLF_r200.log - INFO - Round 170 | Global 0.6977 | Head 0.7087 | Tail 0.6720 | Many 0.7560 | Medium 0.6733 | Few 0.6720 | best_tail 0.7237@114 | rollback=False
2026-08-19 12:25:02,822 - FINAL_FedLF_r200.log - INFO - Global Accuracy: [0.1613, 0.212, 0.2494, 0.2527, 0.2967, 0.3211, 0.3432, 0.3499, 0.3141, 0.3499, 0.3685, 0.3975, 0.4025, 0.3872, 0.4057, 0.411, 0.414, 0.4069, 0.4079, 0.4227, 0.4298, 0.48, 0.4877, 0.4721, 0.5093, 0.5037, 0.4801, 0.5015, 0.4829, 0.488, 0.4927, 0.5214, 0.5219, 0.5372, 0.5008, 0.5435, 0.5417, 0.5616, 0.5519, 0.5619, 0.5451, 0.5668, 0.5328, 0.5379, 0.536, 0.5769, 0.5397, 0.5624, 0.557, 0.5696, 0.5738, 0.6121, 0.5936, 0.5886, 0.6181, 0.6014, 0.61, 0.5867, 0.6075, 0.5938, 0.6332, 0.6419, 0.6069, 0.6072, 0.6607, 0.6202, 0.6484, 0.6554, 0.6228, 0.6382, 0.6586, 0.6584, 0.6185, 0.668, 0.6728, 0.6556, 0.6567, 0.624, 0.6641, 0.6532, 0.6671, 0.6695, 0.6604, 0.6488, 0.6837, 0.6711, 0.6498, 0.6505, 0.6615, 0.6817, 0.6729, 0.6719, 0.6786, 0.6896, 0.673, 0.6757, 0.6866, 0.6639, 0.6632, 0.6582, 0.6309, 0.641, 0.6488, 0.6322, 0.6859, 0.6845, 0.6922, 0.6634, 0.6628, 0.6864, 0.693, 0.6737, 0.6925, 0.6966, 0.6909, 0.6922, 0.6947, 0.6847, 0.6838, 0.6716, 0.6883, 0.6667, 0.6885, 0.6543, 0.6712, 0.687, 0.6901, 0.7087, 0.6915, 0.6829, 0.688, 0.6883, 0.6657, 0.697, 0.6935, 0.6944, 0.7001, 0.7034, 0.6958, 0.7088, 0.7024, 0.7021, 0.6919, 0.6987, 0.6878, 0.6907, 0.7012, 0.6937, 0.6859, 0.7076, 0.6844, 0.6916, 0.693, 0.6987, 0.6985, 0.7031, 0.6836, 0.6969, 0.6934, 0.7003, 0.7038, 0.7072, 0.6952, 0.6974, 0.7008, 0.6801, 0.6716, 0.6698, 0.6731, 0.6977]
2026-08-19 12:25:02,822 - FINAL_FedLF_r200.log - INFO - Majority Class Accuracy: [0.505, 0.6557, 0.7047, 0.7043, 0.7367, 0.761, 0.7787, 0.7387, 0.6963, 0.7957, 0.8, 0.733, 0.7363, 0.722, 0.7567, 0.7893, 0.7727, 0.7483, 0.7517, 0.8087, 0.7357, 0.7717, 0.7833, 0.7947, 0.7737, 0.819, 0.738, 0.7413, 0.7887, 0.831, 0.7967, 0.801, 0.796, 0.7853, 0.818, 0.7807, 0.806, 0.791, 0.7617, 0.7973, 0.7487, 0.792, 0.7997, 0.7193, 0.7557, 0.7673, 0.7943, 0.7977, 0.7837, 0.7827, 0.8183, 0.7603, 0.787, 0.812, 0.728, 0.761, 0.74, 0.7927, 0.794, 0.8057, 0.7677, 0.7593, 0.8183, 0.789, 0.743, 0.7903, 0.78, 0.768, 0.8127, 0.7857, 0.7947, 0.7603, 0.8023, 0.77, 0.7677, 0.7693, 0.771, 0.798, 0.785, 0.8077, 0.7533, 0.7717, 0.775, 0.779, 0.7473, 0.788, 0.787, 0.7957, 0.7767, 0.7643, 0.7727, 0.7933, 0.7537, 0.7557, 0.7423, 0.738, 0.7653, 0.7927, 0.8047, 0.8147, 0.829, 0.8237, 0.824, 0.8277, 0.7747, 0.7697, 0.7273, 0.7877, 0.8207, 0.759, 0.75, 0.8003, 0.769, 0.701, 0.7903, 0.768, 0.768, 0.7333, 0.7497, 0.8057, 0.7953, 0.8067, 0.808, 0.839, 0.8073, 0.7837, 0.7977, 0.76, 0.793, 0.7737, 0.7893, 0.7823, 0.8057, 0.7687, 0.7633, 0.7253, 0.7433, 0.7717, 0.7807, 0.745, 0.778, 0.7843, 0.779, 0.7577, 0.708, 0.8153, 0.7867, 0.768, 0.754, 0.7667, 0.7653, 0.7727, 0.7877, 0.8, 0.794, 0.782, 0.806, 0.8043, 0.806, 0.7093, 0.7927, 0.736, 0.7943, 0.791, 0.7857, 0.8213, 0.837, 0.8163, 0.797, 0.756]
2026-08-19 12:25:02,822 - FINAL_FedLF_r200.log - INFO - Medium Class Accuracy: [0.0245, 0.0382, 0.095, 0.1035, 0.1893, 0.232, 0.274, 0.3207, 0.263, 0.278, 0.321, 0.4245, 0.4345, 0.4155, 0.4333, 0.4193, 0.444, 0.4535, 0.4375, 0.418, 0.4715, 0.4953, 0.5142, 0.4968, 0.5413, 0.4828, 0.5272, 0.5185, 0.5497, 0.4865, 0.5242, 0.5088, 0.5547, 0.579, 0.5327, 0.5535, 0.5553, 0.5733, 0.5978, 0.5915, 0.6022, 0.5982, 0.6062, 0.6355, 0.5952, 0.6258, 0.5933, 0.5867, 0.6138, 0.6202, 0.58, 0.6025, 0.5962, 0.6185, 0.6462, 0.6375, 0.6262, 0.6488, 0.628, 0.6395, 0.6148, 0.6442, 0.6235, 0.6502, 0.654, 0.6532, 0.6398, 0.649, 0.6285, 0.6405, 0.624, 0.6603, 0.6402, 0.6488, 0.6575, 0.644, 0.6545, 0.6478, 0.6593, 0.65, 0.6713, 0.6583, 0.68, 0.629, 0.6565, 0.6528, 0.6538, 0.6442, 0.6807, 0.682, 0.6657, 0.6715, 0.6583, 0.6528, 0.6765, 0.6797, 0.6795, 0.6755, 0.643, 0.6558, 0.6335, 0.6475, 0.6522, 0.6617, 0.6737, 0.6625, 0.682, 0.6627, 0.6675, 0.674, 0.674, 0.6552, 0.669, 0.673, 0.6813, 0.6765, 0.662, 0.6917, 0.6923, 0.6703, 0.6737, 0.666, 0.673, 0.6567, 0.671, 0.6975, 0.69, 0.6675, 0.6793, 0.6637, 0.6725, 0.6843, 0.65, 0.6763, 0.675, 0.6667, 0.6807, 0.679, 0.689, 0.6913, 0.679, 0.6875, 0.6713, 0.6853, 0.6647, 0.6647, 0.6837, 0.6827, 0.6893, 0.6803, 0.6763, 0.659, 0.6635, 0.6717, 0.6907, 0.7, 0.6745, 0.6805, 0.6727, 0.6885, 0.6713, 0.6773, 0.6713, 0.6777, 0.6633, 0.676, 0.6555, 0.657, 0.6492, 0.6733]
2026-08-19 12:25:02,822 - FINAL_FedLF_r200.log - INFO - Minority Class Accuracy: [0.0, 0.0, 0.0, 0.0, 0.0, 0.0, 0.0, 0.0, 0.0, 0.0, 0.0003, 0.026, 0.026, 0.0147, 0.018, 0.0217, 0.0153, 0.0033, 0.0247, 0.043, 0.0683, 0.168, 0.1567, 0.1167, 0.2023, 0.2163, 0.1593, 0.239, 0.088, 0.147, 0.1467, 0.2587, 0.204, 0.2333, 0.141, 0.293, 0.2593, 0.3167, 0.281, 0.287, 0.2653, 0.2997, 0.168, 0.2263, 0.2373, 0.3213, 0.2137, 0.2947, 0.2547, 0.289, 0.321, 0.4767, 0.3967, 0.3253, 0.4707, 0.3937, 0.4583, 0.298, 0.3937, 0.321, 0.5233, 0.5213, 0.3733, 0.368, 0.5873, 0.406, 0.5283, 0.5513, 0.4253, 0.4877, 0.5687, 0.554, 0.4057, 0.5917, 0.5983, 0.5573, 0.5453, 0.4183, 0.5497, 0.503, 0.5753, 0.5823, 0.5197, 0.545, 0.6563, 0.5787, 0.5073, 0.5137, 0.5207, 0.5987, 0.5827, 0.551, 0.6307, 0.6727, 0.599, 0.608, 0.6173, 0.5197, 0.5487, 0.505, 0.4293, 0.4497, 0.469, 0.3973, 0.6133, 0.6287, 0.6707, 0.54, 0.4987, 0.6303, 0.6613, 0.5717, 0.6473, 0.7237, 0.6043, 0.6373, 0.665, 0.6267, 0.6067, 0.5393, 0.6007, 0.5277, 0.5897, 0.4663, 0.5353, 0.5763, 0.5827, 0.7123, 0.6063, 0.6177, 0.6073, 0.5997, 0.5467, 0.653, 0.6483, 0.7003, 0.6827, 0.6677, 0.62, 0.696, 0.658, 0.6393, 0.6323, 0.6577, 0.6983, 0.6007, 0.639, 0.634, 0.6133, 0.685, 0.6143, 0.654, 0.6377, 0.6333, 0.6133, 0.6283, 0.5733, 0.6113, 0.6083, 0.707, 0.6583, 0.7183, 0.628, 0.63, 0.666, 0.5443, 0.5277, 0.5403, 0.581, 0.672]
2026-08-19 12:25:02,822 - FINAL_FedLF_r200.log - INFO - === Head-Tail Evaluation ===
2026-08-19 12:25:02,822 - FINAL_FedLF_r200.log - INFO - Head Accuracy: 0.7087
2026-08-19 12:25:02,822 - FINAL_FedLF_r200.log - INFO - Tail Accuracy: 0.6720
2026-08-19 12:25:15,940 - FINAL_FedLF_r200.log - INFO - Round 171 selected clients: [0, 5, 6, 7, 8, 9, 12, 17]
2026-08-19 12:25:35,749 - FINAL_FedLF_r200.log - INFO - Round 171 | Global 0.6990 | Head 0.7180 | Tail 0.6547 | Many 0.7583 | Medium 0.6877 | Few 0.6547 | best_tail 0.7237@114 | rollback=False
2026-08-19 12:25:35,749 - FINAL_FedLF_r200.log - INFO - Round 172 selected clients: [4, 9, 10, 11, 13, 15, 17, 18]
2026-08-19 12:25:55,061 - FINAL_FedLF_r200.log - INFO - Round 172 | Global 0.6900 | Head 0.7279 | Tail 0.6017 | Many 0.7940 | Medium 0.6783 | Few 0.6017 | best_tail 0.7237@114 | rollback=False
2026-08-19 12:25:55,061 - FINAL_FedLF_r200.log - INFO - Round 173 selected clients: [0, 4, 7, 8, 9, 10, 13, 16]
2026-08-19 12:26:13,821 - FINAL_FedLF_r200.log - INFO - Round 173 | Global 0.6664 | Head 0.7260 | Tail 0.5273 | Many 0.8287 | Medium 0.6490 | Few 0.5273 | best_tail 0.7237@114 | rollback=False
2026-08-19 12:26:13,821 - FINAL_FedLF_r200.log - INFO - Round 174 selected clients: [1, 3, 4, 6, 12, 13, 15, 18]
2026-08-19 12:26:33,455 - FINAL_FedLF_r200.log - INFO - Round 174 | Global 0.7030 | Head 0.7147 | Tail 0.6757 | Many 0.7557 | Medium 0.6840 | Few 0.6757 | best_tail 0.7237@114 | rollback=False
2026-08-19 12:26:33,455 - FINAL_FedLF_r200.log - INFO - Round 175 selected clients: [1, 2, 4, 6, 8, 9, 11, 14]
2026-08-19 12:26:52,643 - FINAL_FedLF_r200.log - INFO - Round 175 | Global 0.6917 | Head 0.7283 | Tail 0.6063 | Many 0.7710 | Medium 0.6963 | Few 0.6063 | best_tail 0.7237@114 | rollback=False
2026-08-19 12:26:52,643 - FINAL_FedLF_r200.log - INFO - Round 176 selected clients: [1, 3, 5, 11, 12, 13, 14, 19]
2026-08-19 12:27:12,020 - FINAL_FedLF_r200.log - INFO - Round 176 | Global 0.7006 | Head 0.7283 | Tail 0.6360 | Many 0.7913 | Medium 0.6810 | Few 0.6360 | best_tail 0.7237@114 | rollback=False
2026-08-19 12:27:12,020 - FINAL_FedLF_r200.log - INFO - Round 177 selected clients: [1, 3, 5, 6, 8, 9, 10, 18]
2026-08-19 12:27:31,869 - FINAL_FedLF_r200.log - INFO - Round 177 | Global 0.7084 | Head 0.7140 | Tail 0.6953 | Many 0.7520 | Medium 0.6855 | Few 0.6953 | best_tail 0.7237@114 | rollback=False
2026-08-19 12:27:31,869 - FINAL_FedLF_r200.log - INFO - Round 178 selected clients: [2, 4, 5, 6, 7, 8, 9, 11]
2026-08-19 12:27:51,063 - FINAL_FedLF_r200.log - INFO - Round 178 | Global 0.7049 | Head 0.7213 | Tail 0.6667 | Many 0.7560 | Medium 0.6953 | Few 0.6667 | best_tail 0.7237@114 | rollback=False
2026-08-19 12:27:51,073 - FINAL_FedLF_r200.log - INFO - Round 179 selected clients: [0, 3, 4, 5, 7, 13, 15, 19]
2026-08-19 12:28:10,337 - FINAL_FedLF_r200.log - INFO - Round 179 | Global 0.6995 | Head 0.7170 | Tail 0.6587 | Many 0.7570 | Medium 0.6870 | Few 0.6587 | best_tail 0.7237@114 | rollback=False
2026-08-19 12:28:10,337 - FINAL_FedLF_r200.log - INFO - Round 180 selected clients: [3, 4, 6, 9, 10, 12, 14, 17]
2026-08-19 12:28:31,159 - FINAL_FedLF_r200.log - INFO - Round 180 | Global 0.7070 | Head 0.7286 | Tail 0.6567 | Many 0.7807 | Medium 0.6895 | Few 0.6567 | best_tail 0.7237@114 | rollback=False
2026-08-19 12:28:31,176 - FINAL_FedLF_r200.log - INFO - Global Accuracy: [0.1613, 0.212, 0.2494, 0.2527, 0.2967, 0.3211, 0.3432, 0.3499, 0.3141, 0.3499, 0.3685, 0.3975, 0.4025, 0.3872, 0.4057, 0.411, 0.414, 0.4069, 0.4079, 0.4227, 0.4298, 0.48, 0.4877, 0.4721, 0.5093, 0.5037, 0.4801, 0.5015, 0.4829, 0.488, 0.4927, 0.5214, 0.5219, 0.5372, 0.5008, 0.5435, 0.5417, 0.5616, 0.5519, 0.5619, 0.5451, 0.5668, 0.5328, 0.5379, 0.536, 0.5769, 0.5397, 0.5624, 0.557, 0.5696, 0.5738, 0.6121, 0.5936, 0.5886, 0.6181, 0.6014, 0.61, 0.5867, 0.6075, 0.5938, 0.6332, 0.6419, 0.6069, 0.6072, 0.6607, 0.6202, 0.6484, 0.6554, 0.6228, 0.6382, 0.6586, 0.6584, 0.6185, 0.668, 0.6728, 0.6556, 0.6567, 0.624, 0.6641, 0.6532, 0.6671, 0.6695, 0.6604, 0.6488, 0.6837, 0.6711, 0.6498, 0.6505, 0.6615, 0.6817, 0.6729, 0.6719, 0.6786, 0.6896, 0.673, 0.6757, 0.6866, 0.6639, 0.6632, 0.6582, 0.6309, 0.641, 0.6488, 0.6322, 0.6859, 0.6845, 0.6922, 0.6634, 0.6628, 0.6864, 0.693, 0.6737, 0.6925, 0.6966, 0.6909, 0.6922, 0.6947, 0.6847, 0.6838, 0.6716, 0.6883, 0.6667, 0.6885, 0.6543, 0.6712, 0.687, 0.6901, 0.7087, 0.6915, 0.6829, 0.688, 0.6883, 0.6657, 0.697, 0.6935, 0.6944, 0.7001, 0.7034, 0.6958, 0.7088, 0.7024, 0.7021, 0.6919, 0.6987, 0.6878, 0.6907, 0.7012, 0.6937, 0.6859, 0.7076, 0.6844, 0.6916, 0.693, 0.6987, 0.6985, 0.7031, 0.6836, 0.6969, 0.6934, 0.7003, 0.7038, 0.7072, 0.6952, 0.6974, 0.7008, 0.6801, 0.6716, 0.6698, 0.6731, 0.6977, 0.699, 0.69, 0.6664, 0.703, 0.6917, 0.7006, 0.7084, 0.7049, 0.6995, 0.707]
2026-08-19 12:28:31,176 - FINAL_FedLF_r200.log - INFO - Majority Class Accuracy: [0.505, 0.6557, 0.7047, 0.7043, 0.7367, 0.761, 0.7787, 0.7387, 0.6963, 0.7957, 0.8, 0.733, 0.7363, 0.722, 0.7567, 0.7893, 0.7727, 0.7483, 0.7517, 0.8087, 0.7357, 0.7717, 0.7833, 0.7947, 0.7737, 0.819, 0.738, 0.7413, 0.7887, 0.831, 0.7967, 0.801, 0.796, 0.7853, 0.818, 0.7807, 0.806, 0.791, 0.7617, 0.7973, 0.7487, 0.792, 0.7997, 0.7193, 0.7557, 0.7673, 0.7943, 0.7977, 0.7837, 0.7827, 0.8183, 0.7603, 0.787, 0.812, 0.728, 0.761, 0.74, 0.7927, 0.794, 0.8057, 0.7677, 0.7593, 0.8183, 0.789, 0.743, 0.7903, 0.78, 0.768, 0.8127, 0.7857, 0.7947, 0.7603, 0.8023, 0.77, 0.7677, 0.7693, 0.771, 0.798, 0.785, 0.8077, 0.7533, 0.7717, 0.775, 0.779, 0.7473, 0.788, 0.787, 0.7957, 0.7767, 0.7643, 0.7727, 0.7933, 0.7537, 0.7557, 0.7423, 0.738, 0.7653, 0.7927, 0.8047, 0.8147, 0.829, 0.8237, 0.824, 0.8277, 0.7747, 0.7697, 0.7273, 0.7877, 0.8207, 0.759, 0.75, 0.8003, 0.769, 0.701, 0.7903, 0.768, 0.768, 0.7333, 0.7497, 0.8057, 0.7953, 0.8067, 0.808, 0.839, 0.8073, 0.7837, 0.7977, 0.76, 0.793, 0.7737, 0.7893, 0.7823, 0.8057, 0.7687, 0.7633, 0.7253, 0.7433, 0.7717, 0.7807, 0.745, 0.778, 0.7843, 0.779, 0.7577, 0.708, 0.8153, 0.7867, 0.768, 0.754, 0.7667, 0.7653, 0.7727, 0.7877, 0.8, 0.794, 0.782, 0.806, 0.8043, 0.806, 0.7093, 0.7927, 0.736, 0.7943, 0.791, 0.7857, 0.8213, 0.837, 0.8163, 0.797, 0.756, 0.7583, 0.794, 0.8287, 0.7557, 0.771, 0.7913, 0.752, 0.756, 0.757, 0.7807]
2026-08-19 12:28:31,176 - FINAL_FedLF_r200.log - INFO - Medium Class Accuracy: [0.0245, 0.0382, 0.095, 0.1035, 0.1893, 0.232, 0.274, 0.3207, 0.263, 0.278, 0.321, 0.4245, 0.4345, 0.4155, 0.4333, 0.4193, 0.444, 0.4535, 0.4375, 0.418, 0.4715, 0.4953, 0.5142, 0.4968, 0.5413, 0.4828, 0.5272, 0.5185, 0.5497, 0.4865, 0.5242, 0.5088, 0.5547, 0.579, 0.5327, 0.5535, 0.5553, 0.5733, 0.5978, 0.5915, 0.6022, 0.5982, 0.6062, 0.6355, 0.5952, 0.6258, 0.5933, 0.5867, 0.6138, 0.6202, 0.58, 0.6025, 0.5962, 0.6185, 0.6462, 0.6375, 0.6262, 0.6488, 0.628, 0.6395, 0.6148, 0.6442, 0.6235, 0.6502, 0.654, 0.6532, 0.6398, 0.649, 0.6285, 0.6405, 0.624, 0.6603, 0.6402, 0.6488, 0.6575, 0.644, 0.6545, 0.6478, 0.6593, 0.65, 0.6713, 0.6583, 0.68, 0.629, 0.6565, 0.6528, 0.6538, 0.6442, 0.6807, 0.682, 0.6657, 0.6715, 0.6583, 0.6528, 0.6765, 0.6797, 0.6795, 0.6755, 0.643, 0.6558, 0.6335, 0.6475, 0.6522, 0.6617, 0.6737, 0.6625, 0.682, 0.6627, 0.6675, 0.674, 0.674, 0.6552, 0.669, 0.673, 0.6813, 0.6765, 0.662, 0.6917, 0.6923, 0.6703, 0.6737, 0.666, 0.673, 0.6567, 0.671, 0.6975, 0.69, 0.6675, 0.6793, 0.6637, 0.6725, 0.6843, 0.65, 0.6763, 0.675, 0.6667, 0.6807, 0.679, 0.689, 0.6913, 0.679, 0.6875, 0.6713, 0.6853, 0.6647, 0.6647, 0.6837, 0.6827, 0.6893, 0.6803, 0.6763, 0.659, 0.6635, 0.6717, 0.6907, 0.7, 0.6745, 0.6805, 0.6727, 0.6885, 0.6713, 0.6773, 0.6713, 0.6777, 0.6633, 0.676, 0.6555, 0.657, 0.6492, 0.6733, 0.6877, 0.6783, 0.649, 0.684, 0.6963, 0.681, 0.6855, 0.6953, 0.687, 0.6895]
2026-08-19 12:28:31,176 - FINAL_FedLF_r200.log - INFO - Minority Class Accuracy: [0.0, 0.0, 0.0, 0.0, 0.0, 0.0, 0.0, 0.0, 0.0, 0.0, 0.0003, 0.026, 0.026, 0.0147, 0.018, 0.0217, 0.0153, 0.0033, 0.0247, 0.043, 0.0683, 0.168, 0.1567, 0.1167, 0.2023, 0.2163, 0.1593, 0.239, 0.088, 0.147, 0.1467, 0.2587, 0.204, 0.2333, 0.141, 0.293, 0.2593, 0.3167, 0.281, 0.287, 0.2653, 0.2997, 0.168, 0.2263, 0.2373, 0.3213, 0.2137, 0.2947, 0.2547, 0.289, 0.321, 0.4767, 0.3967, 0.3253, 0.4707, 0.3937, 0.4583, 0.298, 0.3937, 0.321, 0.5233, 0.5213, 0.3733, 0.368, 0.5873, 0.406, 0.5283, 0.5513, 0.4253, 0.4877, 0.5687, 0.554, 0.4057, 0.5917, 0.5983, 0.5573, 0.5453, 0.4183, 0.5497, 0.503, 0.5753, 0.5823, 0.5197, 0.545, 0.6563, 0.5787, 0.5073, 0.5137, 0.5207, 0.5987, 0.5827, 0.551, 0.6307, 0.6727, 0.599, 0.608, 0.6173, 0.5197, 0.5487, 0.505, 0.4293, 0.4497, 0.469, 0.3973, 0.6133, 0.6287, 0.6707, 0.54, 0.4987, 0.6303, 0.6613, 0.5717, 0.6473, 0.7237, 0.6043, 0.6373, 0.665, 0.6267, 0.6067, 0.5393, 0.6007, 0.5277, 0.5897, 0.4663, 0.5353, 0.5763, 0.5827, 0.7123, 0.6063, 0.6177, 0.6073, 0.5997, 0.5467, 0.653, 0.6483, 0.7003, 0.6827, 0.6677, 0.62, 0.696, 0.658, 0.6393, 0.6323, 0.6577, 0.6983, 0.6007, 0.639, 0.634, 0.6133, 0.685, 0.6143, 0.654, 0.6377, 0.6333, 0.6133, 0.6283, 0.5733, 0.6113, 0.6083, 0.707, 0.6583, 0.7183, 0.628, 0.63, 0.666, 0.5443, 0.5277, 0.5403, 0.581, 0.672, 0.6547, 0.6017, 0.5273, 0.6757, 0.6063, 0.636, 0.6953, 0.6667, 0.6587, 0.6567]
2026-08-19 12:28:31,176 - FINAL_FedLF_r200.log - INFO - === Head-Tail Evaluation ===
2026-08-19 12:28:31,176 - FINAL_FedLF_r200.log - INFO - Head Accuracy: 0.7286
2026-08-19 12:28:31,176 - FINAL_FedLF_r200.log - INFO - Tail Accuracy: 0.6567
2026-08-19 12:28:44,377 - FINAL_FedLF_r200.log - INFO - Round 181 selected clients: [0, 7, 11, 13, 14, 15, 16, 18]
2026-08-19 12:29:05,563 - FINAL_FedLF_r200.log - INFO - Round 181 | Global 0.6965 | Head 0.7329 | Tail 0.6117 | Many 0.7967 | Medium 0.6850 | Few 0.6117 | best_tail 0.7237@114 | rollback=False
2026-08-19 12:29:05,563 - FINAL_FedLF_r200.log - INFO - Round 182 selected clients: [2, 5, 8, 9, 14, 16, 17, 18]
2026-08-19 12:29:27,129 - FINAL_FedLF_r200.log - INFO - Round 182 | Global 0.7107 | Head 0.7190 | Tail 0.6913 | Many 0.7760 | Medium 0.6763 | Few 0.6913 | best_tail 0.7237@114 | rollback=False
2026-08-19 12:29:27,129 - FINAL_FedLF_r200.log - INFO - Round 183 selected clients: [1, 3, 6, 7, 8, 12, 18, 19]
2026-08-19 12:29:48,539 - FINAL_FedLF_r200.log - INFO - Round 183 | Global 0.7112 | Head 0.7094 | Tail 0.7153 | Many 0.7503 | Medium 0.6787 | Few 0.7153 | best_tail 0.7237@114 | rollback=False
2026-08-19 12:29:48,539 - FINAL_FedLF_r200.log - INFO - Round 184 selected clients: [0, 1, 6, 8, 9, 11, 15, 18]
2026-08-19 12:30:10,000 - FINAL_FedLF_r200.log - INFO - Round 184 | Global 0.7015 | Head 0.7066 | Tail 0.6897 | Many 0.7427 | Medium 0.6795 | Few 0.6897 | best_tail 0.7237@114 | rollback=False
2026-08-19 12:30:10,000 - FINAL_FedLF_r200.log - INFO - Round 185 selected clients: [0, 7, 8, 10, 12, 13, 15, 19]
2026-08-19 12:30:30,930 - FINAL_FedLF_r200.log - INFO - Round 185 | Global 0.6962 | Head 0.7183 | Tail 0.6447 | Many 0.7940 | Medium 0.6615 | Few 0.6447 | best_tail 0.7237@114 | rollback=False
2026-08-19 12:30:30,930 - FINAL_FedLF_r200.log - INFO - Round 186 selected clients: [2, 6, 7, 9, 10, 11, 14, 17]
2026-08-19 12:30:52,147 - FINAL_FedLF_r200.log - INFO - Round 186 | Global 0.6984 | Head 0.7229 | Tail 0.6413 | Many 0.7703 | Medium 0.6873 | Few 0.6413 | best_tail 0.7237@114 | rollback=False
2026-08-19 12:30:52,147 - FINAL_FedLF_r200.log - INFO - Round 187 selected clients: [0, 1, 5, 7, 8, 9, 17, 19]
2026-08-19 12:31:13,199 - FINAL_FedLF_r200.log - INFO - Round 187 | Global 0.7027 | Head 0.7244 | Tail 0.6520 | Many 0.7740 | Medium 0.6873 | Few 0.6520 | best_tail 0.7237@114 | rollback=False
2026-08-19 12:31:13,199 - FINAL_FedLF_r200.log - INFO - Round 188 selected clients: [0, 4, 6, 12, 14, 15, 18, 19]
2026-08-19 12:31:34,919 - FINAL_FedLF_r200.log - INFO - Round 188 | Global 0.7110 | Head 0.7113 | Tail 0.7103 | Many 0.7510 | Medium 0.6815 | Few 0.7103 | best_tail 0.7237@114 | rollback=False
2026-08-19 12:31:34,919 - FINAL_FedLF_r200.log - INFO - Round 189 selected clients: [0, 2, 7, 8, 9, 16, 17, 19]
2026-08-19 12:31:56,101 - FINAL_FedLF_r200.log - INFO - Round 189 | Global 0.6913 | Head 0.7079 | Tail 0.6527 | Many 0.7867 | Medium 0.6488 | Few 0.6527 | best_tail 0.7237@114 | rollback=False
2026-08-19 12:31:56,101 - FINAL_FedLF_r200.log - INFO - Round 190 selected clients: [1, 2, 4, 7, 8, 10, 12, 17]
2026-08-19 12:32:17,454 - FINAL_FedLF_r200.log - INFO - Round 190 | Global 0.7010 | Head 0.7276 | Tail 0.6390 | Many 0.7960 | Medium 0.6763 | Few 0.6390 | best_tail 0.7237@114 | rollback=False
2026-08-19 12:32:17,480 - FINAL_FedLF_r200.log - INFO - Global Accuracy: [0.1613, 0.212, 0.2494, 0.2527, 0.2967, 0.3211, 0.3432, 0.3499, 0.3141, 0.3499, 0.3685, 0.3975, 0.4025, 0.3872, 0.4057, 0.411, 0.414, 0.4069, 0.4079, 0.4227, 0.4298, 0.48, 0.4877, 0.4721, 0.5093, 0.5037, 0.4801, 0.5015, 0.4829, 0.488, 0.4927, 0.5214, 0.5219, 0.5372, 0.5008, 0.5435, 0.5417, 0.5616, 0.5519, 0.5619, 0.5451, 0.5668, 0.5328, 0.5379, 0.536, 0.5769, 0.5397, 0.5624, 0.557, 0.5696, 0.5738, 0.6121, 0.5936, 0.5886, 0.6181, 0.6014, 0.61, 0.5867, 0.6075, 0.5938, 0.6332, 0.6419, 0.6069, 0.6072, 0.6607, 0.6202, 0.6484, 0.6554, 0.6228, 0.6382, 0.6586, 0.6584, 0.6185, 0.668, 0.6728, 0.6556, 0.6567, 0.624, 0.6641, 0.6532, 0.6671, 0.6695, 0.6604, 0.6488, 0.6837, 0.6711, 0.6498, 0.6505, 0.6615, 0.6817, 0.6729, 0.6719, 0.6786, 0.6896, 0.673, 0.6757, 0.6866, 0.6639, 0.6632, 0.6582, 0.6309, 0.641, 0.6488, 0.6322, 0.6859, 0.6845, 0.6922, 0.6634, 0.6628, 0.6864, 0.693, 0.6737, 0.6925, 0.6966, 0.6909, 0.6922, 0.6947, 0.6847, 0.6838, 0.6716, 0.6883, 0.6667, 0.6885, 0.6543, 0.6712, 0.687, 0.6901, 0.7087, 0.6915, 0.6829, 0.688, 0.6883, 0.6657, 0.697, 0.6935, 0.6944, 0.7001, 0.7034, 0.6958, 0.7088, 0.7024, 0.7021, 0.6919, 0.6987, 0.6878, 0.6907, 0.7012, 0.6937, 0.6859, 0.7076, 0.6844, 0.6916, 0.693, 0.6987, 0.6985, 0.7031, 0.6836, 0.6969, 0.6934, 0.7003, 0.7038, 0.7072, 0.6952, 0.6974, 0.7008, 0.6801, 0.6716, 0.6698, 0.6731, 0.6977, 0.699, 0.69, 0.6664, 0.703, 0.6917, 0.7006, 0.7084, 0.7049, 0.6995, 0.707, 0.6965, 0.7107, 0.7112, 0.7015, 0.6962, 0.6984, 0.7027, 0.711, 0.6913, 0.701]
2026-08-19 12:32:17,480 - FINAL_FedLF_r200.log - INFO - Majority Class Accuracy: [0.505, 0.6557, 0.7047, 0.7043, 0.7367, 0.761, 0.7787, 0.7387, 0.6963, 0.7957, 0.8, 0.733, 0.7363, 0.722, 0.7567, 0.7893, 0.7727, 0.7483, 0.7517, 0.8087, 0.7357, 0.7717, 0.7833, 0.7947, 0.7737, 0.819, 0.738, 0.7413, 0.7887, 0.831, 0.7967, 0.801, 0.796, 0.7853, 0.818, 0.7807, 0.806, 0.791, 0.7617, 0.7973, 0.7487, 0.792, 0.7997, 0.7193, 0.7557, 0.7673, 0.7943, 0.7977, 0.7837, 0.7827, 0.8183, 0.7603, 0.787, 0.812, 0.728, 0.761, 0.74, 0.7927, 0.794, 0.8057, 0.7677, 0.7593, 0.8183, 0.789, 0.743, 0.7903, 0.78, 0.768, 0.8127, 0.7857, 0.7947, 0.7603, 0.8023, 0.77, 0.7677, 0.7693, 0.771, 0.798, 0.785, 0.8077, 0.7533, 0.7717, 0.775, 0.779, 0.7473, 0.788, 0.787, 0.7957, 0.7767, 0.7643, 0.7727, 0.7933, 0.7537, 0.7557, 0.7423, 0.738, 0.7653, 0.7927, 0.8047, 0.8147, 0.829, 0.8237, 0.824, 0.8277, 0.7747, 0.7697, 0.7273, 0.7877, 0.8207, 0.759, 0.75, 0.8003, 0.769, 0.701, 0.7903, 0.768, 0.768, 0.7333, 0.7497, 0.8057, 0.7953, 0.8067, 0.808, 0.839, 0.8073, 0.7837, 0.7977, 0.76, 0.793, 0.7737, 0.7893, 0.7823, 0.8057, 0.7687, 0.7633, 0.7253, 0.7433, 0.7717, 0.7807, 0.745, 0.778, 0.7843, 0.779, 0.7577, 0.708, 0.8153, 0.7867, 0.768, 0.754, 0.7667, 0.7653, 0.7727, 0.7877, 0.8, 0.794, 0.782, 0.806, 0.8043, 0.806, 0.7093, 0.7927, 0.736, 0.7943, 0.791, 0.7857, 0.8213, 0.837, 0.8163, 0.797, 0.756, 0.7583, 0.794, 0.8287, 0.7557, 0.771, 0.7913, 0.752, 0.756, 0.757, 0.7807, 0.7967, 0.776, 0.7503, 0.7427, 0.794, 0.7703, 0.774, 0.751, 0.7867, 0.796]
2026-08-19 12:32:17,480 - FINAL_FedLF_r200.log - INFO - Medium Class Accuracy: [0.0245, 0.0382, 0.095, 0.1035, 0.1893, 0.232, 0.274, 0.3207, 0.263, 0.278, 0.321, 0.4245, 0.4345, 0.4155, 0.4333, 0.4193, 0.444, 0.4535, 0.4375, 0.418, 0.4715, 0.4953, 0.5142, 0.4968, 0.5413, 0.4828, 0.5272, 0.5185, 0.5497, 0.4865, 0.5242, 0.5088, 0.5547, 0.579, 0.5327, 0.5535, 0.5553, 0.5733, 0.5978, 0.5915, 0.6022, 0.5982, 0.6062, 0.6355, 0.5952, 0.6258, 0.5933, 0.5867, 0.6138, 0.6202, 0.58, 0.6025, 0.5962, 0.6185, 0.6462, 0.6375, 0.6262, 0.6488, 0.628, 0.6395, 0.6148, 0.6442, 0.6235, 0.6502, 0.654, 0.6532, 0.6398, 0.649, 0.6285, 0.6405, 0.624, 0.6603, 0.6402, 0.6488, 0.6575, 0.644, 0.6545, 0.6478, 0.6593, 0.65, 0.6713, 0.6583, 0.68, 0.629, 0.6565, 0.6528, 0.6538, 0.6442, 0.6807, 0.682, 0.6657, 0.6715, 0.6583, 0.6528, 0.6765, 0.6797, 0.6795, 0.6755, 0.643, 0.6558, 0.6335, 0.6475, 0.6522, 0.6617, 0.6737, 0.6625, 0.682, 0.6627, 0.6675, 0.674, 0.674, 0.6552, 0.669, 0.673, 0.6813, 0.6765, 0.662, 0.6917, 0.6923, 0.6703, 0.6737, 0.666, 0.673, 0.6567, 0.671, 0.6975, 0.69, 0.6675, 0.6793, 0.6637, 0.6725, 0.6843, 0.65, 0.6763, 0.675, 0.6667, 0.6807, 0.679, 0.689, 0.6913, 0.679, 0.6875, 0.6713, 0.6853, 0.6647, 0.6647, 0.6837, 0.6827, 0.6893, 0.6803, 0.6763, 0.659, 0.6635, 0.6717, 0.6907, 0.7, 0.6745, 0.6805, 0.6727, 0.6885, 0.6713, 0.6773, 0.6713, 0.6777, 0.6633, 0.676, 0.6555, 0.657, 0.6492, 0.6733, 0.6877, 0.6783, 0.649, 0.684, 0.6963, 0.681, 0.6855, 0.6953, 0.687, 0.6895, 0.685, 0.6763, 0.6787, 0.6795, 0.6615, 0.6873, 0.6873, 0.6815, 0.6488, 0.6763]
2026-08-19 12:32:17,480 - FINAL_FedLF_r200.log - INFO - Minority Class Accuracy: [0.0, 0.0, 0.0, 0.0, 0.0, 0.0, 0.0, 0.0, 0.0, 0.0, 0.0003, 0.026, 0.026, 0.0147, 0.018, 0.0217, 0.0153, 0.0033, 0.0247, 0.043, 0.0683, 0.168, 0.1567, 0.1167, 0.2023, 0.2163, 0.1593, 0.239, 0.088, 0.147, 0.1467, 0.2587, 0.204, 0.2333, 0.141, 0.293, 0.2593, 0.3167, 0.281, 0.287, 0.2653, 0.2997, 0.168, 0.2263, 0.2373, 0.3213, 0.2137, 0.2947, 0.2547, 0.289, 0.321, 0.4767, 0.3967, 0.3253, 0.4707, 0.3937, 0.4583, 0.298, 0.3937, 0.321, 0.5233, 0.5213, 0.3733, 0.368, 0.5873, 0.406, 0.5283, 0.5513, 0.4253, 0.4877, 0.5687, 0.554, 0.4057, 0.5917, 0.5983, 0.5573, 0.5453, 0.4183, 0.5497, 0.503, 0.5753, 0.5823, 0.5197, 0.545, 0.6563, 0.5787, 0.5073, 0.5137, 0.5207, 0.5987, 0.5827, 0.551, 0.6307, 0.6727, 0.599, 0.608, 0.6173, 0.5197, 0.5487, 0.505, 0.4293, 0.4497, 0.469, 0.3973, 0.6133, 0.6287, 0.6707, 0.54, 0.4987, 0.6303, 0.6613, 0.5717, 0.6473, 0.7237, 0.6043, 0.6373, 0.665, 0.6267, 0.6067, 0.5393, 0.6007, 0.5277, 0.5897, 0.4663, 0.5353, 0.5763, 0.5827, 0.7123, 0.6063, 0.6177, 0.6073, 0.5997, 0.5467, 0.653, 0.6483, 0.7003, 0.6827, 0.6677, 0.62, 0.696, 0.658, 0.6393, 0.6323, 0.6577, 0.6983, 0.6007, 0.639, 0.634, 0.6133, 0.685, 0.6143, 0.654, 0.6377, 0.6333, 0.6133, 0.6283, 0.5733, 0.6113, 0.6083, 0.707, 0.6583, 0.7183, 0.628, 0.63, 0.666, 0.5443, 0.5277, 0.5403, 0.581, 0.672, 0.6547, 0.6017, 0.5273, 0.6757, 0.6063, 0.636, 0.6953, 0.6667, 0.6587, 0.6567, 0.6117, 0.6913, 0.7153, 0.6897, 0.6447, 0.6413, 0.652, 0.7103, 0.6527, 0.639]
2026-08-19 12:32:17,481 - FINAL_FedLF_r200.log - INFO - === Head-Tail Evaluation ===
2026-08-19 12:32:17,481 - FINAL_FedLF_r200.log - INFO - Head Accuracy: 0.7276
2026-08-19 12:32:17,481 - FINAL_FedLF_r200.log - INFO - Tail Accuracy: 0.6390
2026-08-19 12:32:30,945 - FINAL_FedLF_r200.log - INFO - Round 191 selected clients: [0, 1, 4, 5, 9, 10, 11, 12]
2026-08-19 12:32:52,298 - FINAL_FedLF_r200.log - INFO - Round 191 | Global 0.7020 | Head 0.7356 | Tail 0.6237 | Many 0.7957 | Medium 0.6905 | Few 0.6237 | best_tail 0.7237@114 | rollback=False
2026-08-19 12:32:52,298 - FINAL_FedLF_r200.log - INFO - Round 192 selected clients: [0, 3, 7, 8, 9, 11, 15, 17]
2026-08-19 12:33:13,562 - FINAL_FedLF_r200.log - INFO - Round 192 | Global 0.6993 | Head 0.7320 | Tail 0.6230 | Many 0.7880 | Medium 0.6900 | Few 0.6230 | best_tail 0.7237@114 | rollback=False
2026-08-19 12:33:13,562 - FINAL_FedLF_r200.log - INFO - Round 193 selected clients: [1, 4, 5, 8, 10, 11, 13, 15]
2026-08-19 12:33:32,375 - FINAL_FedLF_r200.log - INFO - Round 193 | Global 0.6814 | Head 0.7299 | Tail 0.5683 | Many 0.8063 | Medium 0.6725 | Few 0.5683 | best_tail 0.7237@114 | rollback=False
2026-08-19 12:33:32,375 - FINAL_FedLF_r200.log - INFO - Round 194 selected clients: [4, 9, 10, 11, 12, 13, 16, 18]
2026-08-19 12:33:51,396 - FINAL_FedLF_r200.log - INFO - Round 194 | Global 0.6934 | Head 0.7391 | Tail 0.5867 | Many 0.8270 | Medium 0.6733 | Few 0.5867 | best_tail 0.7237@114 | rollback=False
2026-08-19 12:33:51,396 - FINAL_FedLF_r200.log - INFO - Round 195 selected clients: [2, 3, 4, 8, 10, 13, 14, 18]
2026-08-19 12:34:10,309 - FINAL_FedLF_r200.log - INFO - Round 195 | Global 0.6937 | Head 0.7384 | Tail 0.5893 | Many 0.7983 | Medium 0.6935 | Few 0.5893 | best_tail 0.7237@114 | rollback=False
2026-08-19 12:34:10,319 - FINAL_FedLF_r200.log - INFO - Round 196 selected clients: [1, 3, 5, 9, 14, 16, 18, 19]
2026-08-19 12:34:29,826 - FINAL_FedLF_r200.log - INFO - Round 196 | Global 0.7162 | Head 0.7051 | Tail 0.7420 | Many 0.7440 | Medium 0.6760 | Few 0.7420 | best_tail 0.7420@196 | rollback=False
2026-08-19 12:34:29,826 - FINAL_FedLF_r200.log - INFO - Round 197 selected clients: [0, 2, 6, 8, 10, 11, 15, 18]
2026-08-19 12:34:49,158 - FINAL_FedLF_r200.log - INFO - Round 197 | Global 0.6975 | Head 0.6836 | Tail 0.7300 | Many 0.6703 | Medium 0.6935 | Few 0.7300 | best_tail 0.7420@196 | rollback=False
2026-08-19 12:34:49,158 - FINAL_FedLF_r200.log - INFO - Round 198 selected clients: [2, 3, 4, 5, 6, 9, 12, 16]
2026-08-19 12:35:09,226 - FINAL_FedLF_r200.log - INFO - Round 198 | Global 0.7173 | Head 0.7137 | Tail 0.7257 | Many 0.7400 | Medium 0.6940 | Few 0.7257 | best_tail 0.7420@196 | rollback=False
2026-08-19 12:35:09,236 - FINAL_FedLF_r200.log - INFO - Round 199 selected clients: [1, 2, 3, 6, 9, 13, 14, 18]
2026-08-19 12:35:29,040 - FINAL_FedLF_r200.log - INFO - Round 199 | Global 0.6984 | Head 0.7043 | Tail 0.6847 | Many 0.7260 | Medium 0.6880 | Few 0.6847 | best_tail 0.7420@196 | rollback=False
2026-08-19 12:35:29,040 - FINAL_FedLF_r200.log - INFO - Round 200 selected clients: [1, 3, 8, 10, 13, 14, 17, 19]
2026-08-19 12:35:48,287 - FINAL_FedLF_r200.log - INFO - Round 200 | Global 0.6967 | Head 0.7200 | Tail 0.6423 | Many 0.7863 | Medium 0.6703 | Few 0.6423 | best_tail 0.7420@196 | rollback=False
2026-08-19 12:35:48,316 - FINAL_FedLF_r200.log - INFO - Global Accuracy: [0.1613, 0.212, 0.2494, 0.2527, 0.2967, 0.3211, 0.3432, 0.3499, 0.3141, 0.3499, 0.3685, 0.3975, 0.4025, 0.3872, 0.4057, 0.411, 0.414, 0.4069, 0.4079, 0.4227, 0.4298, 0.48, 0.4877, 0.4721, 0.5093, 0.5037, 0.4801, 0.5015, 0.4829, 0.488, 0.4927, 0.5214, 0.5219, 0.5372, 0.5008, 0.5435, 0.5417, 0.5616, 0.5519, 0.5619, 0.5451, 0.5668, 0.5328, 0.5379, 0.536, 0.5769, 0.5397, 0.5624, 0.557, 0.5696, 0.5738, 0.6121, 0.5936, 0.5886, 0.6181, 0.6014, 0.61, 0.5867, 0.6075, 0.5938, 0.6332, 0.6419, 0.6069, 0.6072, 0.6607, 0.6202, 0.6484, 0.6554, 0.6228, 0.6382, 0.6586, 0.6584, 0.6185, 0.668, 0.6728, 0.6556, 0.6567, 0.624, 0.6641, 0.6532, 0.6671, 0.6695, 0.6604, 0.6488, 0.6837, 0.6711, 0.6498, 0.6505, 0.6615, 0.6817, 0.6729, 0.6719, 0.6786, 0.6896, 0.673, 0.6757, 0.6866, 0.6639, 0.6632, 0.6582, 0.6309, 0.641, 0.6488, 0.6322, 0.6859, 0.6845, 0.6922, 0.6634, 0.6628, 0.6864, 0.693, 0.6737, 0.6925, 0.6966, 0.6909, 0.6922, 0.6947, 0.6847, 0.6838, 0.6716, 0.6883, 0.6667, 0.6885, 0.6543, 0.6712, 0.687, 0.6901, 0.7087, 0.6915, 0.6829, 0.688, 0.6883, 0.6657, 0.697, 0.6935, 0.6944, 0.7001, 0.7034, 0.6958, 0.7088, 0.7024, 0.7021, 0.6919, 0.6987, 0.6878, 0.6907, 0.7012, 0.6937, 0.6859, 0.7076, 0.6844, 0.6916, 0.693, 0.6987, 0.6985, 0.7031, 0.6836, 0.6969, 0.6934, 0.7003, 0.7038, 0.7072, 0.6952, 0.6974, 0.7008, 0.6801, 0.6716, 0.6698, 0.6731, 0.6977, 0.699, 0.69, 0.6664, 0.703, 0.6917, 0.7006, 0.7084, 0.7049, 0.6995, 0.707, 0.6965, 0.7107, 0.7112, 0.7015, 0.6962, 0.6984, 0.7027, 0.711, 0.6913, 0.701, 0.702, 0.6993, 0.6814, 0.6934, 0.6937, 0.7162, 0.6975, 0.7173, 0.6984, 0.6967]
2026-08-19 12:35:48,316 - FINAL_FedLF_r200.log - INFO - Majority Class Accuracy: [0.505, 0.6557, 0.7047, 0.7043, 0.7367, 0.761, 0.7787, 0.7387, 0.6963, 0.7957, 0.8, 0.733, 0.7363, 0.722, 0.7567, 0.7893, 0.7727, 0.7483, 0.7517, 0.8087, 0.7357, 0.7717, 0.7833, 0.7947, 0.7737, 0.819, 0.738, 0.7413, 0.7887, 0.831, 0.7967, 0.801, 0.796, 0.7853, 0.818, 0.7807, 0.806, 0.791, 0.7617, 0.7973, 0.7487, 0.792, 0.7997, 0.7193, 0.7557, 0.7673, 0.7943, 0.7977, 0.7837, 0.7827, 0.8183, 0.7603, 0.787, 0.812, 0.728, 0.761, 0.74, 0.7927, 0.794, 0.8057, 0.7677, 0.7593, 0.8183, 0.789, 0.743, 0.7903, 0.78, 0.768, 0.8127, 0.7857, 0.7947, 0.7603, 0.8023, 0.77, 0.7677, 0.7693, 0.771, 0.798, 0.785, 0.8077, 0.7533, 0.7717, 0.775, 0.779, 0.7473, 0.788, 0.787, 0.7957, 0.7767, 0.7643, 0.7727, 0.7933, 0.7537, 0.7557, 0.7423, 0.738, 0.7653, 0.7927, 0.8047, 0.8147, 0.829, 0.8237, 0.824, 0.8277, 0.7747, 0.7697, 0.7273, 0.7877, 0.8207, 0.759, 0.75, 0.8003, 0.769, 0.701, 0.7903, 0.768, 0.768, 0.7333, 0.7497, 0.8057, 0.7953, 0.8067, 0.808, 0.839, 0.8073, 0.7837, 0.7977, 0.76, 0.793, 0.7737, 0.7893, 0.7823, 0.8057, 0.7687, 0.7633, 0.7253, 0.7433, 0.7717, 0.7807, 0.745, 0.778, 0.7843, 0.779, 0.7577, 0.708, 0.8153, 0.7867, 0.768, 0.754, 0.7667, 0.7653, 0.7727, 0.7877, 0.8, 0.794, 0.782, 0.806, 0.8043, 0.806, 0.7093, 0.7927, 0.736, 0.7943, 0.791, 0.7857, 0.8213, 0.837, 0.8163, 0.797, 0.756, 0.7583, 0.794, 0.8287, 0.7557, 0.771, 0.7913, 0.752, 0.756, 0.757, 0.7807, 0.7967, 0.776, 0.7503, 0.7427, 0.794, 0.7703, 0.774, 0.751, 0.7867, 0.796, 0.7957, 0.788, 0.8063, 0.827, 0.7983, 0.744, 0.6703, 0.74, 0.726, 0.7863]
2026-08-19 12:35:48,316 - FINAL_FedLF_r200.log - INFO - Medium Class Accuracy: [0.0245, 0.0382, 0.095, 0.1035, 0.1893, 0.232, 0.274, 0.3207, 0.263, 0.278, 0.321, 0.4245, 0.4345, 0.4155, 0.4333, 0.4193, 0.444, 0.4535, 0.4375, 0.418, 0.4715, 0.4953, 0.5142, 0.4968, 0.5413, 0.4828, 0.5272, 0.5185, 0.5497, 0.4865, 0.5242, 0.5088, 0.5547, 0.579, 0.5327, 0.5535, 0.5553, 0.5733, 0.5978, 0.5915, 0.6022, 0.5982, 0.6062, 0.6355, 0.5952, 0.6258, 0.5933, 0.5867, 0.6138, 0.6202, 0.58, 0.6025, 0.5962, 0.6185, 0.6462, 0.6375, 0.6262, 0.6488, 0.628, 0.6395, 0.6148, 0.6442, 0.6235, 0.6502, 0.654, 0.6532, 0.6398, 0.649, 0.6285, 0.6405, 0.624, 0.6603, 0.6402, 0.6488, 0.6575, 0.644, 0.6545, 0.6478, 0.6593, 0.65, 0.6713, 0.6583, 0.68, 0.629, 0.6565, 0.6528, 0.6538, 0.6442, 0.6807, 0.682, 0.6657, 0.6715, 0.6583, 0.6528, 0.6765, 0.6797, 0.6795, 0.6755, 0.643, 0.6558, 0.6335, 0.6475, 0.6522, 0.6617, 0.6737, 0.6625, 0.682, 0.6627, 0.6675, 0.674, 0.674, 0.6552, 0.669, 0.673, 0.6813, 0.6765, 0.662, 0.6917, 0.6923, 0.6703, 0.6737, 0.666, 0.673, 0.6567, 0.671, 0.6975, 0.69, 0.6675, 0.6793, 0.6637, 0.6725, 0.6843, 0.65, 0.6763, 0.675, 0.6667, 0.6807, 0.679, 0.689, 0.6913, 0.679, 0.6875, 0.6713, 0.6853, 0.6647, 0.6647, 0.6837, 0.6827, 0.6893, 0.6803, 0.6763, 0.659, 0.6635, 0.6717, 0.6907, 0.7, 0.6745, 0.6805, 0.6727, 0.6885, 0.6713, 0.6773, 0.6713, 0.6777, 0.6633, 0.676, 0.6555, 0.657, 0.6492, 0.6733, 0.6877, 0.6783, 0.649, 0.684, 0.6963, 0.681, 0.6855, 0.6953, 0.687, 0.6895, 0.685, 0.6763, 0.6787, 0.6795, 0.6615, 0.6873, 0.6873, 0.6815, 0.6488, 0.6763, 0.6905, 0.69, 0.6725, 0.6733, 0.6935, 0.676, 0.6935, 0.694, 0.688, 0.6703]
2026-08-19 12:35:48,316 - FINAL_FedLF_r200.log - INFO - Minority Class Accuracy: [0.0, 0.0, 0.0, 0.0, 0.0, 0.0, 0.0, 0.0, 0.0, 0.0, 0.0003, 0.026, 0.026, 0.0147, 0.018, 0.0217, 0.0153, 0.0033, 0.0247, 0.043, 0.0683, 0.168, 0.1567, 0.1167, 0.2023, 0.2163, 0.1593, 0.239, 0.088, 0.147, 0.1467, 0.2587, 0.204, 0.2333, 0.141, 0.293, 0.2593, 0.3167, 0.281, 0.287, 0.2653, 0.2997, 0.168, 0.2263, 0.2373, 0.3213, 0.2137, 0.2947, 0.2547, 0.289, 0.321, 0.4767, 0.3967, 0.3253, 0.4707, 0.3937, 0.4583, 0.298, 0.3937, 0.321, 0.5233, 0.5213, 0.3733, 0.368, 0.5873, 0.406, 0.5283, 0.5513, 0.4253, 0.4877, 0.5687, 0.554, 0.4057, 0.5917, 0.5983, 0.5573, 0.5453, 0.4183, 0.5497, 0.503, 0.5753, 0.5823, 0.5197, 0.545, 0.6563, 0.5787, 0.5073, 0.5137, 0.5207, 0.5987, 0.5827, 0.551, 0.6307, 0.6727, 0.599, 0.608, 0.6173, 0.5197, 0.5487, 0.505, 0.4293, 0.4497, 0.469, 0.3973, 0.6133, 0.6287, 0.6707, 0.54, 0.4987, 0.6303, 0.6613, 0.5717, 0.6473, 0.7237, 0.6043, 0.6373, 0.665, 0.6267, 0.6067, 0.5393, 0.6007, 0.5277, 0.5897, 0.4663, 0.5353, 0.5763, 0.5827, 0.7123, 0.6063, 0.6177, 0.6073, 0.5997, 0.5467, 0.653, 0.6483, 0.7003, 0.6827, 0.6677, 0.62, 0.696, 0.658, 0.6393, 0.6323, 0.6577, 0.6983, 0.6007, 0.639, 0.634, 0.6133, 0.685, 0.6143, 0.654, 0.6377, 0.6333, 0.6133, 0.6283, 0.5733, 0.6113, 0.6083, 0.707, 0.6583, 0.7183, 0.628, 0.63, 0.666, 0.5443, 0.5277, 0.5403, 0.581, 0.672, 0.6547, 0.6017, 0.5273, 0.6757, 0.6063, 0.636, 0.6953, 0.6667, 0.6587, 0.6567, 0.6117, 0.6913, 0.7153, 0.6897, 0.6447, 0.6413, 0.652, 0.7103, 0.6527, 0.639, 0.6237, 0.623, 0.5683, 0.5867, 0.5893, 0.742, 0.73, 0.7257, 0.6847, 0.6423]
2026-08-19 12:35:48,316 - FINAL_FedLF_r200.log - INFO - === Head-Tail Evaluation ===
2026-08-19 12:35:48,316 - FINAL_FedLF_r200.log - INFO - Head Accuracy: 0.7200
2026-08-19 12:35:48,316 - FINAL_FedLF_r200.log - INFO - Tail Accuracy: 0.6423
2026-08-19 12:36:01,639 - FINAL_FedLF_r200.log - INFO - ========== FINISHED ==========
2026-08-19 12:36:01,639 - FINAL_FedLF_r200.log - INFO - Final Global: 0.6967
2026-08-19 12:36:01,639 - FINAL_FedLF_r200.log - INFO - Final Head: 0.7200
2026-08-19 12:36:01,640 - FINAL_FedLF_r200.log - INFO - Final Tail: 0.6423
2026-08-19 12:36:01,640 - FINAL_FedLF_r200.log - INFO - Best Tail: 0.7420 @ round 196
