2026-08-19 20:03:00,646 - FINAL_FULL_r200.log - INFO - ========== THESIS FINAL FedLF S/C/A ABLATION ==========\nvariant=full | S=ON | C=ON | A=ON\nimb_factor:0.01, non_iid:0.5, rs_alpha:0.5\nlr_local_training:0.1 (fixed FedLF baseline LR)\nnum_rounds:200, local_epochs:10\nbatch_size_local_training:32\nnum_online_clients:8\nS semantic_epsilon:0.75\nC confidence_alpha:0.7, warmup:30\nA server_tail_agg_weight:1.5\nbaseline:AdaptiveLogit+LocalCenters+FedDecorr+FedAvg\nformal_protocol:no_test_rollback\n
2026-08-19 20:03:06,098 - FINAL_FULL_r200.log - INFO - Global class counts: [5000, 2997, 1796, 1077, 645, 387, 232, 139, 83, 50]
2026-08-19 20:03:06,098 - FINAL_FULL_r200.log - INFO - Tail classes (<200): [7, 8, 9]
2026-08-19 20:03:06,132 - FINAL_FULL_r200.log - INFO - Round 1 S-diagnostic | score_mean 0.8248 | selected_tail_fraction 0.0314 | participation_range 0-1
2026-08-19 20:03:06,132 - FINAL_FULL_r200.log - INFO - Round 1 selected clients: [0, 1, 5, 6, 9, 16, 18, 19]
2026-08-19 20:03:27,216 - FINAL_FULL_r200.log - INFO - Round 1 | Global 0.1450 | Head 0.2071 | Tail 0.0000 | Many 0.4183 | Medium 0.0488 | Few 0.0000 | best_tail 0.0000@1 | rollback=False
2026-08-19 20:03:27,216 - FINAL_FULL_r200.log - INFO - Round 2 S-diagnostic | score_mean 0.6611 | selected_tail_fraction 0.0210 | participation_range 0-2
2026-08-19 20:03:27,216 - FINAL_FULL_r200.log - INFO - Round 2 selected clients: [0, 2, 5, 8, 11, 14, 15, 19]
2026-08-19 20:03:48,210 - FINAL_FULL_r200.log - INFO - Round 2 | Global 0.2345 | Head 0.3350 | Tail 0.0000 | Many 0.6083 | Medium 0.1300 | Few 0.0000 | best_tail 0.0000@2 | rollback=False
2026-08-19 20:03:48,211 - FINAL_FULL_r200.log - INFO - Round 3 S-diagnostic | score_mean 0.6546 | selected_tail_fraction 0.0214 | participation_range 0-3
2026-08-19 20:03:48,211 - FINAL_FULL_r200.log - INFO - Round 3 selected clients: [0, 2, 5, 6, 7, 9, 11, 14]
2026-08-19 20:04:07,757 - FINAL_FULL_r200.log - INFO - Round 3 | Global 0.2531 | Head 0.3616 | Tail 0.0000 | Many 0.6207 | Medium 0.1673 | Few 0.0000 | best_tail 0.0000@3 | rollback=False
2026-08-19 20:04:07,757 - FINAL_FULL_r200.log - INFO - Round 4 S-diagnostic | score_mean 0.7796 | selected_tail_fraction 0.0276 | participation_range 0-4
2026-08-19 20:04:07,757 - FINAL_FULL_r200.log - INFO - Round 4 selected clients: [0, 1, 3, 9, 11, 15, 17, 18]
2026-08-19 20:04:27,483 - FINAL_FULL_r200.log - INFO - Round 4 | Global 0.2890 | Head 0.4129 | Tail 0.0000 | Many 0.7430 | Medium 0.1653 | Few 0.0000 | best_tail 0.0000@4 | rollback=False
2026-08-19 20:04:27,483 - FINAL_FULL_r200.log - INFO - Round 5 S-diagnostic | score_mean 0.7358 | selected_tail_fraction 0.0252 | participation_range 0-5
2026-08-19 20:04:27,483 - FINAL_FULL_r200.log - INFO - Round 5 selected clients: [0, 2, 3, 5, 10, 12, 13, 18]
2026-08-19 20:04:49,210 - FINAL_FULL_r200.log - INFO - Round 5 | Global 0.3059 | Head 0.4370 | Tail 0.0000 | Many 0.6793 | Medium 0.2552 | Few 0.0000 | best_tail 0.0000@5 | rollback=False
2026-08-19 20:04:49,221 - FINAL_FULL_r200.log - INFO - Round 6 S-diagnostic | score_mean 0.7674 | selected_tail_fraction 0.0355 | participation_range 1-5
2026-08-19 20:04:49,221 - FINAL_FULL_r200.log - INFO - Round 6 selected clients: [1, 3, 4, 5, 6, 7, 18, 19]
2026-08-19 20:05:10,718 - FINAL_FULL_r200.log - INFO - Round 6 | Global 0.3398 | Head 0.4737 | Tail 0.0273 | Many 0.6467 | Medium 0.3440 | Few 0.0273 | best_tail 0.0273@6 | rollback=False
2026-08-19 20:05:10,728 - FINAL_FULL_r200.log - INFO - Round 7 S-diagnostic | score_mean 0.6825 | selected_tail_fraction 0.0226 | participation_range 1-5
2026-08-19 20:05:10,728 - FINAL_FULL_r200.log - INFO - Round 7 selected clients: [2, 6, 7, 11, 12, 14, 15, 18]
2026-08-19 20:05:32,366 - FINAL_FULL_r200.log - INFO - Round 7 | Global 0.3661 | Head 0.5119 | Tail 0.0260 | Many 0.6970 | Medium 0.3730 | Few 0.0260 | best_tail 0.0273@6 | rollback=False
2026-08-19 20:05:32,366 - FINAL_FULL_r200.log - INFO - Round 8 S-diagnostic | score_mean 0.8504 | selected_tail_fraction 0.0304 | participation_range 1-6
2026-08-19 20:05:32,366 - FINAL_FULL_r200.log - INFO - Round 8 selected clients: [1, 2, 4, 6, 12, 15, 18, 19]
2026-08-19 20:05:53,875 - FINAL_FULL_r200.log - INFO - Round 8 | Global 0.4214 | Head 0.5397 | Tail 0.1453 | Many 0.6663 | Medium 0.4447 | Few 0.1453 | best_tail 0.1453@8 | rollback=False
2026-08-19 20:05:53,875 - FINAL_FULL_r200.log - INFO - Round 9 S-diagnostic | score_mean 0.7208 | selected_tail_fraction 0.0214 | participation_range 1-7
2026-08-19 20:05:53,875 - FINAL_FULL_r200.log - INFO - Round 9 selected clients: [0, 4, 8, 9, 15, 16, 17, 18]
2026-08-19 20:06:15,220 - FINAL_FULL_r200.log - INFO - Round 9 | Global 0.3897 | Head 0.5346 | Tail 0.0517 | Many 0.7800 | Medium 0.3505 | Few 0.0517 | best_tail 0.1453@8 | rollback=False
2026-08-19 20:06:15,220 - FINAL_FULL_r200.log - INFO - Round 10 S-diagnostic | score_mean 0.5834 | selected_tail_fraction 0.0101 | participation_range 1-7
2026-08-19 20:06:15,220 - FINAL_FULL_r200.log - INFO - Round 10 selected clients: [1, 4, 7, 11, 12, 14, 16, 17]
2026-08-19 20:06:35,934 - FINAL_FULL_r200.log - INFO - Round 10 | Global 0.3858 | Head 0.4583 | Tail 0.2167 | Many 0.7840 | Medium 0.2140 | Few 0.2167 | best_tail 0.2167@10 | rollback=False
2026-08-19 20:06:35,961 - FINAL_FULL_r200.log - INFO - Global Accuracy: [0.145, 0.2345, 0.2531, 0.289, 0.3059, 0.3398, 0.3661, 0.4214, 0.3897, 0.3858]
2026-08-19 20:06:35,961 - FINAL_FULL_r200.log - INFO - Majority Class Accuracy: [0.4183, 0.6083, 0.6207, 0.743, 0.6793, 0.6467, 0.697, 0.6663, 0.78, 0.784]
2026-08-19 20:06:35,963 - FINAL_FULL_r200.log - INFO - Medium Class Accuracy: [0.0488, 0.13, 0.1673, 0.1653, 0.2552, 0.344, 0.373, 0.4447, 0.3505, 0.214]
2026-08-19 20:06:35,963 - FINAL_FULL_r200.log - INFO - Minority Class Accuracy: [0.0, 0.0, 0.0, 0.0, 0.0, 0.0273, 0.026, 0.1453, 0.0517, 0.2167]
2026-08-19 20:06:35,963 - FINAL_FULL_r200.log - INFO - === Head-Tail Evaluation ===
2026-08-19 20:06:35,963 - FINAL_FULL_r200.log - INFO - Head Accuracy: 0.4583
2026-08-19 20:06:35,963 - FINAL_FULL_r200.log - INFO - Tail Accuracy: 0.2167
2026-08-19 20:06:51,973 - FINAL_FULL_r200.log - INFO - Round 11 S-diagnostic | score_mean 0.6671 | selected_tail_fraction 0.0292 | participation_range 1-8
2026-08-19 20:06:51,973 - FINAL_FULL_r200.log - INFO - Round 11 selected clients: [5, 6, 8, 11, 13, 16, 18, 19]
2026-08-19 20:07:13,777 - FINAL_FULL_r200.log - INFO - Round 11 | Global 0.4525 | Head 0.5364 | Tail 0.2567 | Many 0.8020 | Medium 0.3372 | Few 0.2567 | best_tail 0.2567@11 | rollback=False
2026-08-19 20:07:13,777 - FINAL_FULL_r200.log - INFO - Round 12 S-diagnostic | score_mean 0.6208 | selected_tail_fraction 0.0123 | participation_range 1-8
2026-08-19 20:07:13,777 - FINAL_FULL_r200.log - INFO - Round 12 selected clients: [1, 8, 9, 12, 13, 14, 16, 17]
2026-08-19 20:07:34,991 - FINAL_FULL_r200.log - INFO - Round 12 | Global 0.4115 | Head 0.5216 | Tail 0.1547 | Many 0.8120 | Medium 0.3038 | Few 0.1547 | best_tail 0.2567@11 | rollback=False
2026-08-19 20:07:34,991 - FINAL_FULL_r200.log - INFO - Round 13 S-diagnostic | score_mean 0.5986 | selected_tail_fraction 0.0179 | participation_range 1-8
2026-08-19 20:07:34,991 - FINAL_FULL_r200.log - INFO - Round 13 selected clients: [1, 4, 6, 7, 8, 12, 14, 17]
2026-08-19 20:07:56,072 - FINAL_FULL_r200.log - INFO - Round 13 | Global 0.4182 | Head 0.5050 | Tail 0.2157 | Many 0.7553 | Medium 0.3172 | Few 0.2157 | best_tail 0.2567@11 | rollback=False
2026-08-19 20:07:56,082 - FINAL_FULL_r200.log - INFO - Round 14 S-diagnostic | score_mean 0.7183 | selected_tail_fraction 0.0256 | participation_range 1-8
2026-08-19 20:07:56,084 - FINAL_FULL_r200.log - INFO - Round 14 selected clients: [2, 3, 4, 5, 6, 12, 13, 14]
2026-08-19 20:08:17,766 - FINAL_FULL_r200.log - INFO - Round 14 | Global 0.4815 | Head 0.5889 | Tail 0.2310 | Many 0.7097 | Medium 0.4983 | Few 0.2310 | best_tail 0.2567@11 | rollback=False
2026-08-19 20:08:17,768 - FINAL_FULL_r200.log - INFO - Round 15 S-diagnostic | score_mean 0.7001 | selected_tail_fraction 0.0312 | participation_range 2-9
2026-08-19 20:08:17,768 - FINAL_FULL_r200.log - INFO - Round 15 selected clients: [3, 4, 6, 8, 10, 15, 18, 19]
2026-08-19 20:08:38,920 - FINAL_FULL_r200.log - INFO - Round 15 | Global 0.4968 | Head 0.5863 | Tail 0.2880 | Many 0.6937 | Medium 0.5058 | Few 0.2880 | best_tail 0.2880@15 | rollback=False
2026-08-19 20:08:38,920 - FINAL_FULL_r200.log - INFO - Round 16 S-diagnostic | score_mean 0.7325 | selected_tail_fraction 0.0276 | participation_range 2-10
2026-08-19 20:08:38,920 - FINAL_FULL_r200.log - INFO - Round 16 selected clients: [0, 6, 9, 12, 13, 14, 17, 18]
2026-08-19 20:09:00,425 - FINAL_FULL_r200.log - INFO - Round 16 | Global 0.4998 | Head 0.5944 | Tail 0.2790 | Many 0.7453 | Medium 0.4813 | Few 0.2790 | best_tail 0.2880@15 | rollback=False
2026-08-19 20:09:00,435 - FINAL_FULL_r200.log - INFO - Round 17 S-diagnostic | score_mean 0.6173 | selected_tail_fraction 0.0163 | participation_range 3-11
2026-08-19 20:09:00,435 - FINAL_FULL_r200.log - INFO - Round 17 selected clients: [1, 3, 6, 9, 10, 13, 14, 16]
2026-08-19 20:09:20,786 - FINAL_FULL_r200.log - INFO - Round 17 | Global 0.4773 | Head 0.5636 | Tail 0.2760 | Many 0.7890 | Medium 0.3945 | Few 0.2760 | best_tail 0.2880@15 | rollback=False
2026-08-19 20:09:20,786 - FINAL_FULL_r200.log - INFO - Round 18 S-diagnostic | score_mean 0.6641 | selected_tail_fraction 0.0141 | participation_range 4-11
2026-08-19 20:09:20,786 - FINAL_FULL_r200.log - INFO - Round 18 selected clients: [4, 9, 10, 12, 13, 15, 16, 17]
2026-08-19 20:09:39,862 - FINAL_FULL_r200.log - INFO - Round 18 | Global 0.4751 | Head 0.5996 | Tail 0.1847 | Many 0.7937 | Medium 0.4540 | Few 0.1847 | best_tail 0.2880@15 | rollback=False
2026-08-19 20:09:39,862 - FINAL_FULL_r200.log - INFO - Round 19 S-diagnostic | score_mean 0.6728 | selected_tail_fraction 0.0115 | participation_range 4-11
2026-08-19 20:09:39,862 - FINAL_FULL_r200.log - INFO - Round 19 selected clients: [0, 1, 2, 4, 5, 8, 11, 12]
2026-08-19 20:09:58,925 - FINAL_FULL_r200.log - INFO - Round 19 | Global 0.4624 | Head 0.5823 | Tail 0.1827 | Many 0.7380 | Medium 0.4655 | Few 0.1827 | best_tail 0.2880@15 | rollback=False
2026-08-19 20:09:58,925 - FINAL_FULL_r200.log - INFO - Round 20 S-diagnostic | score_mean 0.6474 | selected_tail_fraction 0.0300 | participation_range 4-11
2026-08-19 20:09:58,925 - FINAL_FULL_r200.log - INFO - Round 20 selected clients: [3, 4, 5, 7, 11, 14, 17, 19]
2026-08-19 20:10:18,177 - FINAL_FULL_r200.log - INFO - Round 20 | Global 0.4927 | Head 0.6039 | Tail 0.2333 | Many 0.7330 | Medium 0.5070 | Few 0.2333 | best_tail 0.2880@15 | rollback=False
2026-08-19 20:10:18,204 - FINAL_FULL_r200.log - INFO - Global Accuracy: [0.145, 0.2345, 0.2531, 0.289, 0.3059, 0.3398, 0.3661, 0.4214, 0.3897, 0.3858, 0.4525, 0.4115, 0.4182, 0.4815, 0.4968, 0.4998, 0.4773, 0.4751, 0.4624, 0.4927]
2026-08-19 20:10:18,204 - FINAL_FULL_r200.log - INFO - Majority Class Accuracy: [0.4183, 0.6083, 0.6207, 0.743, 0.6793, 0.6467, 0.697, 0.6663, 0.78, 0.784, 0.802, 0.812, 0.7553, 0.7097, 0.6937, 0.7453, 0.789, 0.7937, 0.738, 0.733]
2026-08-19 20:10:18,204 - FINAL_FULL_r200.log - INFO - Medium Class Accuracy: [0.0488, 0.13, 0.1673, 0.1653, 0.2552, 0.344, 0.373, 0.4447, 0.3505, 0.214, 0.3372, 0.3038, 0.3172, 0.4983, 0.5058, 0.4813, 0.3945, 0.454, 0.4655, 0.507]
2026-08-19 20:10:18,204 - FINAL_FULL_r200.log - INFO - Minority Class Accuracy: [0.0, 0.0, 0.0, 0.0, 0.0, 0.0273, 0.026, 0.1453, 0.0517, 0.2167, 0.2567, 0.1547, 0.2157, 0.231, 0.288, 0.279, 0.276, 0.1847, 0.1827, 0.2333]
2026-08-19 20:10:18,204 - FINAL_FULL_r200.log - INFO - === Head-Tail Evaluation ===
2026-08-19 20:10:18,204 - FINAL_FULL_r200.log - INFO - Head Accuracy: 0.6039
2026-08-19 20:10:18,204 - FINAL_FULL_r200.log - INFO - Tail Accuracy: 0.2333
2026-08-19 20:10:30,759 - FINAL_FULL_r200.log - INFO - Round 21 S-diagnostic | score_mean 0.6791 | selected_tail_fraction 0.0254 | participation_range 4-11
2026-08-19 20:10:30,759 - FINAL_FULL_r200.log - INFO - Round 21 selected clients: [3, 4, 7, 14, 15, 16, 17, 18]
2026-08-19 20:10:50,190 - FINAL_FULL_r200.log - INFO - Round 21 | Global 0.5098 | Head 0.5846 | Tail 0.3353 | Many 0.7670 | Medium 0.4477 | Few 0.3353 | best_tail 0.3353@21 | rollback=False
2026-08-19 20:10:50,190 - FINAL_FULL_r200.log - INFO - Round 22 S-diagnostic | score_mean 0.6803 | selected_tail_fraction 0.0203 | participation_range 5-12
2026-08-19 20:10:50,190 - FINAL_FULL_r200.log - INFO - Round 22 selected clients: [0, 3, 4, 5, 10, 12, 14, 19]
2026-08-19 20:11:09,670 - FINAL_FULL_r200.log - INFO - Round 22 | Global 0.5271 | Head 0.5969 | Tail 0.3643 | Many 0.7260 | Medium 0.5000 | Few 0.3643 | best_tail 0.3643@22 | rollback=False
2026-08-19 20:11:09,674 - FINAL_FULL_r200.log - INFO - Round 23 S-diagnostic | score_mean 0.7607 | selected_tail_fraction 0.0173 | participation_range 5-13
2026-08-19 20:11:09,674 - FINAL_FULL_r200.log - INFO - Round 23 selected clients: [1, 2, 4, 7, 9, 12, 15, 19]
2026-08-19 20:11:29,150 - FINAL_FULL_r200.log - INFO - Round 23 | Global 0.5409 | Head 0.6110 | Tail 0.3773 | Many 0.7097 | Medium 0.5370 | Few 0.3773 | best_tail 0.3773@23 | rollback=False
2026-08-19 20:11:29,150 - FINAL_FULL_r200.log - INFO - Round 24 S-diagnostic | score_mean 0.7480 | selected_tail_fraction 0.0324 | participation_range 5-13
2026-08-19 20:11:29,150 - FINAL_FULL_r200.log - INFO - Round 24 selected clients: [3, 5, 6, 9, 11, 12, 14, 17]
2026-08-19 20:11:48,708 - FINAL_FULL_r200.log - INFO - Round 24 | Global 0.5554 | Head 0.6217 | Tail 0.4007 | Many 0.6977 | Medium 0.5647 | Few 0.4007 | best_tail 0.4007@24 | rollback=False
2026-08-19 20:11:48,708 - FINAL_FULL_r200.log - INFO - Round 25 S-diagnostic | score_mean 0.6221 | selected_tail_fraction 0.0240 | participation_range 5-14
2026-08-19 20:11:48,708 - FINAL_FULL_r200.log - INFO - Round 25 selected clients: [0, 3, 4, 7, 11, 13, 17, 19]
2026-08-19 20:12:07,959 - FINAL_FULL_r200.log - INFO - Round 25 | Global 0.5607 | Head 0.6060 | Tail 0.4550 | Many 0.7097 | Medium 0.5282 | Few 0.4550 | best_tail 0.4550@25 | rollback=False
2026-08-19 20:12:07,959 - FINAL_FULL_r200.log - INFO - Round 26 S-diagnostic | score_mean 0.5478 | selected_tail_fraction 0.0177 | participation_range 5-14
2026-08-19 20:12:07,959 - FINAL_FULL_r200.log - INFO - Round 26 selected clients: [1, 6, 7, 8, 13, 14, 16, 17]
2026-08-19 20:12:27,162 - FINAL_FULL_r200.log - INFO - Round 26 | Global 0.5145 | Head 0.5984 | Tail 0.3187 | Many 0.7357 | Medium 0.4955 | Few 0.3187 | best_tail 0.4550@25 | rollback=False
2026-08-19 20:12:27,162 - FINAL_FULL_r200.log - INFO - Round 27 S-diagnostic | score_mean 0.5590 | selected_tail_fraction 0.0181 | participation_range 6-14
2026-08-19 20:12:27,162 - FINAL_FULL_r200.log - INFO - Round 27 selected clients: [5, 7, 8, 9, 10, 13, 16, 17]
2026-08-19 20:12:46,184 - FINAL_FULL_r200.log - INFO - Round 27 | Global 0.5190 | Head 0.6197 | Tail 0.2840 | Many 0.7600 | Medium 0.5145 | Few 0.2840 | best_tail 0.4550@25 | rollback=False
2026-08-19 20:12:46,184 - FINAL_FULL_r200.log - INFO - Round 28 S-diagnostic | score_mean 0.6675 | selected_tail_fraction 0.0155 | participation_range 7-15
2026-08-19 20:12:46,184 - FINAL_FULL_r200.log - INFO - Round 28 selected clients: [0, 2, 4, 6, 7, 9, 10, 12]
2026-08-19 20:13:05,733 - FINAL_FULL_r200.log - INFO - Round 28 | Global 0.5611 | Head 0.6333 | Tail 0.3927 | Many 0.7607 | Medium 0.5377 | Few 0.3927 | best_tail 0.4550@25 | rollback=False
2026-08-19 20:13:05,743 - FINAL_FULL_r200.log - INFO - Round 29 S-diagnostic | score_mean 0.6230 | selected_tail_fraction 0.0300 | participation_range 8-16
2026-08-19 20:13:05,743 - FINAL_FULL_r200.log - INFO - Round 29 selected clients: [3, 4, 5, 6, 7, 10, 14, 17]
2026-08-19 20:13:25,099 - FINAL_FULL_r200.log - INFO - Round 29 | Global 0.5541 | Head 0.6170 | Tail 0.4073 | Many 0.7103 | Medium 0.5470 | Few 0.4073 | best_tail 0.4550@25 | rollback=False
2026-08-19 20:13:25,099 - FINAL_FULL_r200.log - INFO - Round 30 S-diagnostic | score_mean 0.7031 | selected_tail_fraction 0.0274 | participation_range 8-16
2026-08-19 20:13:25,099 - FINAL_FULL_r200.log - INFO - Round 30 selected clients: [0, 6, 11, 14, 15, 16, 17, 19]
2026-08-19 20:13:44,571 - FINAL_FULL_r200.log - INFO - Round 30 | Global 0.5884 | Head 0.6080 | Tail 0.5427 | Many 0.7237 | Medium 0.5212 | Few 0.5427 | best_tail 0.5427@30 | rollback=False
2026-08-19 20:13:44,602 - FINAL_FULL_r200.log - INFO - Global Accuracy: [0.145, 0.2345, 0.2531, 0.289, 0.3059, 0.3398, 0.3661, 0.4214, 0.3897, 0.3858, 0.4525, 0.4115, 0.4182, 0.4815, 0.4968, 0.4998, 0.4773, 0.4751, 0.4624, 0.4927, 0.5098, 0.5271, 0.5409, 0.5554, 0.5607, 0.5145, 0.519, 0.5611, 0.5541, 0.5884]
2026-08-19 20:13:44,602 - FINAL_FULL_r200.log - INFO - Majority Class Accuracy: [0.4183, 0.6083, 0.6207, 0.743, 0.6793, 0.6467, 0.697, 0.6663, 0.78, 0.784, 0.802, 0.812, 0.7553, 0.7097, 0.6937, 0.7453, 0.789, 0.7937, 0.738, 0.733, 0.767, 0.726, 0.7097, 0.6977, 0.7097, 0.7357, 0.76, 0.7607, 0.7103, 0.7237]
2026-08-19 20:13:44,602 - FINAL_FULL_r200.log - INFO - Medium Class Accuracy: [0.0488, 0.13, 0.1673, 0.1653, 0.2552, 0.344, 0.373, 0.4447, 0.3505, 0.214, 0.3372, 0.3038, 0.3172, 0.4983, 0.5058, 0.4813, 0.3945, 0.454, 0.4655, 0.507, 0.4477, 0.5, 0.537, 0.5647, 0.5282, 0.4955, 0.5145, 0.5377, 0.547, 0.5212]
2026-08-19 20:13:44,602 - FINAL_FULL_r200.log - INFO - Minority Class Accuracy: [0.0, 0.0, 0.0, 0.0, 0.0, 0.0273, 0.026, 0.1453, 0.0517, 0.2167, 0.2567, 0.1547, 0.2157, 0.231, 0.288, 0.279, 0.276, 0.1847, 0.1827, 0.2333, 0.3353, 0.3643, 0.3773, 0.4007, 0.455, 0.3187, 0.284, 0.3927, 0.4073, 0.5427]
2026-08-19 20:13:44,602 - FINAL_FULL_r200.log - INFO - === Head-Tail Evaluation ===
2026-08-19 20:13:44,603 - FINAL_FULL_r200.log - INFO - Head Accuracy: 0.6080
2026-08-19 20:13:44,603 - FINAL_FULL_r200.log - INFO - Tail Accuracy: 0.5427
2026-08-19 20:13:58,297 - FINAL_FULL_r200.log - INFO - Round 31 S-diagnostic | score_mean 0.5446 | selected_tail_fraction 0.0054 | participation_range 9-16
2026-08-19 20:13:58,297 - FINAL_FULL_r200.log - INFO - Round 31 selected clients: [1, 2, 7, 8, 10, 12, 13, 16]
2026-08-19 20:14:21,152 - FINAL_FULL_r200.log - INFO - Round 31 | Global 0.5660 | Head 0.6390 | Tail 0.3957 | Many 0.7813 | Medium 0.5323 | Few 0.3957 | best_tail 0.5427@30 | rollback=False
2026-08-19 20:14:21,152 - FINAL_FULL_r200.log - INFO - Round 32 S-diagnostic | score_mean 0.7019 | selected_tail_fraction 0.0159 | participation_range 9-16
2026-08-19 20:14:21,152 - FINAL_FULL_r200.log - INFO - Round 32 selected clients: [0, 1, 5, 7, 12, 13, 15, 19]
2026-08-19 20:14:44,002 - FINAL_FULL_r200.log - INFO - Round 32 | Global 0.5750 | Head 0.6349 | Tail 0.4353 | Many 0.7617 | Medium 0.5397 | Few 0.4353 | best_tail 0.5427@30 | rollback=False
2026-08-19 20:14:44,002 - FINAL_FULL_r200.log - INFO - Round 33 S-diagnostic | score_mean 0.6058 | selected_tail_fraction 0.0173 | participation_range 9-17
2026-08-19 20:14:44,002 - FINAL_FULL_r200.log - INFO - Round 33 selected clients: [1, 4, 8, 11, 13, 16, 17, 18]
2026-08-19 20:15:06,926 - FINAL_FULL_r200.log - INFO - Round 33 | Global 0.5590 | Head 0.6211 | Tail 0.4140 | Many 0.7640 | Medium 0.5140 | Few 0.4140 | best_tail 0.5427@30 | rollback=False
2026-08-19 20:15:06,926 - FINAL_FULL_r200.log - INFO - Round 34 S-diagnostic | score_mean 0.6493 | selected_tail_fraction 0.0214 | participation_range 10-17
2026-08-19 20:15:06,936 - FINAL_FULL_r200.log - INFO - Round 34 selected clients: [1, 8, 9, 10, 14, 15, 17, 18]
2026-08-19 20:15:29,664 - FINAL_FULL_r200.log - INFO - Round 34 | Global 0.5673 | Head 0.6200 | Tail 0.4443 | Many 0.7127 | Medium 0.5505 | Few 0.4443 | best_tail 0.5427@30 | rollback=False
2026-08-19 20:15:29,664 - FINAL_FULL_r200.log - INFO - Round 35 S-diagnostic | score_mean 0.6733 | selected_tail_fraction 0.0103 | participation_range 10-17
2026-08-19 20:15:29,664 - FINAL_FULL_r200.log - INFO - Round 35 selected clients: [0, 1, 6, 9, 11, 12, 13, 16]
2026-08-19 20:15:52,558 - FINAL_FULL_r200.log - INFO - Round 35 | Global 0.5579 | Head 0.6354 | Tail 0.3770 | Many 0.7697 | Medium 0.5347 | Few 0.3770 | best_tail 0.5427@30 | rollback=False
2026-08-19 20:15:52,558 - FINAL_FULL_r200.log - INFO - Round 36 S-diagnostic | score_mean 0.6605 | selected_tail_fraction 0.0254 | participation_range 10-18
2026-08-19 20:15:52,569 - FINAL_FULL_r200.log - INFO - Round 36 selected clients: [1, 6, 7, 8, 9, 13, 18, 19]
2026-08-19 20:16:15,392 - FINAL_FULL_r200.log - INFO - Round 36 | Global 0.5920 | Head 0.5984 | Tail 0.5770 | Many 0.7080 | Medium 0.5162 | Few 0.5770 | best_tail 0.5770@36 | rollback=False
2026-08-19 20:16:15,392 - FINAL_FULL_r200.log - INFO - Round 37 S-diagnostic | score_mean 0.7282 | selected_tail_fraction 0.0199 | participation_range 11-18
2026-08-19 20:16:15,392 - FINAL_FULL_r200.log - INFO - Round 37 selected clients: [1, 2, 3, 5, 9, 10, 12, 14]
2026-08-19 20:16:38,830 - FINAL_FULL_r200.log - INFO - Round 37 | Global 0.6044 | Head 0.6099 | Tail 0.5917 | Many 0.6510 | Medium 0.5790 | Few 0.5917 | best_tail 0.5917@37 | rollback=False
2026-08-19 20:16:38,830 - FINAL_FULL_r200.log - INFO - Round 38 S-diagnostic | score_mean 0.7155 | selected_tail_fraction 0.0232 | participation_range 11-19
2026-08-19 20:16:38,830 - FINAL_FULL_r200.log - INFO - Round 38 selected clients: [0, 2, 5, 7, 8, 12, 15, 17]
2026-08-19 20:17:02,199 - FINAL_FULL_r200.log - INFO - Round 38 | Global 0.6154 | Head 0.6127 | Tail 0.6217 | Many 0.6660 | Medium 0.5727 | Few 0.6217 | best_tail 0.6217@38 | rollback=False
2026-08-19 20:17:02,199 - FINAL_FULL_r200.log - INFO - Round 39 S-diagnostic | score_mean 0.6323 | selected_tail_fraction 0.0258 | participation_range 12-19
2026-08-19 20:17:02,199 - FINAL_FULL_r200.log - INFO - Round 39 selected clients: [0, 3, 6, 7, 10, 11, 15, 17]
2026-08-19 20:17:25,144 - FINAL_FULL_r200.log - INFO - Round 39 | Global 0.6002 | Head 0.6324 | Tail 0.5250 | Many 0.6730 | Medium 0.6020 | Few 0.5250 | best_tail 0.6217@38 | rollback=False
2026-08-19 20:17:25,144 - FINAL_FULL_r200.log - INFO - Round 40 S-diagnostic | score_mean 0.6511 | selected_tail_fraction 0.0268 | participation_range 12-20
2026-08-19 20:17:25,144 - FINAL_FULL_r200.log - INFO - Round 40 selected clients: [2, 3, 6, 7, 8, 14, 16, 18]
2026-08-19 20:17:48,271 - FINAL_FULL_r200.log - INFO - Round 40 | Global 0.6193 | Head 0.5953 | Tail 0.6753 | Many 0.6130 | Medium 0.5820 | Few 0.6753 | best_tail 0.6753@40 | rollback=False
2026-08-19 20:17:48,299 - FINAL_FULL_r200.log - INFO - Global Accuracy: [0.145, 0.2345, 0.2531, 0.289, 0.3059, 0.3398, 0.3661, 0.4214, 0.3897, 0.3858, 0.4525, 0.4115, 0.4182, 0.4815, 0.4968, 0.4998, 0.4773, 0.4751, 0.4624, 0.4927, 0.5098, 0.5271, 0.5409, 0.5554, 0.5607, 0.5145, 0.519, 0.5611, 0.5541, 0.5884, 0.566, 0.575, 0.559, 0.5673, 0.5579, 0.592, 0.6044, 0.6154, 0.6002, 0.6193]
2026-08-19 20:17:48,299 - FINAL_FULL_r200.log - INFO - Majority Class Accuracy: [0.4183, 0.6083, 0.6207, 0.743, 0.6793, 0.6467, 0.697, 0.6663, 0.78, 0.784, 0.802, 0.812, 0.7553, 0.7097, 0.6937, 0.7453, 0.789, 0.7937, 0.738, 0.733, 0.767, 0.726, 0.7097, 0.6977, 0.7097, 0.7357, 0.76, 0.7607, 0.7103, 0.7237, 0.7813, 0.7617, 0.764, 0.7127, 0.7697, 0.708, 0.651, 0.666, 0.673, 0.613]
2026-08-19 20:17:48,299 - FINAL_FULL_r200.log - INFO - Medium Class Accuracy: [0.0488, 0.13, 0.1673, 0.1653, 0.2552, 0.344, 0.373, 0.4447, 0.3505, 0.214, 0.3372, 0.3038, 0.3172, 0.4983, 0.5058, 0.4813, 0.3945, 0.454, 0.4655, 0.507, 0.4477, 0.5, 0.537, 0.5647, 0.5282, 0.4955, 0.5145, 0.5377, 0.547, 0.5212, 0.5323, 0.5397, 0.514, 0.5505, 0.5347, 0.5162, 0.579, 0.5727, 0.602, 0.582]
2026-08-19 20:17:48,299 - FINAL_FULL_r200.log - INFO - Minority Class Accuracy: [0.0, 0.0, 0.0, 0.0, 0.0, 0.0273, 0.026, 0.1453, 0.0517, 0.2167, 0.2567, 0.1547, 0.2157, 0.231, 0.288, 0.279, 0.276, 0.1847, 0.1827, 0.2333, 0.3353, 0.3643, 0.3773, 0.4007, 0.455, 0.3187, 0.284, 0.3927, 0.4073, 0.5427, 0.3957, 0.4353, 0.414, 0.4443, 0.377, 0.577, 0.5917, 0.6217, 0.525, 0.6753]
2026-08-19 20:17:48,299 - FINAL_FULL_r200.log - INFO - === Head-Tail Evaluation ===
2026-08-19 20:17:48,299 - FINAL_FULL_r200.log - INFO - Head Accuracy: 0.5953
2026-08-19 20:17:48,300 - FINAL_FULL_r200.log - INFO - Tail Accuracy: 0.6753
2026-08-19 20:18:01,320 - FINAL_FULL_r200.log - INFO - Round 41 S-diagnostic | score_mean 0.5658 | selected_tail_fraction 0.0155 | participation_range 13-20
2026-08-19 20:18:01,320 - FINAL_FULL_r200.log - INFO - Round 41 selected clients: [1, 3, 7, 8, 10, 14, 15, 18]
2026-08-19 20:18:24,394 - FINAL_FULL_r200.log - INFO - Round 41 | Global 0.6182 | Head 0.6280 | Tail 0.5953 | Many 0.6947 | Medium 0.5780 | Few 0.5953 | best_tail 0.6753@40 | rollback=False
2026-08-19 20:18:24,394 - FINAL_FULL_r200.log - INFO - Round 42 S-diagnostic | score_mean 0.7848 | selected_tail_fraction 0.0351 | participation_range 14-21
2026-08-19 20:18:24,394 - FINAL_FULL_r200.log - INFO - Round 42 selected clients: [2, 3, 4, 5, 6, 10, 15, 19]
2026-08-19 20:18:46,024 - FINAL_FULL_r200.log - INFO - Round 42 | Global 0.6063 | Head 0.5780 | Tail 0.6723 | Many 0.5817 | Medium 0.5753 | Few 0.6723 | best_tail 0.6753@40 | rollback=False
2026-08-19 20:18:46,024 - FINAL_FULL_r200.log - INFO - Round 43 S-diagnostic | score_mean 0.6209 | selected_tail_fraction 0.0103 | participation_range 14-21
2026-08-19 20:18:46,024 - FINAL_FULL_r200.log - INFO - Round 43 selected clients: [0, 1, 8, 9, 10, 11, 12, 19]
2026-08-19 20:19:06,093 - FINAL_FULL_r200.log - INFO - Round 43 | Global 0.6250 | Head 0.6216 | Tail 0.6330 | Many 0.6647 | Medium 0.5893 | Few 0.6330 | best_tail 0.6753@40 | rollback=False
2026-08-19 20:19:06,093 - FINAL_FULL_r200.log - INFO - Round 44 S-diagnostic | score_mean 0.7150 | selected_tail_fraction 0.0173 | participation_range 14-21
2026-08-19 20:19:06,093 - FINAL_FULL_r200.log - INFO - Round 44 selected clients: [1, 11, 12, 14, 15, 16, 18, 19]
2026-08-19 20:19:26,283 - FINAL_FULL_r200.log - INFO - Round 44 | Global 0.6402 | Head 0.6337 | Tail 0.6553 | Many 0.6900 | Medium 0.5915 | Few 0.6553 | best_tail 0.6753@40 | rollback=False
2026-08-19 20:19:26,283 - FINAL_FULL_r200.log - INFO - Round 45 S-diagnostic | score_mean 0.8148 | selected_tail_fraction 0.0344 | participation_range 15-22
2026-08-19 20:19:26,283 - FINAL_FULL_r200.log - INFO - Round 45 selected clients: [0, 1, 2, 5, 6, 13, 18, 19]
2026-08-19 20:19:46,839 - FINAL_FULL_r200.log - INFO - Round 45 | Global 0.6159 | Head 0.5707 | Tail 0.7213 | Many 0.5450 | Medium 0.5900 | Few 0.7213 | best_tail 0.7213@45 | rollback=False
2026-08-19 20:19:46,839 - FINAL_FULL_r200.log - INFO - Round 46 S-diagnostic | score_mean 0.7276 | selected_tail_fraction 0.0290 | participation_range 15-23
2026-08-19 20:19:46,839 - FINAL_FULL_r200.log - INFO - Round 46 selected clients: [2, 3, 6, 7, 9, 14, 16, 18]
2026-08-19 20:20:07,251 - FINAL_FULL_r200.log - INFO - Round 46 | Global 0.6377 | Head 0.5987 | Tail 0.7287 | Many 0.5883 | Medium 0.6065 | Few 0.7287 | best_tail 0.7287@46 | rollback=False
2026-08-19 20:20:07,251 - FINAL_FULL_r200.log - INFO - Round 47 S-diagnostic | score_mean 0.7779 | selected_tail_fraction 0.0246 | participation_range 15-24
2026-08-19 20:20:07,251 - FINAL_FULL_r200.log - INFO - Round 47 selected clients: [1, 2, 4, 6, 9, 13, 15, 18]
2026-08-19 20:20:27,653 - FINAL_FULL_r200.log - INFO - Round 47 | Global 0.6199 | Head 0.6253 | Tail 0.6073 | Many 0.6277 | Medium 0.6235 | Few 0.6073 | best_tail 0.7287@46 | rollback=False
2026-08-19 20:20:27,653 - FINAL_FULL_r200.log - INFO - Round 48 S-diagnostic | score_mean 0.7528 | selected_tail_fraction 0.0298 | participation_range 16-25
2026-08-19 20:20:27,653 - FINAL_FULL_r200.log - INFO - Round 48 selected clients: [0, 3, 4, 5, 6, 9, 10, 18]
2026-08-19 20:20:48,297 - FINAL_FULL_r200.log - INFO - Round 48 | Global 0.6298 | Head 0.6093 | Tail 0.6777 | Many 0.6377 | Medium 0.5880 | Few 0.6777 | best_tail 0.7287@46 | rollback=False
2026-08-19 20:20:48,297 - FINAL_FULL_r200.log - INFO - Round 49 S-diagnostic | score_mean 0.6597 | selected_tail_fraction 0.0195 | participation_range 16-25
2026-08-19 20:20:48,297 - FINAL_FULL_r200.log - INFO - Round 49 selected clients: [1, 2, 3, 7, 8, 11, 12, 19]
2026-08-19 20:21:08,376 - FINAL_FULL_r200.log - INFO - Round 49 | Global 0.6251 | Head 0.5814 | Tail 0.7270 | Many 0.5397 | Medium 0.6128 | Few 0.7270 | best_tail 0.7287@46 | rollback=False
2026-08-19 20:21:08,386 - FINAL_FULL_r200.log - INFO - Round 50 S-diagnostic | score_mean 0.6942 | selected_tail_fraction 0.0256 | participation_range 16-26
2026-08-19 20:21:08,386 - FINAL_FULL_r200.log - INFO - Round 50 selected clients: [6, 9, 11, 12, 13, 14, 18, 19]
2026-08-19 20:21:28,751 - FINAL_FULL_r200.log - INFO - Round 50 | Global 0.6380 | Head 0.6249 | Tail 0.6687 | Many 0.6330 | Medium 0.6188 | Few 0.6687 | best_tail 0.7287@46 | rollback=False
2026-08-19 20:21:28,778 - FINAL_FULL_r200.log - INFO - Global Accuracy: [0.145, 0.2345, 0.2531, 0.289, 0.3059, 0.3398, 0.3661, 0.4214, 0.3897, 0.3858, 0.4525, 0.4115, 0.4182, 0.4815, 0.4968, 0.4998, 0.4773, 0.4751, 0.4624, 0.4927, 0.5098, 0.5271, 0.5409, 0.5554, 0.5607, 0.5145, 0.519, 0.5611, 0.5541, 0.5884, 0.566, 0.575, 0.559, 0.5673, 0.5579, 0.592, 0.6044, 0.6154, 0.6002, 0.6193, 0.6182, 0.6063, 0.625, 0.6402, 0.6159, 0.6377, 0.6199, 0.6298, 0.6251, 0.638]
2026-08-19 20:21:28,778 - FINAL_FULL_r200.log - INFO - Majority Class Accuracy: [0.4183, 0.6083, 0.6207, 0.743, 0.6793, 0.6467, 0.697, 0.6663, 0.78, 0.784, 0.802, 0.812, 0.7553, 0.7097, 0.6937, 0.7453, 0.789, 0.7937, 0.738, 0.733, 0.767, 0.726, 0.7097, 0.6977, 0.7097, 0.7357, 0.76, 0.7607, 0.7103, 0.7237, 0.7813, 0.7617, 0.764, 0.7127, 0.7697, 0.708, 0.651, 0.666, 0.673, 0.613, 0.6947, 0.5817, 0.6647, 0.69, 0.545, 0.5883, 0.6277, 0.6377, 0.5397, 0.633]
2026-08-19 20:21:28,778 - FINAL_FULL_r200.log - INFO - Medium Class Accuracy: [0.0488, 0.13, 0.1673, 0.1653, 0.2552, 0.344, 0.373, 0.4447, 0.3505, 0.214, 0.3372, 0.3038, 0.3172, 0.4983, 0.5058, 0.4813, 0.3945, 0.454, 0.4655, 0.507, 0.4477, 0.5, 0.537, 0.5647, 0.5282, 0.4955, 0.5145, 0.5377, 0.547, 0.5212, 0.5323, 0.5397, 0.514, 0.5505, 0.5347, 0.5162, 0.579, 0.5727, 0.602, 0.582, 0.578, 0.5753, 0.5893, 0.5915, 0.59, 0.6065, 0.6235, 0.588, 0.6128, 0.6188]
2026-08-19 20:21:28,778 - FINAL_FULL_r200.log - INFO - Minority Class Accuracy: [0.0, 0.0, 0.0, 0.0, 0.0, 0.0273, 0.026, 0.1453, 0.0517, 0.2167, 0.2567, 0.1547, 0.2157, 0.231, 0.288, 0.279, 0.276, 0.1847, 0.1827, 0.2333, 0.3353, 0.3643, 0.3773, 0.4007, 0.455, 0.3187, 0.284, 0.3927, 0.4073, 0.5427, 0.3957, 0.4353, 0.414, 0.4443, 0.377, 0.577, 0.5917, 0.6217, 0.525, 0.6753, 0.5953, 0.6723, 0.633, 0.6553, 0.7213, 0.7287, 0.6073, 0.6777, 0.727, 0.6687]
2026-08-19 20:21:28,778 - FINAL_FULL_r200.log - INFO - === Head-Tail Evaluation ===
2026-08-19 20:21:28,778 - FINAL_FULL_r200.log - INFO - Head Accuracy: 0.6249
2026-08-19 20:21:28,778 - FINAL_FULL_r200.log - INFO - Tail Accuracy: 0.6687
2026-08-19 20:21:42,071 - FINAL_FULL_r200.log - INFO - Round 51 S-diagnostic | score_mean 0.7375 | selected_tail_fraction 0.0216 | participation_range 17-26
2026-08-19 20:21:42,071 - FINAL_FULL_r200.log - INFO - Round 51 selected clients: [1, 2, 5, 9, 10, 12, 14, 19]
2026-08-19 20:22:02,639 - FINAL_FULL_r200.log - INFO - Round 51 | Global 0.6432 | Head 0.6270 | Tail 0.6810 | Many 0.6183 | Medium 0.6335 | Few 0.6810 | best_tail 0.7287@46 | rollback=False
2026-08-19 20:22:02,639 - FINAL_FULL_r200.log - INFO - Round 52 S-diagnostic | score_mean 0.7696 | selected_tail_fraction 0.0276 | participation_range 17-26
2026-08-19 20:22:02,639 - FINAL_FULL_r200.log - INFO - Round 52 selected clients: [4, 9, 11, 12, 16, 17, 18, 19]
2026-08-19 20:22:23,108 - FINAL_FULL_r200.log - INFO - Round 52 | Global 0.6524 | Head 0.6327 | Tail 0.6983 | Many 0.6497 | Medium 0.6200 | Few 0.6983 | best_tail 0.7287@46 | rollback=False
2026-08-19 20:22:23,108 - FINAL_FULL_r200.log - INFO - Round 53 S-diagnostic | score_mean 0.5802 | selected_tail_fraction 0.0163 | participation_range 17-26
2026-08-19 20:22:23,108 - FINAL_FULL_r200.log - INFO - Round 53 selected clients: [1, 3, 7, 8, 9, 11, 13, 19]
2026-08-19 20:22:43,171 - FINAL_FULL_r200.log - INFO - Round 53 | Global 0.6497 | Head 0.6410 | Tail 0.6700 | Many 0.6880 | Medium 0.6058 | Few 0.6700 | best_tail 0.7287@46 | rollback=False
2026-08-19 20:22:43,171 - FINAL_FULL_r200.log - INFO - Round 54 S-diagnostic | score_mean 0.6886 | selected_tail_fraction 0.0171 | participation_range 17-27
2026-08-19 20:22:43,171 - FINAL_FULL_r200.log - INFO - Round 54 selected clients: [1, 2, 7, 8, 12, 15, 16, 17]
2026-08-19 20:23:05,477 - FINAL_FULL_r200.log - INFO - Round 54 | Global 0.6503 | Head 0.6606 | Tail 0.6263 | Many 0.6897 | Medium 0.6388 | Few 0.6263 | best_tail 0.7287@46 | rollback=False
2026-08-19 20:23:05,488 - FINAL_FULL_r200.log - INFO - Round 55 S-diagnostic | score_mean 0.7788 | selected_tail_fraction 0.0282 | participation_range 17-27
2026-08-19 20:23:05,488 - FINAL_FULL_r200.log - INFO - Round 55 selected clients: [3, 6, 9, 11, 12, 15, 16, 17]
2026-08-19 20:23:29,054 - FINAL_FULL_r200.log - INFO - Round 55 | Global 0.6559 | Head 0.6494 | Tail 0.6710 | Many 0.6643 | Medium 0.6382 | Few 0.6710 | best_tail 0.7287@46 | rollback=False
2026-08-19 20:23:29,065 - FINAL_FULL_r200.log - INFO - Round 56 S-diagnostic | score_mean 0.6179 | selected_tail_fraction 0.0177 | participation_range 17-27
2026-08-19 20:23:29,065 - FINAL_FULL_r200.log - INFO - Round 56 selected clients: [0, 5, 7, 11, 14, 15, 16, 17]
2026-08-19 20:23:52,171 - FINAL_FULL_r200.log - INFO - Round 56 | Global 0.6416 | Head 0.6800 | Tail 0.5520 | Many 0.7527 | Medium 0.6255 | Few 0.5520 | best_tail 0.7287@46 | rollback=False
2026-08-19 20:23:52,171 - FINAL_FULL_r200.log - INFO - Round 57 S-diagnostic | score_mean 0.5771 | selected_tail_fraction 0.0163 | participation_range 17-27
2026-08-19 20:23:52,171 - FINAL_FULL_r200.log - INFO - Round 57 selected clients: [3, 8, 9, 11, 13, 14, 16, 19]
2026-08-19 20:24:14,869 - FINAL_FULL_r200.log - INFO - Round 57 | Global 0.6538 | Head 0.6641 | Tail 0.6297 | Many 0.7367 | Medium 0.6098 | Few 0.6297 | best_tail 0.7287@46 | rollback=False
2026-08-19 20:24:14,869 - FINAL_FULL_r200.log - INFO - Round 58 S-diagnostic | score_mean 0.7324 | selected_tail_fraction 0.0214 | participation_range 18-28
2026-08-19 20:24:14,869 - FINAL_FULL_r200.log - INFO - Round 58 selected clients: [1, 2, 3, 10, 12, 13, 15, 19]
2026-08-19 20:24:37,801 - FINAL_FULL_r200.log - INFO - Round 58 | Global 0.6588 | Head 0.6466 | Tail 0.6873 | Many 0.6913 | Medium 0.6130 | Few 0.6873 | best_tail 0.7287@46 | rollback=False
2026-08-19 20:24:37,801 - FINAL_FULL_r200.log - INFO - Round 59 S-diagnostic | score_mean 0.7982 | selected_tail_fraction 0.0383 | participation_range 19-29
2026-08-19 20:24:37,801 - FINAL_FULL_r200.log - INFO - Round 59 selected clients: [1, 2, 6, 10, 16, 17, 18, 19]
2026-08-19 20:25:01,071 - FINAL_FULL_r200.log - INFO - Round 59 | Global 0.6453 | Head 0.5930 | Tail 0.7673 | Many 0.5817 | Medium 0.6015 | Few 0.7673 | best_tail 0.7673@59 | rollback=False
2026-08-19 20:25:01,071 - FINAL_FULL_r200.log - INFO - Round 60 S-diagnostic | score_mean 0.6048 | selected_tail_fraction 0.0071 | participation_range 19-30
2026-08-19 20:25:01,071 - FINAL_FULL_r200.log - INFO - Round 60 selected clients: [0, 1, 2, 8, 13, 14, 15, 16]
2026-08-19 20:25:23,727 - FINAL_FULL_r200.log - INFO - Round 60 | Global 0.6499 | Head 0.6453 | Tail 0.6607 | Many 0.6690 | Medium 0.6275 | Few 0.6607 | best_tail 0.7673@59 | rollback=False
2026-08-19 20:25:23,752 - FINAL_FULL_r200.log - INFO - Global Accuracy: [0.145, 0.2345, 0.2531, 0.289, 0.3059, 0.3398, 0.3661, 0.4214, 0.3897, 0.3858, 0.4525, 0.4115, 0.4182, 0.4815, 0.4968, 0.4998, 0.4773, 0.4751, 0.4624, 0.4927, 0.5098, 0.5271, 0.5409, 0.5554, 0.5607, 0.5145, 0.519, 0.5611, 0.5541, 0.5884, 0.566, 0.575, 0.559, 0.5673, 0.5579, 0.592, 0.6044, 0.6154, 0.6002, 0.6193, 0.6182, 0.6063, 0.625, 0.6402, 0.6159, 0.6377, 0.6199, 0.6298, 0.6251, 0.638, 0.6432, 0.6524, 0.6497, 0.6503, 0.6559, 0.6416, 0.6538, 0.6588, 0.6453, 0.6499]
2026-08-19 20:25:23,753 - FINAL_FULL_r200.log - INFO - Majority Class Accuracy: [0.4183, 0.6083, 0.6207, 0.743, 0.6793, 0.6467, 0.697, 0.6663, 0.78, 0.784, 0.802, 0.812, 0.7553, 0.7097, 0.6937, 0.7453, 0.789, 0.7937, 0.738, 0.733, 0.767, 0.726, 0.7097, 0.6977, 0.7097, 0.7357, 0.76, 0.7607, 0.7103, 0.7237, 0.7813, 0.7617, 0.764, 0.7127, 0.7697, 0.708, 0.651, 0.666, 0.673, 0.613, 0.6947, 0.5817, 0.6647, 0.69, 0.545, 0.5883, 0.6277, 0.6377, 0.5397, 0.633, 0.6183, 0.6497, 0.688, 0.6897, 0.6643, 0.7527, 0.7367, 0.6913, 0.5817, 0.669]
2026-08-19 20:25:23,753 - FINAL_FULL_r200.log - INFO - Medium Class Accuracy: [0.0488, 0.13, 0.1673, 0.1653, 0.2552, 0.344, 0.373, 0.4447, 0.3505, 0.214, 0.3372, 0.3038, 0.3172, 0.4983, 0.5058, 0.4813, 0.3945, 0.454, 0.4655, 0.507, 0.4477, 0.5, 0.537, 0.5647, 0.5282, 0.4955, 0.5145, 0.5377, 0.547, 0.5212, 0.5323, 0.5397, 0.514, 0.5505, 0.5347, 0.5162, 0.579, 0.5727, 0.602, 0.582, 0.578, 0.5753, 0.5893, 0.5915, 0.59, 0.6065, 0.6235, 0.588, 0.6128, 0.6188, 0.6335, 0.62, 0.6058, 0.6388, 0.6382, 0.6255, 0.6098, 0.613, 0.6015, 0.6275]
2026-08-19 20:25:23,753 - FINAL_FULL_r200.log - INFO - Minority Class Accuracy: [0.0, 0.0, 0.0, 0.0, 0.0, 0.0273, 0.026, 0.1453, 0.0517, 0.2167, 0.2567, 0.1547, 0.2157, 0.231, 0.288, 0.279, 0.276, 0.1847, 0.1827, 0.2333, 0.3353, 0.3643, 0.3773, 0.4007, 0.455, 0.3187, 0.284, 0.3927, 0.4073, 0.5427, 0.3957, 0.4353, 0.414, 0.4443, 0.377, 0.577, 0.5917, 0.6217, 0.525, 0.6753, 0.5953, 0.6723, 0.633, 0.6553, 0.7213, 0.7287, 0.6073, 0.6777, 0.727, 0.6687, 0.681, 0.6983, 0.67, 0.6263, 0.671, 0.552, 0.6297, 0.6873, 0.7673, 0.6607]
2026-08-19 20:25:23,753 - FINAL_FULL_r200.log - INFO - === Head-Tail Evaluation ===
2026-08-19 20:25:23,753 - FINAL_FULL_r200.log - INFO - Head Accuracy: 0.6453
2026-08-19 20:25:23,753 - FINAL_FULL_r200.log - INFO - Tail Accuracy: 0.6607
2026-08-19 20:25:36,839 - FINAL_FULL_r200.log - INFO - Round 61 S-diagnostic | score_mean 0.6233 | selected_tail_fraction 0.0193 | participation_range 19-31
2026-08-19 20:25:36,839 - FINAL_FULL_r200.log - INFO - Round 61 selected clients: [1, 2, 3, 4, 7, 8, 11, 19]
2026-08-19 20:26:00,267 - FINAL_FULL_r200.log - INFO - Round 61 | Global 0.6616 | Head 0.6433 | Tail 0.7043 | Many 0.6730 | Medium 0.6210 | Few 0.7043 | best_tail 0.7673@59 | rollback=False
2026-08-19 20:26:00,267 - FINAL_FULL_r200.log - INFO - Round 62 S-diagnostic | score_mean 0.7918 | selected_tail_fraction 0.0290 | participation_range 19-32
2026-08-19 20:26:00,267 - FINAL_FULL_r200.log - INFO - Round 62 selected clients: [1, 2, 3, 4, 9, 13, 18, 19]
2026-08-19 20:26:23,773 - FINAL_FULL_r200.log - INFO - Round 62 | Global 0.6569 | Head 0.6267 | Tail 0.7273 | Many 0.6387 | Medium 0.6178 | Few 0.7273 | best_tail 0.7673@59 | rollback=False
2026-08-19 20:26:23,781 - FINAL_FULL_r200.log - INFO - Round 63 S-diagnostic | score_mean 0.6396 | selected_tail_fraction 0.0179 | participation_range 19-32
2026-08-19 20:26:23,781 - FINAL_FULL_r200.log - INFO - Round 63 selected clients: [0, 4, 6, 8, 12, 14, 16, 17]
2026-08-19 20:26:46,949 - FINAL_FULL_r200.log - INFO - Round 63 | Global 0.6727 | Head 0.6821 | Tail 0.6507 | Many 0.7350 | Medium 0.6425 | Few 0.6507 | best_tail 0.7673@59 | rollback=False
2026-08-19 20:26:46,949 - FINAL_FULL_r200.log - INFO - Round 64 S-diagnostic | score_mean 0.6109 | selected_tail_fraction 0.0193 | participation_range 20-32
2026-08-19 20:26:46,949 - FINAL_FULL_r200.log - INFO - Round 64 selected clients: [2, 3, 4, 8, 10, 13, 16, 19]
2026-08-19 20:27:10,107 - FINAL_FULL_r200.log - INFO - Round 64 | Global 0.6674 | Head 0.6529 | Tail 0.7013 | Many 0.6813 | Medium 0.6315 | Few 0.7013 | best_tail 0.7673@59 | rollback=False
2026-08-19 20:27:10,107 - FINAL_FULL_r200.log - INFO - Round 65 S-diagnostic | score_mean 0.7290 | selected_tail_fraction 0.0210 | participation_range 21-33
2026-08-19 20:27:10,107 - FINAL_FULL_r200.log - INFO - Round 65 selected clients: [1, 2, 4, 5, 6, 10, 15, 16]
2026-08-19 20:27:31,836 - FINAL_FULL_r200.log - INFO - Round 65 | Global 0.6568 | Head 0.6326 | Tail 0.7133 | Many 0.6430 | Medium 0.6248 | Few 0.7133 | best_tail 0.7673@59 | rollback=False
2026-08-19 20:27:31,846 - FINAL_FULL_r200.log - INFO - Round 66 S-diagnostic | score_mean 0.6025 | selected_tail_fraction 0.0185 | participation_range 22-33
2026-08-19 20:27:31,846 - FINAL_FULL_r200.log - INFO - Round 66 selected clients: [3, 4, 7, 8, 9, 10, 12, 17]
2026-08-19 20:27:52,540 - FINAL_FULL_r200.log - INFO - Round 66 | Global 0.6605 | Head 0.6456 | Tail 0.6953 | Many 0.6470 | Medium 0.6445 | Few 0.6953 | best_tail 0.7673@59 | rollback=False
2026-08-19 20:27:52,540 - FINAL_FULL_r200.log - INFO - Round 67 S-diagnostic | score_mean 0.8145 | selected_tail_fraction 0.0407 | participation_range 22-33
2026-08-19 20:27:52,540 - FINAL_FULL_r200.log - INFO - Round 67 selected clients: [2, 3, 4, 5, 6, 11, 18, 19]
2026-08-19 20:28:13,445 - FINAL_FULL_r200.log - INFO - Round 67 | Global 0.6583 | Head 0.6239 | Tail 0.7387 | Many 0.6163 | Medium 0.6295 | Few 0.7387 | best_tail 0.7673@59 | rollback=False
2026-08-19 20:28:13,445 - FINAL_FULL_r200.log - INFO - Round 68 S-diagnostic | score_mean 0.6283 | selected_tail_fraction 0.0252 | participation_range 22-34
2026-08-19 20:28:13,445 - FINAL_FULL_r200.log - INFO - Round 68 selected clients: [1, 6, 7, 10, 13, 16, 17, 18]
2026-08-19 20:28:33,641 - FINAL_FULL_r200.log - INFO - Round 68 | Global 0.6662 | Head 0.6291 | Tail 0.7527 | Many 0.6470 | Medium 0.6158 | Few 0.7527 | best_tail 0.7673@59 | rollback=False
2026-08-19 20:28:33,641 - FINAL_FULL_r200.log - INFO - Round 69 S-diagnostic | score_mean 0.7132 | selected_tail_fraction 0.0196 | participation_range 23-34
2026-08-19 20:28:33,641 - FINAL_FULL_r200.log - INFO - Round 69 selected clients: [0, 6, 8, 9, 11, 12, 15, 18]
2026-08-19 20:28:54,365 - FINAL_FULL_r200.log - INFO - Round 69 | Global 0.6701 | Head 0.6546 | Tail 0.7063 | Many 0.6813 | Medium 0.6345 | Few 0.7063 | best_tail 0.7673@59 | rollback=False
2026-08-19 20:28:54,365 - FINAL_FULL_r200.log - INFO - Round 70 S-diagnostic | score_mean 0.4787 | selected_tail_fraction 0.0081 | participation_range 23-34
2026-08-19 20:28:54,365 - FINAL_FULL_r200.log - INFO - Round 70 selected clients: [0, 6, 7, 8, 10, 11, 12, 14]
2026-08-19 20:29:14,282 - FINAL_FULL_r200.log - INFO - Round 70 | Global 0.6594 | Head 0.6634 | Tail 0.6500 | Many 0.7227 | Medium 0.6190 | Few 0.6500 | best_tail 0.7673@59 | rollback=False
2026-08-19 20:29:14,311 - FINAL_FULL_r200.log - INFO - Global Accuracy: [0.145, 0.2345, 0.2531, 0.289, 0.3059, 0.3398, 0.3661, 0.4214, 0.3897, 0.3858, 0.4525, 0.4115, 0.4182, 0.4815, 0.4968, 0.4998, 0.4773, 0.4751, 0.4624, 0.4927, 0.5098, 0.5271, 0.5409, 0.5554, 0.5607, 0.5145, 0.519, 0.5611, 0.5541, 0.5884, 0.566, 0.575, 0.559, 0.5673, 0.5579, 0.592, 0.6044, 0.6154, 0.6002, 0.6193, 0.6182, 0.6063, 0.625, 0.6402, 0.6159, 0.6377, 0.6199, 0.6298, 0.6251, 0.638, 0.6432, 0.6524, 0.6497, 0.6503, 0.6559, 0.6416, 0.6538, 0.6588, 0.6453, 0.6499, 0.6616, 0.6569, 0.6727, 0.6674, 0.6568, 0.6605, 0.6583, 0.6662, 0.6701, 0.6594]
2026-08-19 20:29:14,311 - FINAL_FULL_r200.log - INFO - Majority Class Accuracy: [0.4183, 0.6083, 0.6207, 0.743, 0.6793, 0.6467, 0.697, 0.6663, 0.78, 0.784, 0.802, 0.812, 0.7553, 0.7097, 0.6937, 0.7453, 0.789, 0.7937, 0.738, 0.733, 0.767, 0.726, 0.7097, 0.6977, 0.7097, 0.7357, 0.76, 0.7607, 0.7103, 0.7237, 0.7813, 0.7617, 0.764, 0.7127, 0.7697, 0.708, 0.651, 0.666, 0.673, 0.613, 0.6947, 0.5817, 0.6647, 0.69, 0.545, 0.5883, 0.6277, 0.6377, 0.5397, 0.633, 0.6183, 0.6497, 0.688, 0.6897, 0.6643, 0.7527, 0.7367, 0.6913, 0.5817, 0.669, 0.673, 0.6387, 0.735, 0.6813, 0.643, 0.647, 0.6163, 0.647, 0.6813, 0.7227]
2026-08-19 20:29:14,312 - FINAL_FULL_r200.log - INFO - Medium Class Accuracy: [0.0488, 0.13, 0.1673, 0.1653, 0.2552, 0.344, 0.373, 0.4447, 0.3505, 0.214, 0.3372, 0.3038, 0.3172, 0.4983, 0.5058, 0.4813, 0.3945, 0.454, 0.4655, 0.507, 0.4477, 0.5, 0.537, 0.5647, 0.5282, 0.4955, 0.5145, 0.5377, 0.547, 0.5212, 0.5323, 0.5397, 0.514, 0.5505, 0.5347, 0.5162, 0.579, 0.5727, 0.602, 0.582, 0.578, 0.5753, 0.5893, 0.5915, 0.59, 0.6065, 0.6235, 0.588, 0.6128, 0.6188, 0.6335, 0.62, 0.6058, 0.6388, 0.6382, 0.6255, 0.6098, 0.613, 0.6015, 0.6275, 0.621, 0.6178, 0.6425, 0.6315, 0.6248, 0.6445, 0.6295, 0.6158, 0.6345, 0.619]
2026-08-19 20:29:14,312 - FINAL_FULL_r200.log - INFO - Minority Class Accuracy: [0.0, 0.0, 0.0, 0.0, 0.0, 0.0273, 0.026, 0.1453, 0.0517, 0.2167, 0.2567, 0.1547, 0.2157, 0.231, 0.288, 0.279, 0.276, 0.1847, 0.1827, 0.2333, 0.3353, 0.3643, 0.3773, 0.4007, 0.455, 0.3187, 0.284, 0.3927, 0.4073, 0.5427, 0.3957, 0.4353, 0.414, 0.4443, 0.377, 0.577, 0.5917, 0.6217, 0.525, 0.6753, 0.5953, 0.6723, 0.633, 0.6553, 0.7213, 0.7287, 0.6073, 0.6777, 0.727, 0.6687, 0.681, 0.6983, 0.67, 0.6263, 0.671, 0.552, 0.6297, 0.6873, 0.7673, 0.6607, 0.7043, 0.7273, 0.6507, 0.7013, 0.7133, 0.6953, 0.7387, 0.7527, 0.7063, 0.65]
2026-08-19 20:29:14,312 - FINAL_FULL_r200.log - INFO - === Head-Tail Evaluation ===
2026-08-19 20:29:14,312 - FINAL_FULL_r200.log - INFO - Head Accuracy: 0.6634
2026-08-19 20:29:14,312 - FINAL_FULL_r200.log - INFO - Tail Accuracy: 0.6500
2026-08-19 20:29:27,589 - FINAL_FULL_r200.log - INFO - Round 71 S-diagnostic | score_mean 0.6615 | selected_tail_fraction 0.0163 | participation_range 23-34
2026-08-19 20:29:27,589 - FINAL_FULL_r200.log - INFO - Round 71 selected clients: [0, 3, 4, 9, 11, 13, 16, 19]
2026-08-19 20:29:48,434 - FINAL_FULL_r200.log - INFO - Round 71 | Global 0.6653 | Head 0.6516 | Tail 0.6973 | Many 0.7080 | Medium 0.6092 | Few 0.6973 | best_tail 0.7673@59 | rollback=False
2026-08-19 20:29:48,435 - FINAL_FULL_r200.log - INFO - Round 72 S-diagnostic | score_mean 0.7080 | selected_tail_fraction 0.0234 | participation_range 23-34
2026-08-19 20:29:48,435 - FINAL_FULL_r200.log - INFO - Round 72 selected clients: [2, 3, 4, 8, 9, 14, 15, 19]
2026-08-19 20:30:09,259 - FINAL_FULL_r200.log - INFO - Round 72 | Global 0.6678 | Head 0.6410 | Tail 0.7303 | Many 0.6287 | Medium 0.6502 | Few 0.7303 | best_tail 0.7673@59 | rollback=False
2026-08-19 20:30:09,259 - FINAL_FULL_r200.log - INFO - Round 73 S-diagnostic | score_mean 0.8489 | selected_tail_fraction 0.0286 | participation_range 24-34
2026-08-19 20:30:09,261 - FINAL_FULL_r200.log - INFO - Round 73 selected clients: [0, 2, 4, 5, 12, 15, 18, 19]
2026-08-19 20:30:30,461 - FINAL_FULL_r200.log - INFO - Round 73 | Global 0.6632 | Head 0.6251 | Tail 0.7520 | Many 0.6140 | Medium 0.6335 | Few 0.7520 | best_tail 0.7673@59 | rollback=False
2026-08-19 20:30:30,461 - FINAL_FULL_r200.log - INFO - Round 74 S-diagnostic | score_mean 0.6711 | selected_tail_fraction 0.0226 | participation_range 25-34
2026-08-19 20:30:30,461 - FINAL_FULL_r200.log - INFO - Round 74 selected clients: [3, 5, 9, 10, 12, 13, 14, 19]
2026-08-19 20:30:51,160 - FINAL_FULL_r200.log - INFO - Round 74 | Global 0.6735 | Head 0.6456 | Tail 0.7387 | Many 0.6757 | Medium 0.6230 | Few 0.7387 | best_tail 0.7673@59 | rollback=False
2026-08-19 20:30:51,161 - FINAL_FULL_r200.log - INFO - Round 75 S-diagnostic | score_mean 0.6041 | selected_tail_fraction 0.0161 | participation_range 25-34
2026-08-19 20:30:51,161 - FINAL_FULL_r200.log - INFO - Round 75 selected clients: [0, 4, 5, 7, 8, 9, 11, 19]
2026-08-19 20:31:11,516 - FINAL_FULL_r200.log - INFO - Round 75 | Global 0.6720 | Head 0.6460 | Tail 0.7327 | Many 0.6703 | Medium 0.6278 | Few 0.7327 | best_tail 0.7673@59 | rollback=False
2026-08-19 20:31:11,516 - FINAL_FULL_r200.log - INFO - Round 76 S-diagnostic | score_mean 0.5524 | selected_tail_fraction 0.0119 | participation_range 26-35
2026-08-19 20:31:11,516 - FINAL_FULL_r200.log - INFO - Round 76 selected clients: [0, 7, 8, 9, 10, 14, 15, 19]
2026-08-19 20:31:31,816 - FINAL_FULL_r200.log - INFO - Round 76 | Global 0.6652 | Head 0.6430 | Tail 0.7170 | Many 0.6580 | Medium 0.6318 | Few 0.7170 | best_tail 0.7673@59 | rollback=False
2026-08-19 20:31:31,816 - FINAL_FULL_r200.log - INFO - Round 77 S-diagnostic | score_mean 0.6706 | selected_tail_fraction 0.0153 | participation_range 26-36
2026-08-19 20:31:31,816 - FINAL_FULL_r200.log - INFO - Round 77 selected clients: [1, 2, 4, 9, 10, 13, 16, 19]
2026-08-19 20:31:53,518 - FINAL_FULL_r200.log - INFO - Round 77 | Global 0.6653 | Head 0.6394 | Tail 0.7257 | Many 0.6300 | Medium 0.6465 | Few 0.7257 | best_tail 0.7673@59 | rollback=False
2026-08-19 20:31:53,518 - FINAL_FULL_r200.log - INFO - Round 78 S-diagnostic | score_mean 0.7302 | selected_tail_fraction 0.0290 | participation_range 26-37
2026-08-19 20:31:53,518 - FINAL_FULL_r200.log - INFO - Round 78 selected clients: [2, 3, 4, 8, 9, 11, 18, 19]
2026-08-19 20:32:16,523 - FINAL_FULL_r200.log - INFO - Round 78 | Global 0.6591 | Head 0.6167 | Tail 0.7580 | Many 0.5640 | Medium 0.6562 | Few 0.7580 | best_tail 0.7673@59 | rollback=False
2026-08-19 20:32:16,523 - FINAL_FULL_r200.log - INFO - Round 79 S-diagnostic | score_mean 0.5861 | selected_tail_fraction 0.0214 | participation_range 27-38
2026-08-19 20:32:16,523 - FINAL_FULL_r200.log - INFO - Round 79 selected clients: [4, 5, 8, 11, 13, 14, 18, 19]
2026-08-19 20:32:39,364 - FINAL_FULL_r200.log - INFO - Round 79 | Global 0.6800 | Head 0.6544 | Tail 0.7397 | Many 0.6857 | Medium 0.6310 | Few 0.7397 | best_tail 0.7673@59 | rollback=False
2026-08-19 20:32:39,364 - FINAL_FULL_r200.log - INFO - Round 80 S-diagnostic | score_mean 0.7053 | selected_tail_fraction 0.0284 | participation_range 27-39
2026-08-19 20:32:39,364 - FINAL_FULL_r200.log - INFO - Round 80 selected clients: [2, 5, 10, 11, 13, 15, 18, 19]
2026-08-19 20:33:02,225 - FINAL_FULL_r200.log - INFO - Round 80 | Global 0.6738 | Head 0.6330 | Tail 0.7690 | Many 0.6247 | Medium 0.6392 | Few 0.7690 | best_tail 0.7690@80 | rollback=False
2026-08-19 20:33:02,250 - FINAL_FULL_r200.log - INFO - Global Accuracy: [0.145, 0.2345, 0.2531, 0.289, 0.3059, 0.3398, 0.3661, 0.4214, 0.3897, 0.3858, 0.4525, 0.4115, 0.4182, 0.4815, 0.4968, 0.4998, 0.4773, 0.4751, 0.4624, 0.4927, 0.5098, 0.5271, 0.5409, 0.5554, 0.5607, 0.5145, 0.519, 0.5611, 0.5541, 0.5884, 0.566, 0.575, 0.559, 0.5673, 0.5579, 0.592, 0.6044, 0.6154, 0.6002, 0.6193, 0.6182, 0.6063, 0.625, 0.6402, 0.6159, 0.6377, 0.6199, 0.6298, 0.6251, 0.638, 0.6432, 0.6524, 0.6497, 0.6503, 0.6559, 0.6416, 0.6538, 0.6588, 0.6453, 0.6499, 0.6616, 0.6569, 0.6727, 0.6674, 0.6568, 0.6605, 0.6583, 0.6662, 0.6701, 0.6594, 0.6653, 0.6678, 0.6632, 0.6735, 0.672, 0.6652, 0.6653, 0.6591, 0.68, 0.6738]
2026-08-19 20:33:02,250 - FINAL_FULL_r200.log - INFO - Majority Class Accuracy: [0.4183, 0.6083, 0.6207, 0.743, 0.6793, 0.6467, 0.697, 0.6663, 0.78, 0.784, 0.802, 0.812, 0.7553, 0.7097, 0.6937, 0.7453, 0.789, 0.7937, 0.738, 0.733, 0.767, 0.726, 0.7097, 0.6977, 0.7097, 0.7357, 0.76, 0.7607, 0.7103, 0.7237, 0.7813, 0.7617, 0.764, 0.7127, 0.7697, 0.708, 0.651, 0.666, 0.673, 0.613, 0.6947, 0.5817, 0.6647, 0.69, 0.545, 0.5883, 0.6277, 0.6377, 0.5397, 0.633, 0.6183, 0.6497, 0.688, 0.6897, 0.6643, 0.7527, 0.7367, 0.6913, 0.5817, 0.669, 0.673, 0.6387, 0.735, 0.6813, 0.643, 0.647, 0.6163, 0.647, 0.6813, 0.7227, 0.708, 0.6287, 0.614, 0.6757, 0.6703, 0.658, 0.63, 0.564, 0.6857, 0.6247]
2026-08-19 20:33:02,250 - FINAL_FULL_r200.log - INFO - Medium Class Accuracy: [0.0488, 0.13, 0.1673, 0.1653, 0.2552, 0.344, 0.373, 0.4447, 0.3505, 0.214, 0.3372, 0.3038, 0.3172, 0.4983, 0.5058, 0.4813, 0.3945, 0.454, 0.4655, 0.507, 0.4477, 0.5, 0.537, 0.5647, 0.5282, 0.4955, 0.5145, 0.5377, 0.547, 0.5212, 0.5323, 0.5397, 0.514, 0.5505, 0.5347, 0.5162, 0.579, 0.5727, 0.602, 0.582, 0.578, 0.5753, 0.5893, 0.5915, 0.59, 0.6065, 0.6235, 0.588, 0.6128, 0.6188, 0.6335, 0.62, 0.6058, 0.6388, 0.6382, 0.6255, 0.6098, 0.613, 0.6015, 0.6275, 0.621, 0.6178, 0.6425, 0.6315, 0.6248, 0.6445, 0.6295, 0.6158, 0.6345, 0.619, 0.6092, 0.6502, 0.6335, 0.623, 0.6278, 0.6318, 0.6465, 0.6562, 0.631, 0.6392]
2026-08-19 20:33:02,250 - FINAL_FULL_r200.log - INFO - Minority Class Accuracy: [0.0, 0.0, 0.0, 0.0, 0.0, 0.0273, 0.026, 0.1453, 0.0517, 0.2167, 0.2567, 0.1547, 0.2157, 0.231, 0.288, 0.279, 0.276, 0.1847, 0.1827, 0.2333, 0.3353, 0.3643, 0.3773, 0.4007, 0.455, 0.3187, 0.284, 0.3927, 0.4073, 0.5427, 0.3957, 0.4353, 0.414, 0.4443, 0.377, 0.577, 0.5917, 0.6217, 0.525, 0.6753, 0.5953, 0.6723, 0.633, 0.6553, 0.7213, 0.7287, 0.6073, 0.6777, 0.727, 0.6687, 0.681, 0.6983, 0.67, 0.6263, 0.671, 0.552, 0.6297, 0.6873, 0.7673, 0.6607, 0.7043, 0.7273, 0.6507, 0.7013, 0.7133, 0.6953, 0.7387, 0.7527, 0.7063, 0.65, 0.6973, 0.7303, 0.752, 0.7387, 0.7327, 0.717, 0.7257, 0.758, 0.7397, 0.769]
2026-08-19 20:33:02,252 - FINAL_FULL_r200.log - INFO - === Head-Tail Evaluation ===
2026-08-19 20:33:02,252 - FINAL_FULL_r200.log - INFO - Head Accuracy: 0.6330
2026-08-19 20:33:02,252 - FINAL_FULL_r200.log - INFO - Tail Accuracy: 0.7690
2026-08-19 20:33:15,245 - FINAL_FULL_r200.log - INFO - Round 81 S-diagnostic | score_mean 0.7139 | selected_tail_fraction 0.0278 | participation_range 28-40
2026-08-19 20:33:15,245 - FINAL_FULL_r200.log - INFO - Round 81 selected clients: [5, 9, 10, 14, 15, 16, 17, 19]
2026-08-19 20:33:38,242 - FINAL_FULL_r200.log - INFO - Round 81 | Global 0.6870 | Head 0.6530 | Tail 0.7663 | Many 0.6603 | Medium 0.6475 | Few 0.7663 | best_tail 0.7690@80 | rollback=False
2026-08-19 20:33:38,243 - FINAL_FULL_r200.log - INFO - Round 82 S-diagnostic | score_mean 0.6603 | selected_tail_fraction 0.0238 | participation_range 28-41
2026-08-19 20:33:38,243 - FINAL_FULL_r200.log - INFO - Round 82 selected clients: [5, 6, 7, 10, 11, 12, 15, 19]
2026-08-19 20:34:01,154 - FINAL_FULL_r200.log - INFO - Round 82 | Global 0.6817 | Head 0.6517 | Tail 0.7517 | Many 0.6410 | Medium 0.6597 | Few 0.7517 | best_tail 0.7690@80 | rollback=False
2026-08-19 20:34:01,154 - FINAL_FULL_r200.log - INFO - Round 83 S-diagnostic | score_mean 0.7346 | selected_tail_fraction 0.0306 | participation_range 29-41
2026-08-19 20:34:01,154 - FINAL_FULL_r200.log - INFO - Round 83 selected clients: [0, 2, 3, 10, 14, 15, 17, 18]
2026-08-19 20:34:24,026 - FINAL_FULL_r200.log - INFO - Round 83 | Global 0.6721 | Head 0.6407 | Tail 0.7453 | Many 0.6017 | Medium 0.6700 | Few 0.7453 | best_tail 0.7690@80 | rollback=False
2026-08-19 20:34:24,026 - FINAL_FULL_r200.log - INFO - Round 84 S-diagnostic | score_mean 0.7317 | selected_tail_fraction 0.0242 | participation_range 29-41
2026-08-19 20:34:24,026 - FINAL_FULL_r200.log - INFO - Round 84 selected clients: [3, 4, 5, 7, 12, 15, 16, 17]
2026-08-19 20:34:46,734 - FINAL_FULL_r200.log - INFO - Round 84 | Global 0.6822 | Head 0.6777 | Tail 0.6927 | Many 0.7003 | Medium 0.6607 | Few 0.6927 | best_tail 0.7690@80 | rollback=False
2026-08-19 20:34:46,734 - FINAL_FULL_r200.log - INFO - Round 85 S-diagnostic | score_mean 0.7538 | selected_tail_fraction 0.0395 | participation_range 29-42
2026-08-19 20:34:46,734 - FINAL_FULL_r200.log - INFO - Round 85 selected clients: [3, 6, 8, 12, 14, 17, 18, 19]
2026-08-19 20:35:10,033 - FINAL_FULL_r200.log - INFO - Round 85 | Global 0.6817 | Head 0.6427 | Tail 0.7727 | Many 0.6307 | Medium 0.6518 | Few 0.7727 | best_tail 0.7727@85 | rollback=False
2026-08-19 20:35:10,036 - FINAL_FULL_r200.log - INFO - Round 86 S-diagnostic | score_mean 0.5966 | selected_tail_fraction 0.0153 | participation_range 30-42
2026-08-19 20:35:10,036 - FINAL_FULL_r200.log - INFO - Round 86 selected clients: [0, 1, 4, 6, 7, 13, 14, 18]
2026-08-19 20:35:32,232 - FINAL_FULL_r200.log - INFO - Round 86 | Global 0.6656 | Head 0.6373 | Tail 0.7317 | Many 0.6687 | Medium 0.6138 | Few 0.7317 | best_tail 0.7727@85 | rollback=False
2026-08-19 20:35:32,232 - FINAL_FULL_r200.log - INFO - Round 87 S-diagnostic | score_mean 0.6236 | selected_tail_fraction 0.0155 | participation_range 30-42
2026-08-19 20:35:32,232 - FINAL_FULL_r200.log - INFO - Round 87 selected clients: [2, 3, 4, 7, 9, 10, 11, 15]
2026-08-19 20:35:55,046 - FINAL_FULL_r200.log - INFO - Round 87 | Global 0.6676 | Head 0.6443 | Tail 0.7220 | Many 0.6203 | Medium 0.6623 | Few 0.7220 | best_tail 0.7727@85 | rollback=False
2026-08-19 20:35:55,046 - FINAL_FULL_r200.log - INFO - Round 88 S-diagnostic | score_mean 0.6442 | selected_tail_fraction 0.0218 | participation_range 30-42
2026-08-19 20:35:55,046 - FINAL_FULL_r200.log - INFO - Round 88 selected clients: [3, 6, 10, 11, 12, 14, 16, 18]
2026-08-19 20:36:17,429 - FINAL_FULL_r200.log - INFO - Round 88 | Global 0.6833 | Head 0.6456 | Tail 0.7713 | Many 0.6343 | Medium 0.6540 | Few 0.7713 | best_tail 0.7727@85 | rollback=False
2026-08-19 20:36:17,437 - FINAL_FULL_r200.log - INFO - Round 89 S-diagnostic | score_mean 0.7653 | selected_tail_fraction 0.0256 | participation_range 31-42
2026-08-19 20:36:17,438 - FINAL_FULL_r200.log - INFO - Round 89 selected clients: [0, 1, 3, 6, 8, 9, 15, 18]
2026-08-19 20:36:37,915 - FINAL_FULL_r200.log - INFO - Round 89 | Global 0.6569 | Head 0.6091 | Tail 0.7683 | Many 0.5917 | Medium 0.6222 | Few 0.7683 | best_tail 0.7727@85 | rollback=False
2026-08-19 20:36:37,916 - FINAL_FULL_r200.log - INFO - Round 90 S-diagnostic | score_mean 0.7661 | selected_tail_fraction 0.0250 | participation_range 31-43
2026-08-19 20:36:37,916 - FINAL_FULL_r200.log - INFO - Round 90 selected clients: [0, 2, 4, 6, 9, 13, 15, 19]
2026-08-19 20:36:58,341 - FINAL_FULL_r200.log - INFO - Round 90 | Global 0.6690 | Head 0.6389 | Tail 0.7393 | Many 0.6237 | Medium 0.6502 | Few 0.7393 | best_tail 0.7727@85 | rollback=False
2026-08-19 20:36:58,357 - FINAL_FULL_r200.log - INFO - Global Accuracy: [0.145, 0.2345, 0.2531, 0.289, 0.3059, 0.3398, 0.3661, 0.4214, 0.3897, 0.3858, 0.4525, 0.4115, 0.4182, 0.4815, 0.4968, 0.4998, 0.4773, 0.4751, 0.4624, 0.4927, 0.5098, 0.5271, 0.5409, 0.5554, 0.5607, 0.5145, 0.519, 0.5611, 0.5541, 0.5884, 0.566, 0.575, 0.559, 0.5673, 0.5579, 0.592, 0.6044, 0.6154, 0.6002, 0.6193, 0.6182, 0.6063, 0.625, 0.6402, 0.6159, 0.6377, 0.6199, 0.6298, 0.6251, 0.638, 0.6432, 0.6524, 0.6497, 0.6503, 0.6559, 0.6416, 0.6538, 0.6588, 0.6453, 0.6499, 0.6616, 0.6569, 0.6727, 0.6674, 0.6568, 0.6605, 0.6583, 0.6662, 0.6701, 0.6594, 0.6653, 0.6678, 0.6632, 0.6735, 0.672, 0.6652, 0.6653, 0.6591, 0.68, 0.6738, 0.687, 0.6817, 0.6721, 0.6822, 0.6817, 0.6656, 0.6676, 0.6833, 0.6569, 0.669]
2026-08-19 20:36:58,357 - FINAL_FULL_r200.log - INFO - Majority Class Accuracy: [0.4183, 0.6083, 0.6207, 0.743, 0.6793, 0.6467, 0.697, 0.6663, 0.78, 0.784, 0.802, 0.812, 0.7553, 0.7097, 0.6937, 0.7453, 0.789, 0.7937, 0.738, 0.733, 0.767, 0.726, 0.7097, 0.6977, 0.7097, 0.7357, 0.76, 0.7607, 0.7103, 0.7237, 0.7813, 0.7617, 0.764, 0.7127, 0.7697, 0.708, 0.651, 0.666, 0.673, 0.613, 0.6947, 0.5817, 0.6647, 0.69, 0.545, 0.5883, 0.6277, 0.6377, 0.5397, 0.633, 0.6183, 0.6497, 0.688, 0.6897, 0.6643, 0.7527, 0.7367, 0.6913, 0.5817, 0.669, 0.673, 0.6387, 0.735, 0.6813, 0.643, 0.647, 0.6163, 0.647, 0.6813, 0.7227, 0.708, 0.6287, 0.614, 0.6757, 0.6703, 0.658, 0.63, 0.564, 0.6857, 0.6247, 0.6603, 0.641, 0.6017, 0.7003, 0.6307, 0.6687, 0.6203, 0.6343, 0.5917, 0.6237]
2026-08-19 20:36:58,357 - FINAL_FULL_r200.log - INFO - Medium Class Accuracy: [0.0488, 0.13, 0.1673, 0.1653, 0.2552, 0.344, 0.373, 0.4447, 0.3505, 0.214, 0.3372, 0.3038, 0.3172, 0.4983, 0.5058, 0.4813, 0.3945, 0.454, 0.4655, 0.507, 0.4477, 0.5, 0.537, 0.5647, 0.5282, 0.4955, 0.5145, 0.5377, 0.547, 0.5212, 0.5323, 0.5397, 0.514, 0.5505, 0.5347, 0.5162, 0.579, 0.5727, 0.602, 0.582, 0.578, 0.5753, 0.5893, 0.5915, 0.59, 0.6065, 0.6235, 0.588, 0.6128, 0.6188, 0.6335, 0.62, 0.6058, 0.6388, 0.6382, 0.6255, 0.6098, 0.613, 0.6015, 0.6275, 0.621, 0.6178, 0.6425, 0.6315, 0.6248, 0.6445, 0.6295, 0.6158, 0.6345, 0.619, 0.6092, 0.6502, 0.6335, 0.623, 0.6278, 0.6318, 0.6465, 0.6562, 0.631, 0.6392, 0.6475, 0.6597, 0.67, 0.6607, 0.6518, 0.6138, 0.6623, 0.654, 0.6222, 0.6502]
2026-08-19 20:36:58,357 - FINAL_FULL_r200.log - INFO - Minority Class Accuracy: [0.0, 0.0, 0.0, 0.0, 0.0, 0.0273, 0.026, 0.1453, 0.0517, 0.2167, 0.2567, 0.1547, 0.2157, 0.231, 0.288, 0.279, 0.276, 0.1847, 0.1827, 0.2333, 0.3353, 0.3643, 0.3773, 0.4007, 0.455, 0.3187, 0.284, 0.3927, 0.4073, 0.5427, 0.3957, 0.4353, 0.414, 0.4443, 0.377, 0.577, 0.5917, 0.6217, 0.525, 0.6753, 0.5953, 0.6723, 0.633, 0.6553, 0.7213, 0.7287, 0.6073, 0.6777, 0.727, 0.6687, 0.681, 0.6983, 0.67, 0.6263, 0.671, 0.552, 0.6297, 0.6873, 0.7673, 0.6607, 0.7043, 0.7273, 0.6507, 0.7013, 0.7133, 0.6953, 0.7387, 0.7527, 0.7063, 0.65, 0.6973, 0.7303, 0.752, 0.7387, 0.7327, 0.717, 0.7257, 0.758, 0.7397, 0.769, 0.7663, 0.7517, 0.7453, 0.6927, 0.7727, 0.7317, 0.722, 0.7713, 0.7683, 0.7393]
2026-08-19 20:36:58,357 - FINAL_FULL_r200.log - INFO - === Head-Tail Evaluation ===
2026-08-19 20:36:58,357 - FINAL_FULL_r200.log - INFO - Head Accuracy: 0.6389
2026-08-19 20:36:58,357 - FINAL_FULL_r200.log - INFO - Tail Accuracy: 0.7393
2026-08-19 20:37:12,196 - FINAL_FULL_r200.log - INFO - Round 91 S-diagnostic | score_mean 0.8175 | selected_tail_fraction 0.0218 | participation_range 31-43
2026-08-19 20:37:12,196 - FINAL_FULL_r200.log - INFO - Round 91 selected clients: [2, 3, 4, 5, 9, 12, 15, 16]
2026-08-19 20:37:33,089 - FINAL_FULL_r200.log - INFO - Round 91 | Global 0.6858 | Head 0.6566 | Tail 0.7540 | Many 0.6513 | Medium 0.6605 | Few 0.7540 | best_tail 0.7727@85 | rollback=False
2026-08-19 20:37:33,089 - FINAL_FULL_r200.log - INFO - Round 92 S-diagnostic | score_mean 0.6951 | selected_tail_fraction 0.0236 | participation_range 31-43
2026-08-19 20:37:33,089 - FINAL_FULL_r200.log - INFO - Round 92 selected clients: [3, 4, 6, 8, 12, 14, 15, 18]
2026-08-19 20:37:53,426 - FINAL_FULL_r200.log - INFO - Round 92 | Global 0.6842 | Head 0.6609 | Tail 0.7387 | Many 0.6507 | Medium 0.6685 | Few 0.7387 | best_tail 0.7727@85 | rollback=False
2026-08-19 20:37:53,426 - FINAL_FULL_r200.log - INFO - Round 93 S-diagnostic | score_mean 0.6202 | selected_tail_fraction 0.0274 | participation_range 32-43
2026-08-19 20:37:53,426 - FINAL_FULL_r200.log - INFO - Round 93 selected clients: [4, 6, 7, 8, 9, 10, 17, 18]
2026-08-19 20:38:13,593 - FINAL_FULL_r200.log - INFO - Round 93 | Global 0.6848 | Head 0.6523 | Tail 0.7607 | Many 0.6707 | Medium 0.6385 | Few 0.7607 | best_tail 0.7727@85 | rollback=False
2026-08-19 20:38:13,593 - FINAL_FULL_r200.log - INFO - Round 94 S-diagnostic | score_mean 0.7532 | selected_tail_fraction 0.0351 | participation_range 32-44
2026-08-19 20:38:13,593 - FINAL_FULL_r200.log - INFO - Round 94 selected clients: [6, 7, 12, 13, 15, 17, 18, 19]
2026-08-19 20:38:33,835 - FINAL_FULL_r200.log - INFO - Round 94 | Global 0.6806 | Head 0.6323 | Tail 0.7933 | Many 0.6203 | Medium 0.6412 | Few 0.7933 | best_tail 0.7933@94 | rollback=False
2026-08-19 20:38:33,835 - FINAL_FULL_r200.log - INFO - Round 95 S-diagnostic | score_mean 0.5839 | selected_tail_fraction 0.0214 | participation_range 32-44
2026-08-19 20:38:33,835 - FINAL_FULL_r200.log - INFO - Round 95 selected clients: [0, 2, 3, 7, 10, 11, 13, 17]
2026-08-19 20:38:53,685 - FINAL_FULL_r200.log - INFO - Round 95 | Global 0.6818 | Head 0.6581 | Tail 0.7370 | Many 0.6623 | Medium 0.6550 | Few 0.7370 | best_tail 0.7933@94 | rollback=False
2026-08-19 20:38:53,685 - FINAL_FULL_r200.log - INFO - Round 96 S-diagnostic | score_mean 0.6195 | selected_tail_fraction 0.0095 | participation_range 32-44
2026-08-19 20:38:53,685 - FINAL_FULL_r200.log - INFO - Round 96 selected clients: [0, 1, 7, 8, 11, 12, 15, 18]
2026-08-19 20:39:13,570 - FINAL_FULL_r200.log - INFO - Round 96 | Global 0.6855 | Head 0.6613 | Tail 0.7420 | Many 0.6770 | Medium 0.6495 | Few 0.7420 | best_tail 0.7933@94 | rollback=False
2026-08-19 20:39:13,570 - FINAL_FULL_r200.log - INFO - Round 97 S-diagnostic | score_mean 0.6550 | selected_tail_fraction 0.0161 | participation_range 32-44
2026-08-19 20:39:13,570 - FINAL_FULL_r200.log - INFO - Round 97 selected clients: [1, 3, 4, 6, 7, 10, 12, 15]
2026-08-19 20:39:33,815 - FINAL_FULL_r200.log - INFO - Round 97 | Global 0.6907 | Head 0.6680 | Tail 0.7437 | Many 0.6770 | Medium 0.6613 | Few 0.7437 | best_tail 0.7933@94 | rollback=False
2026-08-19 20:39:33,815 - FINAL_FULL_r200.log - INFO - Round 98 S-diagnostic | score_mean 0.7871 | selected_tail_fraction 0.0328 | participation_range 32-44
2026-08-19 20:39:33,815 - FINAL_FULL_r200.log - INFO - Round 98 selected clients: [2, 3, 4, 7, 9, 15, 17, 18]
2026-08-19 20:39:54,595 - FINAL_FULL_r200.log - INFO - Round 98 | Global 0.6772 | Head 0.6404 | Tail 0.7630 | Many 0.6020 | Medium 0.6693 | Few 0.7630 | best_tail 0.7933@94 | rollback=False
2026-08-19 20:39:54,595 - FINAL_FULL_r200.log - INFO - Round 99 S-diagnostic | score_mean 0.7759 | selected_tail_fraction 0.0375 | participation_range 33-45
2026-08-19 20:39:54,595 - FINAL_FULL_r200.log - INFO - Round 99 selected clients: [3, 4, 5, 11, 16, 17, 18, 19]
2026-08-19 20:40:15,278 - FINAL_FULL_r200.log - INFO - Round 99 | Global 0.6805 | Head 0.6371 | Tail 0.7817 | Many 0.6263 | Medium 0.6452 | Few 0.7817 | best_tail 0.7933@94 | rollback=False
2026-08-19 20:40:15,278 - FINAL_FULL_r200.log - INFO - Round 100 S-diagnostic | score_mean 0.7645 | selected_tail_fraction 0.0314 | participation_range 34-46
2026-08-19 20:40:15,278 - FINAL_FULL_r200.log - INFO - Round 100 selected clients: [0, 4, 5, 8, 12, 17, 18, 19]
2026-08-19 20:40:36,473 - FINAL_FULL_r200.log - INFO - Round 100 | Global 0.6698 | Head 0.6201 | Tail 0.7857 | Many 0.6027 | Medium 0.6332 | Few 0.7857 | best_tail 0.7933@94 | rollback=False
2026-08-19 20:40:36,491 - FINAL_FULL_r200.log - INFO - Global Accuracy: [0.145, 0.2345, 0.2531, 0.289, 0.3059, 0.3398, 0.3661, 0.4214, 0.3897, 0.3858, 0.4525, 0.4115, 0.4182, 0.4815, 0.4968, 0.4998, 0.4773, 0.4751, 0.4624, 0.4927, 0.5098, 0.5271, 0.5409, 0.5554, 0.5607, 0.5145, 0.519, 0.5611, 0.5541, 0.5884, 0.566, 0.575, 0.559, 0.5673, 0.5579, 0.592, 0.6044, 0.6154, 0.6002, 0.6193, 0.6182, 0.6063, 0.625, 0.6402, 0.6159, 0.6377, 0.6199, 0.6298, 0.6251, 0.638, 0.6432, 0.6524, 0.6497, 0.6503, 0.6559, 0.6416, 0.6538, 0.6588, 0.6453, 0.6499, 0.6616, 0.6569, 0.6727, 0.6674, 0.6568, 0.6605, 0.6583, 0.6662, 0.6701, 0.6594, 0.6653, 0.6678, 0.6632, 0.6735, 0.672, 0.6652, 0.6653, 0.6591, 0.68, 0.6738, 0.687, 0.6817, 0.6721, 0.6822, 0.6817, 0.6656, 0.6676, 0.6833, 0.6569, 0.669, 0.6858, 0.6842, 0.6848, 0.6806, 0.6818, 0.6855, 0.6907, 0.6772, 0.6805, 0.6698]
2026-08-19 20:40:36,491 - FINAL_FULL_r200.log - INFO - Majority Class Accuracy: [0.4183, 0.6083, 0.6207, 0.743, 0.6793, 0.6467, 0.697, 0.6663, 0.78, 0.784, 0.802, 0.812, 0.7553, 0.7097, 0.6937, 0.7453, 0.789, 0.7937, 0.738, 0.733, 0.767, 0.726, 0.7097, 0.6977, 0.7097, 0.7357, 0.76, 0.7607, 0.7103, 0.7237, 0.7813, 0.7617, 0.764, 0.7127, 0.7697, 0.708, 0.651, 0.666, 0.673, 0.613, 0.6947, 0.5817, 0.6647, 0.69, 0.545, 0.5883, 0.6277, 0.6377, 0.5397, 0.633, 0.6183, 0.6497, 0.688, 0.6897, 0.6643, 0.7527, 0.7367, 0.6913, 0.5817, 0.669, 0.673, 0.6387, 0.735, 0.6813, 0.643, 0.647, 0.6163, 0.647, 0.6813, 0.7227, 0.708, 0.6287, 0.614, 0.6757, 0.6703, 0.658, 0.63, 0.564, 0.6857, 0.6247, 0.6603, 0.641, 0.6017, 0.7003, 0.6307, 0.6687, 0.6203, 0.6343, 0.5917, 0.6237, 0.6513, 0.6507, 0.6707, 0.6203, 0.6623, 0.677, 0.677, 0.602, 0.6263, 0.6027]
2026-08-19 20:40:36,491 - FINAL_FULL_r200.log - INFO - Medium Class Accuracy: [0.0488, 0.13, 0.1673, 0.1653, 0.2552, 0.344, 0.373, 0.4447, 0.3505, 0.214, 0.3372, 0.3038, 0.3172, 0.4983, 0.5058, 0.4813, 0.3945, 0.454, 0.4655, 0.507, 0.4477, 0.5, 0.537, 0.5647, 0.5282, 0.4955, 0.5145, 0.5377, 0.547, 0.5212, 0.5323, 0.5397, 0.514, 0.5505, 0.5347, 0.5162, 0.579, 0.5727, 0.602, 0.582, 0.578, 0.5753, 0.5893, 0.5915, 0.59, 0.6065, 0.6235, 0.588, 0.6128, 0.6188, 0.6335, 0.62, 0.6058, 0.6388, 0.6382, 0.6255, 0.6098, 0.613, 0.6015, 0.6275, 0.621, 0.6178, 0.6425, 0.6315, 0.6248, 0.6445, 0.6295, 0.6158, 0.6345, 0.619, 0.6092, 0.6502, 0.6335, 0.623, 0.6278, 0.6318, 0.6465, 0.6562, 0.631, 0.6392, 0.6475, 0.6597, 0.67, 0.6607, 0.6518, 0.6138, 0.6623, 0.654, 0.6222, 0.6502, 0.6605, 0.6685, 0.6385, 0.6412, 0.655, 0.6495, 0.6613, 0.6693, 0.6452, 0.6332]
2026-08-19 20:40:36,491 - FINAL_FULL_r200.log - INFO - Minority Class Accuracy: [0.0, 0.0, 0.0, 0.0, 0.0, 0.0273, 0.026, 0.1453, 0.0517, 0.2167, 0.2567, 0.1547, 0.2157, 0.231, 0.288, 0.279, 0.276, 0.1847, 0.1827, 0.2333, 0.3353, 0.3643, 0.3773, 0.4007, 0.455, 0.3187, 0.284, 0.3927, 0.4073, 0.5427, 0.3957, 0.4353, 0.414, 0.4443, 0.377, 0.577, 0.5917, 0.6217, 0.525, 0.6753, 0.5953, 0.6723, 0.633, 0.6553, 0.7213, 0.7287, 0.6073, 0.6777, 0.727, 0.6687, 0.681, 0.6983, 0.67, 0.6263, 0.671, 0.552, 0.6297, 0.6873, 0.7673, 0.6607, 0.7043, 0.7273, 0.6507, 0.7013, 0.7133, 0.6953, 0.7387, 0.7527, 0.7063, 0.65, 0.6973, 0.7303, 0.752, 0.7387, 0.7327, 0.717, 0.7257, 0.758, 0.7397, 0.769, 0.7663, 0.7517, 0.7453, 0.6927, 0.7727, 0.7317, 0.722, 0.7713, 0.7683, 0.7393, 0.754, 0.7387, 0.7607, 0.7933, 0.737, 0.742, 0.7437, 0.763, 0.7817, 0.7857]
2026-08-19 20:40:36,491 - FINAL_FULL_r200.log - INFO - === Head-Tail Evaluation ===
2026-08-19 20:40:36,491 - FINAL_FULL_r200.log - INFO - Head Accuracy: 0.6201
2026-08-19 20:40:36,491 - FINAL_FULL_r200.log - INFO - Tail Accuracy: 0.7857
2026-08-19 20:40:49,340 - FINAL_FULL_r200.log - INFO - Round 101 S-diagnostic | score_mean 0.6161 | selected_tail_fraction 0.0129 | participation_range 34-47
2026-08-19 20:40:49,340 - FINAL_FULL_r200.log - INFO - Round 101 selected clients: [0, 2, 4, 7, 10, 11, 12, 18]
2026-08-19 20:41:12,810 - FINAL_FULL_r200.log - INFO - Round 101 | Global 0.6895 | Head 0.6564 | Tail 0.7667 | Many 0.6600 | Medium 0.6538 | Few 0.7667 | best_tail 0.7933@94 | rollback=False
2026-08-19 20:41:12,820 - FINAL_FULL_r200.log - INFO - Round 102 S-diagnostic | score_mean 0.5787 | selected_tail_fraction 0.0179 | participation_range 34-47
2026-08-19 20:41:12,821 - FINAL_FULL_r200.log - INFO - Round 102 selected clients: [1, 8, 10, 11, 12, 14, 17, 19]
2026-08-19 20:41:35,585 - FINAL_FULL_r200.log - INFO - Round 102 | Global 0.6801 | Head 0.6380 | Tail 0.7783 | Many 0.6400 | Medium 0.6365 | Few 0.7783 | best_tail 0.7933@94 | rollback=False
2026-08-19 20:41:35,585 - FINAL_FULL_r200.log - INFO - Round 103 S-diagnostic | score_mean 0.7082 | selected_tail_fraction 0.0252 | participation_range 34-48
2026-08-19 20:41:35,585 - FINAL_FULL_r200.log - INFO - Round 103 selected clients: [0, 2, 7, 9, 11, 16, 17, 19]
2026-08-19 20:41:58,799 - FINAL_FULL_r200.log - INFO - Round 103 | Global 0.6824 | Head 0.6407 | Tail 0.7797 | Many 0.6133 | Medium 0.6613 | Few 0.7797 | best_tail 0.7933@94 | rollback=False
2026-08-19 20:41:58,810 - FINAL_FULL_r200.log - INFO - Round 104 S-diagnostic | score_mean 0.7542 | selected_tail_fraction 0.0339 | participation_range 34-48
2026-08-19 20:41:58,810 - FINAL_FULL_r200.log - INFO - Round 104 selected clients: [3, 6, 9, 12, 13, 14, 17, 18]
2026-08-19 20:42:22,439 - FINAL_FULL_r200.log - INFO - Round 104 | Global 0.6865 | Head 0.6440 | Tail 0.7857 | Many 0.6220 | Medium 0.6605 | Few 0.7857 | best_tail 0.7933@94 | rollback=False
2026-08-19 20:42:22,439 - FINAL_FULL_r200.log - INFO - Round 105 S-diagnostic | score_mean 0.5651 | selected_tail_fraction 0.0155 | participation_range 34-48
2026-08-19 20:42:22,439 - FINAL_FULL_r200.log - INFO - Round 105 selected clients: [3, 8, 10, 13, 14, 15, 16, 18]
2026-08-19 20:42:45,370 - FINAL_FULL_r200.log - INFO - Round 105 | Global 0.6891 | Head 0.6564 | Tail 0.7653 | Many 0.6557 | Medium 0.6570 | Few 0.7653 | best_tail 0.7933@94 | rollback=False
2026-08-19 20:42:45,370 - FINAL_FULL_r200.log - INFO - Round 106 S-diagnostic | score_mean 0.7108 | selected_tail_fraction 0.0240 | participation_range 34-48
2026-08-19 20:42:45,370 - FINAL_FULL_r200.log - INFO - Round 106 selected clients: [1, 3, 6, 7, 8, 9, 12, 18]
2026-08-19 20:43:08,800 - FINAL_FULL_r200.log - INFO - Round 106 | Global 0.6806 | Head 0.6283 | Tail 0.8027 | Many 0.6043 | Medium 0.6462 | Few 0.8027 | best_tail 0.8027@106 | rollback=False
2026-08-19 20:43:08,800 - FINAL_FULL_r200.log - INFO - Round 107 S-diagnostic | score_mean 0.6820 | selected_tail_fraction 0.0234 | participation_range 34-49
2026-08-19 20:43:08,800 - FINAL_FULL_r200.log - INFO - Round 107 selected clients: [2, 6, 7, 9, 11, 12, 14, 19]
2026-08-19 20:43:32,025 - FINAL_FULL_r200.log - INFO - Round 107 | Global 0.6871 | Head 0.6416 | Tail 0.7933 | Many 0.6283 | Medium 0.6515 | Few 0.7933 | best_tail 0.8027@106 | rollback=False
2026-08-19 20:43:32,025 - FINAL_FULL_r200.log - INFO - Round 108 S-diagnostic | score_mean 0.5602 | selected_tail_fraction 0.0115 | participation_range 34-49
2026-08-19 20:43:32,025 - FINAL_FULL_r200.log - INFO - Round 108 selected clients: [0, 7, 8, 9, 10, 13, 15, 18]
2026-08-19 20:43:55,171 - FINAL_FULL_r200.log - INFO - Round 108 | Global 0.6844 | Head 0.6469 | Tail 0.7720 | Many 0.6373 | Medium 0.6540 | Few 0.7720 | best_tail 0.8027@106 | rollback=False
2026-08-19 20:43:55,182 - FINAL_FULL_r200.log - INFO - Round 109 S-diagnostic | score_mean 0.6990 | selected_tail_fraction 0.0228 | participation_range 34-50
2026-08-19 20:43:55,182 - FINAL_FULL_r200.log - INFO - Round 109 selected clients: [0, 2, 4, 7, 12, 13, 17, 18]
2026-08-19 20:44:18,544 - FINAL_FULL_r200.log - INFO - Round 109 | Global 0.6788 | Head 0.6540 | Tail 0.7367 | Many 0.6410 | Medium 0.6637 | Few 0.7367 | best_tail 0.8027@106 | rollback=False
2026-08-19 20:44:18,554 - FINAL_FULL_r200.log - INFO - Round 110 S-diagnostic | score_mean 0.7062 | selected_tail_fraction 0.0276 | participation_range 35-50
2026-08-19 20:44:18,554 - FINAL_FULL_r200.log - INFO - Round 110 selected clients: [2, 3, 4, 5, 6, 7, 9, 14]
2026-08-19 20:44:41,910 - FINAL_FULL_r200.log - INFO - Round 110 | Global 0.6828 | Head 0.6476 | Tail 0.7650 | Many 0.6093 | Medium 0.6763 | Few 0.7650 | best_tail 0.8027@106 | rollback=False
2026-08-19 20:44:41,927 - FINAL_FULL_r200.log - INFO - Global Accuracy: [0.145, 0.2345, 0.2531, 0.289, 0.3059, 0.3398, 0.3661, 0.4214, 0.3897, 0.3858, 0.4525, 0.4115, 0.4182, 0.4815, 0.4968, 0.4998, 0.4773, 0.4751, 0.4624, 0.4927, 0.5098, 0.5271, 0.5409, 0.5554, 0.5607, 0.5145, 0.519, 0.5611, 0.5541, 0.5884, 0.566, 0.575, 0.559, 0.5673, 0.5579, 0.592, 0.6044, 0.6154, 0.6002, 0.6193, 0.6182, 0.6063, 0.625, 0.6402, 0.6159, 0.6377, 0.6199, 0.6298, 0.6251, 0.638, 0.6432, 0.6524, 0.6497, 0.6503, 0.6559, 0.6416, 0.6538, 0.6588, 0.6453, 0.6499, 0.6616, 0.6569, 0.6727, 0.6674, 0.6568, 0.6605, 0.6583, 0.6662, 0.6701, 0.6594, 0.6653, 0.6678, 0.6632, 0.6735, 0.672, 0.6652, 0.6653, 0.6591, 0.68, 0.6738, 0.687, 0.6817, 0.6721, 0.6822, 0.6817, 0.6656, 0.6676, 0.6833, 0.6569, 0.669, 0.6858, 0.6842, 0.6848, 0.6806, 0.6818, 0.6855, 0.6907, 0.6772, 0.6805, 0.6698, 0.6895, 0.6801, 0.6824, 0.6865, 0.6891, 0.6806, 0.6871, 0.6844, 0.6788, 0.6828]
2026-08-19 20:44:41,927 - FINAL_FULL_r200.log - INFO - Majority Class Accuracy: [0.4183, 0.6083, 0.6207, 0.743, 0.6793, 0.6467, 0.697, 0.6663, 0.78, 0.784, 0.802, 0.812, 0.7553, 0.7097, 0.6937, 0.7453, 0.789, 0.7937, 0.738, 0.733, 0.767, 0.726, 0.7097, 0.6977, 0.7097, 0.7357, 0.76, 0.7607, 0.7103, 0.7237, 0.7813, 0.7617, 0.764, 0.7127, 0.7697, 0.708, 0.651, 0.666, 0.673, 0.613, 0.6947, 0.5817, 0.6647, 0.69, 0.545, 0.5883, 0.6277, 0.6377, 0.5397, 0.633, 0.6183, 0.6497, 0.688, 0.6897, 0.6643, 0.7527, 0.7367, 0.6913, 0.5817, 0.669, 0.673, 0.6387, 0.735, 0.6813, 0.643, 0.647, 0.6163, 0.647, 0.6813, 0.7227, 0.708, 0.6287, 0.614, 0.6757, 0.6703, 0.658, 0.63, 0.564, 0.6857, 0.6247, 0.6603, 0.641, 0.6017, 0.7003, 0.6307, 0.6687, 0.6203, 0.6343, 0.5917, 0.6237, 0.6513, 0.6507, 0.6707, 0.6203, 0.6623, 0.677, 0.677, 0.602, 0.6263, 0.6027, 0.66, 0.64, 0.6133, 0.622, 0.6557, 0.6043, 0.6283, 0.6373, 0.641, 0.6093]
2026-08-19 20:44:41,927 - FINAL_FULL_r200.log - INFO - Medium Class Accuracy: [0.0488, 0.13, 0.1673, 0.1653, 0.2552, 0.344, 0.373, 0.4447, 0.3505, 0.214, 0.3372, 0.3038, 0.3172, 0.4983, 0.5058, 0.4813, 0.3945, 0.454, 0.4655, 0.507, 0.4477, 0.5, 0.537, 0.5647, 0.5282, 0.4955, 0.5145, 0.5377, 0.547, 0.5212, 0.5323, 0.5397, 0.514, 0.5505, 0.5347, 0.5162, 0.579, 0.5727, 0.602, 0.582, 0.578, 0.5753, 0.5893, 0.5915, 0.59, 0.6065, 0.6235, 0.588, 0.6128, 0.6188, 0.6335, 0.62, 0.6058, 0.6388, 0.6382, 0.6255, 0.6098, 0.613, 0.6015, 0.6275, 0.621, 0.6178, 0.6425, 0.6315, 0.6248, 0.6445, 0.6295, 0.6158, 0.6345, 0.619, 0.6092, 0.6502, 0.6335, 0.623, 0.6278, 0.6318, 0.6465, 0.6562, 0.631, 0.6392, 0.6475, 0.6597, 0.67, 0.6607, 0.6518, 0.6138, 0.6623, 0.654, 0.6222, 0.6502, 0.6605, 0.6685, 0.6385, 0.6412, 0.655, 0.6495, 0.6613, 0.6693, 0.6452, 0.6332, 0.6538, 0.6365, 0.6613, 0.6605, 0.657, 0.6462, 0.6515, 0.654, 0.6637, 0.6763]
2026-08-19 20:44:41,927 - FINAL_FULL_r200.log - INFO - Minority Class Accuracy: [0.0, 0.0, 0.0, 0.0, 0.0, 0.0273, 0.026, 0.1453, 0.0517, 0.2167, 0.2567, 0.1547, 0.2157, 0.231, 0.288, 0.279, 0.276, 0.1847, 0.1827, 0.2333, 0.3353, 0.3643, 0.3773, 0.4007, 0.455, 0.3187, 0.284, 0.3927, 0.4073, 0.5427, 0.3957, 0.4353, 0.414, 0.4443, 0.377, 0.577, 0.5917, 0.6217, 0.525, 0.6753, 0.5953, 0.6723, 0.633, 0.6553, 0.7213, 0.7287, 0.6073, 0.6777, 0.727, 0.6687, 0.681, 0.6983, 0.67, 0.6263, 0.671, 0.552, 0.6297, 0.6873, 0.7673, 0.6607, 0.7043, 0.7273, 0.6507, 0.7013, 0.7133, 0.6953, 0.7387, 0.7527, 0.7063, 0.65, 0.6973, 0.7303, 0.752, 0.7387, 0.7327, 0.717, 0.7257, 0.758, 0.7397, 0.769, 0.7663, 0.7517, 0.7453, 0.6927, 0.7727, 0.7317, 0.722, 0.7713, 0.7683, 0.7393, 0.754, 0.7387, 0.7607, 0.7933, 0.737, 0.742, 0.7437, 0.763, 0.7817, 0.7857, 0.7667, 0.7783, 0.7797, 0.7857, 0.7653, 0.8027, 0.7933, 0.772, 0.7367, 0.765]
2026-08-19 20:44:41,927 - FINAL_FULL_r200.log - INFO - === Head-Tail Evaluation ===
2026-08-19 20:44:41,927 - FINAL_FULL_r200.log - INFO - Head Accuracy: 0.6476
2026-08-19 20:44:41,927 - FINAL_FULL_r200.log - INFO - Tail Accuracy: 0.7650
2026-08-19 20:44:54,987 - FINAL_FULL_r200.log - INFO - Round 111 S-diagnostic | score_mean 0.7333 | selected_tail_fraction 0.0290 | participation_range 35-51
2026-08-19 20:44:54,987 - FINAL_FULL_r200.log - INFO - Round 111 selected clients: [2, 3, 7, 11, 12, 16, 17, 18]
2026-08-19 20:45:18,639 - FINAL_FULL_r200.log - INFO - Round 111 | Global 0.6796 | Head 0.6307 | Tail 0.7937 | Many 0.5950 | Medium 0.6575 | Few 0.7937 | best_tail 0.8027@106 | rollback=False
2026-08-19 20:45:18,639 - FINAL_FULL_r200.log - INFO - Round 112 S-diagnostic | score_mean 0.6749 | selected_tail_fraction 0.0161 | participation_range 36-51
2026-08-19 20:45:18,639 - FINAL_FULL_r200.log - INFO - Round 112 selected clients: [0, 1, 5, 8, 9, 11, 16, 19]
2026-08-19 20:45:39,039 - FINAL_FULL_r200.log - INFO - Round 112 | Global 0.6869 | Head 0.6416 | Tail 0.7927 | Many 0.6217 | Medium 0.6565 | Few 0.7927 | best_tail 0.8027@106 | rollback=False
2026-08-19 20:45:39,039 - FINAL_FULL_r200.log - INFO - Round 113 S-diagnostic | score_mean 0.7008 | selected_tail_fraction 0.0248 | participation_range 36-51
2026-08-19 20:45:39,039 - FINAL_FULL_r200.log - INFO - Round 113 selected clients: [1, 2, 4, 6, 11, 14, 15, 17]
2026-08-19 20:45:59,702 - FINAL_FULL_r200.log - INFO - Round 113 | Global 0.6906 | Head 0.6621 | Tail 0.7570 | Many 0.6407 | Medium 0.6783 | Few 0.7570 | best_tail 0.8027@106 | rollback=False
2026-08-19 20:45:59,704 - FINAL_FULL_r200.log - INFO - Round 114 S-diagnostic | score_mean 0.6116 | selected_tail_fraction 0.0179 | participation_range 36-52
2026-08-19 20:45:59,704 - FINAL_FULL_r200.log - INFO - Round 114 selected clients: [0, 6, 10, 11, 12, 14, 16, 17]
2026-08-19 20:46:19,878 - FINAL_FULL_r200.log - INFO - Round 114 | Global 0.6987 | Head 0.6841 | Tail 0.7327 | Many 0.7023 | Medium 0.6705 | Few 0.7327 | best_tail 0.8027@106 | rollback=False
2026-08-19 20:46:19,878 - FINAL_FULL_r200.log - INFO - Round 115 S-diagnostic | score_mean 0.5275 | selected_tail_fraction 0.0097 | participation_range 36-52
2026-08-19 20:46:19,878 - FINAL_FULL_r200.log - INFO - Round 115 selected clients: [0, 4, 8, 10, 11, 14, 15, 19]
2026-08-19 20:46:39,692 - FINAL_FULL_r200.log - INFO - Round 115 | Global 0.6873 | Head 0.6630 | Tail 0.7440 | Many 0.6797 | Medium 0.6505 | Few 0.7440 | best_tail 0.8027@106 | rollback=False
2026-08-19 20:46:39,692 - FINAL_FULL_r200.log - INFO - Round 116 S-diagnostic | score_mean 0.6849 | selected_tail_fraction 0.0173 | participation_range 36-53
2026-08-19 20:46:39,692 - FINAL_FULL_r200.log - INFO - Round 116 selected clients: [0, 1, 6, 7, 10, 12, 15, 18]
2026-08-19 20:46:59,916 - FINAL_FULL_r200.log - INFO - Round 116 | Global 0.6754 | Head 0.6143 | Tail 0.8180 | Many 0.5797 | Medium 0.6402 | Few 0.8180 | best_tail 0.8180@116 | rollback=False
2026-08-19 20:46:59,916 - FINAL_FULL_r200.log - INFO - Round 117 S-diagnostic | score_mean 0.8003 | selected_tail_fraction 0.0371 | participation_range 37-53
2026-08-19 20:46:59,916 - FINAL_FULL_r200.log - INFO - Round 117 selected clients: [1, 2, 3, 5, 6, 7, 15, 17]
2026-08-19 20:47:20,553 - FINAL_FULL_r200.log - INFO - Round 117 | Global 0.6817 | Head 0.6309 | Tail 0.8003 | Many 0.5730 | Medium 0.6743 | Few 0.8003 | best_tail 0.8180@116 | rollback=False
2026-08-19 20:47:20,553 - FINAL_FULL_r200.log - INFO - Round 118 S-diagnostic | score_mean 0.6751 | selected_tail_fraction 0.0254 | participation_range 38-53
2026-08-19 20:47:20,553 - FINAL_FULL_r200.log - INFO - Round 118 selected clients: [0, 2, 3, 4, 5, 6, 7, 8]
2026-08-19 20:47:40,795 - FINAL_FULL_r200.log - INFO - Round 118 | Global 0.6806 | Head 0.6453 | Tail 0.7630 | Many 0.6123 | Medium 0.6700 | Few 0.7630 | best_tail 0.8180@116 | rollback=False
2026-08-19 20:47:40,795 - FINAL_FULL_r200.log - INFO - Round 119 S-diagnostic | score_mean 0.7086 | selected_tail_fraction 0.0258 | participation_range 38-54
2026-08-19 20:47:40,795 - FINAL_FULL_r200.log - INFO - Round 119 selected clients: [5, 7, 8, 9, 12, 16, 17, 18]
2026-08-19 20:48:01,250 - FINAL_FULL_r200.log - INFO - Round 119 | Global 0.6905 | Head 0.6459 | Tail 0.7947 | Many 0.6070 | Medium 0.6750 | Few 0.7947 | best_tail 0.8180@116 | rollback=False
2026-08-19 20:48:01,250 - FINAL_FULL_r200.log - INFO - Round 120 S-diagnostic | score_mean 0.5581 | selected_tail_fraction 0.0141 | participation_range 38-54
2026-08-19 20:48:01,250 - FINAL_FULL_r200.log - INFO - Round 120 selected clients: [0, 3, 4, 6, 8, 10, 14, 16]
2026-08-19 20:48:21,063 - FINAL_FULL_r200.log - INFO - Round 120 | Global 0.6924 | Head 0.6611 | Tail 0.7653 | Many 0.6557 | Medium 0.6653 | Few 0.7653 | best_tail 0.8180@116 | rollback=False
2026-08-19 20:48:21,089 - FINAL_FULL_r200.log - INFO - Global Accuracy: [0.145, 0.2345, 0.2531, 0.289, 0.3059, 0.3398, 0.3661, 0.4214, 0.3897, 0.3858, 0.4525, 0.4115, 0.4182, 0.4815, 0.4968, 0.4998, 0.4773, 0.4751, 0.4624, 0.4927, 0.5098, 0.5271, 0.5409, 0.5554, 0.5607, 0.5145, 0.519, 0.5611, 0.5541, 0.5884, 0.566, 0.575, 0.559, 0.5673, 0.5579, 0.592, 0.6044, 0.6154, 0.6002, 0.6193, 0.6182, 0.6063, 0.625, 0.6402, 0.6159, 0.6377, 0.6199, 0.6298, 0.6251, 0.638, 0.6432, 0.6524, 0.6497, 0.6503, 0.6559, 0.6416, 0.6538, 0.6588, 0.6453, 0.6499, 0.6616, 0.6569, 0.6727, 0.6674, 0.6568, 0.6605, 0.6583, 0.6662, 0.6701, 0.6594, 0.6653, 0.6678, 0.6632, 0.6735, 0.672, 0.6652, 0.6653, 0.6591, 0.68, 0.6738, 0.687, 0.6817, 0.6721, 0.6822, 0.6817, 0.6656, 0.6676, 0.6833, 0.6569, 0.669, 0.6858, 0.6842, 0.6848, 0.6806, 0.6818, 0.6855, 0.6907, 0.6772, 0.6805, 0.6698, 0.6895, 0.6801, 0.6824, 0.6865, 0.6891, 0.6806, 0.6871, 0.6844, 0.6788, 0.6828, 0.6796, 0.6869, 0.6906, 0.6987, 0.6873, 0.6754, 0.6817, 0.6806, 0.6905, 0.6924]
2026-08-19 20:48:21,089 - FINAL_FULL_r200.log - INFO - Majority Class Accuracy: [0.4183, 0.6083, 0.6207, 0.743, 0.6793, 0.6467, 0.697, 0.6663, 0.78, 0.784, 0.802, 0.812, 0.7553, 0.7097, 0.6937, 0.7453, 0.789, 0.7937, 0.738, 0.733, 0.767, 0.726, 0.7097, 0.6977, 0.7097, 0.7357, 0.76, 0.7607, 0.7103, 0.7237, 0.7813, 0.7617, 0.764, 0.7127, 0.7697, 0.708, 0.651, 0.666, 0.673, 0.613, 0.6947, 0.5817, 0.6647, 0.69, 0.545, 0.5883, 0.6277, 0.6377, 0.5397, 0.633, 0.6183, 0.6497, 0.688, 0.6897, 0.6643, 0.7527, 0.7367, 0.6913, 0.5817, 0.669, 0.673, 0.6387, 0.735, 0.6813, 0.643, 0.647, 0.6163, 0.647, 0.6813, 0.7227, 0.708, 0.6287, 0.614, 0.6757, 0.6703, 0.658, 0.63, 0.564, 0.6857, 0.6247, 0.6603, 0.641, 0.6017, 0.7003, 0.6307, 0.6687, 0.6203, 0.6343, 0.5917, 0.6237, 0.6513, 0.6507, 0.6707, 0.6203, 0.6623, 0.677, 0.677, 0.602, 0.6263, 0.6027, 0.66, 0.64, 0.6133, 0.622, 0.6557, 0.6043, 0.6283, 0.6373, 0.641, 0.6093, 0.595, 0.6217, 0.6407, 0.7023, 0.6797, 0.5797, 0.573, 0.6123, 0.607, 0.6557]
2026-08-19 20:48:21,089 - FINAL_FULL_r200.log - INFO - Medium Class Accuracy: [0.0488, 0.13, 0.1673, 0.1653, 0.2552, 0.344, 0.373, 0.4447, 0.3505, 0.214, 0.3372, 0.3038, 0.3172, 0.4983, 0.5058, 0.4813, 0.3945, 0.454, 0.4655, 0.507, 0.4477, 0.5, 0.537, 0.5647, 0.5282, 0.4955, 0.5145, 0.5377, 0.547, 0.5212, 0.5323, 0.5397, 0.514, 0.5505, 0.5347, 0.5162, 0.579, 0.5727, 0.602, 0.582, 0.578, 0.5753, 0.5893, 0.5915, 0.59, 0.6065, 0.6235, 0.588, 0.6128, 0.6188, 0.6335, 0.62, 0.6058, 0.6388, 0.6382, 0.6255, 0.6098, 0.613, 0.6015, 0.6275, 0.621, 0.6178, 0.6425, 0.6315, 0.6248, 0.6445, 0.6295, 0.6158, 0.6345, 0.619, 0.6092, 0.6502, 0.6335, 0.623, 0.6278, 0.6318, 0.6465, 0.6562, 0.631, 0.6392, 0.6475, 0.6597, 0.67, 0.6607, 0.6518, 0.6138, 0.6623, 0.654, 0.6222, 0.6502, 0.6605, 0.6685, 0.6385, 0.6412, 0.655, 0.6495, 0.6613, 0.6693, 0.6452, 0.6332, 0.6538, 0.6365, 0.6613, 0.6605, 0.657, 0.6462, 0.6515, 0.654, 0.6637, 0.6763, 0.6575, 0.6565, 0.6783, 0.6705, 0.6505, 0.6402, 0.6743, 0.67, 0.675, 0.6653]
2026-08-19 20:48:21,089 - FINAL_FULL_r200.log - INFO - Minority Class Accuracy: [0.0, 0.0, 0.0, 0.0, 0.0, 0.0273, 0.026, 0.1453, 0.0517, 0.2167, 0.2567, 0.1547, 0.2157, 0.231, 0.288, 0.279, 0.276, 0.1847, 0.1827, 0.2333, 0.3353, 0.3643, 0.3773, 0.4007, 0.455, 0.3187, 0.284, 0.3927, 0.4073, 0.5427, 0.3957, 0.4353, 0.414, 0.4443, 0.377, 0.577, 0.5917, 0.6217, 0.525, 0.6753, 0.5953, 0.6723, 0.633, 0.6553, 0.7213, 0.7287, 0.6073, 0.6777, 0.727, 0.6687, 0.681, 0.6983, 0.67, 0.6263, 0.671, 0.552, 0.6297, 0.6873, 0.7673, 0.6607, 0.7043, 0.7273, 0.6507, 0.7013, 0.7133, 0.6953, 0.7387, 0.7527, 0.7063, 0.65, 0.6973, 0.7303, 0.752, 0.7387, 0.7327, 0.717, 0.7257, 0.758, 0.7397, 0.769, 0.7663, 0.7517, 0.7453, 0.6927, 0.7727, 0.7317, 0.722, 0.7713, 0.7683, 0.7393, 0.754, 0.7387, 0.7607, 0.7933, 0.737, 0.742, 0.7437, 0.763, 0.7817, 0.7857, 0.7667, 0.7783, 0.7797, 0.7857, 0.7653, 0.8027, 0.7933, 0.772, 0.7367, 0.765, 0.7937, 0.7927, 0.757, 0.7327, 0.744, 0.818, 0.8003, 0.763, 0.7947, 0.7653]
2026-08-19 20:48:21,089 - FINAL_FULL_r200.log - INFO - === Head-Tail Evaluation ===
2026-08-19 20:48:21,089 - FINAL_FULL_r200.log - INFO - Head Accuracy: 0.6611
2026-08-19 20:48:21,089 - FINAL_FULL_r200.log - INFO - Tail Accuracy: 0.7653
2026-08-19 20:48:34,585 - FINAL_FULL_r200.log - INFO - Round 121 S-diagnostic | score_mean 0.7003 | selected_tail_fraction 0.0193 | participation_range 38-55
2026-08-19 20:48:34,585 - FINAL_FULL_r200.log - INFO - Round 121 selected clients: [0, 2, 5, 10, 12, 14, 16, 19]
2026-08-19 20:48:55,085 - FINAL_FULL_r200.log - INFO - Round 121 | Global 0.6783 | Head 0.6416 | Tail 0.7640 | Many 0.6530 | Medium 0.6330 | Few 0.7640 | best_tail 0.8180@116 | rollback=False
2026-08-19 20:48:55,096 - FINAL_FULL_r200.log - INFO - Round 122 S-diagnostic | score_mean 0.6575 | selected_tail_fraction 0.0121 | participation_range 38-56
2026-08-19 20:48:55,096 - FINAL_FULL_r200.log - INFO - Round 122 selected clients: [0, 6, 8, 9, 10, 12, 15, 16]
2026-08-19 20:49:15,269 - FINAL_FULL_r200.log - INFO - Round 122 | Global 0.6988 | Head 0.6627 | Tail 0.7830 | Many 0.6513 | Medium 0.6713 | Few 0.7830 | best_tail 0.8180@116 | rollback=False
2026-08-19 20:49:15,269 - FINAL_FULL_r200.log - INFO - Round 123 S-diagnostic | score_mean 0.7252 | selected_tail_fraction 0.0198 | participation_range 38-57
2026-08-19 20:49:15,269 - FINAL_FULL_r200.log - INFO - Round 123 selected clients: [0, 1, 6, 10, 12, 15, 16, 17]
2026-08-19 20:49:35,443 - FINAL_FULL_r200.log - INFO - Round 123 | Global 0.6944 | Head 0.6626 | Tail 0.7687 | Many 0.6383 | Medium 0.6807 | Few 0.7687 | best_tail 0.8180@116 | rollback=False
2026-08-19 20:49:35,443 - FINAL_FULL_r200.log - INFO - Round 124 S-diagnostic | score_mean 0.5506 | selected_tail_fraction 0.0121 | participation_range 39-57
2026-08-19 20:49:35,443 - FINAL_FULL_r200.log - INFO - Round 124 selected clients: [0, 1, 7, 9, 10, 11, 13, 17]
2026-08-19 20:49:57,304 - FINAL_FULL_r200.log - INFO - Round 124 | Global 0.6824 | Head 0.6596 | Tail 0.7357 | Many 0.6717 | Medium 0.6505 | Few 0.7357 | best_tail 0.8180@116 | rollback=False
2026-08-19 20:49:57,314 - FINAL_FULL_r200.log - INFO - Round 125 S-diagnostic | score_mean 0.6696 | selected_tail_fraction 0.0169 | participation_range 39-58
2026-08-19 20:49:57,314 - FINAL_FULL_r200.log - INFO - Round 125 selected clients: [2, 8, 9, 10, 12, 14, 15, 18]
2026-08-19 20:50:20,238 - FINAL_FULL_r200.log - INFO - Round 125 | Global 0.6889 | Head 0.6560 | Tail 0.7657 | Many 0.6247 | Medium 0.6795 | Few 0.7657 | best_tail 0.8180@116 | rollback=False
2026-08-19 20:50:20,238 - FINAL_FULL_r200.log - INFO - Round 126 S-diagnostic | score_mean 0.7579 | selected_tail_fraction 0.0377 | participation_range 40-58
2026-08-19 20:50:20,238 - FINAL_FULL_r200.log - INFO - Round 126 selected clients: [3, 5, 6, 9, 10, 13, 18, 19]
2026-08-19 20:50:43,404 - FINAL_FULL_r200.log - INFO - Round 126 | Global 0.6752 | Head 0.6189 | Tail 0.8067 | Many 0.5740 | Medium 0.6525 | Few 0.8067 | best_tail 0.8180@116 | rollback=False
2026-08-19 20:50:43,404 - FINAL_FULL_r200.log - INFO - Round 127 S-diagnostic | score_mean 0.6855 | selected_tail_fraction 0.0244 | participation_range 40-58
2026-08-19 20:50:43,404 - FINAL_FULL_r200.log - INFO - Round 127 selected clients: [0, 3, 4, 5, 9, 11, 14, 17]
2026-08-19 20:51:06,333 - FINAL_FULL_r200.log - INFO - Round 127 | Global 0.6903 | Head 0.6553 | Tail 0.7720 | Many 0.6473 | Medium 0.6613 | Few 0.7720 | best_tail 0.8180@116 | rollback=False
2026-08-19 20:51:06,343 - FINAL_FULL_r200.log - INFO - Round 128 S-diagnostic | score_mean 0.7569 | selected_tail_fraction 0.0270 | participation_range 40-59
2026-08-19 20:51:06,343 - FINAL_FULL_r200.log - INFO - Round 128 selected clients: [2, 3, 5, 8, 11, 12, 15, 18]
2026-08-19 20:51:29,655 - FINAL_FULL_r200.log - INFO - Round 128 | Global 0.6887 | Head 0.6357 | Tail 0.8123 | Many 0.5960 | Medium 0.6655 | Few 0.8123 | best_tail 0.8180@116 | rollback=False
2026-08-19 20:51:29,655 - FINAL_FULL_r200.log - INFO - Round 129 S-diagnostic | score_mean 0.7727 | selected_tail_fraction 0.0312 | participation_range 41-60
2026-08-19 20:51:29,655 - FINAL_FULL_r200.log - INFO - Round 129 selected clients: [2, 3, 9, 11, 12, 13, 17, 18]
2026-08-19 20:51:52,908 - FINAL_FULL_r200.log - INFO - Round 129 | Global 0.6903 | Head 0.6431 | Tail 0.8003 | Many 0.6187 | Medium 0.6615 | Few 0.8003 | best_tail 0.8180@116 | rollback=False
2026-08-19 20:51:52,908 - FINAL_FULL_r200.log - INFO - Round 130 S-diagnostic | score_mean 0.5689 | selected_tail_fraction 0.0163 | participation_range 41-60
2026-08-19 20:51:52,908 - FINAL_FULL_r200.log - INFO - Round 130 selected clients: [0, 3, 7, 9, 10, 11, 14, 19]
2026-08-19 20:52:15,488 - FINAL_FULL_r200.log - INFO - Round 130 | Global 0.6852 | Head 0.6427 | Tail 0.7843 | Many 0.6273 | Medium 0.6542 | Few 0.7843 | best_tail 0.8180@116 | rollback=False
2026-08-19 20:52:15,514 - FINAL_FULL_r200.log - INFO - Global Accuracy: [0.145, 0.2345, 0.2531, 0.289, 0.3059, 0.3398, 0.3661, 0.4214, 0.3897, 0.3858, 0.4525, 0.4115, 0.4182, 0.4815, 0.4968, 0.4998, 0.4773, 0.4751, 0.4624, 0.4927, 0.5098, 0.5271, 0.5409, 0.5554, 0.5607, 0.5145, 0.519, 0.5611, 0.5541, 0.5884, 0.566, 0.575, 0.559, 0.5673, 0.5579, 0.592, 0.6044, 0.6154, 0.6002, 0.6193, 0.6182, 0.6063, 0.625, 0.6402, 0.6159, 0.6377, 0.6199, 0.6298, 0.6251, 0.638, 0.6432, 0.6524, 0.6497, 0.6503, 0.6559, 0.6416, 0.6538, 0.6588, 0.6453, 0.6499, 0.6616, 0.6569, 0.6727, 0.6674, 0.6568, 0.6605, 0.6583, 0.6662, 0.6701, 0.6594, 0.6653, 0.6678, 0.6632, 0.6735, 0.672, 0.6652, 0.6653, 0.6591, 0.68, 0.6738, 0.687, 0.6817, 0.6721, 0.6822, 0.6817, 0.6656, 0.6676, 0.6833, 0.6569, 0.669, 0.6858, 0.6842, 0.6848, 0.6806, 0.6818, 0.6855, 0.6907, 0.6772, 0.6805, 0.6698, 0.6895, 0.6801, 0.6824, 0.6865, 0.6891, 0.6806, 0.6871, 0.6844, 0.6788, 0.6828, 0.6796, 0.6869, 0.6906, 0.6987, 0.6873, 0.6754, 0.6817, 0.6806, 0.6905, 0.6924, 0.6783, 0.6988, 0.6944, 0.6824, 0.6889, 0.6752, 0.6903, 0.6887, 0.6903, 0.6852]
2026-08-19 20:52:15,514 - FINAL_FULL_r200.log - INFO - Majority Class Accuracy: [0.4183, 0.6083, 0.6207, 0.743, 0.6793, 0.6467, 0.697, 0.6663, 0.78, 0.784, 0.802, 0.812, 0.7553, 0.7097, 0.6937, 0.7453, 0.789, 0.7937, 0.738, 0.733, 0.767, 0.726, 0.7097, 0.6977, 0.7097, 0.7357, 0.76, 0.7607, 0.7103, 0.7237, 0.7813, 0.7617, 0.764, 0.7127, 0.7697, 0.708, 0.651, 0.666, 0.673, 0.613, 0.6947, 0.5817, 0.6647, 0.69, 0.545, 0.5883, 0.6277, 0.6377, 0.5397, 0.633, 0.6183, 0.6497, 0.688, 0.6897, 0.6643, 0.7527, 0.7367, 0.6913, 0.5817, 0.669, 0.673, 0.6387, 0.735, 0.6813, 0.643, 0.647, 0.6163, 0.647, 0.6813, 0.7227, 0.708, 0.6287, 0.614, 0.6757, 0.6703, 0.658, 0.63, 0.564, 0.6857, 0.6247, 0.6603, 0.641, 0.6017, 0.7003, 0.6307, 0.6687, 0.6203, 0.6343, 0.5917, 0.6237, 0.6513, 0.6507, 0.6707, 0.6203, 0.6623, 0.677, 0.677, 0.602, 0.6263, 0.6027, 0.66, 0.64, 0.6133, 0.622, 0.6557, 0.6043, 0.6283, 0.6373, 0.641, 0.6093, 0.595, 0.6217, 0.6407, 0.7023, 0.6797, 0.5797, 0.573, 0.6123, 0.607, 0.6557, 0.653, 0.6513, 0.6383, 0.6717, 0.6247, 0.574, 0.6473, 0.596, 0.6187, 0.6273]
2026-08-19 20:52:15,514 - FINAL_FULL_r200.log - INFO - Medium Class Accuracy: [0.0488, 0.13, 0.1673, 0.1653, 0.2552, 0.344, 0.373, 0.4447, 0.3505, 0.214, 0.3372, 0.3038, 0.3172, 0.4983, 0.5058, 0.4813, 0.3945, 0.454, 0.4655, 0.507, 0.4477, 0.5, 0.537, 0.5647, 0.5282, 0.4955, 0.5145, 0.5377, 0.547, 0.5212, 0.5323, 0.5397, 0.514, 0.5505, 0.5347, 0.5162, 0.579, 0.5727, 0.602, 0.582, 0.578, 0.5753, 0.5893, 0.5915, 0.59, 0.6065, 0.6235, 0.588, 0.6128, 0.6188, 0.6335, 0.62, 0.6058, 0.6388, 0.6382, 0.6255, 0.6098, 0.613, 0.6015, 0.6275, 0.621, 0.6178, 0.6425, 0.6315, 0.6248, 0.6445, 0.6295, 0.6158, 0.6345, 0.619, 0.6092, 0.6502, 0.6335, 0.623, 0.6278, 0.6318, 0.6465, 0.6562, 0.631, 0.6392, 0.6475, 0.6597, 0.67, 0.6607, 0.6518, 0.6138, 0.6623, 0.654, 0.6222, 0.6502, 0.6605, 0.6685, 0.6385, 0.6412, 0.655, 0.6495, 0.6613, 0.6693, 0.6452, 0.6332, 0.6538, 0.6365, 0.6613, 0.6605, 0.657, 0.6462, 0.6515, 0.654, 0.6637, 0.6763, 0.6575, 0.6565, 0.6783, 0.6705, 0.6505, 0.6402, 0.6743, 0.67, 0.675, 0.6653, 0.633, 0.6713, 0.6807, 0.6505, 0.6795, 0.6525, 0.6613, 0.6655, 0.6615, 0.6542]
2026-08-19 20:52:15,514 - FINAL_FULL_r200.log - INFO - Minority Class Accuracy: [0.0, 0.0, 0.0, 0.0, 0.0, 0.0273, 0.026, 0.1453, 0.0517, 0.2167, 0.2567, 0.1547, 0.2157, 0.231, 0.288, 0.279, 0.276, 0.1847, 0.1827, 0.2333, 0.3353, 0.3643, 0.3773, 0.4007, 0.455, 0.3187, 0.284, 0.3927, 0.4073, 0.5427, 0.3957, 0.4353, 0.414, 0.4443, 0.377, 0.577, 0.5917, 0.6217, 0.525, 0.6753, 0.5953, 0.6723, 0.633, 0.6553, 0.7213, 0.7287, 0.6073, 0.6777, 0.727, 0.6687, 0.681, 0.6983, 0.67, 0.6263, 0.671, 0.552, 0.6297, 0.6873, 0.7673, 0.6607, 0.7043, 0.7273, 0.6507, 0.7013, 0.7133, 0.6953, 0.7387, 0.7527, 0.7063, 0.65, 0.6973, 0.7303, 0.752, 0.7387, 0.7327, 0.717, 0.7257, 0.758, 0.7397, 0.769, 0.7663, 0.7517, 0.7453, 0.6927, 0.7727, 0.7317, 0.722, 0.7713, 0.7683, 0.7393, 0.754, 0.7387, 0.7607, 0.7933, 0.737, 0.742, 0.7437, 0.763, 0.7817, 0.7857, 0.7667, 0.7783, 0.7797, 0.7857, 0.7653, 0.8027, 0.7933, 0.772, 0.7367, 0.765, 0.7937, 0.7927, 0.757, 0.7327, 0.744, 0.818, 0.8003, 0.763, 0.7947, 0.7653, 0.764, 0.783, 0.7687, 0.7357, 0.7657, 0.8067, 0.772, 0.8123, 0.8003, 0.7843]
2026-08-19 20:52:15,514 - FINAL_FULL_r200.log - INFO - === Head-Tail Evaluation ===
2026-08-19 20:52:15,514 - FINAL_FULL_r200.log - INFO - Head Accuracy: 0.6427
2026-08-19 20:52:15,514 - FINAL_FULL_r200.log - INFO - Tail Accuracy: 0.7843
2026-08-19 20:52:28,984 - FINAL_FULL_r200.log - INFO - Round 131 S-diagnostic | score_mean 0.6181 | selected_tail_fraction 0.0149 | participation_range 42-60
2026-08-19 20:52:28,984 - FINAL_FULL_r200.log - INFO - Round 131 selected clients: [1, 2, 6, 8, 10, 13, 15, 16]
2026-08-19 20:52:52,091 - FINAL_FULL_r200.log - INFO - Round 131 | Global 0.6865 | Head 0.6374 | Tail 0.8010 | Many 0.5993 | Medium 0.6660 | Few 0.8010 | best_tail 0.8180@116 | rollback=False
2026-08-19 20:52:52,091 - FINAL_FULL_r200.log - INFO - Round 132 S-diagnostic | score_mean 0.5966 | selected_tail_fraction 0.0121 | participation_range 42-60
2026-08-19 20:52:52,091 - FINAL_FULL_r200.log - INFO - Round 132 selected clients: [0, 1, 8, 9, 11, 14, 16, 17]
2026-08-19 20:53:14,562 - FINAL_FULL_r200.log - INFO - Round 132 | Global 0.6931 | Head 0.6646 | Tail 0.7597 | Many 0.6707 | Medium 0.6600 | Few 0.7597 | best_tail 0.8180@116 | rollback=False
2026-08-19 20:53:14,562 - FINAL_FULL_r200.log - INFO - Round 133 S-diagnostic | score_mean 0.7614 | selected_tail_fraction 0.0274 | participation_range 42-61
2026-08-19 20:53:14,562 - FINAL_FULL_r200.log - INFO - Round 133 selected clients: [1, 2, 3, 4, 6, 10, 12, 19]
2026-08-19 20:53:38,132 - FINAL_FULL_r200.log - INFO - Round 133 | Global 0.6888 | Head 0.6426 | Tail 0.7967 | Many 0.6020 | Medium 0.6730 | Few 0.7967 | best_tail 0.8180@116 | rollback=False
2026-08-19 20:53:38,132 - FINAL_FULL_r200.log - INFO - Round 134 S-diagnostic | score_mean 0.6555 | selected_tail_fraction 0.0220 | participation_range 42-62
2026-08-19 20:53:38,132 - FINAL_FULL_r200.log - INFO - Round 134 selected clients: [7, 8, 9, 12, 14, 15, 17, 19]
2026-08-19 20:54:01,318 - FINAL_FULL_r200.log - INFO - Round 134 | Global 0.6915 | Head 0.6449 | Tail 0.8003 | Many 0.6143 | Medium 0.6677 | Few 0.8003 | best_tail 0.8180@116 | rollback=False
2026-08-19 20:54:01,318 - FINAL_FULL_r200.log - INFO - Round 135 S-diagnostic | score_mean 0.8550 | selected_tail_fraction 0.0373 | participation_range 42-63
2026-08-19 20:54:01,318 - FINAL_FULL_r200.log - INFO - Round 135 selected clients: [1, 2, 3, 6, 12, 16, 17, 19]
2026-08-19 20:54:22,922 - FINAL_FULL_r200.log - INFO - Round 135 | Global 0.6733 | Head 0.6091 | Tail 0.8230 | Many 0.5423 | Medium 0.6593 | Few 0.8230 | best_tail 0.8230@135 | rollback=False
2026-08-19 20:54:22,922 - FINAL_FULL_r200.log - INFO - Round 136 S-diagnostic | score_mean 0.7853 | selected_tail_fraction 0.0264 | participation_range 43-64
2026-08-19 20:54:22,922 - FINAL_FULL_r200.log - INFO - Round 136 selected clients: [0, 3, 5, 9, 12, 13, 15, 17]
2026-08-19 20:54:43,650 - FINAL_FULL_r200.log - INFO - Round 136 | Global 0.6791 | Head 0.6529 | Tail 0.7403 | Many 0.6087 | Medium 0.6860 | Few 0.7403 | best_tail 0.8230@135 | rollback=False
2026-08-19 20:54:43,650 - FINAL_FULL_r200.log - INFO - Round 137 S-diagnostic | score_mean 0.7796 | selected_tail_fraction 0.0298 | participation_range 43-65
2026-08-19 20:54:43,650 - FINAL_FULL_r200.log - INFO - Round 137 selected clients: [0, 6, 7, 9, 12, 15, 17, 19]
2026-08-19 20:55:04,411 - FINAL_FULL_r200.log - INFO - Round 137 | Global 0.6836 | Head 0.6317 | Tail 0.8047 | Many 0.5907 | Medium 0.6625 | Few 0.8047 | best_tail 0.8230@135 | rollback=False
2026-08-19 20:55:04,411 - FINAL_FULL_r200.log - INFO - Round 138 S-diagnostic | score_mean 0.7010 | selected_tail_fraction 0.0292 | participation_range 43-65
2026-08-19 20:55:04,411 - FINAL_FULL_r200.log - INFO - Round 138 selected clients: [1, 2, 3, 4, 7, 14, 17, 19]
2026-08-19 20:55:24,861 - FINAL_FULL_r200.log - INFO - Round 138 | Global 0.6718 | Head 0.6099 | Tail 0.8163 | Many 0.5403 | Medium 0.6620 | Few 0.8163 | best_tail 0.8230@135 | rollback=False
2026-08-19 20:55:24,861 - FINAL_FULL_r200.log - INFO - Round 139 S-diagnostic | score_mean 0.5839 | selected_tail_fraction 0.0133 | participation_range 44-66
2026-08-19 20:55:24,861 - FINAL_FULL_r200.log - INFO - Round 139 selected clients: [0, 2, 6, 8, 11, 12, 13, 14]
2026-08-19 20:55:45,089 - FINAL_FULL_r200.log - INFO - Round 139 | Global 0.6912 | Head 0.6560 | Tail 0.7733 | Many 0.6227 | Medium 0.6810 | Few 0.7733 | best_tail 0.8230@135 | rollback=False
2026-08-19 20:55:45,089 - FINAL_FULL_r200.log - INFO - Round 140 S-diagnostic | score_mean 0.6878 | selected_tail_fraction 0.0238 | participation_range 44-67
2026-08-19 20:55:45,089 - FINAL_FULL_r200.log - INFO - Round 140 selected clients: [3, 4, 11, 12, 14, 16, 17, 18]
2026-08-19 20:56:05,591 - FINAL_FULL_r200.log - INFO - Round 140 | Global 0.7004 | Head 0.6616 | Tail 0.7910 | Many 0.6563 | Medium 0.6655 | Few 0.7910 | best_tail 0.8230@135 | rollback=False
2026-08-19 20:56:05,608 - FINAL_FULL_r200.log - INFO - Global Accuracy: [0.145, 0.2345, 0.2531, 0.289, 0.3059, 0.3398, 0.3661, 0.4214, 0.3897, 0.3858, 0.4525, 0.4115, 0.4182, 0.4815, 0.4968, 0.4998, 0.4773, 0.4751, 0.4624, 0.4927, 0.5098, 0.5271, 0.5409, 0.5554, 0.5607, 0.5145, 0.519, 0.5611, 0.5541, 0.5884, 0.566, 0.575, 0.559, 0.5673, 0.5579, 0.592, 0.6044, 0.6154, 0.6002, 0.6193, 0.6182, 0.6063, 0.625, 0.6402, 0.6159, 0.6377, 0.6199, 0.6298, 0.6251, 0.638, 0.6432, 0.6524, 0.6497, 0.6503, 0.6559, 0.6416, 0.6538, 0.6588, 0.6453, 0.6499, 0.6616, 0.6569, 0.6727, 0.6674, 0.6568, 0.6605, 0.6583, 0.6662, 0.6701, 0.6594, 0.6653, 0.6678, 0.6632, 0.6735, 0.672, 0.6652, 0.6653, 0.6591, 0.68, 0.6738, 0.687, 0.6817, 0.6721, 0.6822, 0.6817, 0.6656, 0.6676, 0.6833, 0.6569, 0.669, 0.6858, 0.6842, 0.6848, 0.6806, 0.6818, 0.6855, 0.6907, 0.6772, 0.6805, 0.6698, 0.6895, 0.6801, 0.6824, 0.6865, 0.6891, 0.6806, 0.6871, 0.6844, 0.6788, 0.6828, 0.6796, 0.6869, 0.6906, 0.6987, 0.6873, 0.6754, 0.6817, 0.6806, 0.6905, 0.6924, 0.6783, 0.6988, 0.6944, 0.6824, 0.6889, 0.6752, 0.6903, 0.6887, 0.6903, 0.6852, 0.6865, 0.6931, 0.6888, 0.6915, 0.6733, 0.6791, 0.6836, 0.6718, 0.6912, 0.7004]
2026-08-19 20:56:05,608 - FINAL_FULL_r200.log - INFO - Majority Class Accuracy: [0.4183, 0.6083, 0.6207, 0.743, 0.6793, 0.6467, 0.697, 0.6663, 0.78, 0.784, 0.802, 0.812, 0.7553, 0.7097, 0.6937, 0.7453, 0.789, 0.7937, 0.738, 0.733, 0.767, 0.726, 0.7097, 0.6977, 0.7097, 0.7357, 0.76, 0.7607, 0.7103, 0.7237, 0.7813, 0.7617, 0.764, 0.7127, 0.7697, 0.708, 0.651, 0.666, 0.673, 0.613, 0.6947, 0.5817, 0.6647, 0.69, 0.545, 0.5883, 0.6277, 0.6377, 0.5397, 0.633, 0.6183, 0.6497, 0.688, 0.6897, 0.6643, 0.7527, 0.7367, 0.6913, 0.5817, 0.669, 0.673, 0.6387, 0.735, 0.6813, 0.643, 0.647, 0.6163, 0.647, 0.6813, 0.7227, 0.708, 0.6287, 0.614, 0.6757, 0.6703, 0.658, 0.63, 0.564, 0.6857, 0.6247, 0.6603, 0.641, 0.6017, 0.7003, 0.6307, 0.6687, 0.6203, 0.6343, 0.5917, 0.6237, 0.6513, 0.6507, 0.6707, 0.6203, 0.6623, 0.677, 0.677, 0.602, 0.6263, 0.6027, 0.66, 0.64, 0.6133, 0.622, 0.6557, 0.6043, 0.6283, 0.6373, 0.641, 0.6093, 0.595, 0.6217, 0.6407, 0.7023, 0.6797, 0.5797, 0.573, 0.6123, 0.607, 0.6557, 0.653, 0.6513, 0.6383, 0.6717, 0.6247, 0.574, 0.6473, 0.596, 0.6187, 0.6273, 0.5993, 0.6707, 0.602, 0.6143, 0.5423, 0.6087, 0.5907, 0.5403, 0.6227, 0.6563]
2026-08-19 20:56:05,608 - FINAL_FULL_r200.log - INFO - Medium Class Accuracy: [0.0488, 0.13, 0.1673, 0.1653, 0.2552, 0.344, 0.373, 0.4447, 0.3505, 0.214, 0.3372, 0.3038, 0.3172, 0.4983, 0.5058, 0.4813, 0.3945, 0.454, 0.4655, 0.507, 0.4477, 0.5, 0.537, 0.5647, 0.5282, 0.4955, 0.5145, 0.5377, 0.547, 0.5212, 0.5323, 0.5397, 0.514, 0.5505, 0.5347, 0.5162, 0.579, 0.5727, 0.602, 0.582, 0.578, 0.5753, 0.5893, 0.5915, 0.59, 0.6065, 0.6235, 0.588, 0.6128, 0.6188, 0.6335, 0.62, 0.6058, 0.6388, 0.6382, 0.6255, 0.6098, 0.613, 0.6015, 0.6275, 0.621, 0.6178, 0.6425, 0.6315, 0.6248, 0.6445, 0.6295, 0.6158, 0.6345, 0.619, 0.6092, 0.6502, 0.6335, 0.623, 0.6278, 0.6318, 0.6465, 0.6562, 0.631, 0.6392, 0.6475, 0.6597, 0.67, 0.6607, 0.6518, 0.6138, 0.6623, 0.654, 0.6222, 0.6502, 0.6605, 0.6685, 0.6385, 0.6412, 0.655, 0.6495, 0.6613, 0.6693, 0.6452, 0.6332, 0.6538, 0.6365, 0.6613, 0.6605, 0.657, 0.6462, 0.6515, 0.654, 0.6637, 0.6763, 0.6575, 0.6565, 0.6783, 0.6705, 0.6505, 0.6402, 0.6743, 0.67, 0.675, 0.6653, 0.633, 0.6713, 0.6807, 0.6505, 0.6795, 0.6525, 0.6613, 0.6655, 0.6615, 0.6542, 0.666, 0.66, 0.673, 0.6677, 0.6593, 0.686, 0.6625, 0.662, 0.681, 0.6655]
2026-08-19 20:56:05,608 - FINAL_FULL_r200.log - INFO - Minority Class Accuracy: [0.0, 0.0, 0.0, 0.0, 0.0, 0.0273, 0.026, 0.1453, 0.0517, 0.2167, 0.2567, 0.1547, 0.2157, 0.231, 0.288, 0.279, 0.276, 0.1847, 0.1827, 0.2333, 0.3353, 0.3643, 0.3773, 0.4007, 0.455, 0.3187, 0.284, 0.3927, 0.4073, 0.5427, 0.3957, 0.4353, 0.414, 0.4443, 0.377, 0.577, 0.5917, 0.6217, 0.525, 0.6753, 0.5953, 0.6723, 0.633, 0.6553, 0.7213, 0.7287, 0.6073, 0.6777, 0.727, 0.6687, 0.681, 0.6983, 0.67, 0.6263, 0.671, 0.552, 0.6297, 0.6873, 0.7673, 0.6607, 0.7043, 0.7273, 0.6507, 0.7013, 0.7133, 0.6953, 0.7387, 0.7527, 0.7063, 0.65, 0.6973, 0.7303, 0.752, 0.7387, 0.7327, 0.717, 0.7257, 0.758, 0.7397, 0.769, 0.7663, 0.7517, 0.7453, 0.6927, 0.7727, 0.7317, 0.722, 0.7713, 0.7683, 0.7393, 0.754, 0.7387, 0.7607, 0.7933, 0.737, 0.742, 0.7437, 0.763, 0.7817, 0.7857, 0.7667, 0.7783, 0.7797, 0.7857, 0.7653, 0.8027, 0.7933, 0.772, 0.7367, 0.765, 0.7937, 0.7927, 0.757, 0.7327, 0.744, 0.818, 0.8003, 0.763, 0.7947, 0.7653, 0.764, 0.783, 0.7687, 0.7357, 0.7657, 0.8067, 0.772, 0.8123, 0.8003, 0.7843, 0.801, 0.7597, 0.7967, 0.8003, 0.823, 0.7403, 0.8047, 0.8163, 0.7733, 0.791]
2026-08-19 20:56:05,608 - FINAL_FULL_r200.log - INFO - === Head-Tail Evaluation ===
2026-08-19 20:56:05,608 - FINAL_FULL_r200.log - INFO - Head Accuracy: 0.6616
2026-08-19 20:56:05,608 - FINAL_FULL_r200.log - INFO - Tail Accuracy: 0.7910
2026-08-19 20:56:18,548 - FINAL_FULL_r200.log - INFO - Round 141 S-diagnostic | score_mean 0.7785 | selected_tail_fraction 0.0349 | participation_range 44-67
2026-08-19 20:56:18,548 - FINAL_FULL_r200.log - INFO - Round 141 selected clients: [1, 4, 6, 13, 15, 17, 18, 19]
2026-08-19 20:56:39,495 - FINAL_FULL_r200.log - INFO - Round 141 | Global 0.6833 | Head 0.6310 | Tail 0.8053 | Many 0.5967 | Medium 0.6567 | Few 0.8053 | best_tail 0.8230@135 | rollback=False
2026-08-19 20:56:39,495 - FINAL_FULL_r200.log - INFO - Round 142 S-diagnostic | score_mean 0.7468 | selected_tail_fraction 0.0171 | participation_range 44-67
2026-08-19 20:56:39,495 - FINAL_FULL_r200.log - INFO - Round 142 selected clients: [0, 1, 2, 7, 9, 15, 16, 19]
2026-08-19 20:57:00,038 - FINAL_FULL_r200.log - INFO - Round 142 | Global 0.6810 | Head 0.6256 | Tail 0.8103 | Many 0.5987 | Medium 0.6458 | Few 0.8103 | best_tail 0.8230@135 | rollback=False
2026-08-19 20:57:00,038 - FINAL_FULL_r200.log - INFO - Round 143 S-diagnostic | score_mean 0.7002 | selected_tail_fraction 0.0254 | participation_range 44-67
2026-08-19 20:57:00,038 - FINAL_FULL_r200.log - INFO - Round 143 selected clients: [1, 3, 8, 13, 15, 16, 17, 18]
2026-08-19 20:57:20,683 - FINAL_FULL_r200.log - INFO - Round 143 | Global 0.6881 | Head 0.6411 | Tail 0.7977 | Many 0.6047 | Medium 0.6685 | Few 0.7977 | best_tail 0.8230@135 | rollback=False
2026-08-19 20:57:20,683 - FINAL_FULL_r200.log - INFO - Round 144 S-diagnostic | score_mean 0.6191 | selected_tail_fraction 0.0151 | participation_range 44-68
2026-08-19 20:57:20,683 - FINAL_FULL_r200.log - INFO - Round 144 selected clients: [2, 6, 7, 8, 10, 12, 15, 16]
2026-08-19 20:57:41,324 - FINAL_FULL_r200.log - INFO - Round 144 | Global 0.6815 | Head 0.6431 | Tail 0.7710 | Many 0.6263 | Medium 0.6558 | Few 0.7710 | best_tail 0.8230@135 | rollback=False
2026-08-19 20:57:41,324 - FINAL_FULL_r200.log - INFO - Round 145 S-diagnostic | score_mean 0.7058 | selected_tail_fraction 0.0230 | participation_range 44-69
2026-08-19 20:57:41,324 - FINAL_FULL_r200.log - INFO - Round 145 selected clients: [2, 4, 6, 7, 12, 14, 15, 19]
2026-08-19 20:58:02,306 - FINAL_FULL_r200.log - INFO - Round 145 | Global 0.6854 | Head 0.6423 | Tail 0.7860 | Many 0.6107 | Medium 0.6660 | Few 0.7860 | best_tail 0.8230@135 | rollback=False
2026-08-19 20:58:02,306 - FINAL_FULL_r200.log - INFO - Round 146 S-diagnostic | score_mean 0.5464 | selected_tail_fraction 0.0153 | participation_range 44-69
2026-08-19 20:58:02,306 - FINAL_FULL_r200.log - INFO - Round 146 selected clients: [0, 6, 8, 10, 11, 14, 16, 18]
2026-08-19 20:58:22,285 - FINAL_FULL_r200.log - INFO - Round 146 | Global 0.6863 | Head 0.6360 | Tail 0.8037 | Many 0.6160 | Medium 0.6510 | Few 0.8037 | best_tail 0.8230@135 | rollback=False
2026-08-19 20:58:22,285 - FINAL_FULL_r200.log - INFO - Round 147 S-diagnostic | score_mean 0.5612 | selected_tail_fraction 0.0115 | participation_range 44-69
2026-08-19 20:58:22,285 - FINAL_FULL_r200.log - INFO - Round 147 selected clients: [0, 1, 2, 3, 7, 10, 11, 13]
2026-08-19 20:58:44,483 - FINAL_FULL_r200.log - INFO - Round 147 | Global 0.6890 | Head 0.6511 | Tail 0.7773 | Many 0.6410 | Medium 0.6587 | Few 0.7773 | best_tail 0.8230@135 | rollback=False
2026-08-19 20:58:44,485 - FINAL_FULL_r200.log - INFO - Round 148 S-diagnostic | score_mean 0.7143 | selected_tail_fraction 0.0199 | participation_range 44-69
2026-08-19 20:58:44,485 - FINAL_FULL_r200.log - INFO - Round 148 selected clients: [0, 1, 4, 9, 11, 16, 17, 19]
2026-08-19 20:59:07,765 - FINAL_FULL_r200.log - INFO - Round 148 | Global 0.6868 | Head 0.6517 | Tail 0.7687 | Many 0.6323 | Medium 0.6663 | Few 0.7687 | best_tail 0.8230@135 | rollback=False
2026-08-19 20:59:07,767 - FINAL_FULL_r200.log - INFO - Round 149 S-diagnostic | score_mean 0.7213 | selected_tail_fraction 0.0292 | participation_range 45-69
2026-08-19 20:59:07,767 - FINAL_FULL_r200.log - INFO - Round 149 selected clients: [1, 2, 3, 5, 8, 10, 15, 17]
2026-08-19 20:59:31,387 - FINAL_FULL_r200.log - INFO - Round 149 | Global 0.6802 | Head 0.6317 | Tail 0.7933 | Many 0.5603 | Medium 0.6853 | Few 0.7933 | best_tail 0.8230@135 | rollback=False
2026-08-19 20:59:31,387 - FINAL_FULL_r200.log - INFO - Round 150 S-diagnostic | score_mean 0.6801 | selected_tail_fraction 0.0183 | participation_range 45-70
2026-08-19 20:59:31,387 - FINAL_FULL_r200.log - INFO - Round 150 selected clients: [3, 4, 7, 8, 9, 12, 15, 19]
2026-08-19 20:59:54,810 - FINAL_FULL_r200.log - INFO - Round 150 | Global 0.6841 | Head 0.6387 | Tail 0.7900 | Many 0.6027 | Medium 0.6657 | Few 0.7900 | best_tail 0.8230@135 | rollback=False
2026-08-19 20:59:54,833 - FINAL_FULL_r200.log - INFO - Global Accuracy: [0.145, 0.2345, 0.2531, 0.289, 0.3059, 0.3398, 0.3661, 0.4214, 0.3897, 0.3858, 0.4525, 0.4115, 0.4182, 0.4815, 0.4968, 0.4998, 0.4773, 0.4751, 0.4624, 0.4927, 0.5098, 0.5271, 0.5409, 0.5554, 0.5607, 0.5145, 0.519, 0.5611, 0.5541, 0.5884, 0.566, 0.575, 0.559, 0.5673, 0.5579, 0.592, 0.6044, 0.6154, 0.6002, 0.6193, 0.6182, 0.6063, 0.625, 0.6402, 0.6159, 0.6377, 0.6199, 0.6298, 0.6251, 0.638, 0.6432, 0.6524, 0.6497, 0.6503, 0.6559, 0.6416, 0.6538, 0.6588, 0.6453, 0.6499, 0.6616, 0.6569, 0.6727, 0.6674, 0.6568, 0.6605, 0.6583, 0.6662, 0.6701, 0.6594, 0.6653, 0.6678, 0.6632, 0.6735, 0.672, 0.6652, 0.6653, 0.6591, 0.68, 0.6738, 0.687, 0.6817, 0.6721, 0.6822, 0.6817, 0.6656, 0.6676, 0.6833, 0.6569, 0.669, 0.6858, 0.6842, 0.6848, 0.6806, 0.6818, 0.6855, 0.6907, 0.6772, 0.6805, 0.6698, 0.6895, 0.6801, 0.6824, 0.6865, 0.6891, 0.6806, 0.6871, 0.6844, 0.6788, 0.6828, 0.6796, 0.6869, 0.6906, 0.6987, 0.6873, 0.6754, 0.6817, 0.6806, 0.6905, 0.6924, 0.6783, 0.6988, 0.6944, 0.6824, 0.6889, 0.6752, 0.6903, 0.6887, 0.6903, 0.6852, 0.6865, 0.6931, 0.6888, 0.6915, 0.6733, 0.6791, 0.6836, 0.6718, 0.6912, 0.7004, 0.6833, 0.681, 0.6881, 0.6815, 0.6854, 0.6863, 0.689, 0.6868, 0.6802, 0.6841]
2026-08-19 20:59:54,833 - FINAL_FULL_r200.log - INFO - Majority Class Accuracy: [0.4183, 0.6083, 0.6207, 0.743, 0.6793, 0.6467, 0.697, 0.6663, 0.78, 0.784, 0.802, 0.812, 0.7553, 0.7097, 0.6937, 0.7453, 0.789, 0.7937, 0.738, 0.733, 0.767, 0.726, 0.7097, 0.6977, 0.7097, 0.7357, 0.76, 0.7607, 0.7103, 0.7237, 0.7813, 0.7617, 0.764, 0.7127, 0.7697, 0.708, 0.651, 0.666, 0.673, 0.613, 0.6947, 0.5817, 0.6647, 0.69, 0.545, 0.5883, 0.6277, 0.6377, 0.5397, 0.633, 0.6183, 0.6497, 0.688, 0.6897, 0.6643, 0.7527, 0.7367, 0.6913, 0.5817, 0.669, 0.673, 0.6387, 0.735, 0.6813, 0.643, 0.647, 0.6163, 0.647, 0.6813, 0.7227, 0.708, 0.6287, 0.614, 0.6757, 0.6703, 0.658, 0.63, 0.564, 0.6857, 0.6247, 0.6603, 0.641, 0.6017, 0.7003, 0.6307, 0.6687, 0.6203, 0.6343, 0.5917, 0.6237, 0.6513, 0.6507, 0.6707, 0.6203, 0.6623, 0.677, 0.677, 0.602, 0.6263, 0.6027, 0.66, 0.64, 0.6133, 0.622, 0.6557, 0.6043, 0.6283, 0.6373, 0.641, 0.6093, 0.595, 0.6217, 0.6407, 0.7023, 0.6797, 0.5797, 0.573, 0.6123, 0.607, 0.6557, 0.653, 0.6513, 0.6383, 0.6717, 0.6247, 0.574, 0.6473, 0.596, 0.6187, 0.6273, 0.5993, 0.6707, 0.602, 0.6143, 0.5423, 0.6087, 0.5907, 0.5403, 0.6227, 0.6563, 0.5967, 0.5987, 0.6047, 0.6263, 0.6107, 0.616, 0.641, 0.6323, 0.5603, 0.6027]
2026-08-19 20:59:54,833 - FINAL_FULL_r200.log - INFO - Medium Class Accuracy: [0.0488, 0.13, 0.1673, 0.1653, 0.2552, 0.344, 0.373, 0.4447, 0.3505, 0.214, 0.3372, 0.3038, 0.3172, 0.4983, 0.5058, 0.4813, 0.3945, 0.454, 0.4655, 0.507, 0.4477, 0.5, 0.537, 0.5647, 0.5282, 0.4955, 0.5145, 0.5377, 0.547, 0.5212, 0.5323, 0.5397, 0.514, 0.5505, 0.5347, 0.5162, 0.579, 0.5727, 0.602, 0.582, 0.578, 0.5753, 0.5893, 0.5915, 0.59, 0.6065, 0.6235, 0.588, 0.6128, 0.6188, 0.6335, 0.62, 0.6058, 0.6388, 0.6382, 0.6255, 0.6098, 0.613, 0.6015, 0.6275, 0.621, 0.6178, 0.6425, 0.6315, 0.6248, 0.6445, 0.6295, 0.6158, 0.6345, 0.619, 0.6092, 0.6502, 0.6335, 0.623, 0.6278, 0.6318, 0.6465, 0.6562, 0.631, 0.6392, 0.6475, 0.6597, 0.67, 0.6607, 0.6518, 0.6138, 0.6623, 0.654, 0.6222, 0.6502, 0.6605, 0.6685, 0.6385, 0.6412, 0.655, 0.6495, 0.6613, 0.6693, 0.6452, 0.6332, 0.6538, 0.6365, 0.6613, 0.6605, 0.657, 0.6462, 0.6515, 0.654, 0.6637, 0.6763, 0.6575, 0.6565, 0.6783, 0.6705, 0.6505, 0.6402, 0.6743, 0.67, 0.675, 0.6653, 0.633, 0.6713, 0.6807, 0.6505, 0.6795, 0.6525, 0.6613, 0.6655, 0.6615, 0.6542, 0.666, 0.66, 0.673, 0.6677, 0.6593, 0.686, 0.6625, 0.662, 0.681, 0.6655, 0.6567, 0.6458, 0.6685, 0.6558, 0.666, 0.651, 0.6587, 0.6663, 0.6853, 0.6657]
2026-08-19 20:59:54,835 - FINAL_FULL_r200.log - INFO - Minority Class Accuracy: [0.0, 0.0, 0.0, 0.0, 0.0, 0.0273, 0.026, 0.1453, 0.0517, 0.2167, 0.2567, 0.1547, 0.2157, 0.231, 0.288, 0.279, 0.276, 0.1847, 0.1827, 0.2333, 0.3353, 0.3643, 0.3773, 0.4007, 0.455, 0.3187, 0.284, 0.3927, 0.4073, 0.5427, 0.3957, 0.4353, 0.414, 0.4443, 0.377, 0.577, 0.5917, 0.6217, 0.525, 0.6753, 0.5953, 0.6723, 0.633, 0.6553, 0.7213, 0.7287, 0.6073, 0.6777, 0.727, 0.6687, 0.681, 0.6983, 0.67, 0.6263, 0.671, 0.552, 0.6297, 0.6873, 0.7673, 0.6607, 0.7043, 0.7273, 0.6507, 0.7013, 0.7133, 0.6953, 0.7387, 0.7527, 0.7063, 0.65, 0.6973, 0.7303, 0.752, 0.7387, 0.7327, 0.717, 0.7257, 0.758, 0.7397, 0.769, 0.7663, 0.7517, 0.7453, 0.6927, 0.7727, 0.7317, 0.722, 0.7713, 0.7683, 0.7393, 0.754, 0.7387, 0.7607, 0.7933, 0.737, 0.742, 0.7437, 0.763, 0.7817, 0.7857, 0.7667, 0.7783, 0.7797, 0.7857, 0.7653, 0.8027, 0.7933, 0.772, 0.7367, 0.765, 0.7937, 0.7927, 0.757, 0.7327, 0.744, 0.818, 0.8003, 0.763, 0.7947, 0.7653, 0.764, 0.783, 0.7687, 0.7357, 0.7657, 0.8067, 0.772, 0.8123, 0.8003, 0.7843, 0.801, 0.7597, 0.7967, 0.8003, 0.823, 0.7403, 0.8047, 0.8163, 0.7733, 0.791, 0.8053, 0.8103, 0.7977, 0.771, 0.786, 0.8037, 0.7773, 0.7687, 0.7933, 0.79]
2026-08-19 20:59:54,835 - FINAL_FULL_r200.log - INFO - === Head-Tail Evaluation ===
2026-08-19 20:59:54,835 - FINAL_FULL_r200.log - INFO - Head Accuracy: 0.6387
2026-08-19 20:59:54,835 - FINAL_FULL_r200.log - INFO - Tail Accuracy: 0.7900
2026-08-19 21:00:08,157 - FINAL_FULL_r200.log - INFO - Round 151 S-diagnostic | score_mean 0.7862 | selected_tail_fraction 0.0298 | participation_range 45-71
2026-08-19 21:00:08,157 - FINAL_FULL_r200.log - INFO - Round 151 selected clients: [6, 9, 12, 13, 15, 16, 17, 19]
2026-08-19 21:00:31,688 - FINAL_FULL_r200.log - INFO - Round 151 | Global 0.6620 | Head 0.5956 | Tail 0.8170 | Many 0.5157 | Medium 0.6555 | Few 0.8170 | best_tail 0.8230@135 | rollback=False
2026-08-19 21:00:31,697 - FINAL_FULL_r200.log - INFO - Round 152 S-diagnostic | score_mean 0.8033 | selected_tail_fraction 0.0371 | participation_range 46-72
2026-08-19 21:00:31,697 - FINAL_FULL_r200.log - INFO - Round 152 selected clients: [0, 2, 5, 6, 10, 12, 17, 19]
2026-08-19 21:00:55,026 - FINAL_FULL_r200.log - INFO - Round 152 | Global 0.6650 | Head 0.6001 | Tail 0.8163 | Many 0.5060 | Medium 0.6707 | Few 0.8163 | best_tail 0.8230@135 | rollback=False
2026-08-19 21:00:55,035 - FINAL_FULL_r200.log - INFO - Round 153 S-diagnostic | score_mean 0.7228 | selected_tail_fraction 0.0234 | participation_range 46-73
2026-08-19 21:00:55,035 - FINAL_FULL_r200.log - INFO - Round 153 selected clients: [2, 3, 12, 13, 14, 15, 16, 17]
2026-08-19 21:01:18,213 - FINAL_FULL_r200.log - INFO - Round 153 | Global 0.6817 | Head 0.6293 | Tail 0.8040 | Many 0.5857 | Medium 0.6620 | Few 0.8040 | best_tail 0.8230@135 | rollback=False
2026-08-19 21:01:18,213 - FINAL_FULL_r200.log - INFO - Round 154 S-diagnostic | score_mean 0.7031 | selected_tail_fraction 0.0256 | participation_range 46-73
2026-08-19 21:01:18,213 - FINAL_FULL_r200.log - INFO - Round 154 selected clients: [0, 1, 4, 6, 8, 16, 17, 19]
2026-08-19 21:01:41,126 - FINAL_FULL_r200.log - INFO - Round 154 | Global 0.6849 | Head 0.6354 | Tail 0.8003 | Many 0.5957 | Medium 0.6653 | Few 0.8003 | best_tail 0.8230@135 | rollback=False
2026-08-19 21:01:41,126 - FINAL_FULL_r200.log - INFO - Round 155 S-diagnostic | score_mean 0.7267 | selected_tail_fraction 0.0232 | participation_range 47-74
2026-08-19 21:01:41,126 - FINAL_FULL_r200.log - INFO - Round 155 selected clients: [2, 5, 12, 13, 14, 15, 16, 17]
2026-08-19 21:02:04,286 - FINAL_FULL_r200.log - INFO - Round 155 | Global 0.6802 | Head 0.6269 | Tail 0.8047 | Many 0.5773 | Medium 0.6640 | Few 0.8047 | best_tail 0.8230@135 | rollback=False
2026-08-19 21:02:04,286 - FINAL_FULL_r200.log - INFO - Round 156 S-diagnostic | score_mean 0.6529 | selected_tail_fraction 0.0105 | participation_range 47-75
2026-08-19 21:02:04,286 - FINAL_FULL_r200.log - INFO - Round 156 selected clients: [1, 3, 4, 7, 8, 9, 12, 15]
2026-08-19 21:02:27,950 - FINAL_FULL_r200.log - INFO - Round 156 | Global 0.6860 | Head 0.6411 | Tail 0.7907 | Many 0.6220 | Medium 0.6555 | Few 0.7907 | best_tail 0.8230@135 | rollback=False
2026-08-19 21:02:27,954 - FINAL_FULL_r200.log - INFO - Round 157 S-diagnostic | score_mean 0.7619 | selected_tail_fraction 0.0256 | participation_range 47-75
2026-08-19 21:02:27,954 - FINAL_FULL_r200.log - INFO - Round 157 selected clients: [1, 3, 4, 6, 9, 13, 15, 18]
2026-08-19 21:02:51,715 - FINAL_FULL_r200.log - INFO - Round 157 | Global 0.6904 | Head 0.6424 | Tail 0.8023 | Many 0.6237 | Medium 0.6565 | Few 0.8023 | best_tail 0.8230@135 | rollback=False
2026-08-19 21:02:51,715 - FINAL_FULL_r200.log - INFO - Round 158 S-diagnostic | score_mean 0.7046 | selected_tail_fraction 0.0248 | participation_range 47-75
2026-08-19 21:02:51,725 - FINAL_FULL_r200.log - INFO - Round 158 selected clients: [2, 4, 9, 13, 14, 16, 17, 18]
2026-08-19 21:03:13,143 - FINAL_FULL_r200.log - INFO - Round 158 | Global 0.6872 | Head 0.6409 | Tail 0.7953 | Many 0.6077 | Medium 0.6657 | Few 0.7953 | best_tail 0.8230@135 | rollback=False
2026-08-19 21:03:13,143 - FINAL_FULL_r200.log - INFO - Round 159 S-diagnostic | score_mean 0.7371 | selected_tail_fraction 0.0171 | participation_range 47-75
2026-08-19 21:03:13,143 - FINAL_FULL_r200.log - INFO - Round 159 selected clients: [0, 1, 2, 6, 7, 9, 15, 16]
2026-08-19 21:03:34,862 - FINAL_FULL_r200.log - INFO - Round 159 | Global 0.6826 | Head 0.6270 | Tail 0.8123 | Many 0.5803 | Medium 0.6620 | Few 0.8123 | best_tail 0.8230@135 | rollback=False
2026-08-19 21:03:34,862 - FINAL_FULL_r200.log - INFO - Round 160 S-diagnostic | score_mean 0.6995 | selected_tail_fraction 0.0274 | participation_range 47-75
2026-08-19 21:03:34,862 - FINAL_FULL_r200.log - INFO - Round 160 selected clients: [0, 4, 6, 9, 11, 13, 17, 18]
2026-08-19 21:03:56,359 - FINAL_FULL_r200.log - INFO - Round 160 | Global 0.6796 | Head 0.6377 | Tail 0.7773 | Many 0.5880 | Medium 0.6750 | Few 0.7773 | best_tail 0.8230@135 | rollback=False
2026-08-19 21:03:56,382 - FINAL_FULL_r200.log - INFO - Global Accuracy: [0.145, 0.2345, 0.2531, 0.289, 0.3059, 0.3398, 0.3661, 0.4214, 0.3897, 0.3858, 0.4525, 0.4115, 0.4182, 0.4815, 0.4968, 0.4998, 0.4773, 0.4751, 0.4624, 0.4927, 0.5098, 0.5271, 0.5409, 0.5554, 0.5607, 0.5145, 0.519, 0.5611, 0.5541, 0.5884, 0.566, 0.575, 0.559, 0.5673, 0.5579, 0.592, 0.6044, 0.6154, 0.6002, 0.6193, 0.6182, 0.6063, 0.625, 0.6402, 0.6159, 0.6377, 0.6199, 0.6298, 0.6251, 0.638, 0.6432, 0.6524, 0.6497, 0.6503, 0.6559, 0.6416, 0.6538, 0.6588, 0.6453, 0.6499, 0.6616, 0.6569, 0.6727, 0.6674, 0.6568, 0.6605, 0.6583, 0.6662, 0.6701, 0.6594, 0.6653, 0.6678, 0.6632, 0.6735, 0.672, 0.6652, 0.6653, 0.6591, 0.68, 0.6738, 0.687, 0.6817, 0.6721, 0.6822, 0.6817, 0.6656, 0.6676, 0.6833, 0.6569, 0.669, 0.6858, 0.6842, 0.6848, 0.6806, 0.6818, 0.6855, 0.6907, 0.6772, 0.6805, 0.6698, 0.6895, 0.6801, 0.6824, 0.6865, 0.6891, 0.6806, 0.6871, 0.6844, 0.6788, 0.6828, 0.6796, 0.6869, 0.6906, 0.6987, 0.6873, 0.6754, 0.6817, 0.6806, 0.6905, 0.6924, 0.6783, 0.6988, 0.6944, 0.6824, 0.6889, 0.6752, 0.6903, 0.6887, 0.6903, 0.6852, 0.6865, 0.6931, 0.6888, 0.6915, 0.6733, 0.6791, 0.6836, 0.6718, 0.6912, 0.7004, 0.6833, 0.681, 0.6881, 0.6815, 0.6854, 0.6863, 0.689, 0.6868, 0.6802, 0.6841, 0.662, 0.665, 0.6817, 0.6849, 0.6802, 0.686, 0.6904, 0.6872, 0.6826, 0.6796]
2026-08-19 21:03:56,382 - FINAL_FULL_r200.log - INFO - Majority Class Accuracy: [0.4183, 0.6083, 0.6207, 0.743, 0.6793, 0.6467, 0.697, 0.6663, 0.78, 0.784, 0.802, 0.812, 0.7553, 0.7097, 0.6937, 0.7453, 0.789, 0.7937, 0.738, 0.733, 0.767, 0.726, 0.7097, 0.6977, 0.7097, 0.7357, 0.76, 0.7607, 0.7103, 0.7237, 0.7813, 0.7617, 0.764, 0.7127, 0.7697, 0.708, 0.651, 0.666, 0.673, 0.613, 0.6947, 0.5817, 0.6647, 0.69, 0.545, 0.5883, 0.6277, 0.6377, 0.5397, 0.633, 0.6183, 0.6497, 0.688, 0.6897, 0.6643, 0.7527, 0.7367, 0.6913, 0.5817, 0.669, 0.673, 0.6387, 0.735, 0.6813, 0.643, 0.647, 0.6163, 0.647, 0.6813, 0.7227, 0.708, 0.6287, 0.614, 0.6757, 0.6703, 0.658, 0.63, 0.564, 0.6857, 0.6247, 0.6603, 0.641, 0.6017, 0.7003, 0.6307, 0.6687, 0.6203, 0.6343, 0.5917, 0.6237, 0.6513, 0.6507, 0.6707, 0.6203, 0.6623, 0.677, 0.677, 0.602, 0.6263, 0.6027, 0.66, 0.64, 0.6133, 0.622, 0.6557, 0.6043, 0.6283, 0.6373, 0.641, 0.6093, 0.595, 0.6217, 0.6407, 0.7023, 0.6797, 0.5797, 0.573, 0.6123, 0.607, 0.6557, 0.653, 0.6513, 0.6383, 0.6717, 0.6247, 0.574, 0.6473, 0.596, 0.6187, 0.6273, 0.5993, 0.6707, 0.602, 0.6143, 0.5423, 0.6087, 0.5907, 0.5403, 0.6227, 0.6563, 0.5967, 0.5987, 0.6047, 0.6263, 0.6107, 0.616, 0.641, 0.6323, 0.5603, 0.6027, 0.5157, 0.506, 0.5857, 0.5957, 0.5773, 0.622, 0.6237, 0.6077, 0.5803, 0.588]
2026-08-19 21:03:56,382 - FINAL_FULL_r200.log - INFO - Medium Class Accuracy: [0.0488, 0.13, 0.1673, 0.1653, 0.2552, 0.344, 0.373, 0.4447, 0.3505, 0.214, 0.3372, 0.3038, 0.3172, 0.4983, 0.5058, 0.4813, 0.3945, 0.454, 0.4655, 0.507, 0.4477, 0.5, 0.537, 0.5647, 0.5282, 0.4955, 0.5145, 0.5377, 0.547, 0.5212, 0.5323, 0.5397, 0.514, 0.5505, 0.5347, 0.5162, 0.579, 0.5727, 0.602, 0.582, 0.578, 0.5753, 0.5893, 0.5915, 0.59, 0.6065, 0.6235, 0.588, 0.6128, 0.6188, 0.6335, 0.62, 0.6058, 0.6388, 0.6382, 0.6255, 0.6098, 0.613, 0.6015, 0.6275, 0.621, 0.6178, 0.6425, 0.6315, 0.6248, 0.6445, 0.6295, 0.6158, 0.6345, 0.619, 0.6092, 0.6502, 0.6335, 0.623, 0.6278, 0.6318, 0.6465, 0.6562, 0.631, 0.6392, 0.6475, 0.6597, 0.67, 0.6607, 0.6518, 0.6138, 0.6623, 0.654, 0.6222, 0.6502, 0.6605, 0.6685, 0.6385, 0.6412, 0.655, 0.6495, 0.6613, 0.6693, 0.6452, 0.6332, 0.6538, 0.6365, 0.6613, 0.6605, 0.657, 0.6462, 0.6515, 0.654, 0.6637, 0.6763, 0.6575, 0.6565, 0.6783, 0.6705, 0.6505, 0.6402, 0.6743, 0.67, 0.675, 0.6653, 0.633, 0.6713, 0.6807, 0.6505, 0.6795, 0.6525, 0.6613, 0.6655, 0.6615, 0.6542, 0.666, 0.66, 0.673, 0.6677, 0.6593, 0.686, 0.6625, 0.662, 0.681, 0.6655, 0.6567, 0.6458, 0.6685, 0.6558, 0.666, 0.651, 0.6587, 0.6663, 0.6853, 0.6657, 0.6555, 0.6707, 0.662, 0.6653, 0.664, 0.6555, 0.6565, 0.6657, 0.662, 0.675]
2026-08-19 21:03:56,382 - FINAL_FULL_r200.log - INFO - Minority Class Accuracy: [0.0, 0.0, 0.0, 0.0, 0.0, 0.0273, 0.026, 0.1453, 0.0517, 0.2167, 0.2567, 0.1547, 0.2157, 0.231, 0.288, 0.279, 0.276, 0.1847, 0.1827, 0.2333, 0.3353, 0.3643, 0.3773, 0.4007, 0.455, 0.3187, 0.284, 0.3927, 0.4073, 0.5427, 0.3957, 0.4353, 0.414, 0.4443, 0.377, 0.577, 0.5917, 0.6217, 0.525, 0.6753, 0.5953, 0.6723, 0.633, 0.6553, 0.7213, 0.7287, 0.6073, 0.6777, 0.727, 0.6687, 0.681, 0.6983, 0.67, 0.6263, 0.671, 0.552, 0.6297, 0.6873, 0.7673, 0.6607, 0.7043, 0.7273, 0.6507, 0.7013, 0.7133, 0.6953, 0.7387, 0.7527, 0.7063, 0.65, 0.6973, 0.7303, 0.752, 0.7387, 0.7327, 0.717, 0.7257, 0.758, 0.7397, 0.769, 0.7663, 0.7517, 0.7453, 0.6927, 0.7727, 0.7317, 0.722, 0.7713, 0.7683, 0.7393, 0.754, 0.7387, 0.7607, 0.7933, 0.737, 0.742, 0.7437, 0.763, 0.7817, 0.7857, 0.7667, 0.7783, 0.7797, 0.7857, 0.7653, 0.8027, 0.7933, 0.772, 0.7367, 0.765, 0.7937, 0.7927, 0.757, 0.7327, 0.744, 0.818, 0.8003, 0.763, 0.7947, 0.7653, 0.764, 0.783, 0.7687, 0.7357, 0.7657, 0.8067, 0.772, 0.8123, 0.8003, 0.7843, 0.801, 0.7597, 0.7967, 0.8003, 0.823, 0.7403, 0.8047, 0.8163, 0.7733, 0.791, 0.8053, 0.8103, 0.7977, 0.771, 0.786, 0.8037, 0.7773, 0.7687, 0.7933, 0.79, 0.817, 0.8163, 0.804, 0.8003, 0.8047, 0.7907, 0.8023, 0.7953, 0.8123, 0.7773]
2026-08-19 21:03:56,383 - FINAL_FULL_r200.log - INFO - === Head-Tail Evaluation ===
2026-08-19 21:03:56,383 - FINAL_FULL_r200.log - INFO - Head Accuracy: 0.6377
2026-08-19 21:03:56,383 - FINAL_FULL_r200.log - INFO - Tail Accuracy: 0.7773
2026-08-19 21:04:11,142 - FINAL_FULL_r200.log - INFO - Round 161 S-diagnostic | score_mean 0.6549 | selected_tail_fraction 0.0171 | participation_range 47-75
2026-08-19 21:04:11,142 - FINAL_FULL_r200.log - INFO - Round 161 selected clients: [1, 2, 7, 9, 10, 13, 15, 19]
2026-08-19 21:04:33,163 - FINAL_FULL_r200.log - INFO - Round 161 | Global 0.6640 | Head 0.6109 | Tail 0.7880 | Many 0.5400 | Medium 0.6640 | Few 0.7880 | best_tail 0.8230@135 | rollback=False
2026-08-19 21:04:33,163 - FINAL_FULL_r200.log - INFO - Round 162 S-diagnostic | score_mean 0.7227 | selected_tail_fraction 0.0292 | participation_range 47-75
2026-08-19 21:04:33,163 - FINAL_FULL_r200.log - INFO - Round 162 selected clients: [7, 9, 14, 15, 16, 17, 18, 19]
2026-08-19 21:04:55,114 - FINAL_FULL_r200.log - INFO - Round 162 | Global 0.6820 | Head 0.6244 | Tail 0.8163 | Many 0.5780 | Medium 0.6593 | Few 0.8163 | best_tail 0.8230@135 | rollback=False
2026-08-19 21:04:55,116 - FINAL_FULL_r200.log - INFO - Round 163 S-diagnostic | score_mean 0.5366 | selected_tail_fraction 0.0018 | participation_range 47-75
2026-08-19 21:04:55,116 - FINAL_FULL_r200.log - INFO - Round 163 selected clients: [0, 1, 4, 7, 8, 14, 15, 16]
2026-08-19 21:05:15,743 - FINAL_FULL_r200.log - INFO - Round 163 | Global 0.6890 | Head 0.6566 | Tail 0.7647 | Many 0.6550 | Medium 0.6577 | Few 0.7647 | best_tail 0.8230@135 | rollback=False
2026-08-19 21:05:15,743 - FINAL_FULL_r200.log - INFO - Round 164 S-diagnostic | score_mean 0.7266 | selected_tail_fraction 0.0310 | participation_range 47-76
2026-08-19 21:05:15,743 - FINAL_FULL_r200.log - INFO - Round 164 selected clients: [2, 4, 6, 12, 13, 14, 17, 19]
2026-08-19 21:05:36,283 - FINAL_FULL_r200.log - INFO - Round 164 | Global 0.6807 | Head 0.6306 | Tail 0.7977 | Many 0.5907 | Medium 0.6605 | Few 0.7977 | best_tail 0.8230@135 | rollback=False
2026-08-19 21:05:36,283 - FINAL_FULL_r200.log - INFO - Round 165 S-diagnostic | score_mean 0.6873 | selected_tail_fraction 0.0193 | participation_range 47-76
2026-08-19 21:05:36,283 - FINAL_FULL_r200.log - INFO - Round 165 selected clients: [0, 4, 9, 10, 13, 15, 18, 19]
2026-08-19 21:05:56,698 - FINAL_FULL_r200.log - INFO - Round 165 | Global 0.6766 | Head 0.6270 | Tail 0.7923 | Many 0.5683 | Medium 0.6710 | Few 0.7923 | best_tail 0.8230@135 | rollback=False
2026-08-19 21:05:56,698 - FINAL_FULL_r200.log - INFO - Round 166 S-diagnostic | score_mean 0.6431 | selected_tail_fraction 0.0147 | participation_range 48-77
2026-08-19 21:05:56,698 - FINAL_FULL_r200.log - INFO - Round 166 selected clients: [1, 3, 5, 7, 9, 11, 12, 14]
2026-08-19 21:06:17,184 - FINAL_FULL_r200.log - INFO - Round 166 | Global 0.6982 | Head 0.6520 | Tail 0.8060 | Many 0.6307 | Medium 0.6680 | Few 0.8060 | best_tail 0.8230@135 | rollback=False
2026-08-19 21:06:17,184 - FINAL_FULL_r200.log - INFO - Round 167 S-diagnostic | score_mean 0.5904 | selected_tail_fraction 0.0230 | participation_range 48-77
2026-08-19 21:06:17,184 - FINAL_FULL_r200.log - INFO - Round 167 selected clients: [0, 2, 8, 10, 11, 14, 17, 19]
2026-08-19 21:06:37,268 - FINAL_FULL_r200.log - INFO - Round 167 | Global 0.6861 | Head 0.6311 | Tail 0.8143 | Many 0.5750 | Medium 0.6733 | Few 0.8143 | best_tail 0.8230@135 | rollback=False
2026-08-19 21:06:37,268 - FINAL_FULL_r200.log - INFO - Round 168 S-diagnostic | score_mean 0.7403 | selected_tail_fraction 0.0312 | participation_range 49-77
2026-08-19 21:06:37,268 - FINAL_FULL_r200.log - INFO - Round 168 selected clients: [0, 1, 4, 5, 6, 8, 17, 18]
2026-08-19 21:06:58,072 - FINAL_FULL_r200.log - INFO - Round 168 | Global 0.6718 | Head 0.6229 | Tail 0.7860 | Many 0.5490 | Medium 0.6783 | Few 0.7860 | best_tail 0.8230@135 | rollback=False
2026-08-19 21:06:58,072 - FINAL_FULL_r200.log - INFO - Round 169 S-diagnostic | score_mean 0.5403 | selected_tail_fraction 0.0177 | participation_range 49-77
2026-08-19 21:06:58,072 - FINAL_FULL_r200.log - INFO - Round 169 selected clients: [0, 6, 7, 10, 11, 13, 16, 17]
2026-08-19 21:07:18,920 - FINAL_FULL_r200.log - INFO - Round 169 | Global 0.6930 | Head 0.6484 | Tail 0.7970 | Many 0.6333 | Medium 0.6597 | Few 0.7970 | best_tail 0.8230@135 | rollback=False
2026-08-19 21:07:18,931 - FINAL_FULL_r200.log - INFO - Round 170 S-diagnostic | score_mean 0.5801 | selected_tail_fraction 0.0141 | participation_range 49-77
2026-08-19 21:07:18,931 - FINAL_FULL_r200.log - INFO - Round 170 selected clients: [0, 1, 3, 7, 8, 10, 16, 19]
2026-08-19 21:07:41,725 - FINAL_FULL_r200.log - INFO - Round 170 | Global 0.6801 | Head 0.6180 | Tail 0.8250 | Many 0.5900 | Medium 0.6390 | Few 0.8250 | best_tail 0.8250@170 | rollback=False
2026-08-19 21:07:41,742 - FINAL_FULL_r200.log - INFO - Global Accuracy: [0.145, 0.2345, 0.2531, 0.289, 0.3059, 0.3398, 0.3661, 0.4214, 0.3897, 0.3858, 0.4525, 0.4115, 0.4182, 0.4815, 0.4968, 0.4998, 0.4773, 0.4751, 0.4624, 0.4927, 0.5098, 0.5271, 0.5409, 0.5554, 0.5607, 0.5145, 0.519, 0.5611, 0.5541, 0.5884, 0.566, 0.575, 0.559, 0.5673, 0.5579, 0.592, 0.6044, 0.6154, 0.6002, 0.6193, 0.6182, 0.6063, 0.625, 0.6402, 0.6159, 0.6377, 0.6199, 0.6298, 0.6251, 0.638, 0.6432, 0.6524, 0.6497, 0.6503, 0.6559, 0.6416, 0.6538, 0.6588, 0.6453, 0.6499, 0.6616, 0.6569, 0.6727, 0.6674, 0.6568, 0.6605, 0.6583, 0.6662, 0.6701, 0.6594, 0.6653, 0.6678, 0.6632, 0.6735, 0.672, 0.6652, 0.6653, 0.6591, 0.68, 0.6738, 0.687, 0.6817, 0.6721, 0.6822, 0.6817, 0.6656, 0.6676, 0.6833, 0.6569, 0.669, 0.6858, 0.6842, 0.6848, 0.6806, 0.6818, 0.6855, 0.6907, 0.6772, 0.6805, 0.6698, 0.6895, 0.6801, 0.6824, 0.6865, 0.6891, 0.6806, 0.6871, 0.6844, 0.6788, 0.6828, 0.6796, 0.6869, 0.6906, 0.6987, 0.6873, 0.6754, 0.6817, 0.6806, 0.6905, 0.6924, 0.6783, 0.6988, 0.6944, 0.6824, 0.6889, 0.6752, 0.6903, 0.6887, 0.6903, 0.6852, 0.6865, 0.6931, 0.6888, 0.6915, 0.6733, 0.6791, 0.6836, 0.6718, 0.6912, 0.7004, 0.6833, 0.681, 0.6881, 0.6815, 0.6854, 0.6863, 0.689, 0.6868, 0.6802, 0.6841, 0.662, 0.665, 0.6817, 0.6849, 0.6802, 0.686, 0.6904, 0.6872, 0.6826, 0.6796, 0.664, 0.682, 0.689, 0.6807, 0.6766, 0.6982, 0.6861, 0.6718, 0.693, 0.6801]
2026-08-19 21:07:41,742 - FINAL_FULL_r200.log - INFO - Majority Class Accuracy: [0.4183, 0.6083, 0.6207, 0.743, 0.6793, 0.6467, 0.697, 0.6663, 0.78, 0.784, 0.802, 0.812, 0.7553, 0.7097, 0.6937, 0.7453, 0.789, 0.7937, 0.738, 0.733, 0.767, 0.726, 0.7097, 0.6977, 0.7097, 0.7357, 0.76, 0.7607, 0.7103, 0.7237, 0.7813, 0.7617, 0.764, 0.7127, 0.7697, 0.708, 0.651, 0.666, 0.673, 0.613, 0.6947, 0.5817, 0.6647, 0.69, 0.545, 0.5883, 0.6277, 0.6377, 0.5397, 0.633, 0.6183, 0.6497, 0.688, 0.6897, 0.6643, 0.7527, 0.7367, 0.6913, 0.5817, 0.669, 0.673, 0.6387, 0.735, 0.6813, 0.643, 0.647, 0.6163, 0.647, 0.6813, 0.7227, 0.708, 0.6287, 0.614, 0.6757, 0.6703, 0.658, 0.63, 0.564, 0.6857, 0.6247, 0.6603, 0.641, 0.6017, 0.7003, 0.6307, 0.6687, 0.6203, 0.6343, 0.5917, 0.6237, 0.6513, 0.6507, 0.6707, 0.6203, 0.6623, 0.677, 0.677, 0.602, 0.6263, 0.6027, 0.66, 0.64, 0.6133, 0.622, 0.6557, 0.6043, 0.6283, 0.6373, 0.641, 0.6093, 0.595, 0.6217, 0.6407, 0.7023, 0.6797, 0.5797, 0.573, 0.6123, 0.607, 0.6557, 0.653, 0.6513, 0.6383, 0.6717, 0.6247, 0.574, 0.6473, 0.596, 0.6187, 0.6273, 0.5993, 0.6707, 0.602, 0.6143, 0.5423, 0.6087, 0.5907, 0.5403, 0.6227, 0.6563, 0.5967, 0.5987, 0.6047, 0.6263, 0.6107, 0.616, 0.641, 0.6323, 0.5603, 0.6027, 0.5157, 0.506, 0.5857, 0.5957, 0.5773, 0.622, 0.6237, 0.6077, 0.5803, 0.588, 0.54, 0.578, 0.655, 0.5907, 0.5683, 0.6307, 0.575, 0.549, 0.6333, 0.59]
2026-08-19 21:07:41,742 - FINAL_FULL_r200.log - INFO - Medium Class Accuracy: [0.0488, 0.13, 0.1673, 0.1653, 0.2552, 0.344, 0.373, 0.4447, 0.3505, 0.214, 0.3372, 0.3038, 0.3172, 0.4983, 0.5058, 0.4813, 0.3945, 0.454, 0.4655, 0.507, 0.4477, 0.5, 0.537, 0.5647, 0.5282, 0.4955, 0.5145, 0.5377, 0.547, 0.5212, 0.5323, 0.5397, 0.514, 0.5505, 0.5347, 0.5162, 0.579, 0.5727, 0.602, 0.582, 0.578, 0.5753, 0.5893, 0.5915, 0.59, 0.6065, 0.6235, 0.588, 0.6128, 0.6188, 0.6335, 0.62, 0.6058, 0.6388, 0.6382, 0.6255, 0.6098, 0.613, 0.6015, 0.6275, 0.621, 0.6178, 0.6425, 0.6315, 0.6248, 0.6445, 0.6295, 0.6158, 0.6345, 0.619, 0.6092, 0.6502, 0.6335, 0.623, 0.6278, 0.6318, 0.6465, 0.6562, 0.631, 0.6392, 0.6475, 0.6597, 0.67, 0.6607, 0.6518, 0.6138, 0.6623, 0.654, 0.6222, 0.6502, 0.6605, 0.6685, 0.6385, 0.6412, 0.655, 0.6495, 0.6613, 0.6693, 0.6452, 0.6332, 0.6538, 0.6365, 0.6613, 0.6605, 0.657, 0.6462, 0.6515, 0.654, 0.6637, 0.6763, 0.6575, 0.6565, 0.6783, 0.6705, 0.6505, 0.6402, 0.6743, 0.67, 0.675, 0.6653, 0.633, 0.6713, 0.6807, 0.6505, 0.6795, 0.6525, 0.6613, 0.6655, 0.6615, 0.6542, 0.666, 0.66, 0.673, 0.6677, 0.6593, 0.686, 0.6625, 0.662, 0.681, 0.6655, 0.6567, 0.6458, 0.6685, 0.6558, 0.666, 0.651, 0.6587, 0.6663, 0.6853, 0.6657, 0.6555, 0.6707, 0.662, 0.6653, 0.664, 0.6555, 0.6565, 0.6657, 0.662, 0.675, 0.664, 0.6593, 0.6577, 0.6605, 0.671, 0.668, 0.6733, 0.6783, 0.6597, 0.639]
2026-08-19 21:07:41,742 - FINAL_FULL_r200.log - INFO - Minority Class Accuracy: [0.0, 0.0, 0.0, 0.0, 0.0, 0.0273, 0.026, 0.1453, 0.0517, 0.2167, 0.2567, 0.1547, 0.2157, 0.231, 0.288, 0.279, 0.276, 0.1847, 0.1827, 0.2333, 0.3353, 0.3643, 0.3773, 0.4007, 0.455, 0.3187, 0.284, 0.3927, 0.4073, 0.5427, 0.3957, 0.4353, 0.414, 0.4443, 0.377, 0.577, 0.5917, 0.6217, 0.525, 0.6753, 0.5953, 0.6723, 0.633, 0.6553, 0.7213, 0.7287, 0.6073, 0.6777, 0.727, 0.6687, 0.681, 0.6983, 0.67, 0.6263, 0.671, 0.552, 0.6297, 0.6873, 0.7673, 0.6607, 0.7043, 0.7273, 0.6507, 0.7013, 0.7133, 0.6953, 0.7387, 0.7527, 0.7063, 0.65, 0.6973, 0.7303, 0.752, 0.7387, 0.7327, 0.717, 0.7257, 0.758, 0.7397, 0.769, 0.7663, 0.7517, 0.7453, 0.6927, 0.7727, 0.7317, 0.722, 0.7713, 0.7683, 0.7393, 0.754, 0.7387, 0.7607, 0.7933, 0.737, 0.742, 0.7437, 0.763, 0.7817, 0.7857, 0.7667, 0.7783, 0.7797, 0.7857, 0.7653, 0.8027, 0.7933, 0.772, 0.7367, 0.765, 0.7937, 0.7927, 0.757, 0.7327, 0.744, 0.818, 0.8003, 0.763, 0.7947, 0.7653, 0.764, 0.783, 0.7687, 0.7357, 0.7657, 0.8067, 0.772, 0.8123, 0.8003, 0.7843, 0.801, 0.7597, 0.7967, 0.8003, 0.823, 0.7403, 0.8047, 0.8163, 0.7733, 0.791, 0.8053, 0.8103, 0.7977, 0.771, 0.786, 0.8037, 0.7773, 0.7687, 0.7933, 0.79, 0.817, 0.8163, 0.804, 0.8003, 0.8047, 0.7907, 0.8023, 0.7953, 0.8123, 0.7773, 0.788, 0.8163, 0.7647, 0.7977, 0.7923, 0.806, 0.8143, 0.786, 0.797, 0.825]
2026-08-19 21:07:41,742 - FINAL_FULL_r200.log - INFO - === Head-Tail Evaluation ===
2026-08-19 21:07:41,742 - FINAL_FULL_r200.log - INFO - Head Accuracy: 0.6180
2026-08-19 21:07:41,742 - FINAL_FULL_r200.log - INFO - Tail Accuracy: 0.8250
2026-08-19 21:07:55,285 - FINAL_FULL_r200.log - INFO - Round 171 S-diagnostic | score_mean 0.6675 | selected_tail_fraction 0.0252 | participation_range 50-77
2026-08-19 21:07:55,285 - FINAL_FULL_r200.log - INFO - Round 171 selected clients: [1, 5, 10, 11, 13, 15, 17, 18]
2026-08-19 21:08:18,887 - FINAL_FULL_r200.log - INFO - Round 171 | Global 0.6819 | Head 0.6264 | Tail 0.8113 | Many 0.5843 | Medium 0.6580 | Few 0.8113 | best_tail 0.8250@170 | rollback=False
2026-08-19 21:08:18,887 - FINAL_FULL_r200.log - INFO - Round 172 S-diagnostic | score_mean 0.6734 | selected_tail_fraction 0.0117 | participation_range 50-78
2026-08-19 21:08:18,887 - FINAL_FULL_r200.log - INFO - Round 172 selected clients: [0, 4, 9, 10, 12, 13, 15, 18]
2026-08-19 21:08:42,199 - FINAL_FULL_r200.log - INFO - Round 172 | Global 0.6902 | Head 0.6431 | Tail 0.8000 | Many 0.6043 | Medium 0.6723 | Few 0.8000 | best_tail 0.8250@170 | rollback=False
2026-08-19 21:08:42,199 - FINAL_FULL_r200.log - INFO - Round 173 S-diagnostic | score_mean 0.7699 | selected_tail_fraction 0.0308 | participation_range 51-78
2026-08-19 21:08:42,199 - FINAL_FULL_r200.log - INFO - Round 173 selected clients: [1, 2, 4, 5, 8, 15, 17, 19]
2026-08-19 21:09:05,617 - FINAL_FULL_r200.log - INFO - Round 173 | Global 0.6696 | Head 0.6107 | Tail 0.8070 | Many 0.5163 | Medium 0.6815 | Few 0.8070 | best_tail 0.8250@170 | rollback=False
2026-08-19 21:09:05,617 - FINAL_FULL_r200.log - INFO - Round 174 S-diagnostic | score_mean 0.5329 | selected_tail_fraction 0.0075 | participation_range 51-78
2026-08-19 21:09:05,617 - FINAL_FULL_r200.log - INFO - Round 174 selected clients: [2, 4, 8, 9, 10, 11, 13, 16]
2026-08-19 21:09:28,555 - FINAL_FULL_r200.log - INFO - Round 174 | Global 0.6827 | Head 0.6361 | Tail 0.7913 | Many 0.5930 | Medium 0.6685 | Few 0.7913 | best_tail 0.8250@170 | rollback=False
2026-08-19 21:09:28,555 - FINAL_FULL_r200.log - INFO - Round 175 S-diagnostic | score_mean 0.7358 | selected_tail_fraction 0.0282 | participation_range 52-79
2026-08-19 21:09:28,555 - FINAL_FULL_r200.log - INFO - Round 175 selected clients: [1, 3, 5, 6, 11, 12, 13, 19]
2026-08-19 21:09:51,862 - FINAL_FULL_r200.log - INFO - Round 175 | Global 0.6813 | Head 0.6306 | Tail 0.7997 | Many 0.5787 | Medium 0.6695 | Few 0.7997 | best_tail 0.8250@170 | rollback=False
2026-08-19 21:09:51,862 - FINAL_FULL_r200.log - INFO - Round 176 S-diagnostic | score_mean 0.5923 | selected_tail_fraction 0.0073 | participation_range 52-80
2026-08-19 21:09:51,862 - FINAL_FULL_r200.log - INFO - Round 176 selected clients: [2, 4, 7, 10, 11, 12, 15, 16]
2026-08-19 21:10:14,814 - FINAL_FULL_r200.log - INFO - Round 176 | Global 0.6928 | Head 0.6514 | Tail 0.7893 | Many 0.6277 | Medium 0.6693 | Few 0.7893 | best_tail 0.8250@170 | rollback=False
2026-08-19 21:10:14,814 - FINAL_FULL_r200.log - INFO - Round 177 S-diagnostic | score_mean 0.6447 | selected_tail_fraction 0.0278 | participation_range 53-80
2026-08-19 21:10:14,814 - FINAL_FULL_r200.log - INFO - Round 177 selected clients: [5, 6, 7, 8, 9, 10, 15, 17]
2026-08-19 21:10:37,890 - FINAL_FULL_r200.log - INFO - Round 177 | Global 0.6902 | Head 0.6440 | Tail 0.7980 | Many 0.5950 | Medium 0.6807 | Few 0.7980 | best_tail 0.8250@170 | rollback=False
2026-08-19 21:10:37,901 - FINAL_FULL_r200.log - INFO - Round 178 S-diagnostic | score_mean 0.8037 | selected_tail_fraction 0.0258 | participation_range 54-80
2026-08-19 21:10:37,901 - FINAL_FULL_r200.log - INFO - Round 178 selected clients: [0, 1, 4, 5, 6, 9, 15, 19]
2026-08-19 21:11:01,323 - FINAL_FULL_r200.log - INFO - Round 178 | Global 0.6768 | Head 0.6220 | Tail 0.8047 | Many 0.5550 | Medium 0.6723 | Few 0.8047 | best_tail 0.8250@170 | rollback=False
2026-08-19 21:11:01,323 - FINAL_FULL_r200.log - INFO - Round 179 S-diagnostic | score_mean 0.7021 | selected_tail_fraction 0.0183 | participation_range 54-81
2026-08-19 21:11:01,323 - FINAL_FULL_r200.log - INFO - Round 179 selected clients: [3, 9, 10, 12, 13, 15, 16, 19]
2026-08-19 21:11:24,489 - FINAL_FULL_r200.log - INFO - Round 179 | Global 0.6799 | Head 0.6189 | Tail 0.8223 | Many 0.5667 | Medium 0.6580 | Few 0.8223 | best_tail 0.8250@170 | rollback=False
2026-08-19 21:11:24,489 - FINAL_FULL_r200.log - INFO - Round 180 S-diagnostic | score_mean 0.6078 | selected_tail_fraction 0.0103 | participation_range 54-81
2026-08-19 21:11:24,489 - FINAL_FULL_r200.log - INFO - Round 180 selected clients: [0, 3, 8, 9, 11, 13, 15, 16]
2026-08-19 21:11:47,442 - FINAL_FULL_r200.log - INFO - Round 180 | Global 0.6793 | Head 0.6351 | Tail 0.7823 | Many 0.5980 | Medium 0.6630 | Few 0.7823 | best_tail 0.8250@170 | rollback=False
2026-08-19 21:11:47,455 - FINAL_FULL_r200.log - INFO - Global Accuracy: [0.145, 0.2345, 0.2531, 0.289, 0.3059, 0.3398, 0.3661, 0.4214, 0.3897, 0.3858, 0.4525, 0.4115, 0.4182, 0.4815, 0.4968, 0.4998, 0.4773, 0.4751, 0.4624, 0.4927, 0.5098, 0.5271, 0.5409, 0.5554, 0.5607, 0.5145, 0.519, 0.5611, 0.5541, 0.5884, 0.566, 0.575, 0.559, 0.5673, 0.5579, 0.592, 0.6044, 0.6154, 0.6002, 0.6193, 0.6182, 0.6063, 0.625, 0.6402, 0.6159, 0.6377, 0.6199, 0.6298, 0.6251, 0.638, 0.6432, 0.6524, 0.6497, 0.6503, 0.6559, 0.6416, 0.6538, 0.6588, 0.6453, 0.6499, 0.6616, 0.6569, 0.6727, 0.6674, 0.6568, 0.6605, 0.6583, 0.6662, 0.6701, 0.6594, 0.6653, 0.6678, 0.6632, 0.6735, 0.672, 0.6652, 0.6653, 0.6591, 0.68, 0.6738, 0.687, 0.6817, 0.6721, 0.6822, 0.6817, 0.6656, 0.6676, 0.6833, 0.6569, 0.669, 0.6858, 0.6842, 0.6848, 0.6806, 0.6818, 0.6855, 0.6907, 0.6772, 0.6805, 0.6698, 0.6895, 0.6801, 0.6824, 0.6865, 0.6891, 0.6806, 0.6871, 0.6844, 0.6788, 0.6828, 0.6796, 0.6869, 0.6906, 0.6987, 0.6873, 0.6754, 0.6817, 0.6806, 0.6905, 0.6924, 0.6783, 0.6988, 0.6944, 0.6824, 0.6889, 0.6752, 0.6903, 0.6887, 0.6903, 0.6852, 0.6865, 0.6931, 0.6888, 0.6915, 0.6733, 0.6791, 0.6836, 0.6718, 0.6912, 0.7004, 0.6833, 0.681, 0.6881, 0.6815, 0.6854, 0.6863, 0.689, 0.6868, 0.6802, 0.6841, 0.662, 0.665, 0.6817, 0.6849, 0.6802, 0.686, 0.6904, 0.6872, 0.6826, 0.6796, 0.664, 0.682, 0.689, 0.6807, 0.6766, 0.6982, 0.6861, 0.6718, 0.693, 0.6801, 0.6819, 0.6902, 0.6696, 0.6827, 0.6813, 0.6928, 0.6902, 0.6768, 0.6799, 0.6793]
2026-08-19 21:11:47,455 - FINAL_FULL_r200.log - INFO - Majority Class Accuracy: [0.4183, 0.6083, 0.6207, 0.743, 0.6793, 0.6467, 0.697, 0.6663, 0.78, 0.784, 0.802, 0.812, 0.7553, 0.7097, 0.6937, 0.7453, 0.789, 0.7937, 0.738, 0.733, 0.767, 0.726, 0.7097, 0.6977, 0.7097, 0.7357, 0.76, 0.7607, 0.7103, 0.7237, 0.7813, 0.7617, 0.764, 0.7127, 0.7697, 0.708, 0.651, 0.666, 0.673, 0.613, 0.6947, 0.5817, 0.6647, 0.69, 0.545, 0.5883, 0.6277, 0.6377, 0.5397, 0.633, 0.6183, 0.6497, 0.688, 0.6897, 0.6643, 0.7527, 0.7367, 0.6913, 0.5817, 0.669, 0.673, 0.6387, 0.735, 0.6813, 0.643, 0.647, 0.6163, 0.647, 0.6813, 0.7227, 0.708, 0.6287, 0.614, 0.6757, 0.6703, 0.658, 0.63, 0.564, 0.6857, 0.6247, 0.6603, 0.641, 0.6017, 0.7003, 0.6307, 0.6687, 0.6203, 0.6343, 0.5917, 0.6237, 0.6513, 0.6507, 0.6707, 0.6203, 0.6623, 0.677, 0.677, 0.602, 0.6263, 0.6027, 0.66, 0.64, 0.6133, 0.622, 0.6557, 0.6043, 0.6283, 0.6373, 0.641, 0.6093, 0.595, 0.6217, 0.6407, 0.7023, 0.6797, 0.5797, 0.573, 0.6123, 0.607, 0.6557, 0.653, 0.6513, 0.6383, 0.6717, 0.6247, 0.574, 0.6473, 0.596, 0.6187, 0.6273, 0.5993, 0.6707, 0.602, 0.6143, 0.5423, 0.6087, 0.5907, 0.5403, 0.6227, 0.6563, 0.5967, 0.5987, 0.6047, 0.6263, 0.6107, 0.616, 0.641, 0.6323, 0.5603, 0.6027, 0.5157, 0.506, 0.5857, 0.5957, 0.5773, 0.622, 0.6237, 0.6077, 0.5803, 0.588, 0.54, 0.578, 0.655, 0.5907, 0.5683, 0.6307, 0.575, 0.549, 0.6333, 0.59, 0.5843, 0.6043, 0.5163, 0.593, 0.5787, 0.6277, 0.595, 0.555, 0.5667, 0.598]
2026-08-19 21:11:47,455 - FINAL_FULL_r200.log - INFO - Medium Class Accuracy: [0.0488, 0.13, 0.1673, 0.1653, 0.2552, 0.344, 0.373, 0.4447, 0.3505, 0.214, 0.3372, 0.3038, 0.3172, 0.4983, 0.5058, 0.4813, 0.3945, 0.454, 0.4655, 0.507, 0.4477, 0.5, 0.537, 0.5647, 0.5282, 0.4955, 0.5145, 0.5377, 0.547, 0.5212, 0.5323, 0.5397, 0.514, 0.5505, 0.5347, 0.5162, 0.579, 0.5727, 0.602, 0.582, 0.578, 0.5753, 0.5893, 0.5915, 0.59, 0.6065, 0.6235, 0.588, 0.6128, 0.6188, 0.6335, 0.62, 0.6058, 0.6388, 0.6382, 0.6255, 0.6098, 0.613, 0.6015, 0.6275, 0.621, 0.6178, 0.6425, 0.6315, 0.6248, 0.6445, 0.6295, 0.6158, 0.6345, 0.619, 0.6092, 0.6502, 0.6335, 0.623, 0.6278, 0.6318, 0.6465, 0.6562, 0.631, 0.6392, 0.6475, 0.6597, 0.67, 0.6607, 0.6518, 0.6138, 0.6623, 0.654, 0.6222, 0.6502, 0.6605, 0.6685, 0.6385, 0.6412, 0.655, 0.6495, 0.6613, 0.6693, 0.6452, 0.6332, 0.6538, 0.6365, 0.6613, 0.6605, 0.657, 0.6462, 0.6515, 0.654, 0.6637, 0.6763, 0.6575, 0.6565, 0.6783, 0.6705, 0.6505, 0.6402, 0.6743, 0.67, 0.675, 0.6653, 0.633, 0.6713, 0.6807, 0.6505, 0.6795, 0.6525, 0.6613, 0.6655, 0.6615, 0.6542, 0.666, 0.66, 0.673, 0.6677, 0.6593, 0.686, 0.6625, 0.662, 0.681, 0.6655, 0.6567, 0.6458, 0.6685, 0.6558, 0.666, 0.651, 0.6587, 0.6663, 0.6853, 0.6657, 0.6555, 0.6707, 0.662, 0.6653, 0.664, 0.6555, 0.6565, 0.6657, 0.662, 0.675, 0.664, 0.6593, 0.6577, 0.6605, 0.671, 0.668, 0.6733, 0.6783, 0.6597, 0.639, 0.658, 0.6723, 0.6815, 0.6685, 0.6695, 0.6693, 0.6807, 0.6723, 0.658, 0.663]
2026-08-19 21:11:47,455 - FINAL_FULL_r200.log - INFO - Minority Class Accuracy: [0.0, 0.0, 0.0, 0.0, 0.0, 0.0273, 0.026, 0.1453, 0.0517, 0.2167, 0.2567, 0.1547, 0.2157, 0.231, 0.288, 0.279, 0.276, 0.1847, 0.1827, 0.2333, 0.3353, 0.3643, 0.3773, 0.4007, 0.455, 0.3187, 0.284, 0.3927, 0.4073, 0.5427, 0.3957, 0.4353, 0.414, 0.4443, 0.377, 0.577, 0.5917, 0.6217, 0.525, 0.6753, 0.5953, 0.6723, 0.633, 0.6553, 0.7213, 0.7287, 0.6073, 0.6777, 0.727, 0.6687, 0.681, 0.6983, 0.67, 0.6263, 0.671, 0.552, 0.6297, 0.6873, 0.7673, 0.6607, 0.7043, 0.7273, 0.6507, 0.7013, 0.7133, 0.6953, 0.7387, 0.7527, 0.7063, 0.65, 0.6973, 0.7303, 0.752, 0.7387, 0.7327, 0.717, 0.7257, 0.758, 0.7397, 0.769, 0.7663, 0.7517, 0.7453, 0.6927, 0.7727, 0.7317, 0.722, 0.7713, 0.7683, 0.7393, 0.754, 0.7387, 0.7607, 0.7933, 0.737, 0.742, 0.7437, 0.763, 0.7817, 0.7857, 0.7667, 0.7783, 0.7797, 0.7857, 0.7653, 0.8027, 0.7933, 0.772, 0.7367, 0.765, 0.7937, 0.7927, 0.757, 0.7327, 0.744, 0.818, 0.8003, 0.763, 0.7947, 0.7653, 0.764, 0.783, 0.7687, 0.7357, 0.7657, 0.8067, 0.772, 0.8123, 0.8003, 0.7843, 0.801, 0.7597, 0.7967, 0.8003, 0.823, 0.7403, 0.8047, 0.8163, 0.7733, 0.791, 0.8053, 0.8103, 0.7977, 0.771, 0.786, 0.8037, 0.7773, 0.7687, 0.7933, 0.79, 0.817, 0.8163, 0.804, 0.8003, 0.8047, 0.7907, 0.8023, 0.7953, 0.8123, 0.7773, 0.788, 0.8163, 0.7647, 0.7977, 0.7923, 0.806, 0.8143, 0.786, 0.797, 0.825, 0.8113, 0.8, 0.807, 0.7913, 0.7997, 0.7893, 0.798, 0.8047, 0.8223, 0.7823]
2026-08-19 21:11:47,455 - FINAL_FULL_r200.log - INFO - === Head-Tail Evaluation ===
2026-08-19 21:11:47,455 - FINAL_FULL_r200.log - INFO - Head Accuracy: 0.6351
2026-08-19 21:11:47,455 - FINAL_FULL_r200.log - INFO - Tail Accuracy: 0.7823
2026-08-19 21:12:00,766 - FINAL_FULL_r200.log - INFO - Round 181 S-diagnostic | score_mean 0.7225 | selected_tail_fraction 0.0226 | participation_range 54-82
2026-08-19 21:12:00,769 - FINAL_FULL_r200.log - INFO - Round 181 selected clients: [2, 4, 6, 12, 13, 14, 15, 18]
2026-08-19 21:12:22,470 - FINAL_FULL_r200.log - INFO - Round 181 | Global 0.6748 | Head 0.6277 | Tail 0.7847 | Many 0.5453 | Medium 0.6895 | Few 0.7847 | best_tail 0.8250@170 | rollback=False
2026-08-19 21:12:22,471 - FINAL_FULL_r200.log - INFO - Round 182 S-diagnostic | score_mean 0.7929 | selected_tail_fraction 0.0395 | participation_range 54-83
2026-08-19 21:12:22,471 - FINAL_FULL_r200.log - INFO - Round 182 selected clients: [3, 6, 8, 12, 16, 17, 18, 19]
2026-08-19 21:12:43,598 - FINAL_FULL_r200.log - INFO - Round 182 | Global 0.6823 | Head 0.6123 | Tail 0.8457 | Many 0.5420 | Medium 0.6650 | Few 0.8457 | best_tail 0.8457@182 | rollback=False
2026-08-19 21:12:43,598 - FINAL_FULL_r200.log - INFO - Round 183 S-diagnostic | score_mean 0.6457 | selected_tail_fraction 0.0171 | participation_range 54-83
2026-08-19 21:12:43,598 - FINAL_FULL_r200.log - INFO - Round 183 selected clients: [0, 2, 7, 8, 9, 14, 15, 19]
2026-08-19 21:13:04,058 - FINAL_FULL_r200.log - INFO - Round 183 | Global 0.6752 | Head 0.6126 | Tail 0.8213 | Many 0.5557 | Medium 0.6552 | Few 0.8213 | best_tail 0.8457@182 | rollback=False
2026-08-19 21:13:04,058 - FINAL_FULL_r200.log - INFO - Round 184 S-diagnostic | score_mean 0.6015 | selected_tail_fraction 0.0226 | participation_range 54-83
2026-08-19 21:13:04,058 - FINAL_FULL_r200.log - INFO - Round 184 selected clients: [2, 8, 11, 13, 14, 16, 17, 18]
2026-08-19 21:13:24,268 - FINAL_FULL_r200.log - INFO - Round 184 | Global 0.6871 | Head 0.6263 | Tail 0.8290 | Many 0.5827 | Medium 0.6590 | Few 0.8290 | best_tail 0.8457@182 | rollback=False
2026-08-19 21:13:24,268 - FINAL_FULL_r200.log - INFO - Round 185 S-diagnostic | score_mean 0.6552 | selected_tail_fraction 0.0173 | participation_range 54-84
2026-08-19 21:13:24,268 - FINAL_FULL_r200.log - INFO - Round 185 selected clients: [0, 10, 11, 12, 14, 15, 18, 19]
2026-08-19 21:13:44,475 - FINAL_FULL_r200.log - INFO - Round 185 | Global 0.6802 | Head 0.6156 | Tail 0.8310 | Many 0.5840 | Medium 0.6392 | Few 0.8310 | best_tail 0.8457@182 | rollback=False
2026-08-19 21:13:44,485 - FINAL_FULL_r200.log - INFO - Round 186 S-diagnostic | score_mean 0.8047 | selected_tail_fraction 0.0387 | participation_range 55-84
2026-08-19 21:13:44,485 - FINAL_FULL_r200.log - INFO - Round 186 selected clients: [2, 5, 6, 9, 10, 16, 17, 18]
2026-08-19 21:14:05,206 - FINAL_FULL_r200.log - INFO - Round 186 | Global 0.6731 | Head 0.6033 | Tail 0.8360 | Many 0.5247 | Medium 0.6623 | Few 0.8360 | best_tail 0.8457@182 | rollback=False
2026-08-19 21:14:05,206 - FINAL_FULL_r200.log - INFO - Round 187 S-diagnostic | score_mean 0.6485 | selected_tail_fraction 0.0200 | participation_range 56-85
2026-08-19 21:14:05,206 - FINAL_FULL_r200.log - INFO - Round 187 selected clients: [1, 5, 9, 10, 11, 14, 15, 17]
2026-08-19 21:14:25,433 - FINAL_FULL_r200.log - INFO - Round 187 | Global 0.6869 | Head 0.6486 | Tail 0.7763 | Many 0.6103 | Medium 0.6773 | Few 0.7763 | best_tail 0.8457@182 | rollback=False
2026-08-19 21:14:25,433 - FINAL_FULL_r200.log - INFO - Round 188 S-diagnostic | score_mean 0.7094 | selected_tail_fraction 0.0270 | participation_range 56-86
2026-08-19 21:14:25,433 - FINAL_FULL_r200.log - INFO - Round 188 selected clients: [1, 10, 13, 15, 16, 17, 18, 19]
2026-08-19 21:14:45,745 - FINAL_FULL_r200.log - INFO - Round 188 | Global 0.6803 | Head 0.6179 | Tail 0.8260 | Many 0.5553 | Medium 0.6647 | Few 0.8260 | best_tail 0.8457@182 | rollback=False
2026-08-19 21:14:45,745 - FINAL_FULL_r200.log - INFO - Round 189 S-diagnostic | score_mean 0.7483 | selected_tail_fraction 0.0322 | participation_range 57-86
2026-08-19 21:14:45,745 - FINAL_FULL_r200.log - INFO - Round 189 selected clients: [3, 4, 5, 6, 9, 13, 16, 17]
2026-08-19 21:15:06,316 - FINAL_FULL_r200.log - INFO - Round 189 | Global 0.6887 | Head 0.6389 | Tail 0.8050 | Many 0.5997 | Medium 0.6683 | Few 0.8050 | best_tail 0.8457@182 | rollback=False
2026-08-19 21:15:06,316 - FINAL_FULL_r200.log - INFO - Round 190 S-diagnostic | score_mean 0.7335 | selected_tail_fraction 0.0220 | participation_range 58-86
2026-08-19 21:15:06,316 - FINAL_FULL_r200.log - INFO - Round 190 selected clients: [1, 4, 5, 6, 11, 12, 16, 19]
2026-08-19 21:15:26,778 - FINAL_FULL_r200.log - INFO - Round 190 | Global 0.6952 | Head 0.6391 | Tail 0.8260 | Many 0.6037 | Medium 0.6657 | Few 0.8260 | best_tail 0.8457@182 | rollback=False
2026-08-19 21:15:26,796 - FINAL_FULL_r200.log - INFO - Global Accuracy: [0.145, 0.2345, 0.2531, 0.289, 0.3059, 0.3398, 0.3661, 0.4214, 0.3897, 0.3858, 0.4525, 0.4115, 0.4182, 0.4815, 0.4968, 0.4998, 0.4773, 0.4751, 0.4624, 0.4927, 0.5098, 0.5271, 0.5409, 0.5554, 0.5607, 0.5145, 0.519, 0.5611, 0.5541, 0.5884, 0.566, 0.575, 0.559, 0.5673, 0.5579, 0.592, 0.6044, 0.6154, 0.6002, 0.6193, 0.6182, 0.6063, 0.625, 0.6402, 0.6159, 0.6377, 0.6199, 0.6298, 0.6251, 0.638, 0.6432, 0.6524, 0.6497, 0.6503, 0.6559, 0.6416, 0.6538, 0.6588, 0.6453, 0.6499, 0.6616, 0.6569, 0.6727, 0.6674, 0.6568, 0.6605, 0.6583, 0.6662, 0.6701, 0.6594, 0.6653, 0.6678, 0.6632, 0.6735, 0.672, 0.6652, 0.6653, 0.6591, 0.68, 0.6738, 0.687, 0.6817, 0.6721, 0.6822, 0.6817, 0.6656, 0.6676, 0.6833, 0.6569, 0.669, 0.6858, 0.6842, 0.6848, 0.6806, 0.6818, 0.6855, 0.6907, 0.6772, 0.6805, 0.6698, 0.6895, 0.6801, 0.6824, 0.6865, 0.6891, 0.6806, 0.6871, 0.6844, 0.6788, 0.6828, 0.6796, 0.6869, 0.6906, 0.6987, 0.6873, 0.6754, 0.6817, 0.6806, 0.6905, 0.6924, 0.6783, 0.6988, 0.6944, 0.6824, 0.6889, 0.6752, 0.6903, 0.6887, 0.6903, 0.6852, 0.6865, 0.6931, 0.6888, 0.6915, 0.6733, 0.6791, 0.6836, 0.6718, 0.6912, 0.7004, 0.6833, 0.681, 0.6881, 0.6815, 0.6854, 0.6863, 0.689, 0.6868, 0.6802, 0.6841, 0.662, 0.665, 0.6817, 0.6849, 0.6802, 0.686, 0.6904, 0.6872, 0.6826, 0.6796, 0.664, 0.682, 0.689, 0.6807, 0.6766, 0.6982, 0.6861, 0.6718, 0.693, 0.6801, 0.6819, 0.6902, 0.6696, 0.6827, 0.6813, 0.6928, 0.6902, 0.6768, 0.6799, 0.6793, 0.6748, 0.6823, 0.6752, 0.6871, 0.6802, 0.6731, 0.6869, 0.6803, 0.6887, 0.6952]
2026-08-19 21:15:26,796 - FINAL_FULL_r200.log - INFO - Majority Class Accuracy: [0.4183, 0.6083, 0.6207, 0.743, 0.6793, 0.6467, 0.697, 0.6663, 0.78, 0.784, 0.802, 0.812, 0.7553, 0.7097, 0.6937, 0.7453, 0.789, 0.7937, 0.738, 0.733, 0.767, 0.726, 0.7097, 0.6977, 0.7097, 0.7357, 0.76, 0.7607, 0.7103, 0.7237, 0.7813, 0.7617, 0.764, 0.7127, 0.7697, 0.708, 0.651, 0.666, 0.673, 0.613, 0.6947, 0.5817, 0.6647, 0.69, 0.545, 0.5883, 0.6277, 0.6377, 0.5397, 0.633, 0.6183, 0.6497, 0.688, 0.6897, 0.6643, 0.7527, 0.7367, 0.6913, 0.5817, 0.669, 0.673, 0.6387, 0.735, 0.6813, 0.643, 0.647, 0.6163, 0.647, 0.6813, 0.7227, 0.708, 0.6287, 0.614, 0.6757, 0.6703, 0.658, 0.63, 0.564, 0.6857, 0.6247, 0.6603, 0.641, 0.6017, 0.7003, 0.6307, 0.6687, 0.6203, 0.6343, 0.5917, 0.6237, 0.6513, 0.6507, 0.6707, 0.6203, 0.6623, 0.677, 0.677, 0.602, 0.6263, 0.6027, 0.66, 0.64, 0.6133, 0.622, 0.6557, 0.6043, 0.6283, 0.6373, 0.641, 0.6093, 0.595, 0.6217, 0.6407, 0.7023, 0.6797, 0.5797, 0.573, 0.6123, 0.607, 0.6557, 0.653, 0.6513, 0.6383, 0.6717, 0.6247, 0.574, 0.6473, 0.596, 0.6187, 0.6273, 0.5993, 0.6707, 0.602, 0.6143, 0.5423, 0.6087, 0.5907, 0.5403, 0.6227, 0.6563, 0.5967, 0.5987, 0.6047, 0.6263, 0.6107, 0.616, 0.641, 0.6323, 0.5603, 0.6027, 0.5157, 0.506, 0.5857, 0.5957, 0.5773, 0.622, 0.6237, 0.6077, 0.5803, 0.588, 0.54, 0.578, 0.655, 0.5907, 0.5683, 0.6307, 0.575, 0.549, 0.6333, 0.59, 0.5843, 0.6043, 0.5163, 0.593, 0.5787, 0.6277, 0.595, 0.555, 0.5667, 0.598, 0.5453, 0.542, 0.5557, 0.5827, 0.584, 0.5247, 0.6103, 0.5553, 0.5997, 0.6037]
2026-08-19 21:15:26,796 - FINAL_FULL_r200.log - INFO - Medium Class Accuracy: [0.0488, 0.13, 0.1673, 0.1653, 0.2552, 0.344, 0.373, 0.4447, 0.3505, 0.214, 0.3372, 0.3038, 0.3172, 0.4983, 0.5058, 0.4813, 0.3945, 0.454, 0.4655, 0.507, 0.4477, 0.5, 0.537, 0.5647, 0.5282, 0.4955, 0.5145, 0.5377, 0.547, 0.5212, 0.5323, 0.5397, 0.514, 0.5505, 0.5347, 0.5162, 0.579, 0.5727, 0.602, 0.582, 0.578, 0.5753, 0.5893, 0.5915, 0.59, 0.6065, 0.6235, 0.588, 0.6128, 0.6188, 0.6335, 0.62, 0.6058, 0.6388, 0.6382, 0.6255, 0.6098, 0.613, 0.6015, 0.6275, 0.621, 0.6178, 0.6425, 0.6315, 0.6248, 0.6445, 0.6295, 0.6158, 0.6345, 0.619, 0.6092, 0.6502, 0.6335, 0.623, 0.6278, 0.6318, 0.6465, 0.6562, 0.631, 0.6392, 0.6475, 0.6597, 0.67, 0.6607, 0.6518, 0.6138, 0.6623, 0.654, 0.6222, 0.6502, 0.6605, 0.6685, 0.6385, 0.6412, 0.655, 0.6495, 0.6613, 0.6693, 0.6452, 0.6332, 0.6538, 0.6365, 0.6613, 0.6605, 0.657, 0.6462, 0.6515, 0.654, 0.6637, 0.6763, 0.6575, 0.6565, 0.6783, 0.6705, 0.6505, 0.6402, 0.6743, 0.67, 0.675, 0.6653, 0.633, 0.6713, 0.6807, 0.6505, 0.6795, 0.6525, 0.6613, 0.6655, 0.6615, 0.6542, 0.666, 0.66, 0.673, 0.6677, 0.6593, 0.686, 0.6625, 0.662, 0.681, 0.6655, 0.6567, 0.6458, 0.6685, 0.6558, 0.666, 0.651, 0.6587, 0.6663, 0.6853, 0.6657, 0.6555, 0.6707, 0.662, 0.6653, 0.664, 0.6555, 0.6565, 0.6657, 0.662, 0.675, 0.664, 0.6593, 0.6577, 0.6605, 0.671, 0.668, 0.6733, 0.6783, 0.6597, 0.639, 0.658, 0.6723, 0.6815, 0.6685, 0.6695, 0.6693, 0.6807, 0.6723, 0.658, 0.663, 0.6895, 0.665, 0.6552, 0.659, 0.6392, 0.6623, 0.6773, 0.6647, 0.6683, 0.6657]
2026-08-19 21:15:26,796 - FINAL_FULL_r200.log - INFO - Minority Class Accuracy: [0.0, 0.0, 0.0, 0.0, 0.0, 0.0273, 0.026, 0.1453, 0.0517, 0.2167, 0.2567, 0.1547, 0.2157, 0.231, 0.288, 0.279, 0.276, 0.1847, 0.1827, 0.2333, 0.3353, 0.3643, 0.3773, 0.4007, 0.455, 0.3187, 0.284, 0.3927, 0.4073, 0.5427, 0.3957, 0.4353, 0.414, 0.4443, 0.377, 0.577, 0.5917, 0.6217, 0.525, 0.6753, 0.5953, 0.6723, 0.633, 0.6553, 0.7213, 0.7287, 0.6073, 0.6777, 0.727, 0.6687, 0.681, 0.6983, 0.67, 0.6263, 0.671, 0.552, 0.6297, 0.6873, 0.7673, 0.6607, 0.7043, 0.7273, 0.6507, 0.7013, 0.7133, 0.6953, 0.7387, 0.7527, 0.7063, 0.65, 0.6973, 0.7303, 0.752, 0.7387, 0.7327, 0.717, 0.7257, 0.758, 0.7397, 0.769, 0.7663, 0.7517, 0.7453, 0.6927, 0.7727, 0.7317, 0.722, 0.7713, 0.7683, 0.7393, 0.754, 0.7387, 0.7607, 0.7933, 0.737, 0.742, 0.7437, 0.763, 0.7817, 0.7857, 0.7667, 0.7783, 0.7797, 0.7857, 0.7653, 0.8027, 0.7933, 0.772, 0.7367, 0.765, 0.7937, 0.7927, 0.757, 0.7327, 0.744, 0.818, 0.8003, 0.763, 0.7947, 0.7653, 0.764, 0.783, 0.7687, 0.7357, 0.7657, 0.8067, 0.772, 0.8123, 0.8003, 0.7843, 0.801, 0.7597, 0.7967, 0.8003, 0.823, 0.7403, 0.8047, 0.8163, 0.7733, 0.791, 0.8053, 0.8103, 0.7977, 0.771, 0.786, 0.8037, 0.7773, 0.7687, 0.7933, 0.79, 0.817, 0.8163, 0.804, 0.8003, 0.8047, 0.7907, 0.8023, 0.7953, 0.8123, 0.7773, 0.788, 0.8163, 0.7647, 0.7977, 0.7923, 0.806, 0.8143, 0.786, 0.797, 0.825, 0.8113, 0.8, 0.807, 0.7913, 0.7997, 0.7893, 0.798, 0.8047, 0.8223, 0.7823, 0.7847, 0.8457, 0.8213, 0.829, 0.831, 0.836, 0.7763, 0.826, 0.805, 0.826]
2026-08-19 21:15:26,796 - FINAL_FULL_r200.log - INFO - === Head-Tail Evaluation ===
2026-08-19 21:15:26,796 - FINAL_FULL_r200.log - INFO - Head Accuracy: 0.6391
2026-08-19 21:15:26,796 - FINAL_FULL_r200.log - INFO - Tail Accuracy: 0.8260
2026-08-19 21:15:39,933 - FINAL_FULL_r200.log - INFO - Round 191 S-diagnostic | score_mean 0.6786 | selected_tail_fraction 0.0242 | participation_range 58-86
2026-08-19 21:15:39,933 - FINAL_FULL_r200.log - INFO - Round 191 selected clients: [0, 3, 4, 7, 12, 13, 17, 19]
2026-08-19 21:16:00,569 - FINAL_FULL_r200.log - INFO - Round 191 | Global 0.6697 | Head 0.6073 | Tail 0.8153 | Many 0.5457 | Medium 0.6535 | Few 0.8153 | best_tail 0.8457@182 | rollback=False
2026-08-19 21:16:00,569 - FINAL_FULL_r200.log - INFO - Round 192 S-diagnostic | score_mean 0.8283 | selected_tail_fraction 0.0385 | participation_range 58-87
2026-08-19 21:16:00,569 - FINAL_FULL_r200.log - INFO - Round 192 selected clients: [1, 2, 6, 12, 14, 17, 18, 19]
2026-08-19 21:16:22,005 - FINAL_FULL_r200.log - INFO - Round 192 | Global 0.6581 | Head 0.5774 | Tail 0.8463 | Many 0.5013 | Medium 0.6345 | Few 0.8463 | best_tail 0.8463@192 | rollback=False
2026-08-19 21:16:22,015 - FINAL_FULL_r200.log - INFO - Round 193 S-diagnostic | score_mean 0.6262 | selected_tail_fraction 0.0218 | participation_range 59-87
2026-08-19 21:16:22,015 - FINAL_FULL_r200.log - INFO - Round 193 selected clients: [0, 1, 5, 6, 8, 10, 11, 19]
2026-08-19 21:16:45,119 - FINAL_FULL_r200.log - INFO - Round 193 | Global 0.6775 | Head 0.6114 | Tail 0.8317 | Many 0.5600 | Medium 0.6500 | Few 0.8317 | best_tail 0.8463@192 | rollback=False
2026-08-19 21:16:45,119 - FINAL_FULL_r200.log - INFO - Round 194 S-diagnostic | score_mean 0.7744 | selected_tail_fraction 0.0308 | participation_range 59-87
2026-08-19 21:16:45,119 - FINAL_FULL_r200.log - INFO - Round 194 selected clients: [2, 3, 9, 11, 14, 15, 18, 19]
2026-08-19 21:17:08,768 - FINAL_FULL_r200.log - INFO - Round 194 | Global 0.6566 | Head 0.5873 | Tail 0.8183 | Many 0.4917 | Medium 0.6590 | Few 0.8183 | best_tail 0.8463@192 | rollback=False
2026-08-19 21:17:08,768 - FINAL_FULL_r200.log - INFO - Round 195 S-diagnostic | score_mean 0.7041 | selected_tail_fraction 0.0205 | participation_range 60-88
2026-08-19 21:17:08,768 - FINAL_FULL_r200.log - INFO - Round 195 selected clients: [1, 2, 4, 5, 7, 11, 15, 18]
2026-08-19 21:17:31,981 - FINAL_FULL_r200.log - INFO - Round 195 | Global 0.6818 | Head 0.6207 | Tail 0.8243 | Many 0.5517 | Medium 0.6725 | Few 0.8243 | best_tail 0.8463@192 | rollback=False
2026-08-19 21:17:31,981 - FINAL_FULL_r200.log - INFO - Round 196 S-diagnostic | score_mean 0.6300 | selected_tail_fraction 0.0202 | participation_range 60-88
2026-08-19 21:17:31,981 - FINAL_FULL_r200.log - INFO - Round 196 selected clients: [0, 6, 8, 9, 10, 11, 12, 17]
2026-08-19 21:17:55,117 - FINAL_FULL_r200.log - INFO - Round 196 | Global 0.6915 | Head 0.6404 | Tail 0.8107 | Many 0.5833 | Medium 0.6833 | Few 0.8107 | best_tail 0.8463@192 | rollback=False
2026-08-19 21:17:55,117 - FINAL_FULL_r200.log - INFO - Round 197 S-diagnostic | score_mean 0.8019 | selected_tail_fraction 0.0445 | participation_range 60-88
2026-08-19 21:17:55,117 - FINAL_FULL_r200.log - INFO - Round 197 selected clients: [2, 3, 4, 6, 7, 17, 18, 19]
2026-08-19 21:18:18,772 - FINAL_FULL_r200.log - INFO - Round 197 | Global 0.6734 | Head 0.6019 | Tail 0.8403 | Many 0.5050 | Medium 0.6745 | Few 0.8403 | best_tail 0.8463@192 | rollback=False
2026-08-19 21:18:18,782 - FINAL_FULL_r200.log - INFO - Round 198 S-diagnostic | score_mean 0.6252 | selected_tail_fraction 0.0232 | participation_range 61-89
2026-08-19 21:18:18,782 - FINAL_FULL_r200.log - INFO - Round 198 selected clients: [4, 5, 6, 8, 10, 14, 15, 18]
2026-08-19 21:18:41,763 - FINAL_FULL_r200.log - INFO - Round 198 | Global 0.6875 | Head 0.6319 | Tail 0.8173 | Many 0.5753 | Medium 0.6743 | Few 0.8173 | best_tail 0.8463@192 | rollback=False
2026-08-19 21:18:41,763 - FINAL_FULL_r200.log - INFO - Round 199 S-diagnostic | score_mean 0.8077 | selected_tail_fraction 0.0296 | participation_range 62-90
2026-08-19 21:18:41,763 - FINAL_FULL_r200.log - INFO - Round 199 selected clients: [1, 3, 5, 12, 14, 15, 18, 19]
2026-08-19 21:19:05,397 - FINAL_FULL_r200.log - INFO - Round 199 | Global 0.6873 | Head 0.6261 | Tail 0.8300 | Many 0.5717 | Medium 0.6670 | Few 0.8300 | best_tail 0.8463@192 | rollback=False
2026-08-19 21:19:05,397 - FINAL_FULL_r200.log - INFO - Round 200 S-diagnostic | score_mean 0.6682 | selected_tail_fraction 0.0260 | participation_range 62-91
2026-08-19 21:19:05,397 - FINAL_FULL_r200.log - INFO - Round 200 selected clients: [3, 7, 12, 13, 14, 15, 17, 19]
2026-08-19 21:19:28,463 - FINAL_FULL_r200.log - INFO - Round 200 | Global 0.6916 | Head 0.6371 | Tail 0.8187 | Many 0.5890 | Medium 0.6733 | Few 0.8187 | best_tail 0.8463@192 | rollback=False
2026-08-19 21:19:28,481 - FINAL_FULL_r200.log - INFO - Global Accuracy: [0.145, 0.2345, 0.2531, 0.289, 0.3059, 0.3398, 0.3661, 0.4214, 0.3897, 0.3858, 0.4525, 0.4115, 0.4182, 0.4815, 0.4968, 0.4998, 0.4773, 0.4751, 0.4624, 0.4927, 0.5098, 0.5271, 0.5409, 0.5554, 0.5607, 0.5145, 0.519, 0.5611, 0.5541, 0.5884, 0.566, 0.575, 0.559, 0.5673, 0.5579, 0.592, 0.6044, 0.6154, 0.6002, 0.6193, 0.6182, 0.6063, 0.625, 0.6402, 0.6159, 0.6377, 0.6199, 0.6298, 0.6251, 0.638, 0.6432, 0.6524, 0.6497, 0.6503, 0.6559, 0.6416, 0.6538, 0.6588, 0.6453, 0.6499, 0.6616, 0.6569, 0.6727, 0.6674, 0.6568, 0.6605, 0.6583, 0.6662, 0.6701, 0.6594, 0.6653, 0.6678, 0.6632, 0.6735, 0.672, 0.6652, 0.6653, 0.6591, 0.68, 0.6738, 0.687, 0.6817, 0.6721, 0.6822, 0.6817, 0.6656, 0.6676, 0.6833, 0.6569, 0.669, 0.6858, 0.6842, 0.6848, 0.6806, 0.6818, 0.6855, 0.6907, 0.6772, 0.6805, 0.6698, 0.6895, 0.6801, 0.6824, 0.6865, 0.6891, 0.6806, 0.6871, 0.6844, 0.6788, 0.6828, 0.6796, 0.6869, 0.6906, 0.6987, 0.6873, 0.6754, 0.6817, 0.6806, 0.6905, 0.6924, 0.6783, 0.6988, 0.6944, 0.6824, 0.6889, 0.6752, 0.6903, 0.6887, 0.6903, 0.6852, 0.6865, 0.6931, 0.6888, 0.6915, 0.6733, 0.6791, 0.6836, 0.6718, 0.6912, 0.7004, 0.6833, 0.681, 0.6881, 0.6815, 0.6854, 0.6863, 0.689, 0.6868, 0.6802, 0.6841, 0.662, 0.665, 0.6817, 0.6849, 0.6802, 0.686, 0.6904, 0.6872, 0.6826, 0.6796, 0.664, 0.682, 0.689, 0.6807, 0.6766, 0.6982, 0.6861, 0.6718, 0.693, 0.6801, 0.6819, 0.6902, 0.6696, 0.6827, 0.6813, 0.6928, 0.6902, 0.6768, 0.6799, 0.6793, 0.6748, 0.6823, 0.6752, 0.6871, 0.6802, 0.6731, 0.6869, 0.6803, 0.6887, 0.6952, 0.6697, 0.6581, 0.6775, 0.6566, 0.6818, 0.6915, 0.6734, 0.6875, 0.6873, 0.6916]
2026-08-19 21:19:28,481 - FINAL_FULL_r200.log - INFO - Majority Class Accuracy: [0.4183, 0.6083, 0.6207, 0.743, 0.6793, 0.6467, 0.697, 0.6663, 0.78, 0.784, 0.802, 0.812, 0.7553, 0.7097, 0.6937, 0.7453, 0.789, 0.7937, 0.738, 0.733, 0.767, 0.726, 0.7097, 0.6977, 0.7097, 0.7357, 0.76, 0.7607, 0.7103, 0.7237, 0.7813, 0.7617, 0.764, 0.7127, 0.7697, 0.708, 0.651, 0.666, 0.673, 0.613, 0.6947, 0.5817, 0.6647, 0.69, 0.545, 0.5883, 0.6277, 0.6377, 0.5397, 0.633, 0.6183, 0.6497, 0.688, 0.6897, 0.6643, 0.7527, 0.7367, 0.6913, 0.5817, 0.669, 0.673, 0.6387, 0.735, 0.6813, 0.643, 0.647, 0.6163, 0.647, 0.6813, 0.7227, 0.708, 0.6287, 0.614, 0.6757, 0.6703, 0.658, 0.63, 0.564, 0.6857, 0.6247, 0.6603, 0.641, 0.6017, 0.7003, 0.6307, 0.6687, 0.6203, 0.6343, 0.5917, 0.6237, 0.6513, 0.6507, 0.6707, 0.6203, 0.6623, 0.677, 0.677, 0.602, 0.6263, 0.6027, 0.66, 0.64, 0.6133, 0.622, 0.6557, 0.6043, 0.6283, 0.6373, 0.641, 0.6093, 0.595, 0.6217, 0.6407, 0.7023, 0.6797, 0.5797, 0.573, 0.6123, 0.607, 0.6557, 0.653, 0.6513, 0.6383, 0.6717, 0.6247, 0.574, 0.6473, 0.596, 0.6187, 0.6273, 0.5993, 0.6707, 0.602, 0.6143, 0.5423, 0.6087, 0.5907, 0.5403, 0.6227, 0.6563, 0.5967, 0.5987, 0.6047, 0.6263, 0.6107, 0.616, 0.641, 0.6323, 0.5603, 0.6027, 0.5157, 0.506, 0.5857, 0.5957, 0.5773, 0.622, 0.6237, 0.6077, 0.5803, 0.588, 0.54, 0.578, 0.655, 0.5907, 0.5683, 0.6307, 0.575, 0.549, 0.6333, 0.59, 0.5843, 0.6043, 0.5163, 0.593, 0.5787, 0.6277, 0.595, 0.555, 0.5667, 0.598, 0.5453, 0.542, 0.5557, 0.5827, 0.584, 0.5247, 0.6103, 0.5553, 0.5997, 0.6037, 0.5457, 0.5013, 0.56, 0.4917, 0.5517, 0.5833, 0.505, 0.5753, 0.5717, 0.589]
2026-08-19 21:19:28,481 - FINAL_FULL_r200.log - INFO - Medium Class Accuracy: [0.0488, 0.13, 0.1673, 0.1653, 0.2552, 0.344, 0.373, 0.4447, 0.3505, 0.214, 0.3372, 0.3038, 0.3172, 0.4983, 0.5058, 0.4813, 0.3945, 0.454, 0.4655, 0.507, 0.4477, 0.5, 0.537, 0.5647, 0.5282, 0.4955, 0.5145, 0.5377, 0.547, 0.5212, 0.5323, 0.5397, 0.514, 0.5505, 0.5347, 0.5162, 0.579, 0.5727, 0.602, 0.582, 0.578, 0.5753, 0.5893, 0.5915, 0.59, 0.6065, 0.6235, 0.588, 0.6128, 0.6188, 0.6335, 0.62, 0.6058, 0.6388, 0.6382, 0.6255, 0.6098, 0.613, 0.6015, 0.6275, 0.621, 0.6178, 0.6425, 0.6315, 0.6248, 0.6445, 0.6295, 0.6158, 0.6345, 0.619, 0.6092, 0.6502, 0.6335, 0.623, 0.6278, 0.6318, 0.6465, 0.6562, 0.631, 0.6392, 0.6475, 0.6597, 0.67, 0.6607, 0.6518, 0.6138, 0.6623, 0.654, 0.6222, 0.6502, 0.6605, 0.6685, 0.6385, 0.6412, 0.655, 0.6495, 0.6613, 0.6693, 0.6452, 0.6332, 0.6538, 0.6365, 0.6613, 0.6605, 0.657, 0.6462, 0.6515, 0.654, 0.6637, 0.6763, 0.6575, 0.6565, 0.6783, 0.6705, 0.6505, 0.6402, 0.6743, 0.67, 0.675, 0.6653, 0.633, 0.6713, 0.6807, 0.6505, 0.6795, 0.6525, 0.6613, 0.6655, 0.6615, 0.6542, 0.666, 0.66, 0.673, 0.6677, 0.6593, 0.686, 0.6625, 0.662, 0.681, 0.6655, 0.6567, 0.6458, 0.6685, 0.6558, 0.666, 0.651, 0.6587, 0.6663, 0.6853, 0.6657, 0.6555, 0.6707, 0.662, 0.6653, 0.664, 0.6555, 0.6565, 0.6657, 0.662, 0.675, 0.664, 0.6593, 0.6577, 0.6605, 0.671, 0.668, 0.6733, 0.6783, 0.6597, 0.639, 0.658, 0.6723, 0.6815, 0.6685, 0.6695, 0.6693, 0.6807, 0.6723, 0.658, 0.663, 0.6895, 0.665, 0.6552, 0.659, 0.6392, 0.6623, 0.6773, 0.6647, 0.6683, 0.6657, 0.6535, 0.6345, 0.65, 0.659, 0.6725, 0.6833, 0.6745, 0.6743, 0.667, 0.6733]
2026-08-19 21:19:28,481 - FINAL_FULL_r200.log - INFO - Minority Class Accuracy: [0.0, 0.0, 0.0, 0.0, 0.0, 0.0273, 0.026, 0.1453, 0.0517, 0.2167, 0.2567, 0.1547, 0.2157, 0.231, 0.288, 0.279, 0.276, 0.1847, 0.1827, 0.2333, 0.3353, 0.3643, 0.3773, 0.4007, 0.455, 0.3187, 0.284, 0.3927, 0.4073, 0.5427, 0.3957, 0.4353, 0.414, 0.4443, 0.377, 0.577, 0.5917, 0.6217, 0.525, 0.6753, 0.5953, 0.6723, 0.633, 0.6553, 0.7213, 0.7287, 0.6073, 0.6777, 0.727, 0.6687, 0.681, 0.6983, 0.67, 0.6263, 0.671, 0.552, 0.6297, 0.6873, 0.7673, 0.6607, 0.7043, 0.7273, 0.6507, 0.7013, 0.7133, 0.6953, 0.7387, 0.7527, 0.7063, 0.65, 0.6973, 0.7303, 0.752, 0.7387, 0.7327, 0.717, 0.7257, 0.758, 0.7397, 0.769, 0.7663, 0.7517, 0.7453, 0.6927, 0.7727, 0.7317, 0.722, 0.7713, 0.7683, 0.7393, 0.754, 0.7387, 0.7607, 0.7933, 0.737, 0.742, 0.7437, 0.763, 0.7817, 0.7857, 0.7667, 0.7783, 0.7797, 0.7857, 0.7653, 0.8027, 0.7933, 0.772, 0.7367, 0.765, 0.7937, 0.7927, 0.757, 0.7327, 0.744, 0.818, 0.8003, 0.763, 0.7947, 0.7653, 0.764, 0.783, 0.7687, 0.7357, 0.7657, 0.8067, 0.772, 0.8123, 0.8003, 0.7843, 0.801, 0.7597, 0.7967, 0.8003, 0.823, 0.7403, 0.8047, 0.8163, 0.7733, 0.791, 0.8053, 0.8103, 0.7977, 0.771, 0.786, 0.8037, 0.7773, 0.7687, 0.7933, 0.79, 0.817, 0.8163, 0.804, 0.8003, 0.8047, 0.7907, 0.8023, 0.7953, 0.8123, 0.7773, 0.788, 0.8163, 0.7647, 0.7977, 0.7923, 0.806, 0.8143, 0.786, 0.797, 0.825, 0.8113, 0.8, 0.807, 0.7913, 0.7997, 0.7893, 0.798, 0.8047, 0.8223, 0.7823, 0.7847, 0.8457, 0.8213, 0.829, 0.831, 0.836, 0.7763, 0.826, 0.805, 0.826, 0.8153, 0.8463, 0.8317, 0.8183, 0.8243, 0.8107, 0.8403, 0.8173, 0.83, 0.8187]
2026-08-19 21:19:28,481 - FINAL_FULL_r200.log - INFO - === Head-Tail Evaluation ===
2026-08-19 21:19:28,481 - FINAL_FULL_r200.log - INFO - Head Accuracy: 0.6371
2026-08-19 21:19:28,481 - FINAL_FULL_r200.log - INFO - Tail Accuracy: 0.8187
2026-08-19 21:19:41,561 - FINAL_FULL_r200.log - INFO - ========== FINISHED ==========
2026-08-19 21:19:41,561 - FINAL_FULL_r200.log - INFO - Final Global: 0.6916
2026-08-19 21:19:41,561 - FINAL_FULL_r200.log - INFO - Final Head: 0.6371
2026-08-19 21:19:41,561 - FINAL_FULL_r200.log - INFO - Final Tail: 0.8187
2026-08-19 21:19:41,561 - FINAL_FULL_r200.log - INFO - Best Tail: 0.8463 @ round 192
