2026-08-19 17:33:48,127 - FINAL_SA_r200.log - INFO - ========== THESIS FINAL FedLF S/C/A ABLATION ==========\nvariant=sa | S=ON | C=OFF | A=ON\nimb_factor:0.01, non_iid:0.5, rs_alpha:0.5\nlr_local_training:0.1 (fixed FedLF baseline LR)\nnum_rounds:200, local_epochs:10\nbatch_size_local_training:32\nnum_online_clients:8\nS semantic_epsilon:0.75\nC confidence_alpha:0.7, warmup:30\nA server_tail_agg_weight:1.5\nbaseline:AdaptiveLogit+LocalCenters+FedDecorr+FedAvg\nformal_protocol:no_test_rollback\n
2026-08-19 17:33:54,145 - FINAL_SA_r200.log - INFO - Global class counts: [5000, 2997, 1796, 1077, 645, 387, 232, 139, 83, 50]
2026-08-19 17:33:54,146 - FINAL_SA_r200.log - INFO - Tail classes (<200): [7, 8, 9]
2026-08-19 17:33:54,176 - FINAL_SA_r200.log - INFO - Round 1 S-diagnostic | score_mean 0.8248 | selected_tail_fraction 0.0314 | participation_range 0-1
2026-08-19 17:33:54,176 - FINAL_SA_r200.log - INFO - Round 1 selected clients: [0, 1, 5, 6, 9, 16, 18, 19]
2026-08-19 17:34:14,808 - FINAL_SA_r200.log - INFO - Round 1 | Global 0.1326 | Head 0.1894 | Tail 0.0000 | Many 0.4223 | Medium 0.0147 | Few 0.0000 | best_tail 0.0000@1 | rollback=False
2026-08-19 17:34:14,808 - FINAL_SA_r200.log - INFO - Round 2 S-diagnostic | score_mean 0.6611 | selected_tail_fraction 0.0210 | participation_range 0-2
2026-08-19 17:34:14,808 - FINAL_SA_r200.log - INFO - Round 2 selected clients: [0, 2, 5, 8, 11, 14, 15, 19]
2026-08-19 17:34:34,494 - FINAL_SA_r200.log - INFO - Round 2 | Global 0.1913 | Head 0.2733 | Tail 0.0000 | Many 0.5667 | Medium 0.0532 | Few 0.0000 | best_tail 0.0000@2 | rollback=False
2026-08-19 17:34:34,494 - FINAL_SA_r200.log - INFO - Round 3 S-diagnostic | score_mean 0.6546 | selected_tail_fraction 0.0214 | participation_range 0-3
2026-08-19 17:34:34,498 - FINAL_SA_r200.log - INFO - Round 3 selected clients: [0, 2, 5, 6, 7, 9, 11, 14]
2026-08-19 17:34:54,324 - FINAL_SA_r200.log - INFO - Round 3 | Global 0.2232 | Head 0.3189 | Tail 0.0000 | Many 0.5937 | Medium 0.1128 | Few 0.0000 | best_tail 0.0000@3 | rollback=False
2026-08-19 17:34:54,326 - FINAL_SA_r200.log - INFO - Round 4 S-diagnostic | score_mean 0.7797 | selected_tail_fraction 0.0276 | participation_range 0-4
2026-08-19 17:34:54,327 - FINAL_SA_r200.log - INFO - Round 4 selected clients: [0, 1, 3, 9, 11, 15, 17, 18]
2026-08-19 17:35:14,777 - FINAL_SA_r200.log - INFO - Round 4 | Global 0.2866 | Head 0.4094 | Tail 0.0000 | Many 0.7163 | Medium 0.1792 | Few 0.0000 | best_tail 0.0000@4 | rollback=False
2026-08-19 17:35:14,779 - FINAL_SA_r200.log - INFO - Round 5 S-diagnostic | score_mean 0.7359 | selected_tail_fraction 0.0252 | participation_range 0-5
2026-08-19 17:35:14,779 - FINAL_SA_r200.log - INFO - Round 5 selected clients: [0, 2, 3, 5, 10, 12, 13, 18]
2026-08-19 17:35:35,263 - FINAL_SA_r200.log - INFO - Round 5 | Global 0.2916 | Head 0.4166 | Tail 0.0000 | Many 0.6903 | Medium 0.2112 | Few 0.0000 | best_tail 0.0000@5 | rollback=False
2026-08-19 17:35:35,265 - FINAL_SA_r200.log - INFO - Round 6 S-diagnostic | score_mean 0.7676 | selected_tail_fraction 0.0355 | participation_range 1-5
2026-08-19 17:35:35,265 - FINAL_SA_r200.log - INFO - Round 6 selected clients: [1, 3, 4, 5, 6, 7, 18, 19]
2026-08-19 17:35:55,926 - FINAL_SA_r200.log - INFO - Round 6 | Global 0.3499 | Head 0.4921 | Tail 0.0180 | Many 0.7393 | Medium 0.3068 | Few 0.0180 | best_tail 0.0180@6 | rollback=False
2026-08-19 17:35:55,926 - FINAL_SA_r200.log - INFO - Round 7 S-diagnostic | score_mean 0.6825 | selected_tail_fraction 0.0226 | participation_range 1-5
2026-08-19 17:35:55,926 - FINAL_SA_r200.log - INFO - Round 7 selected clients: [2, 6, 7, 11, 12, 14, 15, 18]
2026-08-19 17:36:16,008 - FINAL_SA_r200.log - INFO - Round 7 | Global 0.3665 | Head 0.5106 | Tail 0.0303 | Many 0.6967 | Medium 0.3710 | Few 0.0303 | best_tail 0.0303@7 | rollback=False
2026-08-19 17:36:16,009 - FINAL_SA_r200.log - INFO - Round 8 S-diagnostic | score_mean 0.8505 | selected_tail_fraction 0.0304 | participation_range 1-6
2026-08-19 17:36:16,009 - FINAL_SA_r200.log - INFO - Round 8 selected clients: [1, 2, 4, 6, 12, 15, 18, 19]
2026-08-19 17:36:36,601 - FINAL_SA_r200.log - INFO - Round 8 | Global 0.4147 | Head 0.5150 | Tail 0.1807 | Many 0.6590 | Medium 0.4070 | Few 0.1807 | best_tail 0.1807@8 | rollback=False
2026-08-19 17:36:36,602 - FINAL_SA_r200.log - INFO - Round 9 S-diagnostic | score_mean 0.7211 | selected_tail_fraction 0.0214 | participation_range 1-7
2026-08-19 17:36:36,602 - FINAL_SA_r200.log - INFO - Round 9 selected clients: [0, 4, 8, 9, 15, 16, 17, 18]
2026-08-19 17:36:56,994 - FINAL_SA_r200.log - INFO - Round 9 | Global 0.3828 | Head 0.5381 | Tail 0.0203 | Many 0.7717 | Medium 0.3630 | Few 0.0203 | best_tail 0.1807@8 | rollback=False
2026-08-19 17:36:56,994 - FINAL_SA_r200.log - INFO - Round 10 S-diagnostic | score_mean 0.5836 | selected_tail_fraction 0.0101 | participation_range 1-7
2026-08-19 17:36:57,004 - FINAL_SA_r200.log - INFO - Round 10 selected clients: [1, 4, 7, 11, 12, 14, 16, 17]
2026-08-19 17:37:16,860 - FINAL_SA_r200.log - INFO - Round 10 | Global 0.4028 | Head 0.4847 | Tail 0.2117 | Many 0.7673 | Medium 0.2727 | Few 0.2117 | best_tail 0.2117@10 | rollback=False
2026-08-19 17:37:16,886 - FINAL_SA_r200.log - INFO - Global Accuracy: [0.1326, 0.1913, 0.2232, 0.2866, 0.2916, 0.3499, 0.3665, 0.4147, 0.3828, 0.4028]
2026-08-19 17:37:16,886 - FINAL_SA_r200.log - INFO - Majority Class Accuracy: [0.4223, 0.5667, 0.5937, 0.7163, 0.6903, 0.7393, 0.6967, 0.659, 0.7717, 0.7673]
2026-08-19 17:37:16,886 - FINAL_SA_r200.log - INFO - Medium Class Accuracy: [0.0147, 0.0532, 0.1128, 0.1792, 0.2112, 0.3068, 0.371, 0.407, 0.363, 0.2727]
2026-08-19 17:37:16,886 - FINAL_SA_r200.log - INFO - Minority Class Accuracy: [0.0, 0.0, 0.0, 0.0, 0.0, 0.018, 0.0303, 0.1807, 0.0203, 0.2117]
2026-08-19 17:37:16,886 - FINAL_SA_r200.log - INFO - === Head-Tail Evaluation ===
2026-08-19 17:37:16,886 - FINAL_SA_r200.log - INFO - Head Accuracy: 0.4847
2026-08-19 17:37:16,886 - FINAL_SA_r200.log - INFO - Tail Accuracy: 0.2117
2026-08-19 17:37:37,132 - FINAL_SA_r200.log - INFO - Round 11 S-diagnostic | score_mean 0.6672 | selected_tail_fraction 0.0292 | participation_range 1-8
2026-08-19 17:37:37,132 - FINAL_SA_r200.log - INFO - Round 11 selected clients: [5, 6, 8, 11, 13, 16, 18, 19]
2026-08-19 17:37:59,091 - FINAL_SA_r200.log - INFO - Round 11 | Global 0.4536 | Head 0.5284 | Tail 0.2790 | Many 0.7710 | Medium 0.3465 | Few 0.2790 | best_tail 0.2790@11 | rollback=False
2026-08-19 17:37:59,091 - FINAL_SA_r200.log - INFO - Round 12 S-diagnostic | score_mean 0.6212 | selected_tail_fraction 0.0123 | participation_range 1-8
2026-08-19 17:37:59,091 - FINAL_SA_r200.log - INFO - Round 12 selected clients: [1, 8, 9, 12, 13, 14, 16, 17]
2026-08-19 17:38:20,776 - FINAL_SA_r200.log - INFO - Round 12 | Global 0.4255 | Head 0.5343 | Tail 0.1717 | Many 0.8043 | Medium 0.3317 | Few 0.1717 | best_tail 0.2790@11 | rollback=False
2026-08-19 17:38:20,776 - FINAL_SA_r200.log - INFO - Round 13 S-diagnostic | score_mean 0.5987 | selected_tail_fraction 0.0179 | participation_range 1-8
2026-08-19 17:38:20,776 - FINAL_SA_r200.log - INFO - Round 13 selected clients: [1, 4, 6, 7, 8, 12, 14, 17]
2026-08-19 17:38:42,236 - FINAL_SA_r200.log - INFO - Round 13 | Global 0.4377 | Head 0.5303 | Tail 0.2217 | Many 0.7397 | Medium 0.3733 | Few 0.2217 | best_tail 0.2790@11 | rollback=False
2026-08-19 17:38:42,236 - FINAL_SA_r200.log - INFO - Round 14 S-diagnostic | score_mean 0.7181 | selected_tail_fraction 0.0256 | participation_range 1-8
2026-08-19 17:38:42,236 - FINAL_SA_r200.log - INFO - Round 14 selected clients: [2, 3, 4, 5, 6, 12, 13, 14]
2026-08-19 17:39:04,212 - FINAL_SA_r200.log - INFO - Round 14 | Global 0.4823 | Head 0.5911 | Tail 0.2283 | Many 0.7227 | Medium 0.4925 | Few 0.2283 | best_tail 0.2790@11 | rollback=False
2026-08-19 17:39:04,214 - FINAL_SA_r200.log - INFO - Round 15 S-diagnostic | score_mean 0.6997 | selected_tail_fraction 0.0312 | participation_range 2-9
2026-08-19 17:39:04,214 - FINAL_SA_r200.log - INFO - Round 15 selected clients: [3, 4, 6, 8, 10, 15, 18, 19]
2026-08-19 17:39:26,383 - FINAL_SA_r200.log - INFO - Round 15 | Global 0.5008 | Head 0.5849 | Tail 0.3047 | Many 0.7050 | Medium 0.4948 | Few 0.3047 | best_tail 0.3047@15 | rollback=False
2026-08-19 17:39:26,386 - FINAL_SA_r200.log - INFO - Round 16 S-diagnostic | score_mean 0.7325 | selected_tail_fraction 0.0276 | participation_range 2-10
2026-08-19 17:39:26,386 - FINAL_SA_r200.log - INFO - Round 16 selected clients: [0, 6, 9, 12, 13, 14, 17, 18]
2026-08-19 17:39:48,348 - FINAL_SA_r200.log - INFO - Round 16 | Global 0.4996 | Head 0.5933 | Tail 0.2810 | Many 0.7330 | Medium 0.4885 | Few 0.2810 | best_tail 0.3047@15 | rollback=False
2026-08-19 17:39:48,348 - FINAL_SA_r200.log - INFO - Round 17 S-diagnostic | score_mean 0.6173 | selected_tail_fraction 0.0163 | participation_range 3-11
2026-08-19 17:39:48,348 - FINAL_SA_r200.log - INFO - Round 17 selected clients: [1, 3, 6, 9, 10, 13, 14, 16]
2026-08-19 17:40:09,827 - FINAL_SA_r200.log - INFO - Round 17 | Global 0.4675 | Head 0.5661 | Tail 0.2373 | Many 0.7537 | Medium 0.4255 | Few 0.2373 | best_tail 0.3047@15 | rollback=False
2026-08-19 17:40:09,827 - FINAL_SA_r200.log - INFO - Round 18 S-diagnostic | score_mean 0.6642 | selected_tail_fraction 0.0141 | participation_range 4-11
2026-08-19 17:40:09,827 - FINAL_SA_r200.log - INFO - Round 18 selected clients: [4, 9, 10, 12, 13, 15, 16, 17]
2026-08-19 17:40:31,478 - FINAL_SA_r200.log - INFO - Round 18 | Global 0.4818 | Head 0.6306 | Tail 0.1347 | Many 0.7610 | Medium 0.5327 | Few 0.1347 | best_tail 0.3047@15 | rollback=False
2026-08-19 17:40:31,478 - FINAL_SA_r200.log - INFO - Round 19 S-diagnostic | score_mean 0.6730 | selected_tail_fraction 0.0115 | participation_range 4-11
2026-08-19 17:40:31,478 - FINAL_SA_r200.log - INFO - Round 19 selected clients: [0, 1, 2, 4, 5, 8, 11, 12]
2026-08-19 17:40:52,818 - FINAL_SA_r200.log - INFO - Round 19 | Global 0.4955 | Head 0.6169 | Tail 0.2123 | Many 0.7607 | Medium 0.5090 | Few 0.2123 | best_tail 0.3047@15 | rollback=False
2026-08-19 17:40:52,818 - FINAL_SA_r200.log - INFO - Round 20 S-diagnostic | score_mean 0.6474 | selected_tail_fraction 0.0300 | participation_range 4-11
2026-08-19 17:40:52,820 - FINAL_SA_r200.log - INFO - Round 20 selected clients: [3, 4, 5, 7, 11, 14, 17, 19]
2026-08-19 17:41:14,472 - FINAL_SA_r200.log - INFO - Round 20 | Global 0.5025 | Head 0.6037 | Tail 0.2663 | Many 0.7267 | Medium 0.5115 | Few 0.2663 | best_tail 0.3047@15 | rollback=False
2026-08-19 17:41:14,495 - FINAL_SA_r200.log - INFO - Global Accuracy: [0.1326, 0.1913, 0.2232, 0.2866, 0.2916, 0.3499, 0.3665, 0.4147, 0.3828, 0.4028, 0.4536, 0.4255, 0.4377, 0.4823, 0.5008, 0.4996, 0.4675, 0.4818, 0.4955, 0.5025]
2026-08-19 17:41:14,495 - FINAL_SA_r200.log - INFO - Majority Class Accuracy: [0.4223, 0.5667, 0.5937, 0.7163, 0.6903, 0.7393, 0.6967, 0.659, 0.7717, 0.7673, 0.771, 0.8043, 0.7397, 0.7227, 0.705, 0.733, 0.7537, 0.761, 0.7607, 0.7267]
2026-08-19 17:41:14,496 - FINAL_SA_r200.log - INFO - Medium Class Accuracy: [0.0147, 0.0532, 0.1128, 0.1792, 0.2112, 0.3068, 0.371, 0.407, 0.363, 0.2727, 0.3465, 0.3317, 0.3733, 0.4925, 0.4948, 0.4885, 0.4255, 0.5327, 0.509, 0.5115]
2026-08-19 17:41:14,497 - FINAL_SA_r200.log - INFO - Minority Class Accuracy: [0.0, 0.0, 0.0, 0.0, 0.0, 0.018, 0.0303, 0.1807, 0.0203, 0.2117, 0.279, 0.1717, 0.2217, 0.2283, 0.3047, 0.281, 0.2373, 0.1347, 0.2123, 0.2663]
2026-08-19 17:41:14,497 - FINAL_SA_r200.log - INFO - === Head-Tail Evaluation ===
2026-08-19 17:41:14,497 - FINAL_SA_r200.log - INFO - Head Accuracy: 0.6037
2026-08-19 17:41:14,498 - FINAL_SA_r200.log - INFO - Tail Accuracy: 0.2663
2026-08-19 17:41:27,202 - FINAL_SA_r200.log - INFO - Round 21 S-diagnostic | score_mean 0.6792 | selected_tail_fraction 0.0254 | participation_range 4-11
2026-08-19 17:41:27,202 - FINAL_SA_r200.log - INFO - Round 21 selected clients: [3, 4, 7, 14, 15, 16, 17, 18]
2026-08-19 17:41:49,210 - FINAL_SA_r200.log - INFO - Round 21 | Global 0.5234 | Head 0.6164 | Tail 0.3063 | Many 0.7367 | Medium 0.5262 | Few 0.3063 | best_tail 0.3063@21 | rollback=False
2026-08-19 17:41:49,210 - FINAL_SA_r200.log - INFO - Round 22 S-diagnostic | score_mean 0.6808 | selected_tail_fraction 0.0203 | participation_range 5-12
2026-08-19 17:41:49,210 - FINAL_SA_r200.log - INFO - Round 22 selected clients: [0, 3, 4, 5, 10, 12, 14, 19]
2026-08-19 17:42:10,874 - FINAL_SA_r200.log - INFO - Round 22 | Global 0.5274 | Head 0.5973 | Tail 0.3643 | Many 0.7190 | Medium 0.5060 | Few 0.3643 | best_tail 0.3643@22 | rollback=False
2026-08-19 17:42:10,874 - FINAL_SA_r200.log - INFO - Round 23 S-diagnostic | score_mean 0.7610 | selected_tail_fraction 0.0173 | participation_range 5-13
2026-08-19 17:42:10,874 - FINAL_SA_r200.log - INFO - Round 23 selected clients: [1, 2, 4, 7, 9, 12, 15, 19]
2026-08-19 17:42:30,963 - FINAL_SA_r200.log - INFO - Round 23 | Global 0.5505 | Head 0.6284 | Tail 0.3687 | Many 0.7123 | Medium 0.5655 | Few 0.3687 | best_tail 0.3687@23 | rollback=False
2026-08-19 17:42:30,963 - FINAL_SA_r200.log - INFO - Round 24 S-diagnostic | score_mean 0.7483 | selected_tail_fraction 0.0324 | participation_range 5-13
2026-08-19 17:42:30,963 - FINAL_SA_r200.log - INFO - Round 24 selected clients: [3, 5, 6, 9, 11, 12, 14, 17]
2026-08-19 17:42:50,831 - FINAL_SA_r200.log - INFO - Round 24 | Global 0.5487 | Head 0.6284 | Tail 0.3627 | Many 0.7297 | Medium 0.5525 | Few 0.3627 | best_tail 0.3687@23 | rollback=False
2026-08-19 17:42:50,831 - FINAL_SA_r200.log - INFO - Round 25 S-diagnostic | score_mean 0.6225 | selected_tail_fraction 0.0240 | participation_range 5-14
2026-08-19 17:42:50,831 - FINAL_SA_r200.log - INFO - Round 25 selected clients: [0, 3, 4, 7, 11, 13, 17, 19]
2026-08-19 17:43:10,158 - FINAL_SA_r200.log - INFO - Round 25 | Global 0.5572 | Head 0.6043 | Tail 0.4473 | Many 0.7237 | Medium 0.5148 | Few 0.4473 | best_tail 0.4473@25 | rollback=False
2026-08-19 17:43:10,158 - FINAL_SA_r200.log - INFO - Round 26 S-diagnostic | score_mean 0.5480 | selected_tail_fraction 0.0177 | participation_range 5-14
2026-08-19 17:43:10,158 - FINAL_SA_r200.log - INFO - Round 26 selected clients: [1, 6, 7, 8, 13, 14, 16, 17]
2026-08-19 17:43:29,198 - FINAL_SA_r200.log - INFO - Round 26 | Global 0.5282 | Head 0.6163 | Tail 0.3227 | Many 0.7857 | Medium 0.4893 | Few 0.3227 | best_tail 0.4473@25 | rollback=False
2026-08-19 17:43:29,198 - FINAL_SA_r200.log - INFO - Round 27 S-diagnostic | score_mean 0.5592 | selected_tail_fraction 0.0181 | participation_range 6-14
2026-08-19 17:43:29,198 - FINAL_SA_r200.log - INFO - Round 27 selected clients: [5, 7, 8, 9, 10, 13, 16, 17]
2026-08-19 17:43:48,427 - FINAL_SA_r200.log - INFO - Round 27 | Global 0.5333 | Head 0.6366 | Tail 0.2923 | Many 0.7800 | Medium 0.5290 | Few 0.2923 | best_tail 0.4473@25 | rollback=False
2026-08-19 17:43:48,427 - FINAL_SA_r200.log - INFO - Round 28 S-diagnostic | score_mean 0.6678 | selected_tail_fraction 0.0155 | participation_range 7-15
2026-08-19 17:43:48,427 - FINAL_SA_r200.log - INFO - Round 28 selected clients: [0, 2, 4, 6, 7, 9, 10, 12]
2026-08-19 17:44:07,876 - FINAL_SA_r200.log - INFO - Round 28 | Global 0.5472 | Head 0.6403 | Tail 0.3300 | Many 0.7730 | Medium 0.5407 | Few 0.3300 | best_tail 0.4473@25 | rollback=False
2026-08-19 17:44:07,876 - FINAL_SA_r200.log - INFO - Round 29 S-diagnostic | score_mean 0.6230 | selected_tail_fraction 0.0300 | participation_range 8-16
2026-08-19 17:44:07,876 - FINAL_SA_r200.log - INFO - Round 29 selected clients: [3, 4, 5, 6, 7, 10, 14, 17]
2026-08-19 17:44:27,427 - FINAL_SA_r200.log - INFO - Round 29 | Global 0.5570 | Head 0.6343 | Tail 0.3767 | Many 0.7107 | Medium 0.5770 | Few 0.3767 | best_tail 0.4473@25 | rollback=False
2026-08-19 17:44:27,433 - FINAL_SA_r200.log - INFO - Round 30 S-diagnostic | score_mean 0.7034 | selected_tail_fraction 0.0274 | participation_range 8-16
2026-08-19 17:44:27,433 - FINAL_SA_r200.log - INFO - Round 30 selected clients: [0, 6, 11, 14, 15, 16, 17, 19]
2026-08-19 17:44:46,691 - FINAL_SA_r200.log - INFO - Round 30 | Global 0.5802 | Head 0.6326 | Tail 0.4580 | Many 0.7273 | Medium 0.5615 | Few 0.4580 | best_tail 0.4580@30 | rollback=False
2026-08-19 17:44:46,710 - FINAL_SA_r200.log - INFO - Global Accuracy: [0.1326, 0.1913, 0.2232, 0.2866, 0.2916, 0.3499, 0.3665, 0.4147, 0.3828, 0.4028, 0.4536, 0.4255, 0.4377, 0.4823, 0.5008, 0.4996, 0.4675, 0.4818, 0.4955, 0.5025, 0.5234, 0.5274, 0.5505, 0.5487, 0.5572, 0.5282, 0.5333, 0.5472, 0.557, 0.5802]
2026-08-19 17:44:46,710 - FINAL_SA_r200.log - INFO - Majority Class Accuracy: [0.4223, 0.5667, 0.5937, 0.7163, 0.6903, 0.7393, 0.6967, 0.659, 0.7717, 0.7673, 0.771, 0.8043, 0.7397, 0.7227, 0.705, 0.733, 0.7537, 0.761, 0.7607, 0.7267, 0.7367, 0.719, 0.7123, 0.7297, 0.7237, 0.7857, 0.78, 0.773, 0.7107, 0.7273]
2026-08-19 17:44:46,710 - FINAL_SA_r200.log - INFO - Medium Class Accuracy: [0.0147, 0.0532, 0.1128, 0.1792, 0.2112, 0.3068, 0.371, 0.407, 0.363, 0.2727, 0.3465, 0.3317, 0.3733, 0.4925, 0.4948, 0.4885, 0.4255, 0.5327, 0.509, 0.5115, 0.5262, 0.506, 0.5655, 0.5525, 0.5148, 0.4893, 0.529, 0.5407, 0.577, 0.5615]
2026-08-19 17:44:46,711 - FINAL_SA_r200.log - INFO - Minority Class Accuracy: [0.0, 0.0, 0.0, 0.0, 0.0, 0.018, 0.0303, 0.1807, 0.0203, 0.2117, 0.279, 0.1717, 0.2217, 0.2283, 0.3047, 0.281, 0.2373, 0.1347, 0.2123, 0.2663, 0.3063, 0.3643, 0.3687, 0.3627, 0.4473, 0.3227, 0.2923, 0.33, 0.3767, 0.458]
2026-08-19 17:44:46,711 - FINAL_SA_r200.log - INFO - === Head-Tail Evaluation ===
2026-08-19 17:44:46,711 - FINAL_SA_r200.log - INFO - Head Accuracy: 0.6326
2026-08-19 17:44:46,711 - FINAL_SA_r200.log - INFO - Tail Accuracy: 0.4580
2026-08-19 17:44:59,479 - FINAL_SA_r200.log - INFO - Round 31 S-diagnostic | score_mean 0.5449 | selected_tail_fraction 0.0054 | participation_range 9-16
2026-08-19 17:44:59,479 - FINAL_SA_r200.log - INFO - Round 31 selected clients: [1, 2, 7, 8, 10, 12, 13, 16]
2026-08-19 17:45:18,742 - FINAL_SA_r200.log - INFO - Round 31 | Global 0.5552 | Head 0.6280 | Tail 0.3853 | Many 0.7120 | Medium 0.5650 | Few 0.3853 | best_tail 0.4580@30 | rollback=False
2026-08-19 17:45:18,752 - FINAL_SA_r200.log - INFO - Round 32 S-diagnostic | score_mean 0.7022 | selected_tail_fraction 0.0159 | participation_range 9-16
2026-08-19 17:45:18,753 - FINAL_SA_r200.log - INFO - Round 32 selected clients: [0, 1, 5, 7, 12, 13, 15, 19]
2026-08-19 17:45:37,923 - FINAL_SA_r200.log - INFO - Round 32 | Global 0.5827 | Head 0.6281 | Tail 0.4767 | Many 0.7683 | Medium 0.5230 | Few 0.4767 | best_tail 0.4767@32 | rollback=False
2026-08-19 17:45:37,933 - FINAL_SA_r200.log - INFO - Round 33 S-diagnostic | score_mean 0.6060 | selected_tail_fraction 0.0173 | participation_range 9-17
2026-08-19 17:45:37,933 - FINAL_SA_r200.log - INFO - Round 33 selected clients: [1, 4, 8, 11, 13, 16, 17, 18]
2026-08-19 17:45:56,831 - FINAL_SA_r200.log - INFO - Round 33 | Global 0.5689 | Head 0.6376 | Tail 0.4087 | Many 0.7933 | Medium 0.5208 | Few 0.4087 | best_tail 0.4767@32 | rollback=False
2026-08-19 17:45:56,831 - FINAL_SA_r200.log - INFO - Round 34 S-diagnostic | score_mean 0.6492 | selected_tail_fraction 0.0214 | participation_range 10-17
2026-08-19 17:45:56,831 - FINAL_SA_r200.log - INFO - Round 34 selected clients: [1, 8, 9, 10, 14, 15, 17, 18]
2026-08-19 17:46:15,959 - FINAL_SA_r200.log - INFO - Round 34 | Global 0.5805 | Head 0.6327 | Tail 0.4587 | Many 0.7070 | Medium 0.5770 | Few 0.4587 | best_tail 0.4767@32 | rollback=False
2026-08-19 17:46:15,968 - FINAL_SA_r200.log - INFO - Round 35 S-diagnostic | score_mean 0.6739 | selected_tail_fraction 0.0103 | participation_range 10-17
2026-08-19 17:46:15,968 - FINAL_SA_r200.log - INFO - Round 35 selected clients: [0, 1, 6, 9, 11, 12, 13, 16]
2026-08-19 17:46:34,994 - FINAL_SA_r200.log - INFO - Round 35 | Global 0.5572 | Head 0.6376 | Tail 0.3697 | Many 0.7923 | Medium 0.5215 | Few 0.3697 | best_tail 0.4767@32 | rollback=False
2026-08-19 17:46:34,994 - FINAL_SA_r200.log - INFO - Round 36 S-diagnostic | score_mean 0.6603 | selected_tail_fraction 0.0254 | participation_range 10-18
2026-08-19 17:46:34,994 - FINAL_SA_r200.log - INFO - Round 36 selected clients: [1, 6, 7, 8, 9, 13, 18, 19]
2026-08-19 17:46:55,032 - FINAL_SA_r200.log - INFO - Round 36 | Global 0.5894 | Head 0.6040 | Tail 0.5553 | Many 0.6827 | Medium 0.5450 | Few 0.5553 | best_tail 0.5553@36 | rollback=False
2026-08-19 17:46:55,032 - FINAL_SA_r200.log - INFO - Round 37 S-diagnostic | score_mean 0.7285 | selected_tail_fraction 0.0199 | participation_range 11-18
2026-08-19 17:46:55,032 - FINAL_SA_r200.log - INFO - Round 37 selected clients: [1, 2, 3, 5, 9, 10, 12, 14]
2026-08-19 17:47:16,484 - FINAL_SA_r200.log - INFO - Round 37 | Global 0.6249 | Head 0.6240 | Tail 0.6270 | Many 0.6447 | Medium 0.6085 | Few 0.6270 | best_tail 0.6270@37 | rollback=False
2026-08-19 17:47:16,484 - FINAL_SA_r200.log - INFO - Round 38 S-diagnostic | score_mean 0.7156 | selected_tail_fraction 0.0232 | participation_range 11-19
2026-08-19 17:47:16,484 - FINAL_SA_r200.log - INFO - Round 38 selected clients: [0, 2, 5, 7, 8, 12, 15, 17]
2026-08-19 17:47:37,869 - FINAL_SA_r200.log - INFO - Round 38 | Global 0.6202 | Head 0.6454 | Tail 0.5613 | Many 0.6820 | Medium 0.6180 | Few 0.5613 | best_tail 0.6270@37 | rollback=False
2026-08-19 17:47:37,871 - FINAL_SA_r200.log - INFO - Round 39 S-diagnostic | score_mean 0.6322 | selected_tail_fraction 0.0258 | participation_range 12-19
2026-08-19 17:47:37,871 - FINAL_SA_r200.log - INFO - Round 39 selected clients: [0, 3, 6, 7, 10, 11, 15, 17]
2026-08-19 17:47:59,009 - FINAL_SA_r200.log - INFO - Round 39 | Global 0.6100 | Head 0.6403 | Tail 0.5393 | Many 0.6903 | Medium 0.6028 | Few 0.5393 | best_tail 0.6270@37 | rollback=False
2026-08-19 17:47:59,011 - FINAL_SA_r200.log - INFO - Round 40 S-diagnostic | score_mean 0.6508 | selected_tail_fraction 0.0268 | participation_range 12-20
2026-08-19 17:47:59,011 - FINAL_SA_r200.log - INFO - Round 40 selected clients: [2, 3, 6, 7, 8, 14, 16, 18]
2026-08-19 17:48:20,368 - FINAL_SA_r200.log - INFO - Round 40 | Global 0.6270 | Head 0.6207 | Tail 0.6417 | Many 0.6480 | Medium 0.6002 | Few 0.6417 | best_tail 0.6417@40 | rollback=False
2026-08-19 17:48:20,388 - FINAL_SA_r200.log - INFO - Global Accuracy: [0.1326, 0.1913, 0.2232, 0.2866, 0.2916, 0.3499, 0.3665, 0.4147, 0.3828, 0.4028, 0.4536, 0.4255, 0.4377, 0.4823, 0.5008, 0.4996, 0.4675, 0.4818, 0.4955, 0.5025, 0.5234, 0.5274, 0.5505, 0.5487, 0.5572, 0.5282, 0.5333, 0.5472, 0.557, 0.5802, 0.5552, 0.5827, 0.5689, 0.5805, 0.5572, 0.5894, 0.6249, 0.6202, 0.61, 0.627]
2026-08-19 17:48:20,388 - FINAL_SA_r200.log - INFO - Majority Class Accuracy: [0.4223, 0.5667, 0.5937, 0.7163, 0.6903, 0.7393, 0.6967, 0.659, 0.7717, 0.7673, 0.771, 0.8043, 0.7397, 0.7227, 0.705, 0.733, 0.7537, 0.761, 0.7607, 0.7267, 0.7367, 0.719, 0.7123, 0.7297, 0.7237, 0.7857, 0.78, 0.773, 0.7107, 0.7273, 0.712, 0.7683, 0.7933, 0.707, 0.7923, 0.6827, 0.6447, 0.682, 0.6903, 0.648]
2026-08-19 17:48:20,388 - FINAL_SA_r200.log - INFO - Medium Class Accuracy: [0.0147, 0.0532, 0.1128, 0.1792, 0.2112, 0.3068, 0.371, 0.407, 0.363, 0.2727, 0.3465, 0.3317, 0.3733, 0.4925, 0.4948, 0.4885, 0.4255, 0.5327, 0.509, 0.5115, 0.5262, 0.506, 0.5655, 0.5525, 0.5148, 0.4893, 0.529, 0.5407, 0.577, 0.5615, 0.565, 0.523, 0.5208, 0.577, 0.5215, 0.545, 0.6085, 0.618, 0.6028, 0.6002]
2026-08-19 17:48:20,388 - FINAL_SA_r200.log - INFO - Minority Class Accuracy: [0.0, 0.0, 0.0, 0.0, 0.0, 0.018, 0.0303, 0.1807, 0.0203, 0.2117, 0.279, 0.1717, 0.2217, 0.2283, 0.3047, 0.281, 0.2373, 0.1347, 0.2123, 0.2663, 0.3063, 0.3643, 0.3687, 0.3627, 0.4473, 0.3227, 0.2923, 0.33, 0.3767, 0.458, 0.3853, 0.4767, 0.4087, 0.4587, 0.3697, 0.5553, 0.627, 0.5613, 0.5393, 0.6417]
2026-08-19 17:48:20,388 - FINAL_SA_r200.log - INFO - === Head-Tail Evaluation ===
2026-08-19 17:48:20,388 - FINAL_SA_r200.log - INFO - Head Accuracy: 0.6207
2026-08-19 17:48:20,388 - FINAL_SA_r200.log - INFO - Tail Accuracy: 0.6417
2026-08-19 17:48:33,175 - FINAL_SA_r200.log - INFO - Round 41 S-diagnostic | score_mean 0.5656 | selected_tail_fraction 0.0155 | participation_range 13-20
2026-08-19 17:48:33,175 - FINAL_SA_r200.log - INFO - Round 41 selected clients: [1, 3, 7, 8, 10, 14, 15, 18]
2026-08-19 17:48:54,135 - FINAL_SA_r200.log - INFO - Round 41 | Global 0.6092 | Head 0.6094 | Tail 0.6087 | Many 0.6893 | Medium 0.5495 | Few 0.6087 | best_tail 0.6417@40 | rollback=False
2026-08-19 17:48:54,135 - FINAL_SA_r200.log - INFO - Round 42 S-diagnostic | score_mean 0.7845 | selected_tail_fraction 0.0351 | participation_range 14-21
2026-08-19 17:48:54,135 - FINAL_SA_r200.log - INFO - Round 42 selected clients: [2, 3, 4, 5, 6, 10, 15, 19]
2026-08-19 17:49:15,917 - FINAL_SA_r200.log - INFO - Round 42 | Global 0.6161 | Head 0.5940 | Tail 0.6677 | Many 0.5597 | Medium 0.6198 | Few 0.6677 | best_tail 0.6677@42 | rollback=False
2026-08-19 17:49:15,917 - FINAL_SA_r200.log - INFO - Round 43 S-diagnostic | score_mean 0.6217 | selected_tail_fraction 0.0103 | participation_range 14-21
2026-08-19 17:49:15,917 - FINAL_SA_r200.log - INFO - Round 43 selected clients: [0, 1, 8, 9, 10, 11, 12, 19]
2026-08-19 17:49:36,882 - FINAL_SA_r200.log - INFO - Round 43 | Global 0.6354 | Head 0.6344 | Tail 0.6377 | Many 0.6847 | Medium 0.5968 | Few 0.6377 | best_tail 0.6677@42 | rollback=False
2026-08-19 17:49:36,882 - FINAL_SA_r200.log - INFO - Round 44 S-diagnostic | score_mean 0.7152 | selected_tail_fraction 0.0173 | participation_range 14-21
2026-08-19 17:49:36,882 - FINAL_SA_r200.log - INFO - Round 44 selected clients: [1, 11, 12, 14, 15, 16, 18, 19]
2026-08-19 17:49:58,199 - FINAL_SA_r200.log - INFO - Round 44 | Global 0.6339 | Head 0.6151 | Tail 0.6777 | Many 0.6583 | Medium 0.5827 | Few 0.6777 | best_tail 0.6777@44 | rollback=False
2026-08-19 17:49:58,199 - FINAL_SA_r200.log - INFO - Round 45 S-diagnostic | score_mean 0.8149 | selected_tail_fraction 0.0344 | participation_range 15-22
2026-08-19 17:49:58,199 - FINAL_SA_r200.log - INFO - Round 45 selected clients: [0, 1, 2, 5, 6, 13, 18, 19]
2026-08-19 17:50:19,430 - FINAL_SA_r200.log - INFO - Round 45 | Global 0.5960 | Head 0.5411 | Tail 0.7240 | Many 0.4907 | Medium 0.5790 | Few 0.7240 | best_tail 0.7240@45 | rollback=False
2026-08-19 17:50:19,430 - FINAL_SA_r200.log - INFO - Round 46 S-diagnostic | score_mean 0.7274 | selected_tail_fraction 0.0290 | participation_range 15-23
2026-08-19 17:50:19,430 - FINAL_SA_r200.log - INFO - Round 46 selected clients: [2, 3, 6, 7, 9, 14, 16, 18]
2026-08-19 17:50:41,006 - FINAL_SA_r200.log - INFO - Round 46 | Global 0.6345 | Head 0.6253 | Tail 0.6560 | Many 0.6617 | Medium 0.5980 | Few 0.6560 | best_tail 0.7240@45 | rollback=False
2026-08-19 17:50:41,016 - FINAL_SA_r200.log - INFO - Round 47 S-diagnostic | score_mean 0.7776 | selected_tail_fraction 0.0246 | participation_range 15-24
2026-08-19 17:50:41,016 - FINAL_SA_r200.log - INFO - Round 47 selected clients: [1, 2, 4, 6, 9, 13, 15, 18]
2026-08-19 17:51:02,434 - FINAL_SA_r200.log - INFO - Round 47 | Global 0.6269 | Head 0.6259 | Tail 0.6293 | Many 0.6377 | Medium 0.6170 | Few 0.6293 | best_tail 0.7240@45 | rollback=False
2026-08-19 17:51:02,434 - FINAL_SA_r200.log - INFO - Round 48 S-diagnostic | score_mean 0.7530 | selected_tail_fraction 0.0298 | participation_range 16-25
2026-08-19 17:51:02,434 - FINAL_SA_r200.log - INFO - Round 48 selected clients: [0, 3, 4, 5, 6, 9, 10, 18]
2026-08-19 17:51:24,235 - FINAL_SA_r200.log - INFO - Round 48 | Global 0.6264 | Head 0.6184 | Tail 0.6450 | Many 0.6140 | Medium 0.6218 | Few 0.6450 | best_tail 0.7240@45 | rollback=False
2026-08-19 17:51:24,235 - FINAL_SA_r200.log - INFO - Round 49 S-diagnostic | score_mean 0.6601 | selected_tail_fraction 0.0195 | participation_range 16-25
2026-08-19 17:51:24,235 - FINAL_SA_r200.log - INFO - Round 49 selected clients: [1, 2, 3, 7, 8, 11, 12, 19]
2026-08-19 17:51:43,917 - FINAL_SA_r200.log - INFO - Round 49 | Global 0.6407 | Head 0.6019 | Tail 0.7313 | Many 0.5733 | Medium 0.6232 | Few 0.7313 | best_tail 0.7313@49 | rollback=False
2026-08-19 17:51:43,917 - FINAL_SA_r200.log - INFO - Round 50 S-diagnostic | score_mean 0.6941 | selected_tail_fraction 0.0256 | participation_range 16-26
2026-08-19 17:51:43,917 - FINAL_SA_r200.log - INFO - Round 50 selected clients: [6, 9, 11, 12, 13, 14, 18, 19]
2026-08-19 17:52:03,501 - FINAL_SA_r200.log - INFO - Round 50 | Global 0.6260 | Head 0.6049 | Tail 0.6753 | Many 0.5840 | Medium 0.6205 | Few 0.6753 | best_tail 0.7313@49 | rollback=False
2026-08-19 17:52:03,531 - FINAL_SA_r200.log - INFO - Global Accuracy: [0.1326, 0.1913, 0.2232, 0.2866, 0.2916, 0.3499, 0.3665, 0.4147, 0.3828, 0.4028, 0.4536, 0.4255, 0.4377, 0.4823, 0.5008, 0.4996, 0.4675, 0.4818, 0.4955, 0.5025, 0.5234, 0.5274, 0.5505, 0.5487, 0.5572, 0.5282, 0.5333, 0.5472, 0.557, 0.5802, 0.5552, 0.5827, 0.5689, 0.5805, 0.5572, 0.5894, 0.6249, 0.6202, 0.61, 0.627, 0.6092, 0.6161, 0.6354, 0.6339, 0.596, 0.6345, 0.6269, 0.6264, 0.6407, 0.626]
2026-08-19 17:52:03,531 - FINAL_SA_r200.log - INFO - Majority Class Accuracy: [0.4223, 0.5667, 0.5937, 0.7163, 0.6903, 0.7393, 0.6967, 0.659, 0.7717, 0.7673, 0.771, 0.8043, 0.7397, 0.7227, 0.705, 0.733, 0.7537, 0.761, 0.7607, 0.7267, 0.7367, 0.719, 0.7123, 0.7297, 0.7237, 0.7857, 0.78, 0.773, 0.7107, 0.7273, 0.712, 0.7683, 0.7933, 0.707, 0.7923, 0.6827, 0.6447, 0.682, 0.6903, 0.648, 0.6893, 0.5597, 0.6847, 0.6583, 0.4907, 0.6617, 0.6377, 0.614, 0.5733, 0.584]
2026-08-19 17:52:03,531 - FINAL_SA_r200.log - INFO - Medium Class Accuracy: [0.0147, 0.0532, 0.1128, 0.1792, 0.2112, 0.3068, 0.371, 0.407, 0.363, 0.2727, 0.3465, 0.3317, 0.3733, 0.4925, 0.4948, 0.4885, 0.4255, 0.5327, 0.509, 0.5115, 0.5262, 0.506, 0.5655, 0.5525, 0.5148, 0.4893, 0.529, 0.5407, 0.577, 0.5615, 0.565, 0.523, 0.5208, 0.577, 0.5215, 0.545, 0.6085, 0.618, 0.6028, 0.6002, 0.5495, 0.6198, 0.5968, 0.5827, 0.579, 0.598, 0.617, 0.6218, 0.6232, 0.6205]
2026-08-19 17:52:03,531 - FINAL_SA_r200.log - INFO - Minority Class Accuracy: [0.0, 0.0, 0.0, 0.0, 0.0, 0.018, 0.0303, 0.1807, 0.0203, 0.2117, 0.279, 0.1717, 0.2217, 0.2283, 0.3047, 0.281, 0.2373, 0.1347, 0.2123, 0.2663, 0.3063, 0.3643, 0.3687, 0.3627, 0.4473, 0.3227, 0.2923, 0.33, 0.3767, 0.458, 0.3853, 0.4767, 0.4087, 0.4587, 0.3697, 0.5553, 0.627, 0.5613, 0.5393, 0.6417, 0.6087, 0.6677, 0.6377, 0.6777, 0.724, 0.656, 0.6293, 0.645, 0.7313, 0.6753]
2026-08-19 17:52:03,531 - FINAL_SA_r200.log - INFO - === Head-Tail Evaluation ===
2026-08-19 17:52:03,531 - FINAL_SA_r200.log - INFO - Head Accuracy: 0.6049
2026-08-19 17:52:03,531 - FINAL_SA_r200.log - INFO - Tail Accuracy: 0.6753
2026-08-19 17:52:16,047 - FINAL_SA_r200.log - INFO - Round 51 S-diagnostic | score_mean 0.7378 | selected_tail_fraction 0.0216 | participation_range 17-26
2026-08-19 17:52:16,047 - FINAL_SA_r200.log - INFO - Round 51 selected clients: [1, 2, 5, 9, 10, 12, 14, 19]
2026-08-19 17:52:36,003 - FINAL_SA_r200.log - INFO - Round 51 | Global 0.6464 | Head 0.6246 | Tail 0.6973 | Many 0.6227 | Medium 0.6260 | Few 0.6973 | best_tail 0.7313@49 | rollback=False
2026-08-19 17:52:36,003 - FINAL_SA_r200.log - INFO - Round 52 S-diagnostic | score_mean 0.7699 | selected_tail_fraction 0.0276 | participation_range 17-26
2026-08-19 17:52:36,003 - FINAL_SA_r200.log - INFO - Round 52 selected clients: [4, 9, 11, 12, 16, 17, 18, 19]
2026-08-19 17:52:55,869 - FINAL_SA_r200.log - INFO - Round 52 | Global 0.6609 | Head 0.6474 | Tail 0.6923 | Many 0.6687 | Medium 0.6315 | Few 0.6923 | best_tail 0.7313@49 | rollback=False
2026-08-19 17:52:55,869 - FINAL_SA_r200.log - INFO - Round 53 S-diagnostic | score_mean 0.5807 | selected_tail_fraction 0.0163 | participation_range 17-26
2026-08-19 17:52:55,869 - FINAL_SA_r200.log - INFO - Round 53 selected clients: [1, 3, 7, 8, 9, 11, 13, 19]
2026-08-19 17:53:15,003 - FINAL_SA_r200.log - INFO - Round 53 | Global 0.6462 | Head 0.6343 | Tail 0.6740 | Many 0.6687 | Medium 0.6085 | Few 0.6740 | best_tail 0.7313@49 | rollback=False
2026-08-19 17:53:15,003 - FINAL_SA_r200.log - INFO - Round 54 S-diagnostic | score_mean 0.6886 | selected_tail_fraction 0.0171 | participation_range 17-27
2026-08-19 17:53:15,003 - FINAL_SA_r200.log - INFO - Round 54 selected clients: [1, 2, 7, 8, 12, 15, 16, 17]
2026-08-19 17:53:34,480 - FINAL_SA_r200.log - INFO - Round 54 | Global 0.6588 | Head 0.6570 | Tail 0.6630 | Many 0.6787 | Medium 0.6408 | Few 0.6630 | best_tail 0.7313@49 | rollback=False
2026-08-19 17:53:34,480 - FINAL_SA_r200.log - INFO - Round 55 S-diagnostic | score_mean 0.7787 | selected_tail_fraction 0.0282 | participation_range 17-27
2026-08-19 17:53:34,480 - FINAL_SA_r200.log - INFO - Round 55 selected clients: [3, 6, 9, 11, 12, 15, 16, 17]
2026-08-19 17:53:54,276 - FINAL_SA_r200.log - INFO - Round 55 | Global 0.6542 | Head 0.6639 | Tail 0.6317 | Many 0.7110 | Medium 0.6285 | Few 0.6317 | best_tail 0.7313@49 | rollback=False
2026-08-19 17:53:54,276 - FINAL_SA_r200.log - INFO - Round 56 S-diagnostic | score_mean 0.6183 | selected_tail_fraction 0.0177 | participation_range 17-27
2026-08-19 17:53:54,276 - FINAL_SA_r200.log - INFO - Round 56 selected clients: [0, 5, 7, 11, 14, 15, 16, 17]
2026-08-19 17:54:13,432 - FINAL_SA_r200.log - INFO - Round 56 | Global 0.6453 | Head 0.6771 | Tail 0.5710 | Many 0.7330 | Medium 0.6352 | Few 0.5710 | best_tail 0.7313@49 | rollback=False
2026-08-19 17:54:13,432 - FINAL_SA_r200.log - INFO - Round 57 S-diagnostic | score_mean 0.5776 | selected_tail_fraction 0.0163 | participation_range 17-27
2026-08-19 17:54:13,432 - FINAL_SA_r200.log - INFO - Round 57 selected clients: [3, 8, 9, 11, 13, 14, 16, 19]
2026-08-19 17:54:32,534 - FINAL_SA_r200.log - INFO - Round 57 | Global 0.6597 | Head 0.6679 | Tail 0.6407 | Many 0.7187 | Medium 0.6298 | Few 0.6407 | best_tail 0.7313@49 | rollback=False
2026-08-19 17:54:32,534 - FINAL_SA_r200.log - INFO - Round 58 S-diagnostic | score_mean 0.7324 | selected_tail_fraction 0.0214 | participation_range 18-28
2026-08-19 17:54:32,534 - FINAL_SA_r200.log - INFO - Round 58 selected clients: [1, 2, 3, 10, 12, 13, 15, 19]
2026-08-19 17:54:52,006 - FINAL_SA_r200.log - INFO - Round 58 | Global 0.6352 | Head 0.6173 | Tail 0.6770 | Many 0.5733 | Medium 0.6502 | Few 0.6770 | best_tail 0.7313@49 | rollback=False
2026-08-19 17:54:52,006 - FINAL_SA_r200.log - INFO - Round 59 S-diagnostic | score_mean 0.7979 | selected_tail_fraction 0.0383 | participation_range 19-29
2026-08-19 17:54:52,006 - FINAL_SA_r200.log - INFO - Round 59 selected clients: [1, 2, 6, 10, 16, 17, 18, 19]
2026-08-19 17:55:11,652 - FINAL_SA_r200.log - INFO - Round 59 | Global 0.6547 | Head 0.6113 | Tail 0.7560 | Many 0.5713 | Medium 0.6412 | Few 0.7560 | best_tail 0.7560@59 | rollback=False
2026-08-19 17:55:11,652 - FINAL_SA_r200.log - INFO - Round 60 S-diagnostic | score_mean 0.6052 | selected_tail_fraction 0.0071 | participation_range 19-30
2026-08-19 17:55:11,652 - FINAL_SA_r200.log - INFO - Round 60 selected clients: [0, 1, 2, 8, 13, 14, 15, 16]
2026-08-19 17:55:30,736 - FINAL_SA_r200.log - INFO - Round 60 | Global 0.6408 | Head 0.6360 | Tail 0.6520 | Many 0.6400 | Medium 0.6330 | Few 0.6520 | best_tail 0.7560@59 | rollback=False
2026-08-19 17:55:30,762 - FINAL_SA_r200.log - INFO - Global Accuracy: [0.1326, 0.1913, 0.2232, 0.2866, 0.2916, 0.3499, 0.3665, 0.4147, 0.3828, 0.4028, 0.4536, 0.4255, 0.4377, 0.4823, 0.5008, 0.4996, 0.4675, 0.4818, 0.4955, 0.5025, 0.5234, 0.5274, 0.5505, 0.5487, 0.5572, 0.5282, 0.5333, 0.5472, 0.557, 0.5802, 0.5552, 0.5827, 0.5689, 0.5805, 0.5572, 0.5894, 0.6249, 0.6202, 0.61, 0.627, 0.6092, 0.6161, 0.6354, 0.6339, 0.596, 0.6345, 0.6269, 0.6264, 0.6407, 0.626, 0.6464, 0.6609, 0.6462, 0.6588, 0.6542, 0.6453, 0.6597, 0.6352, 0.6547, 0.6408]
2026-08-19 17:55:30,763 - FINAL_SA_r200.log - INFO - Majority Class Accuracy: [0.4223, 0.5667, 0.5937, 0.7163, 0.6903, 0.7393, 0.6967, 0.659, 0.7717, 0.7673, 0.771, 0.8043, 0.7397, 0.7227, 0.705, 0.733, 0.7537, 0.761, 0.7607, 0.7267, 0.7367, 0.719, 0.7123, 0.7297, 0.7237, 0.7857, 0.78, 0.773, 0.7107, 0.7273, 0.712, 0.7683, 0.7933, 0.707, 0.7923, 0.6827, 0.6447, 0.682, 0.6903, 0.648, 0.6893, 0.5597, 0.6847, 0.6583, 0.4907, 0.6617, 0.6377, 0.614, 0.5733, 0.584, 0.6227, 0.6687, 0.6687, 0.6787, 0.711, 0.733, 0.7187, 0.5733, 0.5713, 0.64]
2026-08-19 17:55:30,763 - FINAL_SA_r200.log - INFO - Medium Class Accuracy: [0.0147, 0.0532, 0.1128, 0.1792, 0.2112, 0.3068, 0.371, 0.407, 0.363, 0.2727, 0.3465, 0.3317, 0.3733, 0.4925, 0.4948, 0.4885, 0.4255, 0.5327, 0.509, 0.5115, 0.5262, 0.506, 0.5655, 0.5525, 0.5148, 0.4893, 0.529, 0.5407, 0.577, 0.5615, 0.565, 0.523, 0.5208, 0.577, 0.5215, 0.545, 0.6085, 0.618, 0.6028, 0.6002, 0.5495, 0.6198, 0.5968, 0.5827, 0.579, 0.598, 0.617, 0.6218, 0.6232, 0.6205, 0.626, 0.6315, 0.6085, 0.6408, 0.6285, 0.6352, 0.6298, 0.6502, 0.6412, 0.633]
2026-08-19 17:55:30,763 - FINAL_SA_r200.log - INFO - Minority Class Accuracy: [0.0, 0.0, 0.0, 0.0, 0.0, 0.018, 0.0303, 0.1807, 0.0203, 0.2117, 0.279, 0.1717, 0.2217, 0.2283, 0.3047, 0.281, 0.2373, 0.1347, 0.2123, 0.2663, 0.3063, 0.3643, 0.3687, 0.3627, 0.4473, 0.3227, 0.2923, 0.33, 0.3767, 0.458, 0.3853, 0.4767, 0.4087, 0.4587, 0.3697, 0.5553, 0.627, 0.5613, 0.5393, 0.6417, 0.6087, 0.6677, 0.6377, 0.6777, 0.724, 0.656, 0.6293, 0.645, 0.7313, 0.6753, 0.6973, 0.6923, 0.674, 0.663, 0.6317, 0.571, 0.6407, 0.677, 0.756, 0.652]
2026-08-19 17:55:30,763 - FINAL_SA_r200.log - INFO - === Head-Tail Evaluation ===
2026-08-19 17:55:30,763 - FINAL_SA_r200.log - INFO - Head Accuracy: 0.6360
2026-08-19 17:55:30,763 - FINAL_SA_r200.log - INFO - Tail Accuracy: 0.6520
2026-08-19 17:55:43,673 - FINAL_SA_r200.log - INFO - Round 61 S-diagnostic | score_mean 0.6238 | selected_tail_fraction 0.0193 | participation_range 19-31
2026-08-19 17:55:43,673 - FINAL_SA_r200.log - INFO - Round 61 selected clients: [1, 2, 3, 4, 7, 8, 11, 19]
2026-08-19 17:56:03,480 - FINAL_SA_r200.log - INFO - Round 61 | Global 0.6385 | Head 0.6083 | Tail 0.7090 | Many 0.5850 | Medium 0.6258 | Few 0.7090 | best_tail 0.7560@59 | rollback=False
2026-08-19 17:56:03,480 - FINAL_SA_r200.log - INFO - Round 62 S-diagnostic | score_mean 0.7921 | selected_tail_fraction 0.0290 | participation_range 19-32
2026-08-19 17:56:03,480 - FINAL_SA_r200.log - INFO - Round 62 selected clients: [1, 2, 3, 4, 9, 13, 18, 19]
2026-08-19 17:56:24,562 - FINAL_SA_r200.log - INFO - Round 62 | Global 0.6335 | Head 0.5830 | Tail 0.7513 | Many 0.5160 | Medium 0.6332 | Few 0.7513 | best_tail 0.7560@59 | rollback=False
2026-08-19 17:56:24,562 - FINAL_SA_r200.log - INFO - Round 63 S-diagnostic | score_mean 0.6399 | selected_tail_fraction 0.0179 | participation_range 19-32
2026-08-19 17:56:24,562 - FINAL_SA_r200.log - INFO - Round 63 selected clients: [0, 4, 6, 8, 12, 14, 16, 17]
2026-08-19 17:56:46,148 - FINAL_SA_r200.log - INFO - Round 63 | Global 0.6755 | Head 0.6757 | Tail 0.6750 | Many 0.7197 | Medium 0.6428 | Few 0.6750 | best_tail 0.7560@59 | rollback=False
2026-08-19 17:56:46,148 - FINAL_SA_r200.log - INFO - Round 64 S-diagnostic | score_mean 0.6112 | selected_tail_fraction 0.0193 | participation_range 20-32
2026-08-19 17:56:46,148 - FINAL_SA_r200.log - INFO - Round 64 selected clients: [2, 3, 4, 8, 10, 13, 16, 19]
2026-08-19 17:57:07,846 - FINAL_SA_r200.log - INFO - Round 64 | Global 0.6624 | Head 0.6364 | Tail 0.7230 | Many 0.6450 | Medium 0.6300 | Few 0.7230 | best_tail 0.7560@59 | rollback=False
2026-08-19 17:57:07,848 - FINAL_SA_r200.log - INFO - Round 65 S-diagnostic | score_mean 0.7289 | selected_tail_fraction 0.0210 | participation_range 21-33
2026-08-19 17:57:07,848 - FINAL_SA_r200.log - INFO - Round 65 selected clients: [1, 2, 4, 5, 6, 10, 15, 16]
2026-08-19 17:57:29,731 - FINAL_SA_r200.log - INFO - Round 65 | Global 0.6412 | Head 0.6180 | Tail 0.6953 | Many 0.6043 | Medium 0.6282 | Few 0.6953 | best_tail 0.7560@59 | rollback=False
2026-08-19 17:57:29,731 - FINAL_SA_r200.log - INFO - Round 66 S-diagnostic | score_mean 0.6027 | selected_tail_fraction 0.0185 | participation_range 22-33
2026-08-19 17:57:29,731 - FINAL_SA_r200.log - INFO - Round 66 selected clients: [3, 4, 7, 8, 9, 10, 12, 17]
2026-08-19 17:57:51,486 - FINAL_SA_r200.log - INFO - Round 66 | Global 0.6612 | Head 0.6694 | Tail 0.6420 | Many 0.6850 | Medium 0.6577 | Few 0.6420 | best_tail 0.7560@59 | rollback=False
2026-08-19 17:57:51,486 - FINAL_SA_r200.log - INFO - Round 67 S-diagnostic | score_mean 0.8145 | selected_tail_fraction 0.0407 | participation_range 22-33
2026-08-19 17:57:51,486 - FINAL_SA_r200.log - INFO - Round 67 selected clients: [2, 3, 4, 5, 6, 11, 18, 19]
2026-08-19 17:58:13,484 - FINAL_SA_r200.log - INFO - Round 67 | Global 0.6619 | Head 0.6157 | Tail 0.7697 | Many 0.5857 | Medium 0.6382 | Few 0.7697 | best_tail 0.7697@67 | rollback=False
2026-08-19 17:58:13,494 - FINAL_SA_r200.log - INFO - Round 68 S-diagnostic | score_mean 0.6279 | selected_tail_fraction 0.0252 | participation_range 22-34
2026-08-19 17:58:13,494 - FINAL_SA_r200.log - INFO - Round 68 selected clients: [1, 6, 7, 10, 13, 16, 17, 18]
2026-08-19 17:58:34,855 - FINAL_SA_r200.log - INFO - Round 68 | Global 0.6662 | Head 0.6349 | Tail 0.7393 | Many 0.6233 | Medium 0.6435 | Few 0.7393 | best_tail 0.7697@67 | rollback=False
2026-08-19 17:58:34,855 - FINAL_SA_r200.log - INFO - Round 69 S-diagnostic | score_mean 0.7132 | selected_tail_fraction 0.0196 | participation_range 23-34
2026-08-19 17:58:34,855 - FINAL_SA_r200.log - INFO - Round 69 selected clients: [0, 6, 8, 9, 11, 12, 15, 18]
2026-08-19 17:58:56,732 - FINAL_SA_r200.log - INFO - Round 69 | Global 0.6668 | Head 0.6537 | Tail 0.6973 | Many 0.6617 | Medium 0.6478 | Few 0.6973 | best_tail 0.7697@67 | rollback=False
2026-08-19 17:58:56,732 - FINAL_SA_r200.log - INFO - Round 70 S-diagnostic | score_mean 0.4790 | selected_tail_fraction 0.0081 | participation_range 23-34
2026-08-19 17:58:56,732 - FINAL_SA_r200.log - INFO - Round 70 selected clients: [0, 6, 7, 8, 10, 11, 12, 14]
2026-08-19 17:59:17,268 - FINAL_SA_r200.log - INFO - Round 70 | Global 0.6537 | Head 0.6624 | Tail 0.6333 | Many 0.7083 | Medium 0.6280 | Few 0.6333 | best_tail 0.7697@67 | rollback=False
2026-08-19 17:59:17,286 - FINAL_SA_r200.log - INFO - Global Accuracy: [0.1326, 0.1913, 0.2232, 0.2866, 0.2916, 0.3499, 0.3665, 0.4147, 0.3828, 0.4028, 0.4536, 0.4255, 0.4377, 0.4823, 0.5008, 0.4996, 0.4675, 0.4818, 0.4955, 0.5025, 0.5234, 0.5274, 0.5505, 0.5487, 0.5572, 0.5282, 0.5333, 0.5472, 0.557, 0.5802, 0.5552, 0.5827, 0.5689, 0.5805, 0.5572, 0.5894, 0.6249, 0.6202, 0.61, 0.627, 0.6092, 0.6161, 0.6354, 0.6339, 0.596, 0.6345, 0.6269, 0.6264, 0.6407, 0.626, 0.6464, 0.6609, 0.6462, 0.6588, 0.6542, 0.6453, 0.6597, 0.6352, 0.6547, 0.6408, 0.6385, 0.6335, 0.6755, 0.6624, 0.6412, 0.6612, 0.6619, 0.6662, 0.6668, 0.6537]
2026-08-19 17:59:17,286 - FINAL_SA_r200.log - INFO - Majority Class Accuracy: [0.4223, 0.5667, 0.5937, 0.7163, 0.6903, 0.7393, 0.6967, 0.659, 0.7717, 0.7673, 0.771, 0.8043, 0.7397, 0.7227, 0.705, 0.733, 0.7537, 0.761, 0.7607, 0.7267, 0.7367, 0.719, 0.7123, 0.7297, 0.7237, 0.7857, 0.78, 0.773, 0.7107, 0.7273, 0.712, 0.7683, 0.7933, 0.707, 0.7923, 0.6827, 0.6447, 0.682, 0.6903, 0.648, 0.6893, 0.5597, 0.6847, 0.6583, 0.4907, 0.6617, 0.6377, 0.614, 0.5733, 0.584, 0.6227, 0.6687, 0.6687, 0.6787, 0.711, 0.733, 0.7187, 0.5733, 0.5713, 0.64, 0.585, 0.516, 0.7197, 0.645, 0.6043, 0.685, 0.5857, 0.6233, 0.6617, 0.7083]
2026-08-19 17:59:17,286 - FINAL_SA_r200.log - INFO - Medium Class Accuracy: [0.0147, 0.0532, 0.1128, 0.1792, 0.2112, 0.3068, 0.371, 0.407, 0.363, 0.2727, 0.3465, 0.3317, 0.3733, 0.4925, 0.4948, 0.4885, 0.4255, 0.5327, 0.509, 0.5115, 0.5262, 0.506, 0.5655, 0.5525, 0.5148, 0.4893, 0.529, 0.5407, 0.577, 0.5615, 0.565, 0.523, 0.5208, 0.577, 0.5215, 0.545, 0.6085, 0.618, 0.6028, 0.6002, 0.5495, 0.6198, 0.5968, 0.5827, 0.579, 0.598, 0.617, 0.6218, 0.6232, 0.6205, 0.626, 0.6315, 0.6085, 0.6408, 0.6285, 0.6352, 0.6298, 0.6502, 0.6412, 0.633, 0.6258, 0.6332, 0.6428, 0.63, 0.6282, 0.6577, 0.6382, 0.6435, 0.6478, 0.628]
2026-08-19 17:59:17,286 - FINAL_SA_r200.log - INFO - Minority Class Accuracy: [0.0, 0.0, 0.0, 0.0, 0.0, 0.018, 0.0303, 0.1807, 0.0203, 0.2117, 0.279, 0.1717, 0.2217, 0.2283, 0.3047, 0.281, 0.2373, 0.1347, 0.2123, 0.2663, 0.3063, 0.3643, 0.3687, 0.3627, 0.4473, 0.3227, 0.2923, 0.33, 0.3767, 0.458, 0.3853, 0.4767, 0.4087, 0.4587, 0.3697, 0.5553, 0.627, 0.5613, 0.5393, 0.6417, 0.6087, 0.6677, 0.6377, 0.6777, 0.724, 0.656, 0.6293, 0.645, 0.7313, 0.6753, 0.6973, 0.6923, 0.674, 0.663, 0.6317, 0.571, 0.6407, 0.677, 0.756, 0.652, 0.709, 0.7513, 0.675, 0.723, 0.6953, 0.642, 0.7697, 0.7393, 0.6973, 0.6333]
2026-08-19 17:59:17,286 - FINAL_SA_r200.log - INFO - === Head-Tail Evaluation ===
2026-08-19 17:59:17,286 - FINAL_SA_r200.log - INFO - Head Accuracy: 0.6624
2026-08-19 17:59:17,286 - FINAL_SA_r200.log - INFO - Tail Accuracy: 0.6333
2026-08-19 17:59:30,186 - FINAL_SA_r200.log - INFO - Round 71 S-diagnostic | score_mean 0.6624 | selected_tail_fraction 0.0163 | participation_range 23-34
2026-08-19 17:59:30,186 - FINAL_SA_r200.log - INFO - Round 71 selected clients: [0, 3, 4, 9, 11, 13, 16, 19]
2026-08-19 17:59:51,982 - FINAL_SA_r200.log - INFO - Round 71 | Global 0.6675 | Head 0.6594 | Tail 0.6863 | Many 0.7053 | Medium 0.6250 | Few 0.6863 | best_tail 0.7697@67 | rollback=False
2026-08-19 17:59:51,982 - FINAL_SA_r200.log - INFO - Round 72 S-diagnostic | score_mean 0.7083 | selected_tail_fraction 0.0234 | participation_range 23-34
2026-08-19 17:59:51,982 - FINAL_SA_r200.log - INFO - Round 72 selected clients: [2, 3, 4, 8, 9, 14, 15, 19]
2026-08-19 18:00:13,517 - FINAL_SA_r200.log - INFO - Round 72 | Global 0.6661 | Head 0.6450 | Tail 0.7153 | Many 0.6317 | Medium 0.6550 | Few 0.7153 | best_tail 0.7697@67 | rollback=False
2026-08-19 18:00:13,517 - FINAL_SA_r200.log - INFO - Round 73 S-diagnostic | score_mean 0.8491 | selected_tail_fraction 0.0286 | participation_range 24-34
2026-08-19 18:00:13,517 - FINAL_SA_r200.log - INFO - Round 73 selected clients: [0, 2, 4, 5, 12, 15, 18, 19]
2026-08-19 18:00:35,684 - FINAL_SA_r200.log - INFO - Round 73 | Global 0.6561 | Head 0.6181 | Tail 0.7447 | Many 0.5593 | Medium 0.6623 | Few 0.7447 | best_tail 0.7697@67 | rollback=False
2026-08-19 18:00:35,696 - FINAL_SA_r200.log - INFO - Round 74 S-diagnostic | score_mean 0.6713 | selected_tail_fraction 0.0226 | participation_range 25-34
2026-08-19 18:00:35,696 - FINAL_SA_r200.log - INFO - Round 74 selected clients: [3, 5, 9, 10, 12, 13, 14, 19]
2026-08-19 18:00:57,152 - FINAL_SA_r200.log - INFO - Round 74 | Global 0.6659 | Head 0.6411 | Tail 0.7237 | Many 0.6233 | Medium 0.6545 | Few 0.7237 | best_tail 0.7697@67 | rollback=False
2026-08-19 18:00:57,154 - FINAL_SA_r200.log - INFO - Round 75 S-diagnostic | score_mean 0.6048 | selected_tail_fraction 0.0161 | participation_range 25-34
2026-08-19 18:00:57,154 - FINAL_SA_r200.log - INFO - Round 75 selected clients: [0, 4, 5, 7, 8, 9, 11, 19]
2026-08-19 18:01:16,358 - FINAL_SA_r200.log - INFO - Round 75 | Global 0.6719 | Head 0.6419 | Tail 0.7420 | Many 0.6387 | Medium 0.6442 | Few 0.7420 | best_tail 0.7697@67 | rollback=False
2026-08-19 18:01:16,360 - FINAL_SA_r200.log - INFO - Round 76 S-diagnostic | score_mean 0.5528 | selected_tail_fraction 0.0119 | participation_range 26-35
2026-08-19 18:01:16,360 - FINAL_SA_r200.log - INFO - Round 76 selected clients: [0, 7, 8, 9, 10, 14, 15, 19]
2026-08-19 18:01:35,361 - FINAL_SA_r200.log - INFO - Round 76 | Global 0.6571 | Head 0.6283 | Tail 0.7243 | Many 0.6187 | Medium 0.6355 | Few 0.7243 | best_tail 0.7697@67 | rollback=False
2026-08-19 18:01:35,366 - FINAL_SA_r200.log - INFO - Round 77 S-diagnostic | score_mean 0.6710 | selected_tail_fraction 0.0153 | participation_range 26-36
2026-08-19 18:01:35,366 - FINAL_SA_r200.log - INFO - Round 77 selected clients: [1, 2, 4, 9, 10, 13, 16, 19]
2026-08-19 18:01:54,454 - FINAL_SA_r200.log - INFO - Round 77 | Global 0.6589 | Head 0.6259 | Tail 0.7360 | Many 0.6063 | Medium 0.6405 | Few 0.7360 | best_tail 0.7697@67 | rollback=False
2026-08-19 18:01:54,454 - FINAL_SA_r200.log - INFO - Round 78 S-diagnostic | score_mean 0.7306 | selected_tail_fraction 0.0290 | participation_range 26-37
2026-08-19 18:01:54,454 - FINAL_SA_r200.log - INFO - Round 78 selected clients: [2, 3, 4, 8, 9, 11, 18, 19]
2026-08-19 18:02:13,950 - FINAL_SA_r200.log - INFO - Round 78 | Global 0.6670 | Head 0.6259 | Tail 0.7630 | Many 0.6000 | Medium 0.6452 | Few 0.7630 | best_tail 0.7697@67 | rollback=False
2026-08-19 18:02:13,950 - FINAL_SA_r200.log - INFO - Round 79 S-diagnostic | score_mean 0.5864 | selected_tail_fraction 0.0214 | participation_range 27-38
2026-08-19 18:02:13,950 - FINAL_SA_r200.log - INFO - Round 79 selected clients: [4, 5, 8, 11, 13, 14, 18, 19]
2026-08-19 18:02:33,001 - FINAL_SA_r200.log - INFO - Round 79 | Global 0.6741 | Head 0.6401 | Tail 0.7533 | Many 0.6417 | Medium 0.6390 | Few 0.7533 | best_tail 0.7697@67 | rollback=False
2026-08-19 18:02:33,010 - FINAL_SA_r200.log - INFO - Round 80 S-diagnostic | score_mean 0.7052 | selected_tail_fraction 0.0284 | participation_range 27-39
2026-08-19 18:02:33,010 - FINAL_SA_r200.log - INFO - Round 80 selected clients: [2, 5, 10, 11, 13, 15, 18, 19]
2026-08-19 18:02:52,283 - FINAL_SA_r200.log - INFO - Round 80 | Global 0.6533 | Head 0.5969 | Tail 0.7850 | Many 0.5120 | Medium 0.6605 | Few 0.7850 | best_tail 0.7850@80 | rollback=False
2026-08-19 18:02:52,300 - FINAL_SA_r200.log - INFO - Global Accuracy: [0.1326, 0.1913, 0.2232, 0.2866, 0.2916, 0.3499, 0.3665, 0.4147, 0.3828, 0.4028, 0.4536, 0.4255, 0.4377, 0.4823, 0.5008, 0.4996, 0.4675, 0.4818, 0.4955, 0.5025, 0.5234, 0.5274, 0.5505, 0.5487, 0.5572, 0.5282, 0.5333, 0.5472, 0.557, 0.5802, 0.5552, 0.5827, 0.5689, 0.5805, 0.5572, 0.5894, 0.6249, 0.6202, 0.61, 0.627, 0.6092, 0.6161, 0.6354, 0.6339, 0.596, 0.6345, 0.6269, 0.6264, 0.6407, 0.626, 0.6464, 0.6609, 0.6462, 0.6588, 0.6542, 0.6453, 0.6597, 0.6352, 0.6547, 0.6408, 0.6385, 0.6335, 0.6755, 0.6624, 0.6412, 0.6612, 0.6619, 0.6662, 0.6668, 0.6537, 0.6675, 0.6661, 0.6561, 0.6659, 0.6719, 0.6571, 0.6589, 0.667, 0.6741, 0.6533]
2026-08-19 18:02:52,300 - FINAL_SA_r200.log - INFO - Majority Class Accuracy: [0.4223, 0.5667, 0.5937, 0.7163, 0.6903, 0.7393, 0.6967, 0.659, 0.7717, 0.7673, 0.771, 0.8043, 0.7397, 0.7227, 0.705, 0.733, 0.7537, 0.761, 0.7607, 0.7267, 0.7367, 0.719, 0.7123, 0.7297, 0.7237, 0.7857, 0.78, 0.773, 0.7107, 0.7273, 0.712, 0.7683, 0.7933, 0.707, 0.7923, 0.6827, 0.6447, 0.682, 0.6903, 0.648, 0.6893, 0.5597, 0.6847, 0.6583, 0.4907, 0.6617, 0.6377, 0.614, 0.5733, 0.584, 0.6227, 0.6687, 0.6687, 0.6787, 0.711, 0.733, 0.7187, 0.5733, 0.5713, 0.64, 0.585, 0.516, 0.7197, 0.645, 0.6043, 0.685, 0.5857, 0.6233, 0.6617, 0.7083, 0.7053, 0.6317, 0.5593, 0.6233, 0.6387, 0.6187, 0.6063, 0.6, 0.6417, 0.512]
2026-08-19 18:02:52,300 - FINAL_SA_r200.log - INFO - Medium Class Accuracy: [0.0147, 0.0532, 0.1128, 0.1792, 0.2112, 0.3068, 0.371, 0.407, 0.363, 0.2727, 0.3465, 0.3317, 0.3733, 0.4925, 0.4948, 0.4885, 0.4255, 0.5327, 0.509, 0.5115, 0.5262, 0.506, 0.5655, 0.5525, 0.5148, 0.4893, 0.529, 0.5407, 0.577, 0.5615, 0.565, 0.523, 0.5208, 0.577, 0.5215, 0.545, 0.6085, 0.618, 0.6028, 0.6002, 0.5495, 0.6198, 0.5968, 0.5827, 0.579, 0.598, 0.617, 0.6218, 0.6232, 0.6205, 0.626, 0.6315, 0.6085, 0.6408, 0.6285, 0.6352, 0.6298, 0.6502, 0.6412, 0.633, 0.6258, 0.6332, 0.6428, 0.63, 0.6282, 0.6577, 0.6382, 0.6435, 0.6478, 0.628, 0.625, 0.655, 0.6623, 0.6545, 0.6442, 0.6355, 0.6405, 0.6452, 0.639, 0.6605]
2026-08-19 18:02:52,300 - FINAL_SA_r200.log - INFO - Minority Class Accuracy: [0.0, 0.0, 0.0, 0.0, 0.0, 0.018, 0.0303, 0.1807, 0.0203, 0.2117, 0.279, 0.1717, 0.2217, 0.2283, 0.3047, 0.281, 0.2373, 0.1347, 0.2123, 0.2663, 0.3063, 0.3643, 0.3687, 0.3627, 0.4473, 0.3227, 0.2923, 0.33, 0.3767, 0.458, 0.3853, 0.4767, 0.4087, 0.4587, 0.3697, 0.5553, 0.627, 0.5613, 0.5393, 0.6417, 0.6087, 0.6677, 0.6377, 0.6777, 0.724, 0.656, 0.6293, 0.645, 0.7313, 0.6753, 0.6973, 0.6923, 0.674, 0.663, 0.6317, 0.571, 0.6407, 0.677, 0.756, 0.652, 0.709, 0.7513, 0.675, 0.723, 0.6953, 0.642, 0.7697, 0.7393, 0.6973, 0.6333, 0.6863, 0.7153, 0.7447, 0.7237, 0.742, 0.7243, 0.736, 0.763, 0.7533, 0.785]
2026-08-19 18:02:52,300 - FINAL_SA_r200.log - INFO - === Head-Tail Evaluation ===
2026-08-19 18:02:52,300 - FINAL_SA_r200.log - INFO - Head Accuracy: 0.5969
2026-08-19 18:02:52,300 - FINAL_SA_r200.log - INFO - Tail Accuracy: 0.7850
2026-08-19 18:03:05,002 - FINAL_SA_r200.log - INFO - Round 81 S-diagnostic | score_mean 0.7139 | selected_tail_fraction 0.0278 | participation_range 28-40
2026-08-19 18:03:05,002 - FINAL_SA_r200.log - INFO - Round 81 selected clients: [5, 9, 10, 14, 15, 16, 17, 19]
2026-08-19 18:03:24,662 - FINAL_SA_r200.log - INFO - Round 81 | Global 0.6732 | Head 0.6484 | Tail 0.7310 | Many 0.6093 | Medium 0.6777 | Few 0.7310 | best_tail 0.7850@80 | rollback=False
2026-08-19 18:03:24,662 - FINAL_SA_r200.log - INFO - Round 82 S-diagnostic | score_mean 0.6601 | selected_tail_fraction 0.0238 | participation_range 28-41
2026-08-19 18:03:24,662 - FINAL_SA_r200.log - INFO - Round 82 selected clients: [5, 6, 7, 10, 11, 12, 15, 19]
2026-08-19 18:03:43,983 - FINAL_SA_r200.log - INFO - Round 82 | Global 0.6766 | Head 0.6393 | Tail 0.7637 | Many 0.6120 | Medium 0.6597 | Few 0.7637 | best_tail 0.7850@80 | rollback=False
2026-08-19 18:03:43,983 - FINAL_SA_r200.log - INFO - Round 83 S-diagnostic | score_mean 0.7347 | selected_tail_fraction 0.0306 | participation_range 29-41
2026-08-19 18:03:43,983 - FINAL_SA_r200.log - INFO - Round 83 selected clients: [0, 2, 3, 10, 14, 15, 17, 18]
2026-08-19 18:04:03,356 - FINAL_SA_r200.log - INFO - Round 83 | Global 0.6859 | Head 0.6583 | Tail 0.7503 | Many 0.6460 | Medium 0.6675 | Few 0.7503 | best_tail 0.7850@80 | rollback=False
2026-08-19 18:04:03,356 - FINAL_SA_r200.log - INFO - Round 84 S-diagnostic | score_mean 0.7316 | selected_tail_fraction 0.0242 | participation_range 29-41
2026-08-19 18:04:03,356 - FINAL_SA_r200.log - INFO - Round 84 selected clients: [3, 4, 5, 7, 12, 15, 16, 17]
2026-08-19 18:04:22,754 - FINAL_SA_r200.log - INFO - Round 84 | Global 0.6841 | Head 0.6663 | Tail 0.7257 | Many 0.6740 | Medium 0.6605 | Few 0.7257 | best_tail 0.7850@80 | rollback=False
2026-08-19 18:04:22,764 - FINAL_SA_r200.log - INFO - Round 85 S-diagnostic | score_mean 0.7535 | selected_tail_fraction 0.0395 | participation_range 29-42
2026-08-19 18:04:22,764 - FINAL_SA_r200.log - INFO - Round 85 selected clients: [3, 6, 8, 12, 14, 17, 18, 19]
2026-08-19 18:04:42,274 - FINAL_SA_r200.log - INFO - Round 85 | Global 0.6655 | Head 0.6200 | Tail 0.7717 | Many 0.5863 | Medium 0.6452 | Few 0.7717 | best_tail 0.7850@80 | rollback=False
2026-08-19 18:04:42,274 - FINAL_SA_r200.log - INFO - Round 86 S-diagnostic | score_mean 0.5970 | selected_tail_fraction 0.0153 | participation_range 30-42
2026-08-19 18:04:42,274 - FINAL_SA_r200.log - INFO - Round 86 selected clients: [0, 1, 4, 6, 7, 13, 14, 18]
2026-08-19 18:05:01,222 - FINAL_SA_r200.log - INFO - Round 86 | Global 0.6652 | Head 0.6349 | Tail 0.7360 | Many 0.6353 | Medium 0.6345 | Few 0.7360 | best_tail 0.7850@80 | rollback=False
2026-08-19 18:05:01,222 - FINAL_SA_r200.log - INFO - Round 87 S-diagnostic | score_mean 0.6240 | selected_tail_fraction 0.0155 | participation_range 30-42
2026-08-19 18:05:01,222 - FINAL_SA_r200.log - INFO - Round 87 selected clients: [2, 3, 4, 7, 9, 10, 11, 15]
2026-08-19 18:05:20,356 - FINAL_SA_r200.log - INFO - Round 87 | Global 0.6634 | Head 0.6489 | Tail 0.6973 | Many 0.6243 | Medium 0.6673 | Few 0.6973 | best_tail 0.7850@80 | rollback=False
2026-08-19 18:05:20,356 - FINAL_SA_r200.log - INFO - Round 88 S-diagnostic | score_mean 0.6441 | selected_tail_fraction 0.0218 | participation_range 30-42
2026-08-19 18:05:20,356 - FINAL_SA_r200.log - INFO - Round 88 selected clients: [3, 6, 10, 11, 12, 14, 16, 18]
2026-08-19 18:05:40,899 - FINAL_SA_r200.log - INFO - Round 88 | Global 0.6795 | Head 0.6676 | Tail 0.7073 | Many 0.6780 | Medium 0.6597 | Few 0.7073 | best_tail 0.7850@80 | rollback=False
2026-08-19 18:05:40,899 - FINAL_SA_r200.log - INFO - Round 89 S-diagnostic | score_mean 0.7654 | selected_tail_fraction 0.0256 | participation_range 31-42
2026-08-19 18:05:40,899 - FINAL_SA_r200.log - INFO - Round 89 selected clients: [0, 1, 3, 6, 8, 9, 15, 18]
2026-08-19 18:06:02,209 - FINAL_SA_r200.log - INFO - Round 89 | Global 0.6740 | Head 0.6367 | Tail 0.7610 | Many 0.6147 | Medium 0.6532 | Few 0.7610 | best_tail 0.7850@80 | rollback=False
2026-08-19 18:06:02,219 - FINAL_SA_r200.log - INFO - Round 90 S-diagnostic | score_mean 0.7665 | selected_tail_fraction 0.0250 | participation_range 31-43
2026-08-19 18:06:02,219 - FINAL_SA_r200.log - INFO - Round 90 selected clients: [0, 2, 4, 6, 9, 13, 15, 19]
2026-08-19 18:06:24,067 - FINAL_SA_r200.log - INFO - Round 90 | Global 0.6563 | Head 0.6183 | Tail 0.7450 | Many 0.5680 | Medium 0.6560 | Few 0.7450 | best_tail 0.7850@80 | rollback=False
2026-08-19 18:06:24,083 - FINAL_SA_r200.log - INFO - Global Accuracy: [0.1326, 0.1913, 0.2232, 0.2866, 0.2916, 0.3499, 0.3665, 0.4147, 0.3828, 0.4028, 0.4536, 0.4255, 0.4377, 0.4823, 0.5008, 0.4996, 0.4675, 0.4818, 0.4955, 0.5025, 0.5234, 0.5274, 0.5505, 0.5487, 0.5572, 0.5282, 0.5333, 0.5472, 0.557, 0.5802, 0.5552, 0.5827, 0.5689, 0.5805, 0.5572, 0.5894, 0.6249, 0.6202, 0.61, 0.627, 0.6092, 0.6161, 0.6354, 0.6339, 0.596, 0.6345, 0.6269, 0.6264, 0.6407, 0.626, 0.6464, 0.6609, 0.6462, 0.6588, 0.6542, 0.6453, 0.6597, 0.6352, 0.6547, 0.6408, 0.6385, 0.6335, 0.6755, 0.6624, 0.6412, 0.6612, 0.6619, 0.6662, 0.6668, 0.6537, 0.6675, 0.6661, 0.6561, 0.6659, 0.6719, 0.6571, 0.6589, 0.667, 0.6741, 0.6533, 0.6732, 0.6766, 0.6859, 0.6841, 0.6655, 0.6652, 0.6634, 0.6795, 0.674, 0.6563]
2026-08-19 18:06:24,093 - FINAL_SA_r200.log - INFO - Majority Class Accuracy: [0.4223, 0.5667, 0.5937, 0.7163, 0.6903, 0.7393, 0.6967, 0.659, 0.7717, 0.7673, 0.771, 0.8043, 0.7397, 0.7227, 0.705, 0.733, 0.7537, 0.761, 0.7607, 0.7267, 0.7367, 0.719, 0.7123, 0.7297, 0.7237, 0.7857, 0.78, 0.773, 0.7107, 0.7273, 0.712, 0.7683, 0.7933, 0.707, 0.7923, 0.6827, 0.6447, 0.682, 0.6903, 0.648, 0.6893, 0.5597, 0.6847, 0.6583, 0.4907, 0.6617, 0.6377, 0.614, 0.5733, 0.584, 0.6227, 0.6687, 0.6687, 0.6787, 0.711, 0.733, 0.7187, 0.5733, 0.5713, 0.64, 0.585, 0.516, 0.7197, 0.645, 0.6043, 0.685, 0.5857, 0.6233, 0.6617, 0.7083, 0.7053, 0.6317, 0.5593, 0.6233, 0.6387, 0.6187, 0.6063, 0.6, 0.6417, 0.512, 0.6093, 0.612, 0.646, 0.674, 0.5863, 0.6353, 0.6243, 0.678, 0.6147, 0.568]
2026-08-19 18:06:24,093 - FINAL_SA_r200.log - INFO - Medium Class Accuracy: [0.0147, 0.0532, 0.1128, 0.1792, 0.2112, 0.3068, 0.371, 0.407, 0.363, 0.2727, 0.3465, 0.3317, 0.3733, 0.4925, 0.4948, 0.4885, 0.4255, 0.5327, 0.509, 0.5115, 0.5262, 0.506, 0.5655, 0.5525, 0.5148, 0.4893, 0.529, 0.5407, 0.577, 0.5615, 0.565, 0.523, 0.5208, 0.577, 0.5215, 0.545, 0.6085, 0.618, 0.6028, 0.6002, 0.5495, 0.6198, 0.5968, 0.5827, 0.579, 0.598, 0.617, 0.6218, 0.6232, 0.6205, 0.626, 0.6315, 0.6085, 0.6408, 0.6285, 0.6352, 0.6298, 0.6502, 0.6412, 0.633, 0.6258, 0.6332, 0.6428, 0.63, 0.6282, 0.6577, 0.6382, 0.6435, 0.6478, 0.628, 0.625, 0.655, 0.6623, 0.6545, 0.6442, 0.6355, 0.6405, 0.6452, 0.639, 0.6605, 0.6777, 0.6597, 0.6675, 0.6605, 0.6452, 0.6345, 0.6673, 0.6597, 0.6532, 0.656]
2026-08-19 18:06:24,093 - FINAL_SA_r200.log - INFO - Minority Class Accuracy: [0.0, 0.0, 0.0, 0.0, 0.0, 0.018, 0.0303, 0.1807, 0.0203, 0.2117, 0.279, 0.1717, 0.2217, 0.2283, 0.3047, 0.281, 0.2373, 0.1347, 0.2123, 0.2663, 0.3063, 0.3643, 0.3687, 0.3627, 0.4473, 0.3227, 0.2923, 0.33, 0.3767, 0.458, 0.3853, 0.4767, 0.4087, 0.4587, 0.3697, 0.5553, 0.627, 0.5613, 0.5393, 0.6417, 0.6087, 0.6677, 0.6377, 0.6777, 0.724, 0.656, 0.6293, 0.645, 0.7313, 0.6753, 0.6973, 0.6923, 0.674, 0.663, 0.6317, 0.571, 0.6407, 0.677, 0.756, 0.652, 0.709, 0.7513, 0.675, 0.723, 0.6953, 0.642, 0.7697, 0.7393, 0.6973, 0.6333, 0.6863, 0.7153, 0.7447, 0.7237, 0.742, 0.7243, 0.736, 0.763, 0.7533, 0.785, 0.731, 0.7637, 0.7503, 0.7257, 0.7717, 0.736, 0.6973, 0.7073, 0.761, 0.745]
2026-08-19 18:06:24,093 - FINAL_SA_r200.log - INFO - === Head-Tail Evaluation ===
2026-08-19 18:06:24,094 - FINAL_SA_r200.log - INFO - Head Accuracy: 0.6183
2026-08-19 18:06:24,094 - FINAL_SA_r200.log - INFO - Tail Accuracy: 0.7450
2026-08-19 18:06:36,889 - FINAL_SA_r200.log - INFO - Round 91 S-diagnostic | score_mean 0.8176 | selected_tail_fraction 0.0218 | participation_range 31-43
2026-08-19 18:06:36,889 - FINAL_SA_r200.log - INFO - Round 91 selected clients: [2, 3, 4, 5, 9, 12, 15, 16]
2026-08-19 18:06:59,191 - FINAL_SA_r200.log - INFO - Round 91 | Global 0.6658 | Head 0.6184 | Tail 0.7763 | Many 0.5720 | Medium 0.6532 | Few 0.7763 | best_tail 0.7850@80 | rollback=False
2026-08-19 18:06:59,191 - FINAL_SA_r200.log - INFO - Round 92 S-diagnostic | score_mean 0.6951 | selected_tail_fraction 0.0236 | participation_range 31-43
2026-08-19 18:06:59,191 - FINAL_SA_r200.log - INFO - Round 92 selected clients: [3, 4, 6, 8, 12, 14, 15, 18]
2026-08-19 18:07:20,977 - FINAL_SA_r200.log - INFO - Round 92 | Global 0.6850 | Head 0.6559 | Tail 0.7530 | Many 0.6357 | Medium 0.6710 | Few 0.7530 | best_tail 0.7850@80 | rollback=False
2026-08-19 18:07:20,977 - FINAL_SA_r200.log - INFO - Round 93 S-diagnostic | score_mean 0.6201 | selected_tail_fraction 0.0274 | participation_range 32-43
2026-08-19 18:07:20,977 - FINAL_SA_r200.log - INFO - Round 93 selected clients: [4, 6, 7, 8, 9, 10, 17, 18]
2026-08-19 18:07:42,647 - FINAL_SA_r200.log - INFO - Round 93 | Global 0.6842 | Head 0.6627 | Tail 0.7343 | Many 0.6737 | Medium 0.6545 | Few 0.7343 | best_tail 0.7850@80 | rollback=False
2026-08-19 18:07:42,657 - FINAL_SA_r200.log - INFO - Round 94 S-diagnostic | score_mean 0.7527 | selected_tail_fraction 0.0351 | participation_range 32-44
2026-08-19 18:07:42,657 - FINAL_SA_r200.log - INFO - Round 94 selected clients: [6, 7, 12, 13, 15, 17, 18, 19]
2026-08-19 18:08:04,408 - FINAL_SA_r200.log - INFO - Round 94 | Global 0.6746 | Head 0.6350 | Tail 0.7670 | Many 0.5933 | Medium 0.6663 | Few 0.7670 | best_tail 0.7850@80 | rollback=False
2026-08-19 18:08:04,409 - FINAL_SA_r200.log - INFO - Round 95 S-diagnostic | score_mean 0.5844 | selected_tail_fraction 0.0214 | participation_range 32-44
2026-08-19 18:08:04,409 - FINAL_SA_r200.log - INFO - Round 95 selected clients: [0, 2, 3, 7, 10, 11, 13, 17]
2026-08-19 18:08:25,491 - FINAL_SA_r200.log - INFO - Round 95 | Global 0.6819 | Head 0.6534 | Tail 0.7483 | Many 0.6367 | Medium 0.6660 | Few 0.7483 | best_tail 0.7850@80 | rollback=False
2026-08-19 18:08:25,493 - FINAL_SA_r200.log - INFO - Round 96 S-diagnostic | score_mean 0.6197 | selected_tail_fraction 0.0095 | participation_range 32-44
2026-08-19 18:08:25,493 - FINAL_SA_r200.log - INFO - Round 96 selected clients: [0, 1, 7, 8, 11, 12, 15, 18]
2026-08-19 18:08:46,732 - FINAL_SA_r200.log - INFO - Round 96 | Global 0.6811 | Head 0.6544 | Tail 0.7433 | Many 0.6433 | Medium 0.6627 | Few 0.7433 | best_tail 0.7850@80 | rollback=False
2026-08-19 18:08:46,732 - FINAL_SA_r200.log - INFO - Round 97 S-diagnostic | score_mean 0.6549 | selected_tail_fraction 0.0161 | participation_range 32-44
2026-08-19 18:08:46,732 - FINAL_SA_r200.log - INFO - Round 97 selected clients: [1, 3, 4, 6, 7, 10, 12, 15]
2026-08-19 18:09:08,257 - FINAL_SA_r200.log - INFO - Round 97 | Global 0.6842 | Head 0.6671 | Tail 0.7240 | Many 0.6640 | Medium 0.6695 | Few 0.7240 | best_tail 0.7850@80 | rollback=False
2026-08-19 18:09:08,257 - FINAL_SA_r200.log - INFO - Round 98 S-diagnostic | score_mean 0.7871 | selected_tail_fraction 0.0328 | participation_range 32-44
2026-08-19 18:09:08,257 - FINAL_SA_r200.log - INFO - Round 98 selected clients: [2, 3, 4, 7, 9, 15, 17, 18]
2026-08-19 18:09:30,453 - FINAL_SA_r200.log - INFO - Round 98 | Global 0.6751 | Head 0.6443 | Tail 0.7470 | Many 0.6017 | Medium 0.6763 | Few 0.7470 | best_tail 0.7850@80 | rollback=False
2026-08-19 18:09:30,453 - FINAL_SA_r200.log - INFO - Round 99 S-diagnostic | score_mean 0.7761 | selected_tail_fraction 0.0375 | participation_range 33-45
2026-08-19 18:09:30,453 - FINAL_SA_r200.log - INFO - Round 99 selected clients: [3, 4, 5, 11, 16, 17, 18, 19]
2026-08-19 18:09:52,322 - FINAL_SA_r200.log - INFO - Round 99 | Global 0.6785 | Head 0.6389 | Tail 0.7710 | Many 0.6167 | Medium 0.6555 | Few 0.7710 | best_tail 0.7850@80 | rollback=False
2026-08-19 18:09:52,322 - FINAL_SA_r200.log - INFO - Round 100 S-diagnostic | score_mean 0.7648 | selected_tail_fraction 0.0314 | participation_range 34-46
2026-08-19 18:09:52,322 - FINAL_SA_r200.log - INFO - Round 100 selected clients: [0, 4, 5, 8, 12, 17, 18, 19]
2026-08-19 18:10:13,892 - FINAL_SA_r200.log - INFO - Round 100 | Global 0.6710 | Head 0.6261 | Tail 0.7757 | Many 0.5783 | Medium 0.6620 | Few 0.7757 | best_tail 0.7850@80 | rollback=False
2026-08-19 18:10:13,908 - FINAL_SA_r200.log - INFO - Global Accuracy: [0.1326, 0.1913, 0.2232, 0.2866, 0.2916, 0.3499, 0.3665, 0.4147, 0.3828, 0.4028, 0.4536, 0.4255, 0.4377, 0.4823, 0.5008, 0.4996, 0.4675, 0.4818, 0.4955, 0.5025, 0.5234, 0.5274, 0.5505, 0.5487, 0.5572, 0.5282, 0.5333, 0.5472, 0.557, 0.5802, 0.5552, 0.5827, 0.5689, 0.5805, 0.5572, 0.5894, 0.6249, 0.6202, 0.61, 0.627, 0.6092, 0.6161, 0.6354, 0.6339, 0.596, 0.6345, 0.6269, 0.6264, 0.6407, 0.626, 0.6464, 0.6609, 0.6462, 0.6588, 0.6542, 0.6453, 0.6597, 0.6352, 0.6547, 0.6408, 0.6385, 0.6335, 0.6755, 0.6624, 0.6412, 0.6612, 0.6619, 0.6662, 0.6668, 0.6537, 0.6675, 0.6661, 0.6561, 0.6659, 0.6719, 0.6571, 0.6589, 0.667, 0.6741, 0.6533, 0.6732, 0.6766, 0.6859, 0.6841, 0.6655, 0.6652, 0.6634, 0.6795, 0.674, 0.6563, 0.6658, 0.685, 0.6842, 0.6746, 0.6819, 0.6811, 0.6842, 0.6751, 0.6785, 0.671]
2026-08-19 18:10:13,908 - FINAL_SA_r200.log - INFO - Majority Class Accuracy: [0.4223, 0.5667, 0.5937, 0.7163, 0.6903, 0.7393, 0.6967, 0.659, 0.7717, 0.7673, 0.771, 0.8043, 0.7397, 0.7227, 0.705, 0.733, 0.7537, 0.761, 0.7607, 0.7267, 0.7367, 0.719, 0.7123, 0.7297, 0.7237, 0.7857, 0.78, 0.773, 0.7107, 0.7273, 0.712, 0.7683, 0.7933, 0.707, 0.7923, 0.6827, 0.6447, 0.682, 0.6903, 0.648, 0.6893, 0.5597, 0.6847, 0.6583, 0.4907, 0.6617, 0.6377, 0.614, 0.5733, 0.584, 0.6227, 0.6687, 0.6687, 0.6787, 0.711, 0.733, 0.7187, 0.5733, 0.5713, 0.64, 0.585, 0.516, 0.7197, 0.645, 0.6043, 0.685, 0.5857, 0.6233, 0.6617, 0.7083, 0.7053, 0.6317, 0.5593, 0.6233, 0.6387, 0.6187, 0.6063, 0.6, 0.6417, 0.512, 0.6093, 0.612, 0.646, 0.674, 0.5863, 0.6353, 0.6243, 0.678, 0.6147, 0.568, 0.572, 0.6357, 0.6737, 0.5933, 0.6367, 0.6433, 0.664, 0.6017, 0.6167, 0.5783]
2026-08-19 18:10:13,908 - FINAL_SA_r200.log - INFO - Medium Class Accuracy: [0.0147, 0.0532, 0.1128, 0.1792, 0.2112, 0.3068, 0.371, 0.407, 0.363, 0.2727, 0.3465, 0.3317, 0.3733, 0.4925, 0.4948, 0.4885, 0.4255, 0.5327, 0.509, 0.5115, 0.5262, 0.506, 0.5655, 0.5525, 0.5148, 0.4893, 0.529, 0.5407, 0.577, 0.5615, 0.565, 0.523, 0.5208, 0.577, 0.5215, 0.545, 0.6085, 0.618, 0.6028, 0.6002, 0.5495, 0.6198, 0.5968, 0.5827, 0.579, 0.598, 0.617, 0.6218, 0.6232, 0.6205, 0.626, 0.6315, 0.6085, 0.6408, 0.6285, 0.6352, 0.6298, 0.6502, 0.6412, 0.633, 0.6258, 0.6332, 0.6428, 0.63, 0.6282, 0.6577, 0.6382, 0.6435, 0.6478, 0.628, 0.625, 0.655, 0.6623, 0.6545, 0.6442, 0.6355, 0.6405, 0.6452, 0.639, 0.6605, 0.6777, 0.6597, 0.6675, 0.6605, 0.6452, 0.6345, 0.6673, 0.6597, 0.6532, 0.656, 0.6532, 0.671, 0.6545, 0.6663, 0.666, 0.6627, 0.6695, 0.6763, 0.6555, 0.662]
2026-08-19 18:10:13,908 - FINAL_SA_r200.log - INFO - Minority Class Accuracy: [0.0, 0.0, 0.0, 0.0, 0.0, 0.018, 0.0303, 0.1807, 0.0203, 0.2117, 0.279, 0.1717, 0.2217, 0.2283, 0.3047, 0.281, 0.2373, 0.1347, 0.2123, 0.2663, 0.3063, 0.3643, 0.3687, 0.3627, 0.4473, 0.3227, 0.2923, 0.33, 0.3767, 0.458, 0.3853, 0.4767, 0.4087, 0.4587, 0.3697, 0.5553, 0.627, 0.5613, 0.5393, 0.6417, 0.6087, 0.6677, 0.6377, 0.6777, 0.724, 0.656, 0.6293, 0.645, 0.7313, 0.6753, 0.6973, 0.6923, 0.674, 0.663, 0.6317, 0.571, 0.6407, 0.677, 0.756, 0.652, 0.709, 0.7513, 0.675, 0.723, 0.6953, 0.642, 0.7697, 0.7393, 0.6973, 0.6333, 0.6863, 0.7153, 0.7447, 0.7237, 0.742, 0.7243, 0.736, 0.763, 0.7533, 0.785, 0.731, 0.7637, 0.7503, 0.7257, 0.7717, 0.736, 0.6973, 0.7073, 0.761, 0.745, 0.7763, 0.753, 0.7343, 0.767, 0.7483, 0.7433, 0.724, 0.747, 0.771, 0.7757]
2026-08-19 18:10:13,908 - FINAL_SA_r200.log - INFO - === Head-Tail Evaluation ===
2026-08-19 18:10:13,908 - FINAL_SA_r200.log - INFO - Head Accuracy: 0.6261
2026-08-19 18:10:13,915 - FINAL_SA_r200.log - INFO - Tail Accuracy: 0.7757
2026-08-19 18:10:26,880 - FINAL_SA_r200.log - INFO - Round 101 S-diagnostic | score_mean 0.6168 | selected_tail_fraction 0.0129 | participation_range 34-47
2026-08-19 18:10:26,880 - FINAL_SA_r200.log - INFO - Round 101 selected clients: [0, 2, 4, 7, 10, 11, 12, 18]
2026-08-19 18:10:46,391 - FINAL_SA_r200.log - INFO - Round 101 | Global 0.6871 | Head 0.6489 | Tail 0.7763 | Many 0.6307 | Medium 0.6625 | Few 0.7763 | best_tail 0.7850@80 | rollback=False
2026-08-19 18:10:46,391 - FINAL_SA_r200.log - INFO - Round 102 S-diagnostic | score_mean 0.5788 | selected_tail_fraction 0.0179 | participation_range 34-47
2026-08-19 18:10:46,391 - FINAL_SA_r200.log - INFO - Round 102 selected clients: [1, 8, 10, 11, 12, 14, 17, 19]
2026-08-19 18:11:05,506 - FINAL_SA_r200.log - INFO - Round 102 | Global 0.6776 | Head 0.6354 | Tail 0.7760 | Many 0.6100 | Medium 0.6545 | Few 0.7760 | best_tail 0.7850@80 | rollback=False
2026-08-19 18:11:05,506 - FINAL_SA_r200.log - INFO - Round 103 S-diagnostic | score_mean 0.7086 | selected_tail_fraction 0.0252 | participation_range 34-48
2026-08-19 18:11:05,506 - FINAL_SA_r200.log - INFO - Round 103 selected clients: [0, 2, 7, 9, 11, 16, 17, 19]
2026-08-19 18:11:25,048 - FINAL_SA_r200.log - INFO - Round 103 | Global 0.6674 | Head 0.6117 | Tail 0.7973 | Many 0.5493 | Medium 0.6585 | Few 0.7973 | best_tail 0.7973@103 | rollback=False
2026-08-19 18:11:25,048 - FINAL_SA_r200.log - INFO - Round 104 S-diagnostic | score_mean 0.7540 | selected_tail_fraction 0.0339 | participation_range 34-48
2026-08-19 18:11:25,048 - FINAL_SA_r200.log - INFO - Round 104 selected clients: [3, 6, 9, 12, 13, 14, 17, 18]
2026-08-19 18:11:44,565 - FINAL_SA_r200.log - INFO - Round 104 | Global 0.6805 | Head 0.6404 | Tail 0.7740 | Many 0.5993 | Medium 0.6713 | Few 0.7740 | best_tail 0.7973@103 | rollback=False
2026-08-19 18:11:44,565 - FINAL_SA_r200.log - INFO - Round 105 S-diagnostic | score_mean 0.5650 | selected_tail_fraction 0.0155 | participation_range 34-48
2026-08-19 18:11:44,565 - FINAL_SA_r200.log - INFO - Round 105 selected clients: [3, 8, 10, 13, 14, 15, 16, 18]
2026-08-19 18:12:03,751 - FINAL_SA_r200.log - INFO - Round 105 | Global 0.6808 | Head 0.6544 | Tail 0.7423 | Many 0.6437 | Medium 0.6625 | Few 0.7423 | best_tail 0.7973@103 | rollback=False
2026-08-19 18:12:03,751 - FINAL_SA_r200.log - INFO - Round 106 S-diagnostic | score_mean 0.7107 | selected_tail_fraction 0.0240 | participation_range 34-48
2026-08-19 18:12:03,751 - FINAL_SA_r200.log - INFO - Round 106 selected clients: [1, 3, 6, 7, 8, 9, 12, 18]
2026-08-19 18:12:23,456 - FINAL_SA_r200.log - INFO - Round 106 | Global 0.6754 | Head 0.6373 | Tail 0.7643 | Many 0.6127 | Medium 0.6558 | Few 0.7643 | best_tail 0.7973@103 | rollback=False
2026-08-19 18:12:23,456 - FINAL_SA_r200.log - INFO - Round 107 S-diagnostic | score_mean 0.6823 | selected_tail_fraction 0.0234 | participation_range 34-49
2026-08-19 18:12:23,456 - FINAL_SA_r200.log - INFO - Round 107 selected clients: [2, 6, 7, 9, 11, 12, 14, 19]
2026-08-19 18:12:43,279 - FINAL_SA_r200.log - INFO - Round 107 | Global 0.6785 | Head 0.6411 | Tail 0.7657 | Many 0.6050 | Medium 0.6683 | Few 0.7657 | best_tail 0.7973@103 | rollback=False
2026-08-19 18:12:43,279 - FINAL_SA_r200.log - INFO - Round 108 S-diagnostic | score_mean 0.5605 | selected_tail_fraction 0.0115 | participation_range 34-49
2026-08-19 18:12:43,279 - FINAL_SA_r200.log - INFO - Round 108 selected clients: [0, 7, 8, 9, 10, 13, 15, 18]
2026-08-19 18:13:02,311 - FINAL_SA_r200.log - INFO - Round 108 | Global 0.6738 | Head 0.6321 | Tail 0.7710 | Many 0.6107 | Medium 0.6482 | Few 0.7710 | best_tail 0.7973@103 | rollback=False
2026-08-19 18:13:02,311 - FINAL_SA_r200.log - INFO - Round 109 S-diagnostic | score_mean 0.6993 | selected_tail_fraction 0.0228 | participation_range 34-50
2026-08-19 18:13:02,311 - FINAL_SA_r200.log - INFO - Round 109 selected clients: [0, 2, 4, 7, 12, 13, 17, 18]
2026-08-19 18:13:21,382 - FINAL_SA_r200.log - INFO - Round 109 | Global 0.6763 | Head 0.6431 | Tail 0.7537 | Many 0.6170 | Medium 0.6627 | Few 0.7537 | best_tail 0.7973@103 | rollback=False
2026-08-19 18:13:21,382 - FINAL_SA_r200.log - INFO - Round 110 S-diagnostic | score_mean 0.7065 | selected_tail_fraction 0.0276 | participation_range 35-50
2026-08-19 18:13:21,392 - FINAL_SA_r200.log - INFO - Round 110 selected clients: [2, 3, 4, 5, 6, 7, 9, 14]
2026-08-19 18:13:40,749 - FINAL_SA_r200.log - INFO - Round 110 | Global 0.6738 | Head 0.6349 | Tail 0.7647 | Many 0.5670 | Medium 0.6857 | Few 0.7647 | best_tail 0.7973@103 | rollback=False
2026-08-19 18:13:40,765 - FINAL_SA_r200.log - INFO - Global Accuracy: [0.1326, 0.1913, 0.2232, 0.2866, 0.2916, 0.3499, 0.3665, 0.4147, 0.3828, 0.4028, 0.4536, 0.4255, 0.4377, 0.4823, 0.5008, 0.4996, 0.4675, 0.4818, 0.4955, 0.5025, 0.5234, 0.5274, 0.5505, 0.5487, 0.5572, 0.5282, 0.5333, 0.5472, 0.557, 0.5802, 0.5552, 0.5827, 0.5689, 0.5805, 0.5572, 0.5894, 0.6249, 0.6202, 0.61, 0.627, 0.6092, 0.6161, 0.6354, 0.6339, 0.596, 0.6345, 0.6269, 0.6264, 0.6407, 0.626, 0.6464, 0.6609, 0.6462, 0.6588, 0.6542, 0.6453, 0.6597, 0.6352, 0.6547, 0.6408, 0.6385, 0.6335, 0.6755, 0.6624, 0.6412, 0.6612, 0.6619, 0.6662, 0.6668, 0.6537, 0.6675, 0.6661, 0.6561, 0.6659, 0.6719, 0.6571, 0.6589, 0.667, 0.6741, 0.6533, 0.6732, 0.6766, 0.6859, 0.6841, 0.6655, 0.6652, 0.6634, 0.6795, 0.674, 0.6563, 0.6658, 0.685, 0.6842, 0.6746, 0.6819, 0.6811, 0.6842, 0.6751, 0.6785, 0.671, 0.6871, 0.6776, 0.6674, 0.6805, 0.6808, 0.6754, 0.6785, 0.6738, 0.6763, 0.6738]
2026-08-19 18:13:40,765 - FINAL_SA_r200.log - INFO - Majority Class Accuracy: [0.4223, 0.5667, 0.5937, 0.7163, 0.6903, 0.7393, 0.6967, 0.659, 0.7717, 0.7673, 0.771, 0.8043, 0.7397, 0.7227, 0.705, 0.733, 0.7537, 0.761, 0.7607, 0.7267, 0.7367, 0.719, 0.7123, 0.7297, 0.7237, 0.7857, 0.78, 0.773, 0.7107, 0.7273, 0.712, 0.7683, 0.7933, 0.707, 0.7923, 0.6827, 0.6447, 0.682, 0.6903, 0.648, 0.6893, 0.5597, 0.6847, 0.6583, 0.4907, 0.6617, 0.6377, 0.614, 0.5733, 0.584, 0.6227, 0.6687, 0.6687, 0.6787, 0.711, 0.733, 0.7187, 0.5733, 0.5713, 0.64, 0.585, 0.516, 0.7197, 0.645, 0.6043, 0.685, 0.5857, 0.6233, 0.6617, 0.7083, 0.7053, 0.6317, 0.5593, 0.6233, 0.6387, 0.6187, 0.6063, 0.6, 0.6417, 0.512, 0.6093, 0.612, 0.646, 0.674, 0.5863, 0.6353, 0.6243, 0.678, 0.6147, 0.568, 0.572, 0.6357, 0.6737, 0.5933, 0.6367, 0.6433, 0.664, 0.6017, 0.6167, 0.5783, 0.6307, 0.61, 0.5493, 0.5993, 0.6437, 0.6127, 0.605, 0.6107, 0.617, 0.567]
2026-08-19 18:13:40,765 - FINAL_SA_r200.log - INFO - Medium Class Accuracy: [0.0147, 0.0532, 0.1128, 0.1792, 0.2112, 0.3068, 0.371, 0.407, 0.363, 0.2727, 0.3465, 0.3317, 0.3733, 0.4925, 0.4948, 0.4885, 0.4255, 0.5327, 0.509, 0.5115, 0.5262, 0.506, 0.5655, 0.5525, 0.5148, 0.4893, 0.529, 0.5407, 0.577, 0.5615, 0.565, 0.523, 0.5208, 0.577, 0.5215, 0.545, 0.6085, 0.618, 0.6028, 0.6002, 0.5495, 0.6198, 0.5968, 0.5827, 0.579, 0.598, 0.617, 0.6218, 0.6232, 0.6205, 0.626, 0.6315, 0.6085, 0.6408, 0.6285, 0.6352, 0.6298, 0.6502, 0.6412, 0.633, 0.6258, 0.6332, 0.6428, 0.63, 0.6282, 0.6577, 0.6382, 0.6435, 0.6478, 0.628, 0.625, 0.655, 0.6623, 0.6545, 0.6442, 0.6355, 0.6405, 0.6452, 0.639, 0.6605, 0.6777, 0.6597, 0.6675, 0.6605, 0.6452, 0.6345, 0.6673, 0.6597, 0.6532, 0.656, 0.6532, 0.671, 0.6545, 0.6663, 0.666, 0.6627, 0.6695, 0.6763, 0.6555, 0.662, 0.6625, 0.6545, 0.6585, 0.6713, 0.6625, 0.6558, 0.6683, 0.6482, 0.6627, 0.6857]
2026-08-19 18:13:40,765 - FINAL_SA_r200.log - INFO - Minority Class Accuracy: [0.0, 0.0, 0.0, 0.0, 0.0, 0.018, 0.0303, 0.1807, 0.0203, 0.2117, 0.279, 0.1717, 0.2217, 0.2283, 0.3047, 0.281, 0.2373, 0.1347, 0.2123, 0.2663, 0.3063, 0.3643, 0.3687, 0.3627, 0.4473, 0.3227, 0.2923, 0.33, 0.3767, 0.458, 0.3853, 0.4767, 0.4087, 0.4587, 0.3697, 0.5553, 0.627, 0.5613, 0.5393, 0.6417, 0.6087, 0.6677, 0.6377, 0.6777, 0.724, 0.656, 0.6293, 0.645, 0.7313, 0.6753, 0.6973, 0.6923, 0.674, 0.663, 0.6317, 0.571, 0.6407, 0.677, 0.756, 0.652, 0.709, 0.7513, 0.675, 0.723, 0.6953, 0.642, 0.7697, 0.7393, 0.6973, 0.6333, 0.6863, 0.7153, 0.7447, 0.7237, 0.742, 0.7243, 0.736, 0.763, 0.7533, 0.785, 0.731, 0.7637, 0.7503, 0.7257, 0.7717, 0.736, 0.6973, 0.7073, 0.761, 0.745, 0.7763, 0.753, 0.7343, 0.767, 0.7483, 0.7433, 0.724, 0.747, 0.771, 0.7757, 0.7763, 0.776, 0.7973, 0.774, 0.7423, 0.7643, 0.7657, 0.771, 0.7537, 0.7647]
2026-08-19 18:13:40,765 - FINAL_SA_r200.log - INFO - === Head-Tail Evaluation ===
2026-08-19 18:13:40,765 - FINAL_SA_r200.log - INFO - Head Accuracy: 0.6349
2026-08-19 18:13:40,765 - FINAL_SA_r200.log - INFO - Tail Accuracy: 0.7647
2026-08-19 18:13:53,899 - FINAL_SA_r200.log - INFO - Round 111 S-diagnostic | score_mean 0.7331 | selected_tail_fraction 0.0290 | participation_range 35-51
2026-08-19 18:13:53,899 - FINAL_SA_r200.log - INFO - Round 111 selected clients: [2, 3, 7, 11, 12, 16, 17, 18]
2026-08-19 18:14:13,549 - FINAL_SA_r200.log - INFO - Round 111 | Global 0.6816 | Head 0.6360 | Tail 0.7880 | Many 0.5957 | Medium 0.6663 | Few 0.7880 | best_tail 0.7973@103 | rollback=False
2026-08-19 18:14:13,549 - FINAL_SA_r200.log - INFO - Round 112 S-diagnostic | score_mean 0.6753 | selected_tail_fraction 0.0161 | participation_range 36-51
2026-08-19 18:14:13,549 - FINAL_SA_r200.log - INFO - Round 112 selected clients: [0, 1, 5, 8, 9, 11, 16, 19]
2026-08-19 18:14:32,525 - FINAL_SA_r200.log - INFO - Round 112 | Global 0.6865 | Head 0.6433 | Tail 0.7873 | Many 0.6087 | Medium 0.6693 | Few 0.7873 | best_tail 0.7973@103 | rollback=False
2026-08-19 18:14:32,525 - FINAL_SA_r200.log - INFO - Round 113 S-diagnostic | score_mean 0.7007 | selected_tail_fraction 0.0248 | participation_range 36-51
2026-08-19 18:14:32,525 - FINAL_SA_r200.log - INFO - Round 113 selected clients: [1, 2, 4, 6, 11, 14, 15, 17]
2026-08-19 18:14:51,688 - FINAL_SA_r200.log - INFO - Round 113 | Global 0.6832 | Head 0.6543 | Tail 0.7507 | Many 0.6077 | Medium 0.6893 | Few 0.7507 | best_tail 0.7973@103 | rollback=False
2026-08-19 18:14:51,688 - FINAL_SA_r200.log - INFO - Round 114 S-diagnostic | score_mean 0.6116 | selected_tail_fraction 0.0179 | participation_range 36-52
2026-08-19 18:14:51,688 - FINAL_SA_r200.log - INFO - Round 114 selected clients: [0, 6, 10, 11, 12, 14, 16, 17]
2026-08-19 18:15:12,460 - FINAL_SA_r200.log - INFO - Round 114 | Global 0.6960 | Head 0.6789 | Tail 0.7360 | Many 0.6817 | Medium 0.6767 | Few 0.7360 | best_tail 0.7973@103 | rollback=False
2026-08-19 18:15:12,460 - FINAL_SA_r200.log - INFO - Round 115 S-diagnostic | score_mean 0.5671 | selected_tail_fraction 0.0159 | participation_range 36-52
2026-08-19 18:15:12,460 - FINAL_SA_r200.log - INFO - Round 115 selected clients: [0, 3, 8, 10, 11, 14, 15, 19]
2026-08-19 18:15:33,648 - FINAL_SA_r200.log - INFO - Round 115 | Global 0.6878 | Head 0.6629 | Tail 0.7460 | Many 0.6583 | Medium 0.6663 | Few 0.7460 | best_tail 0.7973@103 | rollback=False
2026-08-19 18:15:33,648 - FINAL_SA_r200.log - INFO - Round 116 S-diagnostic | score_mean 0.6847 | selected_tail_fraction 0.0173 | participation_range 36-53
2026-08-19 18:15:33,648 - FINAL_SA_r200.log - INFO - Round 116 selected clients: [0, 1, 6, 7, 10, 12, 15, 18]
2026-08-19 18:15:55,030 - FINAL_SA_r200.log - INFO - Round 116 | Global 0.6865 | Head 0.6500 | Tail 0.7717 | Many 0.6213 | Medium 0.6715 | Few 0.7717 | best_tail 0.7973@103 | rollback=False
2026-08-19 18:15:55,030 - FINAL_SA_r200.log - INFO - Round 117 S-diagnostic | score_mean 0.7997 | selected_tail_fraction 0.0371 | participation_range 37-53
2026-08-19 18:15:55,030 - FINAL_SA_r200.log - INFO - Round 117 selected clients: [1, 2, 3, 5, 6, 7, 15, 17]
2026-08-19 18:16:16,593 - FINAL_SA_r200.log - INFO - Round 117 | Global 0.6810 | Head 0.6437 | Tail 0.7680 | Many 0.5900 | Medium 0.6840 | Few 0.7680 | best_tail 0.7973@103 | rollback=False
2026-08-19 18:16:16,593 - FINAL_SA_r200.log - INFO - Round 118 S-diagnostic | score_mean 0.6756 | selected_tail_fraction 0.0254 | participation_range 38-53
2026-08-19 18:16:16,593 - FINAL_SA_r200.log - INFO - Round 118 selected clients: [0, 2, 3, 4, 5, 6, 7, 8]
2026-08-19 18:16:38,155 - FINAL_SA_r200.log - INFO - Round 118 | Global 0.6794 | Head 0.6407 | Tail 0.7697 | Many 0.5917 | Medium 0.6775 | Few 0.7697 | best_tail 0.7973@103 | rollback=False
2026-08-19 18:16:38,155 - FINAL_SA_r200.log - INFO - Round 119 S-diagnostic | score_mean 0.7080 | selected_tail_fraction 0.0258 | participation_range 38-54
2026-08-19 18:16:38,155 - FINAL_SA_r200.log - INFO - Round 119 selected clients: [5, 7, 8, 9, 12, 16, 17, 18]
2026-08-19 18:16:59,545 - FINAL_SA_r200.log - INFO - Round 119 | Global 0.6940 | Head 0.6597 | Tail 0.7740 | Many 0.6347 | Medium 0.6785 | Few 0.7740 | best_tail 0.7973@103 | rollback=False
2026-08-19 18:16:59,545 - FINAL_SA_r200.log - INFO - Round 120 S-diagnostic | score_mean 0.5586 | selected_tail_fraction 0.0141 | participation_range 38-54
2026-08-19 18:16:59,545 - FINAL_SA_r200.log - INFO - Round 120 selected clients: [0, 3, 4, 6, 8, 10, 14, 16]
2026-08-19 18:17:20,841 - FINAL_SA_r200.log - INFO - Round 120 | Global 0.6915 | Head 0.6670 | Tail 0.7487 | Many 0.6673 | Medium 0.6667 | Few 0.7487 | best_tail 0.7973@103 | rollback=False
2026-08-19 18:17:20,864 - FINAL_SA_r200.log - INFO - Global Accuracy: [0.1326, 0.1913, 0.2232, 0.2866, 0.2916, 0.3499, 0.3665, 0.4147, 0.3828, 0.4028, 0.4536, 0.4255, 0.4377, 0.4823, 0.5008, 0.4996, 0.4675, 0.4818, 0.4955, 0.5025, 0.5234, 0.5274, 0.5505, 0.5487, 0.5572, 0.5282, 0.5333, 0.5472, 0.557, 0.5802, 0.5552, 0.5827, 0.5689, 0.5805, 0.5572, 0.5894, 0.6249, 0.6202, 0.61, 0.627, 0.6092, 0.6161, 0.6354, 0.6339, 0.596, 0.6345, 0.6269, 0.6264, 0.6407, 0.626, 0.6464, 0.6609, 0.6462, 0.6588, 0.6542, 0.6453, 0.6597, 0.6352, 0.6547, 0.6408, 0.6385, 0.6335, 0.6755, 0.6624, 0.6412, 0.6612, 0.6619, 0.6662, 0.6668, 0.6537, 0.6675, 0.6661, 0.6561, 0.6659, 0.6719, 0.6571, 0.6589, 0.667, 0.6741, 0.6533, 0.6732, 0.6766, 0.6859, 0.6841, 0.6655, 0.6652, 0.6634, 0.6795, 0.674, 0.6563, 0.6658, 0.685, 0.6842, 0.6746, 0.6819, 0.6811, 0.6842, 0.6751, 0.6785, 0.671, 0.6871, 0.6776, 0.6674, 0.6805, 0.6808, 0.6754, 0.6785, 0.6738, 0.6763, 0.6738, 0.6816, 0.6865, 0.6832, 0.696, 0.6878, 0.6865, 0.681, 0.6794, 0.694, 0.6915]
2026-08-19 18:17:20,864 - FINAL_SA_r200.log - INFO - Majority Class Accuracy: [0.4223, 0.5667, 0.5937, 0.7163, 0.6903, 0.7393, 0.6967, 0.659, 0.7717, 0.7673, 0.771, 0.8043, 0.7397, 0.7227, 0.705, 0.733, 0.7537, 0.761, 0.7607, 0.7267, 0.7367, 0.719, 0.7123, 0.7297, 0.7237, 0.7857, 0.78, 0.773, 0.7107, 0.7273, 0.712, 0.7683, 0.7933, 0.707, 0.7923, 0.6827, 0.6447, 0.682, 0.6903, 0.648, 0.6893, 0.5597, 0.6847, 0.6583, 0.4907, 0.6617, 0.6377, 0.614, 0.5733, 0.584, 0.6227, 0.6687, 0.6687, 0.6787, 0.711, 0.733, 0.7187, 0.5733, 0.5713, 0.64, 0.585, 0.516, 0.7197, 0.645, 0.6043, 0.685, 0.5857, 0.6233, 0.6617, 0.7083, 0.7053, 0.6317, 0.5593, 0.6233, 0.6387, 0.6187, 0.6063, 0.6, 0.6417, 0.512, 0.6093, 0.612, 0.646, 0.674, 0.5863, 0.6353, 0.6243, 0.678, 0.6147, 0.568, 0.572, 0.6357, 0.6737, 0.5933, 0.6367, 0.6433, 0.664, 0.6017, 0.6167, 0.5783, 0.6307, 0.61, 0.5493, 0.5993, 0.6437, 0.6127, 0.605, 0.6107, 0.617, 0.567, 0.5957, 0.6087, 0.6077, 0.6817, 0.6583, 0.6213, 0.59, 0.5917, 0.6347, 0.6673]
2026-08-19 18:17:20,864 - FINAL_SA_r200.log - INFO - Medium Class Accuracy: [0.0147, 0.0532, 0.1128, 0.1792, 0.2112, 0.3068, 0.371, 0.407, 0.363, 0.2727, 0.3465, 0.3317, 0.3733, 0.4925, 0.4948, 0.4885, 0.4255, 0.5327, 0.509, 0.5115, 0.5262, 0.506, 0.5655, 0.5525, 0.5148, 0.4893, 0.529, 0.5407, 0.577, 0.5615, 0.565, 0.523, 0.5208, 0.577, 0.5215, 0.545, 0.6085, 0.618, 0.6028, 0.6002, 0.5495, 0.6198, 0.5968, 0.5827, 0.579, 0.598, 0.617, 0.6218, 0.6232, 0.6205, 0.626, 0.6315, 0.6085, 0.6408, 0.6285, 0.6352, 0.6298, 0.6502, 0.6412, 0.633, 0.6258, 0.6332, 0.6428, 0.63, 0.6282, 0.6577, 0.6382, 0.6435, 0.6478, 0.628, 0.625, 0.655, 0.6623, 0.6545, 0.6442, 0.6355, 0.6405, 0.6452, 0.639, 0.6605, 0.6777, 0.6597, 0.6675, 0.6605, 0.6452, 0.6345, 0.6673, 0.6597, 0.6532, 0.656, 0.6532, 0.671, 0.6545, 0.6663, 0.666, 0.6627, 0.6695, 0.6763, 0.6555, 0.662, 0.6625, 0.6545, 0.6585, 0.6713, 0.6625, 0.6558, 0.6683, 0.6482, 0.6627, 0.6857, 0.6663, 0.6693, 0.6893, 0.6767, 0.6663, 0.6715, 0.684, 0.6775, 0.6785, 0.6667]
2026-08-19 18:17:20,864 - FINAL_SA_r200.log - INFO - Minority Class Accuracy: [0.0, 0.0, 0.0, 0.0, 0.0, 0.018, 0.0303, 0.1807, 0.0203, 0.2117, 0.279, 0.1717, 0.2217, 0.2283, 0.3047, 0.281, 0.2373, 0.1347, 0.2123, 0.2663, 0.3063, 0.3643, 0.3687, 0.3627, 0.4473, 0.3227, 0.2923, 0.33, 0.3767, 0.458, 0.3853, 0.4767, 0.4087, 0.4587, 0.3697, 0.5553, 0.627, 0.5613, 0.5393, 0.6417, 0.6087, 0.6677, 0.6377, 0.6777, 0.724, 0.656, 0.6293, 0.645, 0.7313, 0.6753, 0.6973, 0.6923, 0.674, 0.663, 0.6317, 0.571, 0.6407, 0.677, 0.756, 0.652, 0.709, 0.7513, 0.675, 0.723, 0.6953, 0.642, 0.7697, 0.7393, 0.6973, 0.6333, 0.6863, 0.7153, 0.7447, 0.7237, 0.742, 0.7243, 0.736, 0.763, 0.7533, 0.785, 0.731, 0.7637, 0.7503, 0.7257, 0.7717, 0.736, 0.6973, 0.7073, 0.761, 0.745, 0.7763, 0.753, 0.7343, 0.767, 0.7483, 0.7433, 0.724, 0.747, 0.771, 0.7757, 0.7763, 0.776, 0.7973, 0.774, 0.7423, 0.7643, 0.7657, 0.771, 0.7537, 0.7647, 0.788, 0.7873, 0.7507, 0.736, 0.746, 0.7717, 0.768, 0.7697, 0.774, 0.7487]
2026-08-19 18:17:20,864 - FINAL_SA_r200.log - INFO - === Head-Tail Evaluation ===
2026-08-19 18:17:20,864 - FINAL_SA_r200.log - INFO - Head Accuracy: 0.6670
2026-08-19 18:17:20,864 - FINAL_SA_r200.log - INFO - Tail Accuracy: 0.7487
2026-08-19 18:17:34,351 - FINAL_SA_r200.log - INFO - Round 121 S-diagnostic | score_mean 0.7004 | selected_tail_fraction 0.0193 | participation_range 38-55
2026-08-19 18:17:34,351 - FINAL_SA_r200.log - INFO - Round 121 selected clients: [0, 2, 5, 10, 12, 14, 16, 19]
2026-08-19 18:17:55,677 - FINAL_SA_r200.log - INFO - Round 121 | Global 0.6635 | Head 0.5939 | Tail 0.8260 | Many 0.5190 | Medium 0.6500 | Few 0.8260 | best_tail 0.8260@121 | rollback=False
2026-08-19 18:17:55,677 - FINAL_SA_r200.log - INFO - Round 122 S-diagnostic | score_mean 0.6574 | selected_tail_fraction 0.0121 | participation_range 38-56
2026-08-19 18:17:55,677 - FINAL_SA_r200.log - INFO - Round 122 selected clients: [0, 6, 8, 9, 10, 12, 15, 16]
2026-08-19 18:18:17,199 - FINAL_SA_r200.log - INFO - Round 122 | Global 0.6767 | Head 0.6267 | Tail 0.7933 | Many 0.5763 | Medium 0.6645 | Few 0.7933 | best_tail 0.8260@121 | rollback=False
2026-08-19 18:18:17,199 - FINAL_SA_r200.log - INFO - Round 123 S-diagnostic | score_mean 0.7247 | selected_tail_fraction 0.0198 | participation_range 38-57
2026-08-19 18:18:17,199 - FINAL_SA_r200.log - INFO - Round 123 selected clients: [0, 1, 6, 10, 12, 15, 16, 17]
2026-08-19 18:18:38,553 - FINAL_SA_r200.log - INFO - Round 123 | Global 0.6901 | Head 0.6603 | Tail 0.7597 | Many 0.6217 | Medium 0.6893 | Few 0.7597 | best_tail 0.8260@121 | rollback=False
2026-08-19 18:18:38,553 - FINAL_SA_r200.log - INFO - Round 124 S-diagnostic | score_mean 0.5509 | selected_tail_fraction 0.0121 | participation_range 39-57
2026-08-19 18:18:38,553 - FINAL_SA_r200.log - INFO - Round 124 selected clients: [0, 1, 7, 9, 10, 11, 13, 17]
2026-08-19 18:18:59,997 - FINAL_SA_r200.log - INFO - Round 124 | Global 0.6776 | Head 0.6690 | Tail 0.6977 | Many 0.6900 | Medium 0.6532 | Few 0.6977 | best_tail 0.8260@121 | rollback=False
2026-08-19 18:18:59,997 - FINAL_SA_r200.log - INFO - Round 125 S-diagnostic | score_mean 0.6696 | selected_tail_fraction 0.0169 | participation_range 39-58
2026-08-19 18:18:59,997 - FINAL_SA_r200.log - INFO - Round 125 selected clients: [2, 8, 9, 10, 12, 14, 15, 18]
2026-08-19 18:19:21,195 - FINAL_SA_r200.log - INFO - Round 125 | Global 0.6766 | Head 0.6477 | Tail 0.7440 | Many 0.5973 | Medium 0.6855 | Few 0.7440 | best_tail 0.8260@121 | rollback=False
2026-08-19 18:19:21,195 - FINAL_SA_r200.log - INFO - Round 126 S-diagnostic | score_mean 0.7579 | selected_tail_fraction 0.0377 | participation_range 40-58
2026-08-19 18:19:21,195 - FINAL_SA_r200.log - INFO - Round 126 selected clients: [3, 5, 6, 9, 10, 13, 18, 19]
2026-08-19 18:19:42,990 - FINAL_SA_r200.log - INFO - Round 126 | Global 0.6484 | Head 0.5753 | Tail 0.8190 | Many 0.4727 | Medium 0.6522 | Few 0.8190 | best_tail 0.8260@121 | rollback=False
2026-08-19 18:19:42,990 - FINAL_SA_r200.log - INFO - Round 127 S-diagnostic | score_mean 0.6863 | selected_tail_fraction 0.0244 | participation_range 40-58
2026-08-19 18:19:42,990 - FINAL_SA_r200.log - INFO - Round 127 selected clients: [0, 3, 4, 5, 9, 11, 14, 17]
2026-08-19 18:20:02,332 - FINAL_SA_r200.log - INFO - Round 127 | Global 0.6904 | Head 0.6640 | Tail 0.7520 | Many 0.6377 | Medium 0.6837 | Few 0.7520 | best_tail 0.8260@121 | rollback=False
2026-08-19 18:20:02,332 - FINAL_SA_r200.log - INFO - Round 128 S-diagnostic | score_mean 0.7568 | selected_tail_fraction 0.0270 | participation_range 40-59
2026-08-19 18:20:02,332 - FINAL_SA_r200.log - INFO - Round 128 selected clients: [2, 3, 5, 8, 11, 12, 15, 18]
2026-08-19 18:20:21,854 - FINAL_SA_r200.log - INFO - Round 128 | Global 0.6784 | Head 0.6243 | Tail 0.8047 | Many 0.5523 | Medium 0.6783 | Few 0.8047 | best_tail 0.8260@121 | rollback=False
2026-08-19 18:20:21,854 - FINAL_SA_r200.log - INFO - Round 129 S-diagnostic | score_mean 0.7727 | selected_tail_fraction 0.0312 | participation_range 41-60
2026-08-19 18:20:21,854 - FINAL_SA_r200.log - INFO - Round 129 selected clients: [2, 3, 9, 11, 12, 13, 17, 18]
2026-08-19 18:20:41,619 - FINAL_SA_r200.log - INFO - Round 129 | Global 0.6754 | Head 0.6303 | Tail 0.7807 | Many 0.5780 | Medium 0.6695 | Few 0.7807 | best_tail 0.8260@121 | rollback=False
2026-08-19 18:20:41,619 - FINAL_SA_r200.log - INFO - Round 130 S-diagnostic | score_mean 0.5699 | selected_tail_fraction 0.0163 | participation_range 41-60
2026-08-19 18:20:41,619 - FINAL_SA_r200.log - INFO - Round 130 selected clients: [0, 3, 7, 9, 10, 11, 14, 19]
2026-08-19 18:21:00,875 - FINAL_SA_r200.log - INFO - Round 130 | Global 0.6837 | Head 0.6459 | Tail 0.7720 | Many 0.6293 | Medium 0.6583 | Few 0.7720 | best_tail 0.8260@121 | rollback=False
2026-08-19 18:21:00,902 - FINAL_SA_r200.log - INFO - Global Accuracy: [0.1326, 0.1913, 0.2232, 0.2866, 0.2916, 0.3499, 0.3665, 0.4147, 0.3828, 0.4028, 0.4536, 0.4255, 0.4377, 0.4823, 0.5008, 0.4996, 0.4675, 0.4818, 0.4955, 0.5025, 0.5234, 0.5274, 0.5505, 0.5487, 0.5572, 0.5282, 0.5333, 0.5472, 0.557, 0.5802, 0.5552, 0.5827, 0.5689, 0.5805, 0.5572, 0.5894, 0.6249, 0.6202, 0.61, 0.627, 0.6092, 0.6161, 0.6354, 0.6339, 0.596, 0.6345, 0.6269, 0.6264, 0.6407, 0.626, 0.6464, 0.6609, 0.6462, 0.6588, 0.6542, 0.6453, 0.6597, 0.6352, 0.6547, 0.6408, 0.6385, 0.6335, 0.6755, 0.6624, 0.6412, 0.6612, 0.6619, 0.6662, 0.6668, 0.6537, 0.6675, 0.6661, 0.6561, 0.6659, 0.6719, 0.6571, 0.6589, 0.667, 0.6741, 0.6533, 0.6732, 0.6766, 0.6859, 0.6841, 0.6655, 0.6652, 0.6634, 0.6795, 0.674, 0.6563, 0.6658, 0.685, 0.6842, 0.6746, 0.6819, 0.6811, 0.6842, 0.6751, 0.6785, 0.671, 0.6871, 0.6776, 0.6674, 0.6805, 0.6808, 0.6754, 0.6785, 0.6738, 0.6763, 0.6738, 0.6816, 0.6865, 0.6832, 0.696, 0.6878, 0.6865, 0.681, 0.6794, 0.694, 0.6915, 0.6635, 0.6767, 0.6901, 0.6776, 0.6766, 0.6484, 0.6904, 0.6784, 0.6754, 0.6837]
2026-08-19 18:21:00,902 - FINAL_SA_r200.log - INFO - Majority Class Accuracy: [0.4223, 0.5667, 0.5937, 0.7163, 0.6903, 0.7393, 0.6967, 0.659, 0.7717, 0.7673, 0.771, 0.8043, 0.7397, 0.7227, 0.705, 0.733, 0.7537, 0.761, 0.7607, 0.7267, 0.7367, 0.719, 0.7123, 0.7297, 0.7237, 0.7857, 0.78, 0.773, 0.7107, 0.7273, 0.712, 0.7683, 0.7933, 0.707, 0.7923, 0.6827, 0.6447, 0.682, 0.6903, 0.648, 0.6893, 0.5597, 0.6847, 0.6583, 0.4907, 0.6617, 0.6377, 0.614, 0.5733, 0.584, 0.6227, 0.6687, 0.6687, 0.6787, 0.711, 0.733, 0.7187, 0.5733, 0.5713, 0.64, 0.585, 0.516, 0.7197, 0.645, 0.6043, 0.685, 0.5857, 0.6233, 0.6617, 0.7083, 0.7053, 0.6317, 0.5593, 0.6233, 0.6387, 0.6187, 0.6063, 0.6, 0.6417, 0.512, 0.6093, 0.612, 0.646, 0.674, 0.5863, 0.6353, 0.6243, 0.678, 0.6147, 0.568, 0.572, 0.6357, 0.6737, 0.5933, 0.6367, 0.6433, 0.664, 0.6017, 0.6167, 0.5783, 0.6307, 0.61, 0.5493, 0.5993, 0.6437, 0.6127, 0.605, 0.6107, 0.617, 0.567, 0.5957, 0.6087, 0.6077, 0.6817, 0.6583, 0.6213, 0.59, 0.5917, 0.6347, 0.6673, 0.519, 0.5763, 0.6217, 0.69, 0.5973, 0.4727, 0.6377, 0.5523, 0.578, 0.6293]
2026-08-19 18:21:00,902 - FINAL_SA_r200.log - INFO - Medium Class Accuracy: [0.0147, 0.0532, 0.1128, 0.1792, 0.2112, 0.3068, 0.371, 0.407, 0.363, 0.2727, 0.3465, 0.3317, 0.3733, 0.4925, 0.4948, 0.4885, 0.4255, 0.5327, 0.509, 0.5115, 0.5262, 0.506, 0.5655, 0.5525, 0.5148, 0.4893, 0.529, 0.5407, 0.577, 0.5615, 0.565, 0.523, 0.5208, 0.577, 0.5215, 0.545, 0.6085, 0.618, 0.6028, 0.6002, 0.5495, 0.6198, 0.5968, 0.5827, 0.579, 0.598, 0.617, 0.6218, 0.6232, 0.6205, 0.626, 0.6315, 0.6085, 0.6408, 0.6285, 0.6352, 0.6298, 0.6502, 0.6412, 0.633, 0.6258, 0.6332, 0.6428, 0.63, 0.6282, 0.6577, 0.6382, 0.6435, 0.6478, 0.628, 0.625, 0.655, 0.6623, 0.6545, 0.6442, 0.6355, 0.6405, 0.6452, 0.639, 0.6605, 0.6777, 0.6597, 0.6675, 0.6605, 0.6452, 0.6345, 0.6673, 0.6597, 0.6532, 0.656, 0.6532, 0.671, 0.6545, 0.6663, 0.666, 0.6627, 0.6695, 0.6763, 0.6555, 0.662, 0.6625, 0.6545, 0.6585, 0.6713, 0.6625, 0.6558, 0.6683, 0.6482, 0.6627, 0.6857, 0.6663, 0.6693, 0.6893, 0.6767, 0.6663, 0.6715, 0.684, 0.6775, 0.6785, 0.6667, 0.65, 0.6645, 0.6893, 0.6532, 0.6855, 0.6522, 0.6837, 0.6783, 0.6695, 0.6583]
2026-08-19 18:21:00,903 - FINAL_SA_r200.log - INFO - Minority Class Accuracy: [0.0, 0.0, 0.0, 0.0, 0.0, 0.018, 0.0303, 0.1807, 0.0203, 0.2117, 0.279, 0.1717, 0.2217, 0.2283, 0.3047, 0.281, 0.2373, 0.1347, 0.2123, 0.2663, 0.3063, 0.3643, 0.3687, 0.3627, 0.4473, 0.3227, 0.2923, 0.33, 0.3767, 0.458, 0.3853, 0.4767, 0.4087, 0.4587, 0.3697, 0.5553, 0.627, 0.5613, 0.5393, 0.6417, 0.6087, 0.6677, 0.6377, 0.6777, 0.724, 0.656, 0.6293, 0.645, 0.7313, 0.6753, 0.6973, 0.6923, 0.674, 0.663, 0.6317, 0.571, 0.6407, 0.677, 0.756, 0.652, 0.709, 0.7513, 0.675, 0.723, 0.6953, 0.642, 0.7697, 0.7393, 0.6973, 0.6333, 0.6863, 0.7153, 0.7447, 0.7237, 0.742, 0.7243, 0.736, 0.763, 0.7533, 0.785, 0.731, 0.7637, 0.7503, 0.7257, 0.7717, 0.736, 0.6973, 0.7073, 0.761, 0.745, 0.7763, 0.753, 0.7343, 0.767, 0.7483, 0.7433, 0.724, 0.747, 0.771, 0.7757, 0.7763, 0.776, 0.7973, 0.774, 0.7423, 0.7643, 0.7657, 0.771, 0.7537, 0.7647, 0.788, 0.7873, 0.7507, 0.736, 0.746, 0.7717, 0.768, 0.7697, 0.774, 0.7487, 0.826, 0.7933, 0.7597, 0.6977, 0.744, 0.819, 0.752, 0.8047, 0.7807, 0.772]
2026-08-19 18:21:00,903 - FINAL_SA_r200.log - INFO - === Head-Tail Evaluation ===
2026-08-19 18:21:00,903 - FINAL_SA_r200.log - INFO - Head Accuracy: 0.6459
2026-08-19 18:21:00,903 - FINAL_SA_r200.log - INFO - Tail Accuracy: 0.7720
2026-08-19 18:21:14,158 - FINAL_SA_r200.log - INFO - Round 131 S-diagnostic | score_mean 0.6175 | selected_tail_fraction 0.0149 | participation_range 42-60
2026-08-19 18:21:14,158 - FINAL_SA_r200.log - INFO - Round 131 selected clients: [1, 2, 6, 8, 10, 13, 15, 16]
2026-08-19 18:21:33,488 - FINAL_SA_r200.log - INFO - Round 131 | Global 0.6826 | Head 0.6469 | Tail 0.7660 | Many 0.6133 | Medium 0.6720 | Few 0.7660 | best_tail 0.8260@121 | rollback=False
2026-08-19 18:21:33,498 - FINAL_SA_r200.log - INFO - Round 132 S-diagnostic | score_mean 0.5966 | selected_tail_fraction 0.0121 | participation_range 42-60
2026-08-19 18:21:33,498 - FINAL_SA_r200.log - INFO - Round 132 selected clients: [0, 1, 8, 9, 11, 14, 16, 17]
2026-08-19 18:21:52,521 - FINAL_SA_r200.log - INFO - Round 132 | Global 0.6922 | Head 0.6653 | Tail 0.7550 | Many 0.6513 | Medium 0.6757 | Few 0.7550 | best_tail 0.8260@121 | rollback=False
2026-08-19 18:21:52,521 - FINAL_SA_r200.log - INFO - Round 133 S-diagnostic | score_mean 0.7615 | selected_tail_fraction 0.0274 | participation_range 42-61
2026-08-19 18:21:52,521 - FINAL_SA_r200.log - INFO - Round 133 selected clients: [1, 2, 3, 4, 6, 10, 12, 19]
2026-08-19 18:22:12,330 - FINAL_SA_r200.log - INFO - Round 133 | Global 0.6770 | Head 0.6251 | Tail 0.7980 | Many 0.5670 | Medium 0.6687 | Few 0.7980 | best_tail 0.8260@121 | rollback=False
2026-08-19 18:22:12,330 - FINAL_SA_r200.log - INFO - Round 134 S-diagnostic | score_mean 0.6554 | selected_tail_fraction 0.0220 | participation_range 42-62
2026-08-19 18:22:12,330 - FINAL_SA_r200.log - INFO - Round 134 selected clients: [7, 8, 9, 12, 14, 15, 17, 19]
2026-08-19 18:22:31,914 - FINAL_SA_r200.log - INFO - Round 134 | Global 0.6926 | Head 0.6520 | Tail 0.7873 | Many 0.6283 | Medium 0.6697 | Few 0.7873 | best_tail 0.8260@121 | rollback=False
2026-08-19 18:22:31,914 - FINAL_SA_r200.log - INFO - Round 135 S-diagnostic | score_mean 0.8543 | selected_tail_fraction 0.0373 | participation_range 42-63
2026-08-19 18:22:31,914 - FINAL_SA_r200.log - INFO - Round 135 selected clients: [1, 2, 3, 6, 12, 16, 17, 19]
2026-08-19 18:22:51,749 - FINAL_SA_r200.log - INFO - Round 135 | Global 0.6762 | Head 0.6151 | Tail 0.8187 | Many 0.5473 | Medium 0.6660 | Few 0.8187 | best_tail 0.8260@121 | rollback=False
2026-08-19 18:22:51,749 - FINAL_SA_r200.log - INFO - Round 136 S-diagnostic | score_mean 0.7854 | selected_tail_fraction 0.0264 | participation_range 43-64
2026-08-19 18:22:51,749 - FINAL_SA_r200.log - INFO - Round 136 selected clients: [0, 3, 5, 9, 12, 13, 15, 17]
2026-08-19 18:23:11,572 - FINAL_SA_r200.log - INFO - Round 136 | Global 0.6922 | Head 0.6594 | Tail 0.7687 | Many 0.6253 | Medium 0.6850 | Few 0.7687 | best_tail 0.8260@121 | rollback=False
2026-08-19 18:23:11,573 - FINAL_SA_r200.log - INFO - Round 137 S-diagnostic | score_mean 0.7796 | selected_tail_fraction 0.0298 | participation_range 43-65
2026-08-19 18:23:11,573 - FINAL_SA_r200.log - INFO - Round 137 selected clients: [0, 6, 7, 9, 12, 15, 17, 19]
2026-08-19 18:23:31,536 - FINAL_SA_r200.log - INFO - Round 137 | Global 0.6753 | Head 0.6327 | Tail 0.7747 | Many 0.5717 | Medium 0.6785 | Few 0.7747 | best_tail 0.8260@121 | rollback=False
2026-08-19 18:23:31,538 - FINAL_SA_r200.log - INFO - Round 138 S-diagnostic | score_mean 0.7011 | selected_tail_fraction 0.0292 | participation_range 43-65
2026-08-19 18:23:31,538 - FINAL_SA_r200.log - INFO - Round 138 selected clients: [1, 2, 3, 4, 7, 14, 17, 19]
2026-08-19 18:23:50,958 - FINAL_SA_r200.log - INFO - Round 138 | Global 0.6808 | Head 0.6389 | Tail 0.7787 | Many 0.5727 | Medium 0.6885 | Few 0.7787 | best_tail 0.8260@121 | rollback=False
2026-08-19 18:23:50,958 - FINAL_SA_r200.log - INFO - Round 139 S-diagnostic | score_mean 0.5844 | selected_tail_fraction 0.0133 | participation_range 44-66
2026-08-19 18:23:50,958 - FINAL_SA_r200.log - INFO - Round 139 selected clients: [0, 2, 6, 8, 11, 12, 13, 14]
2026-08-19 18:24:10,208 - FINAL_SA_r200.log - INFO - Round 139 | Global 0.6902 | Head 0.6546 | Tail 0.7733 | Many 0.6220 | Medium 0.6790 | Few 0.7733 | best_tail 0.8260@121 | rollback=False
2026-08-19 18:24:10,208 - FINAL_SA_r200.log - INFO - Round 140 S-diagnostic | score_mean 0.6878 | selected_tail_fraction 0.0238 | participation_range 44-67
2026-08-19 18:24:10,208 - FINAL_SA_r200.log - INFO - Round 140 selected clients: [3, 4, 11, 12, 14, 16, 17, 18]
2026-08-19 18:24:31,139 - FINAL_SA_r200.log - INFO - Round 140 | Global 0.6999 | Head 0.6609 | Tail 0.7910 | Many 0.6537 | Medium 0.6663 | Few 0.7910 | best_tail 0.8260@121 | rollback=False
2026-08-19 18:24:31,165 - FINAL_SA_r200.log - INFO - Global Accuracy: [0.1326, 0.1913, 0.2232, 0.2866, 0.2916, 0.3499, 0.3665, 0.4147, 0.3828, 0.4028, 0.4536, 0.4255, 0.4377, 0.4823, 0.5008, 0.4996, 0.4675, 0.4818, 0.4955, 0.5025, 0.5234, 0.5274, 0.5505, 0.5487, 0.5572, 0.5282, 0.5333, 0.5472, 0.557, 0.5802, 0.5552, 0.5827, 0.5689, 0.5805, 0.5572, 0.5894, 0.6249, 0.6202, 0.61, 0.627, 0.6092, 0.6161, 0.6354, 0.6339, 0.596, 0.6345, 0.6269, 0.6264, 0.6407, 0.626, 0.6464, 0.6609, 0.6462, 0.6588, 0.6542, 0.6453, 0.6597, 0.6352, 0.6547, 0.6408, 0.6385, 0.6335, 0.6755, 0.6624, 0.6412, 0.6612, 0.6619, 0.6662, 0.6668, 0.6537, 0.6675, 0.6661, 0.6561, 0.6659, 0.6719, 0.6571, 0.6589, 0.667, 0.6741, 0.6533, 0.6732, 0.6766, 0.6859, 0.6841, 0.6655, 0.6652, 0.6634, 0.6795, 0.674, 0.6563, 0.6658, 0.685, 0.6842, 0.6746, 0.6819, 0.6811, 0.6842, 0.6751, 0.6785, 0.671, 0.6871, 0.6776, 0.6674, 0.6805, 0.6808, 0.6754, 0.6785, 0.6738, 0.6763, 0.6738, 0.6816, 0.6865, 0.6832, 0.696, 0.6878, 0.6865, 0.681, 0.6794, 0.694, 0.6915, 0.6635, 0.6767, 0.6901, 0.6776, 0.6766, 0.6484, 0.6904, 0.6784, 0.6754, 0.6837, 0.6826, 0.6922, 0.677, 0.6926, 0.6762, 0.6922, 0.6753, 0.6808, 0.6902, 0.6999]
2026-08-19 18:24:31,165 - FINAL_SA_r200.log - INFO - Majority Class Accuracy: [0.4223, 0.5667, 0.5937, 0.7163, 0.6903, 0.7393, 0.6967, 0.659, 0.7717, 0.7673, 0.771, 0.8043, 0.7397, 0.7227, 0.705, 0.733, 0.7537, 0.761, 0.7607, 0.7267, 0.7367, 0.719, 0.7123, 0.7297, 0.7237, 0.7857, 0.78, 0.773, 0.7107, 0.7273, 0.712, 0.7683, 0.7933, 0.707, 0.7923, 0.6827, 0.6447, 0.682, 0.6903, 0.648, 0.6893, 0.5597, 0.6847, 0.6583, 0.4907, 0.6617, 0.6377, 0.614, 0.5733, 0.584, 0.6227, 0.6687, 0.6687, 0.6787, 0.711, 0.733, 0.7187, 0.5733, 0.5713, 0.64, 0.585, 0.516, 0.7197, 0.645, 0.6043, 0.685, 0.5857, 0.6233, 0.6617, 0.7083, 0.7053, 0.6317, 0.5593, 0.6233, 0.6387, 0.6187, 0.6063, 0.6, 0.6417, 0.512, 0.6093, 0.612, 0.646, 0.674, 0.5863, 0.6353, 0.6243, 0.678, 0.6147, 0.568, 0.572, 0.6357, 0.6737, 0.5933, 0.6367, 0.6433, 0.664, 0.6017, 0.6167, 0.5783, 0.6307, 0.61, 0.5493, 0.5993, 0.6437, 0.6127, 0.605, 0.6107, 0.617, 0.567, 0.5957, 0.6087, 0.6077, 0.6817, 0.6583, 0.6213, 0.59, 0.5917, 0.6347, 0.6673, 0.519, 0.5763, 0.6217, 0.69, 0.5973, 0.4727, 0.6377, 0.5523, 0.578, 0.6293, 0.6133, 0.6513, 0.567, 0.6283, 0.5473, 0.6253, 0.5717, 0.5727, 0.622, 0.6537]
2026-08-19 18:24:31,166 - FINAL_SA_r200.log - INFO - Medium Class Accuracy: [0.0147, 0.0532, 0.1128, 0.1792, 0.2112, 0.3068, 0.371, 0.407, 0.363, 0.2727, 0.3465, 0.3317, 0.3733, 0.4925, 0.4948, 0.4885, 0.4255, 0.5327, 0.509, 0.5115, 0.5262, 0.506, 0.5655, 0.5525, 0.5148, 0.4893, 0.529, 0.5407, 0.577, 0.5615, 0.565, 0.523, 0.5208, 0.577, 0.5215, 0.545, 0.6085, 0.618, 0.6028, 0.6002, 0.5495, 0.6198, 0.5968, 0.5827, 0.579, 0.598, 0.617, 0.6218, 0.6232, 0.6205, 0.626, 0.6315, 0.6085, 0.6408, 0.6285, 0.6352, 0.6298, 0.6502, 0.6412, 0.633, 0.6258, 0.6332, 0.6428, 0.63, 0.6282, 0.6577, 0.6382, 0.6435, 0.6478, 0.628, 0.625, 0.655, 0.6623, 0.6545, 0.6442, 0.6355, 0.6405, 0.6452, 0.639, 0.6605, 0.6777, 0.6597, 0.6675, 0.6605, 0.6452, 0.6345, 0.6673, 0.6597, 0.6532, 0.656, 0.6532, 0.671, 0.6545, 0.6663, 0.666, 0.6627, 0.6695, 0.6763, 0.6555, 0.662, 0.6625, 0.6545, 0.6585, 0.6713, 0.6625, 0.6558, 0.6683, 0.6482, 0.6627, 0.6857, 0.6663, 0.6693, 0.6893, 0.6767, 0.6663, 0.6715, 0.684, 0.6775, 0.6785, 0.6667, 0.65, 0.6645, 0.6893, 0.6532, 0.6855, 0.6522, 0.6837, 0.6783, 0.6695, 0.6583, 0.672, 0.6757, 0.6687, 0.6697, 0.666, 0.685, 0.6785, 0.6885, 0.679, 0.6663]
2026-08-19 18:24:31,166 - FINAL_SA_r200.log - INFO - Minority Class Accuracy: [0.0, 0.0, 0.0, 0.0, 0.0, 0.018, 0.0303, 0.1807, 0.0203, 0.2117, 0.279, 0.1717, 0.2217, 0.2283, 0.3047, 0.281, 0.2373, 0.1347, 0.2123, 0.2663, 0.3063, 0.3643, 0.3687, 0.3627, 0.4473, 0.3227, 0.2923, 0.33, 0.3767, 0.458, 0.3853, 0.4767, 0.4087, 0.4587, 0.3697, 0.5553, 0.627, 0.5613, 0.5393, 0.6417, 0.6087, 0.6677, 0.6377, 0.6777, 0.724, 0.656, 0.6293, 0.645, 0.7313, 0.6753, 0.6973, 0.6923, 0.674, 0.663, 0.6317, 0.571, 0.6407, 0.677, 0.756, 0.652, 0.709, 0.7513, 0.675, 0.723, 0.6953, 0.642, 0.7697, 0.7393, 0.6973, 0.6333, 0.6863, 0.7153, 0.7447, 0.7237, 0.742, 0.7243, 0.736, 0.763, 0.7533, 0.785, 0.731, 0.7637, 0.7503, 0.7257, 0.7717, 0.736, 0.6973, 0.7073, 0.761, 0.745, 0.7763, 0.753, 0.7343, 0.767, 0.7483, 0.7433, 0.724, 0.747, 0.771, 0.7757, 0.7763, 0.776, 0.7973, 0.774, 0.7423, 0.7643, 0.7657, 0.771, 0.7537, 0.7647, 0.788, 0.7873, 0.7507, 0.736, 0.746, 0.7717, 0.768, 0.7697, 0.774, 0.7487, 0.826, 0.7933, 0.7597, 0.6977, 0.744, 0.819, 0.752, 0.8047, 0.7807, 0.772, 0.766, 0.755, 0.798, 0.7873, 0.8187, 0.7687, 0.7747, 0.7787, 0.7733, 0.791]
2026-08-19 18:24:31,166 - FINAL_SA_r200.log - INFO - === Head-Tail Evaluation ===
2026-08-19 18:24:31,166 - FINAL_SA_r200.log - INFO - Head Accuracy: 0.6609
2026-08-19 18:24:31,166 - FINAL_SA_r200.log - INFO - Tail Accuracy: 0.7910
2026-08-19 18:24:44,278 - FINAL_SA_r200.log - INFO - Round 141 S-diagnostic | score_mean 0.7781 | selected_tail_fraction 0.0349 | participation_range 44-67
2026-08-19 18:24:44,278 - FINAL_SA_r200.log - INFO - Round 141 selected clients: [1, 4, 6, 13, 15, 17, 18, 19]
2026-08-19 18:25:06,474 - FINAL_SA_r200.log - INFO - Round 141 | Global 0.6808 | Head 0.6270 | Tail 0.8063 | Many 0.5843 | Medium 0.6590 | Few 0.8063 | best_tail 0.8260@121 | rollback=False
2026-08-19 18:25:06,474 - FINAL_SA_r200.log - INFO - Round 142 S-diagnostic | score_mean 0.7467 | selected_tail_fraction 0.0171 | participation_range 44-67
2026-08-19 18:25:06,474 - FINAL_SA_r200.log - INFO - Round 142 selected clients: [0, 1, 2, 7, 9, 15, 16, 19]
2026-08-19 18:25:28,131 - FINAL_SA_r200.log - INFO - Round 142 | Global 0.6761 | Head 0.6143 | Tail 0.8203 | Many 0.5543 | Medium 0.6593 | Few 0.8203 | best_tail 0.8260@121 | rollback=False
2026-08-19 18:25:28,141 - FINAL_SA_r200.log - INFO - Round 143 S-diagnostic | score_mean 0.6994 | selected_tail_fraction 0.0254 | participation_range 44-67
2026-08-19 18:25:28,141 - FINAL_SA_r200.log - INFO - Round 143 selected clients: [1, 3, 8, 13, 15, 16, 17, 18]
2026-08-19 18:25:49,799 - FINAL_SA_r200.log - INFO - Round 143 | Global 0.6719 | Head 0.6353 | Tail 0.7573 | Many 0.6000 | Medium 0.6617 | Few 0.7573 | best_tail 0.8260@121 | rollback=False
2026-08-19 18:25:49,799 - FINAL_SA_r200.log - INFO - Round 144 S-diagnostic | score_mean 0.6186 | selected_tail_fraction 0.0151 | participation_range 44-68
2026-08-19 18:25:49,799 - FINAL_SA_r200.log - INFO - Round 144 selected clients: [2, 6, 7, 8, 10, 12, 15, 16]
2026-08-19 18:26:11,222 - FINAL_SA_r200.log - INFO - Round 144 | Global 0.6897 | Head 0.6561 | Tail 0.7680 | Many 0.6307 | Medium 0.6753 | Few 0.7680 | best_tail 0.8260@121 | rollback=False
2026-08-19 18:26:11,222 - FINAL_SA_r200.log - INFO - Round 145 S-diagnostic | score_mean 0.7060 | selected_tail_fraction 0.0230 | participation_range 44-69
2026-08-19 18:26:11,232 - FINAL_SA_r200.log - INFO - Round 145 selected clients: [2, 4, 6, 7, 12, 14, 15, 19]
2026-08-19 18:26:32,771 - FINAL_SA_r200.log - INFO - Round 145 | Global 0.6822 | Head 0.6360 | Tail 0.7900 | Many 0.5803 | Medium 0.6777 | Few 0.7900 | best_tail 0.8260@121 | rollback=False
2026-08-19 18:26:32,771 - FINAL_SA_r200.log - INFO - Round 146 S-diagnostic | score_mean 0.5466 | selected_tail_fraction 0.0153 | participation_range 44-69
2026-08-19 18:26:32,771 - FINAL_SA_r200.log - INFO - Round 146 selected clients: [0, 6, 8, 10, 11, 14, 16, 18]
2026-08-19 18:26:53,968 - FINAL_SA_r200.log - INFO - Round 146 | Global 0.6875 | Head 0.6480 | Tail 0.7797 | Many 0.6483 | Medium 0.6478 | Few 0.7797 | best_tail 0.8260@121 | rollback=False
2026-08-19 18:26:53,978 - FINAL_SA_r200.log - INFO - Round 147 S-diagnostic | score_mean 0.5617 | selected_tail_fraction 0.0115 | participation_range 44-69
2026-08-19 18:26:53,978 - FINAL_SA_r200.log - INFO - Round 147 selected clients: [0, 1, 2, 3, 7, 10, 11, 13]
2026-08-19 18:27:15,178 - FINAL_SA_r200.log - INFO - Round 147 | Global 0.6834 | Head 0.6431 | Tail 0.7773 | Many 0.6053 | Medium 0.6715 | Few 0.7773 | best_tail 0.8260@121 | rollback=False
2026-08-19 18:27:15,178 - FINAL_SA_r200.log - INFO - Round 148 S-diagnostic | score_mean 0.7145 | selected_tail_fraction 0.0199 | participation_range 44-69
2026-08-19 18:27:15,178 - FINAL_SA_r200.log - INFO - Round 148 selected clients: [0, 1, 4, 9, 11, 16, 17, 19]
2026-08-19 18:27:36,538 - FINAL_SA_r200.log - INFO - Round 148 | Global 0.6903 | Head 0.6509 | Tail 0.7823 | Many 0.6210 | Medium 0.6733 | Few 0.7823 | best_tail 0.8260@121 | rollback=False
2026-08-19 18:27:36,538 - FINAL_SA_r200.log - INFO - Round 149 S-diagnostic | score_mean 0.7207 | selected_tail_fraction 0.0292 | participation_range 45-69
2026-08-19 18:27:36,538 - FINAL_SA_r200.log - INFO - Round 149 selected clients: [1, 2, 3, 5, 8, 10, 15, 17]
2026-08-19 18:27:57,895 - FINAL_SA_r200.log - INFO - Round 149 | Global 0.6778 | Head 0.6316 | Tail 0.7857 | Many 0.5807 | Medium 0.6697 | Few 0.7857 | best_tail 0.8260@121 | rollback=False
2026-08-19 18:27:57,895 - FINAL_SA_r200.log - INFO - Round 150 S-diagnostic | score_mean 0.6806 | selected_tail_fraction 0.0183 | participation_range 45-70
2026-08-19 18:27:57,895 - FINAL_SA_r200.log - INFO - Round 150 selected clients: [3, 4, 7, 8, 9, 12, 15, 19]
2026-08-19 18:28:19,440 - FINAL_SA_r200.log - INFO - Round 150 | Global 0.6791 | Head 0.6280 | Tail 0.7983 | Many 0.5767 | Medium 0.6665 | Few 0.7983 | best_tail 0.8260@121 | rollback=False
2026-08-19 18:28:19,463 - FINAL_SA_r200.log - INFO - Global Accuracy: [0.1326, 0.1913, 0.2232, 0.2866, 0.2916, 0.3499, 0.3665, 0.4147, 0.3828, 0.4028, 0.4536, 0.4255, 0.4377, 0.4823, 0.5008, 0.4996, 0.4675, 0.4818, 0.4955, 0.5025, 0.5234, 0.5274, 0.5505, 0.5487, 0.5572, 0.5282, 0.5333, 0.5472, 0.557, 0.5802, 0.5552, 0.5827, 0.5689, 0.5805, 0.5572, 0.5894, 0.6249, 0.6202, 0.61, 0.627, 0.6092, 0.6161, 0.6354, 0.6339, 0.596, 0.6345, 0.6269, 0.6264, 0.6407, 0.626, 0.6464, 0.6609, 0.6462, 0.6588, 0.6542, 0.6453, 0.6597, 0.6352, 0.6547, 0.6408, 0.6385, 0.6335, 0.6755, 0.6624, 0.6412, 0.6612, 0.6619, 0.6662, 0.6668, 0.6537, 0.6675, 0.6661, 0.6561, 0.6659, 0.6719, 0.6571, 0.6589, 0.667, 0.6741, 0.6533, 0.6732, 0.6766, 0.6859, 0.6841, 0.6655, 0.6652, 0.6634, 0.6795, 0.674, 0.6563, 0.6658, 0.685, 0.6842, 0.6746, 0.6819, 0.6811, 0.6842, 0.6751, 0.6785, 0.671, 0.6871, 0.6776, 0.6674, 0.6805, 0.6808, 0.6754, 0.6785, 0.6738, 0.6763, 0.6738, 0.6816, 0.6865, 0.6832, 0.696, 0.6878, 0.6865, 0.681, 0.6794, 0.694, 0.6915, 0.6635, 0.6767, 0.6901, 0.6776, 0.6766, 0.6484, 0.6904, 0.6784, 0.6754, 0.6837, 0.6826, 0.6922, 0.677, 0.6926, 0.6762, 0.6922, 0.6753, 0.6808, 0.6902, 0.6999, 0.6808, 0.6761, 0.6719, 0.6897, 0.6822, 0.6875, 0.6834, 0.6903, 0.6778, 0.6791]
2026-08-19 18:28:19,463 - FINAL_SA_r200.log - INFO - Majority Class Accuracy: [0.4223, 0.5667, 0.5937, 0.7163, 0.6903, 0.7393, 0.6967, 0.659, 0.7717, 0.7673, 0.771, 0.8043, 0.7397, 0.7227, 0.705, 0.733, 0.7537, 0.761, 0.7607, 0.7267, 0.7367, 0.719, 0.7123, 0.7297, 0.7237, 0.7857, 0.78, 0.773, 0.7107, 0.7273, 0.712, 0.7683, 0.7933, 0.707, 0.7923, 0.6827, 0.6447, 0.682, 0.6903, 0.648, 0.6893, 0.5597, 0.6847, 0.6583, 0.4907, 0.6617, 0.6377, 0.614, 0.5733, 0.584, 0.6227, 0.6687, 0.6687, 0.6787, 0.711, 0.733, 0.7187, 0.5733, 0.5713, 0.64, 0.585, 0.516, 0.7197, 0.645, 0.6043, 0.685, 0.5857, 0.6233, 0.6617, 0.7083, 0.7053, 0.6317, 0.5593, 0.6233, 0.6387, 0.6187, 0.6063, 0.6, 0.6417, 0.512, 0.6093, 0.612, 0.646, 0.674, 0.5863, 0.6353, 0.6243, 0.678, 0.6147, 0.568, 0.572, 0.6357, 0.6737, 0.5933, 0.6367, 0.6433, 0.664, 0.6017, 0.6167, 0.5783, 0.6307, 0.61, 0.5493, 0.5993, 0.6437, 0.6127, 0.605, 0.6107, 0.617, 0.567, 0.5957, 0.6087, 0.6077, 0.6817, 0.6583, 0.6213, 0.59, 0.5917, 0.6347, 0.6673, 0.519, 0.5763, 0.6217, 0.69, 0.5973, 0.4727, 0.6377, 0.5523, 0.578, 0.6293, 0.6133, 0.6513, 0.567, 0.6283, 0.5473, 0.6253, 0.5717, 0.5727, 0.622, 0.6537, 0.5843, 0.5543, 0.6, 0.6307, 0.5803, 0.6483, 0.6053, 0.621, 0.5807, 0.5767]
2026-08-19 18:28:19,463 - FINAL_SA_r200.log - INFO - Medium Class Accuracy: [0.0147, 0.0532, 0.1128, 0.1792, 0.2112, 0.3068, 0.371, 0.407, 0.363, 0.2727, 0.3465, 0.3317, 0.3733, 0.4925, 0.4948, 0.4885, 0.4255, 0.5327, 0.509, 0.5115, 0.5262, 0.506, 0.5655, 0.5525, 0.5148, 0.4893, 0.529, 0.5407, 0.577, 0.5615, 0.565, 0.523, 0.5208, 0.577, 0.5215, 0.545, 0.6085, 0.618, 0.6028, 0.6002, 0.5495, 0.6198, 0.5968, 0.5827, 0.579, 0.598, 0.617, 0.6218, 0.6232, 0.6205, 0.626, 0.6315, 0.6085, 0.6408, 0.6285, 0.6352, 0.6298, 0.6502, 0.6412, 0.633, 0.6258, 0.6332, 0.6428, 0.63, 0.6282, 0.6577, 0.6382, 0.6435, 0.6478, 0.628, 0.625, 0.655, 0.6623, 0.6545, 0.6442, 0.6355, 0.6405, 0.6452, 0.639, 0.6605, 0.6777, 0.6597, 0.6675, 0.6605, 0.6452, 0.6345, 0.6673, 0.6597, 0.6532, 0.656, 0.6532, 0.671, 0.6545, 0.6663, 0.666, 0.6627, 0.6695, 0.6763, 0.6555, 0.662, 0.6625, 0.6545, 0.6585, 0.6713, 0.6625, 0.6558, 0.6683, 0.6482, 0.6627, 0.6857, 0.6663, 0.6693, 0.6893, 0.6767, 0.6663, 0.6715, 0.684, 0.6775, 0.6785, 0.6667, 0.65, 0.6645, 0.6893, 0.6532, 0.6855, 0.6522, 0.6837, 0.6783, 0.6695, 0.6583, 0.672, 0.6757, 0.6687, 0.6697, 0.666, 0.685, 0.6785, 0.6885, 0.679, 0.6663, 0.659, 0.6593, 0.6617, 0.6753, 0.6777, 0.6478, 0.6715, 0.6733, 0.6697, 0.6665]
2026-08-19 18:28:19,463 - FINAL_SA_r200.log - INFO - Minority Class Accuracy: [0.0, 0.0, 0.0, 0.0, 0.0, 0.018, 0.0303, 0.1807, 0.0203, 0.2117, 0.279, 0.1717, 0.2217, 0.2283, 0.3047, 0.281, 0.2373, 0.1347, 0.2123, 0.2663, 0.3063, 0.3643, 0.3687, 0.3627, 0.4473, 0.3227, 0.2923, 0.33, 0.3767, 0.458, 0.3853, 0.4767, 0.4087, 0.4587, 0.3697, 0.5553, 0.627, 0.5613, 0.5393, 0.6417, 0.6087, 0.6677, 0.6377, 0.6777, 0.724, 0.656, 0.6293, 0.645, 0.7313, 0.6753, 0.6973, 0.6923, 0.674, 0.663, 0.6317, 0.571, 0.6407, 0.677, 0.756, 0.652, 0.709, 0.7513, 0.675, 0.723, 0.6953, 0.642, 0.7697, 0.7393, 0.6973, 0.6333, 0.6863, 0.7153, 0.7447, 0.7237, 0.742, 0.7243, 0.736, 0.763, 0.7533, 0.785, 0.731, 0.7637, 0.7503, 0.7257, 0.7717, 0.736, 0.6973, 0.7073, 0.761, 0.745, 0.7763, 0.753, 0.7343, 0.767, 0.7483, 0.7433, 0.724, 0.747, 0.771, 0.7757, 0.7763, 0.776, 0.7973, 0.774, 0.7423, 0.7643, 0.7657, 0.771, 0.7537, 0.7647, 0.788, 0.7873, 0.7507, 0.736, 0.746, 0.7717, 0.768, 0.7697, 0.774, 0.7487, 0.826, 0.7933, 0.7597, 0.6977, 0.744, 0.819, 0.752, 0.8047, 0.7807, 0.772, 0.766, 0.755, 0.798, 0.7873, 0.8187, 0.7687, 0.7747, 0.7787, 0.7733, 0.791, 0.8063, 0.8203, 0.7573, 0.768, 0.79, 0.7797, 0.7773, 0.7823, 0.7857, 0.7983]
2026-08-19 18:28:19,463 - FINAL_SA_r200.log - INFO - === Head-Tail Evaluation ===
2026-08-19 18:28:19,463 - FINAL_SA_r200.log - INFO - Head Accuracy: 0.6280
2026-08-19 18:28:19,463 - FINAL_SA_r200.log - INFO - Tail Accuracy: 0.7983
2026-08-19 18:28:32,795 - FINAL_SA_r200.log - INFO - Round 151 S-diagnostic | score_mean 0.7855 | selected_tail_fraction 0.0298 | participation_range 45-71
2026-08-19 18:28:32,795 - FINAL_SA_r200.log - INFO - Round 151 selected clients: [6, 9, 12, 13, 15, 16, 17, 19]
2026-08-19 18:28:54,264 - FINAL_SA_r200.log - INFO - Round 151 | Global 0.6831 | Head 0.6333 | Tail 0.7993 | Many 0.5833 | Medium 0.6707 | Few 0.7993 | best_tail 0.8260@121 | rollback=False
2026-08-19 18:28:54,265 - FINAL_SA_r200.log - INFO - Round 152 S-diagnostic | score_mean 0.8032 | selected_tail_fraction 0.0371 | participation_range 46-72
2026-08-19 18:28:54,265 - FINAL_SA_r200.log - INFO - Round 152 selected clients: [0, 2, 5, 6, 10, 12, 17, 19]
2026-08-19 18:29:15,862 - FINAL_SA_r200.log - INFO - Round 152 | Global 0.6608 | Head 0.5963 | Tail 0.8113 | Many 0.5073 | Medium 0.6630 | Few 0.8113 | best_tail 0.8260@121 | rollback=False
2026-08-19 18:29:15,862 - FINAL_SA_r200.log - INFO - Round 153 S-diagnostic | score_mean 0.7223 | selected_tail_fraction 0.0234 | participation_range 46-73
2026-08-19 18:29:15,862 - FINAL_SA_r200.log - INFO - Round 153 selected clients: [2, 3, 12, 13, 14, 15, 16, 17]
2026-08-19 18:29:35,125 - FINAL_SA_r200.log - INFO - Round 153 | Global 0.6906 | Head 0.6521 | Tail 0.7803 | Many 0.6143 | Medium 0.6805 | Few 0.7803 | best_tail 0.8260@121 | rollback=False
2026-08-19 18:29:35,125 - FINAL_SA_r200.log - INFO - Round 154 S-diagnostic | score_mean 0.7029 | selected_tail_fraction 0.0256 | participation_range 46-73
2026-08-19 18:29:35,125 - FINAL_SA_r200.log - INFO - Round 154 selected clients: [0, 1, 4, 6, 8, 16, 17, 19]
2026-08-19 18:29:54,186 - FINAL_SA_r200.log - INFO - Round 154 | Global 0.6936 | Head 0.6486 | Tail 0.7987 | Many 0.6080 | Medium 0.6790 | Few 0.7987 | best_tail 0.8260@121 | rollback=False
2026-08-19 18:29:54,186 - FINAL_SA_r200.log - INFO - Round 155 S-diagnostic | score_mean 0.7260 | selected_tail_fraction 0.0232 | participation_range 47-74
2026-08-19 18:29:54,186 - FINAL_SA_r200.log - INFO - Round 155 selected clients: [2, 5, 12, 13, 14, 15, 16, 17]
2026-08-19 18:30:13,367 - FINAL_SA_r200.log - INFO - Round 155 | Global 0.6912 | Head 0.6554 | Tail 0.7747 | Many 0.6200 | Medium 0.6820 | Few 0.7747 | best_tail 0.8260@121 | rollback=False
2026-08-19 18:30:13,367 - FINAL_SA_r200.log - INFO - Round 156 S-diagnostic | score_mean 0.6530 | selected_tail_fraction 0.0105 | participation_range 47-75
2026-08-19 18:30:13,367 - FINAL_SA_r200.log - INFO - Round 156 selected clients: [1, 3, 4, 7, 8, 9, 12, 15]
2026-08-19 18:30:32,553 - FINAL_SA_r200.log - INFO - Round 156 | Global 0.7023 | Head 0.6803 | Tail 0.7537 | Many 0.6637 | Medium 0.6927 | Few 0.7537 | best_tail 0.8260@121 | rollback=False
2026-08-19 18:30:32,553 - FINAL_SA_r200.log - INFO - Round 157 S-diagnostic | score_mean 0.7619 | selected_tail_fraction 0.0256 | participation_range 47-75
2026-08-19 18:30:32,553 - FINAL_SA_r200.log - INFO - Round 157 selected clients: [1, 3, 4, 6, 9, 13, 15, 18]
2026-08-19 18:30:52,141 - FINAL_SA_r200.log - INFO - Round 157 | Global 0.6702 | Head 0.6094 | Tail 0.8120 | Many 0.5117 | Medium 0.6827 | Few 0.8120 | best_tail 0.8260@121 | rollback=False
2026-08-19 18:30:52,141 - FINAL_SA_r200.log - INFO - Round 158 S-diagnostic | score_mean 0.7044 | selected_tail_fraction 0.0248 | participation_range 47-75
2026-08-19 18:30:52,141 - FINAL_SA_r200.log - INFO - Round 158 selected clients: [2, 4, 9, 13, 14, 16, 17, 18]
2026-08-19 18:31:11,543 - FINAL_SA_r200.log - INFO - Round 158 | Global 0.6844 | Head 0.6303 | Tail 0.8107 | Many 0.5597 | Medium 0.6833 | Few 0.8107 | best_tail 0.8260@121 | rollback=False
2026-08-19 18:31:11,545 - FINAL_SA_r200.log - INFO - Round 159 S-diagnostic | score_mean 0.7368 | selected_tail_fraction 0.0171 | participation_range 47-75
2026-08-19 18:31:11,545 - FINAL_SA_r200.log - INFO - Round 159 selected clients: [0, 1, 2, 6, 7, 9, 15, 16]
2026-08-19 18:31:31,540 - FINAL_SA_r200.log - INFO - Round 159 | Global 0.6756 | Head 0.6174 | Tail 0.8113 | Many 0.5390 | Medium 0.6763 | Few 0.8113 | best_tail 0.8260@121 | rollback=False
2026-08-19 18:31:31,549 - FINAL_SA_r200.log - INFO - Round 160 S-diagnostic | score_mean 0.7000 | selected_tail_fraction 0.0274 | participation_range 47-75
2026-08-19 18:31:31,549 - FINAL_SA_r200.log - INFO - Round 160 selected clients: [0, 4, 6, 9, 11, 13, 17, 18]
2026-08-19 18:31:50,757 - FINAL_SA_r200.log - INFO - Round 160 | Global 0.6785 | Head 0.6381 | Tail 0.7727 | Many 0.5903 | Medium 0.6740 | Few 0.7727 | best_tail 0.8260@121 | rollback=False
2026-08-19 18:31:50,782 - FINAL_SA_r200.log - INFO - Global Accuracy: [0.1326, 0.1913, 0.2232, 0.2866, 0.2916, 0.3499, 0.3665, 0.4147, 0.3828, 0.4028, 0.4536, 0.4255, 0.4377, 0.4823, 0.5008, 0.4996, 0.4675, 0.4818, 0.4955, 0.5025, 0.5234, 0.5274, 0.5505, 0.5487, 0.5572, 0.5282, 0.5333, 0.5472, 0.557, 0.5802, 0.5552, 0.5827, 0.5689, 0.5805, 0.5572, 0.5894, 0.6249, 0.6202, 0.61, 0.627, 0.6092, 0.6161, 0.6354, 0.6339, 0.596, 0.6345, 0.6269, 0.6264, 0.6407, 0.626, 0.6464, 0.6609, 0.6462, 0.6588, 0.6542, 0.6453, 0.6597, 0.6352, 0.6547, 0.6408, 0.6385, 0.6335, 0.6755, 0.6624, 0.6412, 0.6612, 0.6619, 0.6662, 0.6668, 0.6537, 0.6675, 0.6661, 0.6561, 0.6659, 0.6719, 0.6571, 0.6589, 0.667, 0.6741, 0.6533, 0.6732, 0.6766, 0.6859, 0.6841, 0.6655, 0.6652, 0.6634, 0.6795, 0.674, 0.6563, 0.6658, 0.685, 0.6842, 0.6746, 0.6819, 0.6811, 0.6842, 0.6751, 0.6785, 0.671, 0.6871, 0.6776, 0.6674, 0.6805, 0.6808, 0.6754, 0.6785, 0.6738, 0.6763, 0.6738, 0.6816, 0.6865, 0.6832, 0.696, 0.6878, 0.6865, 0.681, 0.6794, 0.694, 0.6915, 0.6635, 0.6767, 0.6901, 0.6776, 0.6766, 0.6484, 0.6904, 0.6784, 0.6754, 0.6837, 0.6826, 0.6922, 0.677, 0.6926, 0.6762, 0.6922, 0.6753, 0.6808, 0.6902, 0.6999, 0.6808, 0.6761, 0.6719, 0.6897, 0.6822, 0.6875, 0.6834, 0.6903, 0.6778, 0.6791, 0.6831, 0.6608, 0.6906, 0.6936, 0.6912, 0.7023, 0.6702, 0.6844, 0.6756, 0.6785]
2026-08-19 18:31:50,782 - FINAL_SA_r200.log - INFO - Majority Class Accuracy: [0.4223, 0.5667, 0.5937, 0.7163, 0.6903, 0.7393, 0.6967, 0.659, 0.7717, 0.7673, 0.771, 0.8043, 0.7397, 0.7227, 0.705, 0.733, 0.7537, 0.761, 0.7607, 0.7267, 0.7367, 0.719, 0.7123, 0.7297, 0.7237, 0.7857, 0.78, 0.773, 0.7107, 0.7273, 0.712, 0.7683, 0.7933, 0.707, 0.7923, 0.6827, 0.6447, 0.682, 0.6903, 0.648, 0.6893, 0.5597, 0.6847, 0.6583, 0.4907, 0.6617, 0.6377, 0.614, 0.5733, 0.584, 0.6227, 0.6687, 0.6687, 0.6787, 0.711, 0.733, 0.7187, 0.5733, 0.5713, 0.64, 0.585, 0.516, 0.7197, 0.645, 0.6043, 0.685, 0.5857, 0.6233, 0.6617, 0.7083, 0.7053, 0.6317, 0.5593, 0.6233, 0.6387, 0.6187, 0.6063, 0.6, 0.6417, 0.512, 0.6093, 0.612, 0.646, 0.674, 0.5863, 0.6353, 0.6243, 0.678, 0.6147, 0.568, 0.572, 0.6357, 0.6737, 0.5933, 0.6367, 0.6433, 0.664, 0.6017, 0.6167, 0.5783, 0.6307, 0.61, 0.5493, 0.5993, 0.6437, 0.6127, 0.605, 0.6107, 0.617, 0.567, 0.5957, 0.6087, 0.6077, 0.6817, 0.6583, 0.6213, 0.59, 0.5917, 0.6347, 0.6673, 0.519, 0.5763, 0.6217, 0.69, 0.5973, 0.4727, 0.6377, 0.5523, 0.578, 0.6293, 0.6133, 0.6513, 0.567, 0.6283, 0.5473, 0.6253, 0.5717, 0.5727, 0.622, 0.6537, 0.5843, 0.5543, 0.6, 0.6307, 0.5803, 0.6483, 0.6053, 0.621, 0.5807, 0.5767, 0.5833, 0.5073, 0.6143, 0.608, 0.62, 0.6637, 0.5117, 0.5597, 0.539, 0.5903]
2026-08-19 18:31:50,782 - FINAL_SA_r200.log - INFO - Medium Class Accuracy: [0.0147, 0.0532, 0.1128, 0.1792, 0.2112, 0.3068, 0.371, 0.407, 0.363, 0.2727, 0.3465, 0.3317, 0.3733, 0.4925, 0.4948, 0.4885, 0.4255, 0.5327, 0.509, 0.5115, 0.5262, 0.506, 0.5655, 0.5525, 0.5148, 0.4893, 0.529, 0.5407, 0.577, 0.5615, 0.565, 0.523, 0.5208, 0.577, 0.5215, 0.545, 0.6085, 0.618, 0.6028, 0.6002, 0.5495, 0.6198, 0.5968, 0.5827, 0.579, 0.598, 0.617, 0.6218, 0.6232, 0.6205, 0.626, 0.6315, 0.6085, 0.6408, 0.6285, 0.6352, 0.6298, 0.6502, 0.6412, 0.633, 0.6258, 0.6332, 0.6428, 0.63, 0.6282, 0.6577, 0.6382, 0.6435, 0.6478, 0.628, 0.625, 0.655, 0.6623, 0.6545, 0.6442, 0.6355, 0.6405, 0.6452, 0.639, 0.6605, 0.6777, 0.6597, 0.6675, 0.6605, 0.6452, 0.6345, 0.6673, 0.6597, 0.6532, 0.656, 0.6532, 0.671, 0.6545, 0.6663, 0.666, 0.6627, 0.6695, 0.6763, 0.6555, 0.662, 0.6625, 0.6545, 0.6585, 0.6713, 0.6625, 0.6558, 0.6683, 0.6482, 0.6627, 0.6857, 0.6663, 0.6693, 0.6893, 0.6767, 0.6663, 0.6715, 0.684, 0.6775, 0.6785, 0.6667, 0.65, 0.6645, 0.6893, 0.6532, 0.6855, 0.6522, 0.6837, 0.6783, 0.6695, 0.6583, 0.672, 0.6757, 0.6687, 0.6697, 0.666, 0.685, 0.6785, 0.6885, 0.679, 0.6663, 0.659, 0.6593, 0.6617, 0.6753, 0.6777, 0.6478, 0.6715, 0.6733, 0.6697, 0.6665, 0.6707, 0.663, 0.6805, 0.679, 0.682, 0.6927, 0.6827, 0.6833, 0.6763, 0.674]
2026-08-19 18:31:50,782 - FINAL_SA_r200.log - INFO - Minority Class Accuracy: [0.0, 0.0, 0.0, 0.0, 0.0, 0.018, 0.0303, 0.1807, 0.0203, 0.2117, 0.279, 0.1717, 0.2217, 0.2283, 0.3047, 0.281, 0.2373, 0.1347, 0.2123, 0.2663, 0.3063, 0.3643, 0.3687, 0.3627, 0.4473, 0.3227, 0.2923, 0.33, 0.3767, 0.458, 0.3853, 0.4767, 0.4087, 0.4587, 0.3697, 0.5553, 0.627, 0.5613, 0.5393, 0.6417, 0.6087, 0.6677, 0.6377, 0.6777, 0.724, 0.656, 0.6293, 0.645, 0.7313, 0.6753, 0.6973, 0.6923, 0.674, 0.663, 0.6317, 0.571, 0.6407, 0.677, 0.756, 0.652, 0.709, 0.7513, 0.675, 0.723, 0.6953, 0.642, 0.7697, 0.7393, 0.6973, 0.6333, 0.6863, 0.7153, 0.7447, 0.7237, 0.742, 0.7243, 0.736, 0.763, 0.7533, 0.785, 0.731, 0.7637, 0.7503, 0.7257, 0.7717, 0.736, 0.6973, 0.7073, 0.761, 0.745, 0.7763, 0.753, 0.7343, 0.767, 0.7483, 0.7433, 0.724, 0.747, 0.771, 0.7757, 0.7763, 0.776, 0.7973, 0.774, 0.7423, 0.7643, 0.7657, 0.771, 0.7537, 0.7647, 0.788, 0.7873, 0.7507, 0.736, 0.746, 0.7717, 0.768, 0.7697, 0.774, 0.7487, 0.826, 0.7933, 0.7597, 0.6977, 0.744, 0.819, 0.752, 0.8047, 0.7807, 0.772, 0.766, 0.755, 0.798, 0.7873, 0.8187, 0.7687, 0.7747, 0.7787, 0.7733, 0.791, 0.8063, 0.8203, 0.7573, 0.768, 0.79, 0.7797, 0.7773, 0.7823, 0.7857, 0.7983, 0.7993, 0.8113, 0.7803, 0.7987, 0.7747, 0.7537, 0.812, 0.8107, 0.8113, 0.7727]
2026-08-19 18:31:50,782 - FINAL_SA_r200.log - INFO - === Head-Tail Evaluation ===
2026-08-19 18:31:50,782 - FINAL_SA_r200.log - INFO - Head Accuracy: 0.6381
2026-08-19 18:31:50,782 - FINAL_SA_r200.log - INFO - Tail Accuracy: 0.7727
2026-08-19 18:32:03,785 - FINAL_SA_r200.log - INFO - Round 161 S-diagnostic | score_mean 0.6548 | selected_tail_fraction 0.0171 | participation_range 47-75
2026-08-19 18:32:03,785 - FINAL_SA_r200.log - INFO - Round 161 selected clients: [1, 2, 7, 9, 10, 13, 15, 19]
2026-08-19 18:32:23,076 - FINAL_SA_r200.log - INFO - Round 161 | Global 0.6722 | Head 0.6200 | Tail 0.7940 | Many 0.5570 | Medium 0.6673 | Few 0.7940 | best_tail 0.8260@121 | rollback=False
2026-08-19 18:32:23,076 - FINAL_SA_r200.log - INFO - Round 162 S-diagnostic | score_mean 0.7223 | selected_tail_fraction 0.0292 | participation_range 47-75
2026-08-19 18:32:23,076 - FINAL_SA_r200.log - INFO - Round 162 selected clients: [7, 9, 14, 15, 16, 17, 18, 19]
2026-08-19 18:32:42,271 - FINAL_SA_r200.log - INFO - Round 162 | Global 0.6825 | Head 0.6234 | Tail 0.8203 | Many 0.5660 | Medium 0.6665 | Few 0.8203 | best_tail 0.8260@121 | rollback=False
2026-08-19 18:32:42,271 - FINAL_SA_r200.log - INFO - Round 163 S-diagnostic | score_mean 0.5367 | selected_tail_fraction 0.0018 | participation_range 47-75
2026-08-19 18:32:42,271 - FINAL_SA_r200.log - INFO - Round 163 selected clients: [0, 1, 4, 7, 8, 14, 15, 16]
2026-08-19 18:33:00,839 - FINAL_SA_r200.log - INFO - Round 163 | Global 0.6904 | Head 0.6564 | Tail 0.7697 | Many 0.6367 | Medium 0.6713 | Few 0.7697 | best_tail 0.8260@121 | rollback=False
2026-08-19 18:33:00,839 - FINAL_SA_r200.log - INFO - Round 164 S-diagnostic | score_mean 0.7267 | selected_tail_fraction 0.0310 | participation_range 47-76
2026-08-19 18:33:00,839 - FINAL_SA_r200.log - INFO - Round 164 selected clients: [2, 4, 6, 12, 13, 14, 17, 19]
2026-08-19 18:33:20,154 - FINAL_SA_r200.log - INFO - Round 164 | Global 0.6827 | Head 0.6414 | Tail 0.7790 | Many 0.5877 | Medium 0.6817 | Few 0.7790 | best_tail 0.8260@121 | rollback=False
2026-08-19 18:33:20,154 - FINAL_SA_r200.log - INFO - Round 165 S-diagnostic | score_mean 0.6879 | selected_tail_fraction 0.0193 | participation_range 47-76
2026-08-19 18:33:20,154 - FINAL_SA_r200.log - INFO - Round 165 selected clients: [0, 4, 9, 10, 13, 15, 18, 19]
2026-08-19 18:33:39,360 - FINAL_SA_r200.log - INFO - Round 165 | Global 0.6644 | Head 0.6074 | Tail 0.7973 | Many 0.5683 | Medium 0.6368 | Few 0.7973 | best_tail 0.8260@121 | rollback=False
2026-08-19 18:33:39,360 - FINAL_SA_r200.log - INFO - Round 166 S-diagnostic | score_mean 0.6432 | selected_tail_fraction 0.0147 | participation_range 48-77
2026-08-19 18:33:39,360 - FINAL_SA_r200.log - INFO - Round 166 selected clients: [1, 3, 5, 7, 9, 11, 12, 14]
2026-08-19 18:34:00,357 - FINAL_SA_r200.log - INFO - Round 166 | Global 0.6993 | Head 0.6577 | Tail 0.7963 | Many 0.6507 | Medium 0.6630 | Few 0.7963 | best_tail 0.8260@121 | rollback=False
2026-08-19 18:34:00,357 - FINAL_SA_r200.log - INFO - Round 167 S-diagnostic | score_mean 0.5909 | selected_tail_fraction 0.0230 | participation_range 48-77
2026-08-19 18:34:00,357 - FINAL_SA_r200.log - INFO - Round 167 selected clients: [0, 2, 8, 10, 11, 14, 17, 19]
2026-08-19 18:34:21,449 - FINAL_SA_r200.log - INFO - Round 167 | Global 0.6791 | Head 0.6171 | Tail 0.8237 | Many 0.5597 | Medium 0.6603 | Few 0.8237 | best_tail 0.8260@121 | rollback=False
2026-08-19 18:34:21,449 - FINAL_SA_r200.log - INFO - Round 168 S-diagnostic | score_mean 0.7401 | selected_tail_fraction 0.0312 | participation_range 49-77
2026-08-19 18:34:21,449 - FINAL_SA_r200.log - INFO - Round 168 selected clients: [0, 1, 4, 5, 6, 8, 17, 18]
2026-08-19 18:34:42,927 - FINAL_SA_r200.log - INFO - Round 168 | Global 0.6630 | Head 0.6004 | Tail 0.8090 | Many 0.5087 | Medium 0.6693 | Few 0.8090 | best_tail 0.8260@121 | rollback=False
2026-08-19 18:34:42,927 - FINAL_SA_r200.log - INFO - Round 169 S-diagnostic | score_mean 0.5402 | selected_tail_fraction 0.0177 | participation_range 49-77
2026-08-19 18:34:42,927 - FINAL_SA_r200.log - INFO - Round 169 selected clients: [0, 6, 7, 10, 11, 13, 16, 17]
2026-08-19 18:35:04,169 - FINAL_SA_r200.log - INFO - Round 169 | Global 0.6838 | Head 0.6359 | Tail 0.7957 | Many 0.5903 | Medium 0.6700 | Few 0.7957 | best_tail 0.8260@121 | rollback=False
2026-08-19 18:35:04,169 - FINAL_SA_r200.log - INFO - Round 170 S-diagnostic | score_mean 0.5801 | selected_tail_fraction 0.0141 | participation_range 49-77
2026-08-19 18:35:04,169 - FINAL_SA_r200.log - INFO - Round 170 selected clients: [0, 1, 3, 7, 8, 10, 16, 19]
2026-08-19 18:35:25,480 - FINAL_SA_r200.log - INFO - Round 170 | Global 0.6703 | Head 0.6084 | Tail 0.8147 | Many 0.5490 | Medium 0.6530 | Few 0.8147 | best_tail 0.8260@121 | rollback=False
2026-08-19 18:35:25,508 - FINAL_SA_r200.log - INFO - Global Accuracy: [0.1326, 0.1913, 0.2232, 0.2866, 0.2916, 0.3499, 0.3665, 0.4147, 0.3828, 0.4028, 0.4536, 0.4255, 0.4377, 0.4823, 0.5008, 0.4996, 0.4675, 0.4818, 0.4955, 0.5025, 0.5234, 0.5274, 0.5505, 0.5487, 0.5572, 0.5282, 0.5333, 0.5472, 0.557, 0.5802, 0.5552, 0.5827, 0.5689, 0.5805, 0.5572, 0.5894, 0.6249, 0.6202, 0.61, 0.627, 0.6092, 0.6161, 0.6354, 0.6339, 0.596, 0.6345, 0.6269, 0.6264, 0.6407, 0.626, 0.6464, 0.6609, 0.6462, 0.6588, 0.6542, 0.6453, 0.6597, 0.6352, 0.6547, 0.6408, 0.6385, 0.6335, 0.6755, 0.6624, 0.6412, 0.6612, 0.6619, 0.6662, 0.6668, 0.6537, 0.6675, 0.6661, 0.6561, 0.6659, 0.6719, 0.6571, 0.6589, 0.667, 0.6741, 0.6533, 0.6732, 0.6766, 0.6859, 0.6841, 0.6655, 0.6652, 0.6634, 0.6795, 0.674, 0.6563, 0.6658, 0.685, 0.6842, 0.6746, 0.6819, 0.6811, 0.6842, 0.6751, 0.6785, 0.671, 0.6871, 0.6776, 0.6674, 0.6805, 0.6808, 0.6754, 0.6785, 0.6738, 0.6763, 0.6738, 0.6816, 0.6865, 0.6832, 0.696, 0.6878, 0.6865, 0.681, 0.6794, 0.694, 0.6915, 0.6635, 0.6767, 0.6901, 0.6776, 0.6766, 0.6484, 0.6904, 0.6784, 0.6754, 0.6837, 0.6826, 0.6922, 0.677, 0.6926, 0.6762, 0.6922, 0.6753, 0.6808, 0.6902, 0.6999, 0.6808, 0.6761, 0.6719, 0.6897, 0.6822, 0.6875, 0.6834, 0.6903, 0.6778, 0.6791, 0.6831, 0.6608, 0.6906, 0.6936, 0.6912, 0.7023, 0.6702, 0.6844, 0.6756, 0.6785, 0.6722, 0.6825, 0.6904, 0.6827, 0.6644, 0.6993, 0.6791, 0.663, 0.6838, 0.6703]
2026-08-19 18:35:25,508 - FINAL_SA_r200.log - INFO - Majority Class Accuracy: [0.4223, 0.5667, 0.5937, 0.7163, 0.6903, 0.7393, 0.6967, 0.659, 0.7717, 0.7673, 0.771, 0.8043, 0.7397, 0.7227, 0.705, 0.733, 0.7537, 0.761, 0.7607, 0.7267, 0.7367, 0.719, 0.7123, 0.7297, 0.7237, 0.7857, 0.78, 0.773, 0.7107, 0.7273, 0.712, 0.7683, 0.7933, 0.707, 0.7923, 0.6827, 0.6447, 0.682, 0.6903, 0.648, 0.6893, 0.5597, 0.6847, 0.6583, 0.4907, 0.6617, 0.6377, 0.614, 0.5733, 0.584, 0.6227, 0.6687, 0.6687, 0.6787, 0.711, 0.733, 0.7187, 0.5733, 0.5713, 0.64, 0.585, 0.516, 0.7197, 0.645, 0.6043, 0.685, 0.5857, 0.6233, 0.6617, 0.7083, 0.7053, 0.6317, 0.5593, 0.6233, 0.6387, 0.6187, 0.6063, 0.6, 0.6417, 0.512, 0.6093, 0.612, 0.646, 0.674, 0.5863, 0.6353, 0.6243, 0.678, 0.6147, 0.568, 0.572, 0.6357, 0.6737, 0.5933, 0.6367, 0.6433, 0.664, 0.6017, 0.6167, 0.5783, 0.6307, 0.61, 0.5493, 0.5993, 0.6437, 0.6127, 0.605, 0.6107, 0.617, 0.567, 0.5957, 0.6087, 0.6077, 0.6817, 0.6583, 0.6213, 0.59, 0.5917, 0.6347, 0.6673, 0.519, 0.5763, 0.6217, 0.69, 0.5973, 0.4727, 0.6377, 0.5523, 0.578, 0.6293, 0.6133, 0.6513, 0.567, 0.6283, 0.5473, 0.6253, 0.5717, 0.5727, 0.622, 0.6537, 0.5843, 0.5543, 0.6, 0.6307, 0.5803, 0.6483, 0.6053, 0.621, 0.5807, 0.5767, 0.5833, 0.5073, 0.6143, 0.608, 0.62, 0.6637, 0.5117, 0.5597, 0.539, 0.5903, 0.557, 0.566, 0.6367, 0.5877, 0.5683, 0.6507, 0.5597, 0.5087, 0.5903, 0.549]
2026-08-19 18:35:25,508 - FINAL_SA_r200.log - INFO - Medium Class Accuracy: [0.0147, 0.0532, 0.1128, 0.1792, 0.2112, 0.3068, 0.371, 0.407, 0.363, 0.2727, 0.3465, 0.3317, 0.3733, 0.4925, 0.4948, 0.4885, 0.4255, 0.5327, 0.509, 0.5115, 0.5262, 0.506, 0.5655, 0.5525, 0.5148, 0.4893, 0.529, 0.5407, 0.577, 0.5615, 0.565, 0.523, 0.5208, 0.577, 0.5215, 0.545, 0.6085, 0.618, 0.6028, 0.6002, 0.5495, 0.6198, 0.5968, 0.5827, 0.579, 0.598, 0.617, 0.6218, 0.6232, 0.6205, 0.626, 0.6315, 0.6085, 0.6408, 0.6285, 0.6352, 0.6298, 0.6502, 0.6412, 0.633, 0.6258, 0.6332, 0.6428, 0.63, 0.6282, 0.6577, 0.6382, 0.6435, 0.6478, 0.628, 0.625, 0.655, 0.6623, 0.6545, 0.6442, 0.6355, 0.6405, 0.6452, 0.639, 0.6605, 0.6777, 0.6597, 0.6675, 0.6605, 0.6452, 0.6345, 0.6673, 0.6597, 0.6532, 0.656, 0.6532, 0.671, 0.6545, 0.6663, 0.666, 0.6627, 0.6695, 0.6763, 0.6555, 0.662, 0.6625, 0.6545, 0.6585, 0.6713, 0.6625, 0.6558, 0.6683, 0.6482, 0.6627, 0.6857, 0.6663, 0.6693, 0.6893, 0.6767, 0.6663, 0.6715, 0.684, 0.6775, 0.6785, 0.6667, 0.65, 0.6645, 0.6893, 0.6532, 0.6855, 0.6522, 0.6837, 0.6783, 0.6695, 0.6583, 0.672, 0.6757, 0.6687, 0.6697, 0.666, 0.685, 0.6785, 0.6885, 0.679, 0.6663, 0.659, 0.6593, 0.6617, 0.6753, 0.6777, 0.6478, 0.6715, 0.6733, 0.6697, 0.6665, 0.6707, 0.663, 0.6805, 0.679, 0.682, 0.6927, 0.6827, 0.6833, 0.6763, 0.674, 0.6673, 0.6665, 0.6713, 0.6817, 0.6368, 0.663, 0.6603, 0.6693, 0.67, 0.653]
2026-08-19 18:35:25,508 - FINAL_SA_r200.log - INFO - Minority Class Accuracy: [0.0, 0.0, 0.0, 0.0, 0.0, 0.018, 0.0303, 0.1807, 0.0203, 0.2117, 0.279, 0.1717, 0.2217, 0.2283, 0.3047, 0.281, 0.2373, 0.1347, 0.2123, 0.2663, 0.3063, 0.3643, 0.3687, 0.3627, 0.4473, 0.3227, 0.2923, 0.33, 0.3767, 0.458, 0.3853, 0.4767, 0.4087, 0.4587, 0.3697, 0.5553, 0.627, 0.5613, 0.5393, 0.6417, 0.6087, 0.6677, 0.6377, 0.6777, 0.724, 0.656, 0.6293, 0.645, 0.7313, 0.6753, 0.6973, 0.6923, 0.674, 0.663, 0.6317, 0.571, 0.6407, 0.677, 0.756, 0.652, 0.709, 0.7513, 0.675, 0.723, 0.6953, 0.642, 0.7697, 0.7393, 0.6973, 0.6333, 0.6863, 0.7153, 0.7447, 0.7237, 0.742, 0.7243, 0.736, 0.763, 0.7533, 0.785, 0.731, 0.7637, 0.7503, 0.7257, 0.7717, 0.736, 0.6973, 0.7073, 0.761, 0.745, 0.7763, 0.753, 0.7343, 0.767, 0.7483, 0.7433, 0.724, 0.747, 0.771, 0.7757, 0.7763, 0.776, 0.7973, 0.774, 0.7423, 0.7643, 0.7657, 0.771, 0.7537, 0.7647, 0.788, 0.7873, 0.7507, 0.736, 0.746, 0.7717, 0.768, 0.7697, 0.774, 0.7487, 0.826, 0.7933, 0.7597, 0.6977, 0.744, 0.819, 0.752, 0.8047, 0.7807, 0.772, 0.766, 0.755, 0.798, 0.7873, 0.8187, 0.7687, 0.7747, 0.7787, 0.7733, 0.791, 0.8063, 0.8203, 0.7573, 0.768, 0.79, 0.7797, 0.7773, 0.7823, 0.7857, 0.7983, 0.7993, 0.8113, 0.7803, 0.7987, 0.7747, 0.7537, 0.812, 0.8107, 0.8113, 0.7727, 0.794, 0.8203, 0.7697, 0.779, 0.7973, 0.7963, 0.8237, 0.809, 0.7957, 0.8147]
2026-08-19 18:35:25,508 - FINAL_SA_r200.log - INFO - === Head-Tail Evaluation ===
2026-08-19 18:35:25,508 - FINAL_SA_r200.log - INFO - Head Accuracy: 0.6084
2026-08-19 18:35:25,508 - FINAL_SA_r200.log - INFO - Tail Accuracy: 0.8147
2026-08-19 18:35:38,892 - FINAL_SA_r200.log - INFO - Round 171 S-diagnostic | score_mean 0.6669 | selected_tail_fraction 0.0252 | participation_range 50-77
2026-08-19 18:35:38,892 - FINAL_SA_r200.log - INFO - Round 171 selected clients: [1, 5, 10, 11, 13, 15, 17, 18]
2026-08-19 18:36:00,833 - FINAL_SA_r200.log - INFO - Round 171 | Global 0.6737 | Head 0.6173 | Tail 0.8053 | Many 0.5553 | Medium 0.6637 | Few 0.8053 | best_tail 0.8260@121 | rollback=False
2026-08-19 18:36:00,833 - FINAL_SA_r200.log - INFO - Round 172 S-diagnostic | score_mean 0.6740 | selected_tail_fraction 0.0117 | participation_range 50-78
2026-08-19 18:36:00,833 - FINAL_SA_r200.log - INFO - Round 172 selected clients: [0, 4, 9, 10, 12, 13, 15, 18]
2026-08-19 18:36:22,554 - FINAL_SA_r200.log - INFO - Round 172 | Global 0.6878 | Head 0.6430 | Tail 0.7923 | Many 0.6123 | Medium 0.6660 | Few 0.7923 | best_tail 0.8260@121 | rollback=False
2026-08-19 18:36:22,554 - FINAL_SA_r200.log - INFO - Round 173 S-diagnostic | score_mean 0.7695 | selected_tail_fraction 0.0308 | participation_range 51-78
2026-08-19 18:36:22,554 - FINAL_SA_r200.log - INFO - Round 173 selected clients: [1, 2, 4, 5, 8, 15, 17, 19]
2026-08-19 18:36:44,574 - FINAL_SA_r200.log - INFO - Round 173 | Global 0.6512 | Head 0.5931 | Tail 0.7867 | Many 0.4773 | Medium 0.6800 | Few 0.7867 | best_tail 0.8260@121 | rollback=False
2026-08-19 18:36:44,575 - FINAL_SA_r200.log - INFO - Round 174 S-diagnostic | score_mean 0.5331 | selected_tail_fraction 0.0075 | participation_range 51-78
2026-08-19 18:36:44,575 - FINAL_SA_r200.log - INFO - Round 174 selected clients: [2, 4, 8, 9, 10, 11, 13, 16]
2026-08-19 18:37:05,801 - FINAL_SA_r200.log - INFO - Round 174 | Global 0.6803 | Head 0.6353 | Tail 0.7853 | Many 0.5860 | Medium 0.6723 | Few 0.7853 | best_tail 0.8260@121 | rollback=False
2026-08-19 18:37:05,801 - FINAL_SA_r200.log - INFO - Round 175 S-diagnostic | score_mean 0.7357 | selected_tail_fraction 0.0282 | participation_range 52-79
2026-08-19 18:37:05,801 - FINAL_SA_r200.log - INFO - Round 175 selected clients: [1, 3, 5, 6, 11, 12, 13, 19]
2026-08-19 18:37:27,643 - FINAL_SA_r200.log - INFO - Round 175 | Global 0.6772 | Head 0.6204 | Tail 0.8097 | Many 0.5377 | Medium 0.6825 | Few 0.8097 | best_tail 0.8260@121 | rollback=False
2026-08-19 18:37:27,643 - FINAL_SA_r200.log - INFO - Round 176 S-diagnostic | score_mean 0.5923 | selected_tail_fraction 0.0073 | participation_range 52-80
2026-08-19 18:37:27,643 - FINAL_SA_r200.log - INFO - Round 176 selected clients: [2, 4, 7, 10, 11, 12, 15, 16]
2026-08-19 18:37:49,179 - FINAL_SA_r200.log - INFO - Round 176 | Global 0.6875 | Head 0.6451 | Tail 0.7863 | Many 0.6070 | Medium 0.6737 | Few 0.7863 | best_tail 0.8260@121 | rollback=False
2026-08-19 18:37:49,179 - FINAL_SA_r200.log - INFO - Round 177 S-diagnostic | score_mean 0.6442 | selected_tail_fraction 0.0278 | participation_range 53-80
2026-08-19 18:37:49,179 - FINAL_SA_r200.log - INFO - Round 177 selected clients: [5, 6, 7, 8, 9, 10, 15, 17]
2026-08-19 18:38:10,971 - FINAL_SA_r200.log - INFO - Round 177 | Global 0.6787 | Head 0.6273 | Tail 0.7987 | Many 0.5473 | Medium 0.6873 | Few 0.7987 | best_tail 0.8260@121 | rollback=False
2026-08-19 18:38:10,972 - FINAL_SA_r200.log - INFO - Round 178 S-diagnostic | score_mean 0.8040 | selected_tail_fraction 0.0258 | participation_range 54-80
2026-08-19 18:38:10,972 - FINAL_SA_r200.log - INFO - Round 178 selected clients: [0, 1, 4, 5, 6, 9, 15, 19]
2026-08-19 18:38:32,989 - FINAL_SA_r200.log - INFO - Round 178 | Global 0.6657 | Head 0.6064 | Tail 0.8040 | Many 0.5113 | Medium 0.6777 | Few 0.8040 | best_tail 0.8260@121 | rollback=False
2026-08-19 18:38:32,989 - FINAL_SA_r200.log - INFO - Round 179 S-diagnostic | score_mean 0.7020 | selected_tail_fraction 0.0183 | participation_range 54-81
2026-08-19 18:38:32,989 - FINAL_SA_r200.log - INFO - Round 179 selected clients: [3, 9, 10, 12, 13, 15, 16, 19]
2026-08-19 18:38:52,540 - FINAL_SA_r200.log - INFO - Round 179 | Global 0.6666 | Head 0.5970 | Tail 0.8290 | Many 0.5143 | Medium 0.6590 | Few 0.8290 | best_tail 0.8290@179 | rollback=False
2026-08-19 18:38:52,541 - FINAL_SA_r200.log - INFO - Round 180 S-diagnostic | score_mean 0.6082 | selected_tail_fraction 0.0103 | participation_range 54-81
2026-08-19 18:38:52,541 - FINAL_SA_r200.log - INFO - Round 180 selected clients: [0, 3, 8, 9, 11, 13, 15, 16]
2026-08-19 18:39:11,726 - FINAL_SA_r200.log - INFO - Round 180 | Global 0.6825 | Head 0.6460 | Tail 0.7677 | Many 0.6060 | Medium 0.6760 | Few 0.7677 | best_tail 0.8290@179 | rollback=False
2026-08-19 18:39:11,747 - FINAL_SA_r200.log - INFO - Global Accuracy: [0.1326, 0.1913, 0.2232, 0.2866, 0.2916, 0.3499, 0.3665, 0.4147, 0.3828, 0.4028, 0.4536, 0.4255, 0.4377, 0.4823, 0.5008, 0.4996, 0.4675, 0.4818, 0.4955, 0.5025, 0.5234, 0.5274, 0.5505, 0.5487, 0.5572, 0.5282, 0.5333, 0.5472, 0.557, 0.5802, 0.5552, 0.5827, 0.5689, 0.5805, 0.5572, 0.5894, 0.6249, 0.6202, 0.61, 0.627, 0.6092, 0.6161, 0.6354, 0.6339, 0.596, 0.6345, 0.6269, 0.6264, 0.6407, 0.626, 0.6464, 0.6609, 0.6462, 0.6588, 0.6542, 0.6453, 0.6597, 0.6352, 0.6547, 0.6408, 0.6385, 0.6335, 0.6755, 0.6624, 0.6412, 0.6612, 0.6619, 0.6662, 0.6668, 0.6537, 0.6675, 0.6661, 0.6561, 0.6659, 0.6719, 0.6571, 0.6589, 0.667, 0.6741, 0.6533, 0.6732, 0.6766, 0.6859, 0.6841, 0.6655, 0.6652, 0.6634, 0.6795, 0.674, 0.6563, 0.6658, 0.685, 0.6842, 0.6746, 0.6819, 0.6811, 0.6842, 0.6751, 0.6785, 0.671, 0.6871, 0.6776, 0.6674, 0.6805, 0.6808, 0.6754, 0.6785, 0.6738, 0.6763, 0.6738, 0.6816, 0.6865, 0.6832, 0.696, 0.6878, 0.6865, 0.681, 0.6794, 0.694, 0.6915, 0.6635, 0.6767, 0.6901, 0.6776, 0.6766, 0.6484, 0.6904, 0.6784, 0.6754, 0.6837, 0.6826, 0.6922, 0.677, 0.6926, 0.6762, 0.6922, 0.6753, 0.6808, 0.6902, 0.6999, 0.6808, 0.6761, 0.6719, 0.6897, 0.6822, 0.6875, 0.6834, 0.6903, 0.6778, 0.6791, 0.6831, 0.6608, 0.6906, 0.6936, 0.6912, 0.7023, 0.6702, 0.6844, 0.6756, 0.6785, 0.6722, 0.6825, 0.6904, 0.6827, 0.6644, 0.6993, 0.6791, 0.663, 0.6838, 0.6703, 0.6737, 0.6878, 0.6512, 0.6803, 0.6772, 0.6875, 0.6787, 0.6657, 0.6666, 0.6825]
2026-08-19 18:39:11,748 - FINAL_SA_r200.log - INFO - Majority Class Accuracy: [0.4223, 0.5667, 0.5937, 0.7163, 0.6903, 0.7393, 0.6967, 0.659, 0.7717, 0.7673, 0.771, 0.8043, 0.7397, 0.7227, 0.705, 0.733, 0.7537, 0.761, 0.7607, 0.7267, 0.7367, 0.719, 0.7123, 0.7297, 0.7237, 0.7857, 0.78, 0.773, 0.7107, 0.7273, 0.712, 0.7683, 0.7933, 0.707, 0.7923, 0.6827, 0.6447, 0.682, 0.6903, 0.648, 0.6893, 0.5597, 0.6847, 0.6583, 0.4907, 0.6617, 0.6377, 0.614, 0.5733, 0.584, 0.6227, 0.6687, 0.6687, 0.6787, 0.711, 0.733, 0.7187, 0.5733, 0.5713, 0.64, 0.585, 0.516, 0.7197, 0.645, 0.6043, 0.685, 0.5857, 0.6233, 0.6617, 0.7083, 0.7053, 0.6317, 0.5593, 0.6233, 0.6387, 0.6187, 0.6063, 0.6, 0.6417, 0.512, 0.6093, 0.612, 0.646, 0.674, 0.5863, 0.6353, 0.6243, 0.678, 0.6147, 0.568, 0.572, 0.6357, 0.6737, 0.5933, 0.6367, 0.6433, 0.664, 0.6017, 0.6167, 0.5783, 0.6307, 0.61, 0.5493, 0.5993, 0.6437, 0.6127, 0.605, 0.6107, 0.617, 0.567, 0.5957, 0.6087, 0.6077, 0.6817, 0.6583, 0.6213, 0.59, 0.5917, 0.6347, 0.6673, 0.519, 0.5763, 0.6217, 0.69, 0.5973, 0.4727, 0.6377, 0.5523, 0.578, 0.6293, 0.6133, 0.6513, 0.567, 0.6283, 0.5473, 0.6253, 0.5717, 0.5727, 0.622, 0.6537, 0.5843, 0.5543, 0.6, 0.6307, 0.5803, 0.6483, 0.6053, 0.621, 0.5807, 0.5767, 0.5833, 0.5073, 0.6143, 0.608, 0.62, 0.6637, 0.5117, 0.5597, 0.539, 0.5903, 0.557, 0.566, 0.6367, 0.5877, 0.5683, 0.6507, 0.5597, 0.5087, 0.5903, 0.549, 0.5553, 0.6123, 0.4773, 0.586, 0.5377, 0.607, 0.5473, 0.5113, 0.5143, 0.606]
2026-08-19 18:39:11,748 - FINAL_SA_r200.log - INFO - Medium Class Accuracy: [0.0147, 0.0532, 0.1128, 0.1792, 0.2112, 0.3068, 0.371, 0.407, 0.363, 0.2727, 0.3465, 0.3317, 0.3733, 0.4925, 0.4948, 0.4885, 0.4255, 0.5327, 0.509, 0.5115, 0.5262, 0.506, 0.5655, 0.5525, 0.5148, 0.4893, 0.529, 0.5407, 0.577, 0.5615, 0.565, 0.523, 0.5208, 0.577, 0.5215, 0.545, 0.6085, 0.618, 0.6028, 0.6002, 0.5495, 0.6198, 0.5968, 0.5827, 0.579, 0.598, 0.617, 0.6218, 0.6232, 0.6205, 0.626, 0.6315, 0.6085, 0.6408, 0.6285, 0.6352, 0.6298, 0.6502, 0.6412, 0.633, 0.6258, 0.6332, 0.6428, 0.63, 0.6282, 0.6577, 0.6382, 0.6435, 0.6478, 0.628, 0.625, 0.655, 0.6623, 0.6545, 0.6442, 0.6355, 0.6405, 0.6452, 0.639, 0.6605, 0.6777, 0.6597, 0.6675, 0.6605, 0.6452, 0.6345, 0.6673, 0.6597, 0.6532, 0.656, 0.6532, 0.671, 0.6545, 0.6663, 0.666, 0.6627, 0.6695, 0.6763, 0.6555, 0.662, 0.6625, 0.6545, 0.6585, 0.6713, 0.6625, 0.6558, 0.6683, 0.6482, 0.6627, 0.6857, 0.6663, 0.6693, 0.6893, 0.6767, 0.6663, 0.6715, 0.684, 0.6775, 0.6785, 0.6667, 0.65, 0.6645, 0.6893, 0.6532, 0.6855, 0.6522, 0.6837, 0.6783, 0.6695, 0.6583, 0.672, 0.6757, 0.6687, 0.6697, 0.666, 0.685, 0.6785, 0.6885, 0.679, 0.6663, 0.659, 0.6593, 0.6617, 0.6753, 0.6777, 0.6478, 0.6715, 0.6733, 0.6697, 0.6665, 0.6707, 0.663, 0.6805, 0.679, 0.682, 0.6927, 0.6827, 0.6833, 0.6763, 0.674, 0.6673, 0.6665, 0.6713, 0.6817, 0.6368, 0.663, 0.6603, 0.6693, 0.67, 0.653, 0.6637, 0.666, 0.68, 0.6723, 0.6825, 0.6737, 0.6873, 0.6777, 0.659, 0.676]
2026-08-19 18:39:11,748 - FINAL_SA_r200.log - INFO - Minority Class Accuracy: [0.0, 0.0, 0.0, 0.0, 0.0, 0.018, 0.0303, 0.1807, 0.0203, 0.2117, 0.279, 0.1717, 0.2217, 0.2283, 0.3047, 0.281, 0.2373, 0.1347, 0.2123, 0.2663, 0.3063, 0.3643, 0.3687, 0.3627, 0.4473, 0.3227, 0.2923, 0.33, 0.3767, 0.458, 0.3853, 0.4767, 0.4087, 0.4587, 0.3697, 0.5553, 0.627, 0.5613, 0.5393, 0.6417, 0.6087, 0.6677, 0.6377, 0.6777, 0.724, 0.656, 0.6293, 0.645, 0.7313, 0.6753, 0.6973, 0.6923, 0.674, 0.663, 0.6317, 0.571, 0.6407, 0.677, 0.756, 0.652, 0.709, 0.7513, 0.675, 0.723, 0.6953, 0.642, 0.7697, 0.7393, 0.6973, 0.6333, 0.6863, 0.7153, 0.7447, 0.7237, 0.742, 0.7243, 0.736, 0.763, 0.7533, 0.785, 0.731, 0.7637, 0.7503, 0.7257, 0.7717, 0.736, 0.6973, 0.7073, 0.761, 0.745, 0.7763, 0.753, 0.7343, 0.767, 0.7483, 0.7433, 0.724, 0.747, 0.771, 0.7757, 0.7763, 0.776, 0.7973, 0.774, 0.7423, 0.7643, 0.7657, 0.771, 0.7537, 0.7647, 0.788, 0.7873, 0.7507, 0.736, 0.746, 0.7717, 0.768, 0.7697, 0.774, 0.7487, 0.826, 0.7933, 0.7597, 0.6977, 0.744, 0.819, 0.752, 0.8047, 0.7807, 0.772, 0.766, 0.755, 0.798, 0.7873, 0.8187, 0.7687, 0.7747, 0.7787, 0.7733, 0.791, 0.8063, 0.8203, 0.7573, 0.768, 0.79, 0.7797, 0.7773, 0.7823, 0.7857, 0.7983, 0.7993, 0.8113, 0.7803, 0.7987, 0.7747, 0.7537, 0.812, 0.8107, 0.8113, 0.7727, 0.794, 0.8203, 0.7697, 0.779, 0.7973, 0.7963, 0.8237, 0.809, 0.7957, 0.8147, 0.8053, 0.7923, 0.7867, 0.7853, 0.8097, 0.7863, 0.7987, 0.804, 0.829, 0.7677]
2026-08-19 18:39:11,748 - FINAL_SA_r200.log - INFO - === Head-Tail Evaluation ===
2026-08-19 18:39:11,748 - FINAL_SA_r200.log - INFO - Head Accuracy: 0.6460
2026-08-19 18:39:11,748 - FINAL_SA_r200.log - INFO - Tail Accuracy: 0.7677
2026-08-19 18:39:24,891 - FINAL_SA_r200.log - INFO - Round 181 S-diagnostic | score_mean 0.7227 | selected_tail_fraction 0.0226 | participation_range 54-82
2026-08-19 18:39:24,891 - FINAL_SA_r200.log - INFO - Round 181 selected clients: [2, 4, 6, 12, 13, 14, 15, 18]
2026-08-19 18:39:44,809 - FINAL_SA_r200.log - INFO - Round 181 | Global 0.6672 | Head 0.6299 | Tail 0.7543 | Many 0.5653 | Medium 0.6783 | Few 0.7543 | best_tail 0.8290@179 | rollback=False
2026-08-19 18:39:44,814 - FINAL_SA_r200.log - INFO - Round 182 S-diagnostic | score_mean 0.7923 | selected_tail_fraction 0.0395 | participation_range 54-83
2026-08-19 18:39:44,814 - FINAL_SA_r200.log - INFO - Round 182 selected clients: [3, 6, 8, 12, 16, 17, 18, 19]
2026-08-19 18:40:04,530 - FINAL_SA_r200.log - INFO - Round 182 | Global 0.6713 | Head 0.6060 | Tail 0.8237 | Many 0.5437 | Medium 0.6528 | Few 0.8237 | best_tail 0.8290@179 | rollback=False
2026-08-19 18:40:04,530 - FINAL_SA_r200.log - INFO - Round 183 S-diagnostic | score_mean 0.6463 | selected_tail_fraction 0.0171 | participation_range 54-83
2026-08-19 18:40:04,530 - FINAL_SA_r200.log - INFO - Round 183 selected clients: [0, 2, 7, 8, 9, 14, 15, 19]
2026-08-19 18:40:23,793 - FINAL_SA_r200.log - INFO - Round 183 | Global 0.6616 | Head 0.5910 | Tail 0.8263 | Many 0.5337 | Medium 0.6340 | Few 0.8263 | best_tail 0.8290@179 | rollback=False
2026-08-19 18:40:23,793 - FINAL_SA_r200.log - INFO - Round 184 S-diagnostic | score_mean 0.6011 | selected_tail_fraction 0.0226 | participation_range 54-83
2026-08-19 18:40:23,793 - FINAL_SA_r200.log - INFO - Round 184 selected clients: [2, 8, 11, 13, 14, 16, 17, 18]
2026-08-19 18:40:43,046 - FINAL_SA_r200.log - INFO - Round 184 | Global 0.6693 | Head 0.6220 | Tail 0.7797 | Many 0.5673 | Medium 0.6630 | Few 0.7797 | best_tail 0.8290@179 | rollback=False
2026-08-19 18:40:43,046 - FINAL_SA_r200.log - INFO - Round 185 S-diagnostic | score_mean 0.6558 | selected_tail_fraction 0.0173 | participation_range 54-84
2026-08-19 18:40:43,046 - FINAL_SA_r200.log - INFO - Round 185 selected clients: [0, 10, 11, 12, 14, 15, 18, 19]
2026-08-19 18:41:02,326 - FINAL_SA_r200.log - INFO - Round 185 | Global 0.6715 | Head 0.6151 | Tail 0.8030 | Many 0.5613 | Medium 0.6555 | Few 0.8030 | best_tail 0.8290@179 | rollback=False
2026-08-19 18:41:02,336 - FINAL_SA_r200.log - INFO - Round 186 S-diagnostic | score_mean 0.8039 | selected_tail_fraction 0.0387 | participation_range 55-84
2026-08-19 18:41:02,336 - FINAL_SA_r200.log - INFO - Round 186 selected clients: [2, 5, 6, 9, 10, 16, 17, 18]
2026-08-19 18:41:22,143 - FINAL_SA_r200.log - INFO - Round 186 | Global 0.6666 | Head 0.5959 | Tail 0.8317 | Many 0.5040 | Medium 0.6647 | Few 0.8317 | best_tail 0.8317@186 | rollback=False
2026-08-19 18:41:22,153 - FINAL_SA_r200.log - INFO - Round 187 S-diagnostic | score_mean 0.6482 | selected_tail_fraction 0.0200 | participation_range 56-85
2026-08-19 18:41:22,153 - FINAL_SA_r200.log - INFO - Round 187 selected clients: [1, 5, 9, 10, 11, 14, 15, 17]
2026-08-19 18:41:41,488 - FINAL_SA_r200.log - INFO - Round 187 | Global 0.6895 | Head 0.6366 | Tail 0.8130 | Many 0.5900 | Medium 0.6715 | Few 0.8130 | best_tail 0.8317@186 | rollback=False
2026-08-19 18:41:41,488 - FINAL_SA_r200.log - INFO - Round 188 S-diagnostic | score_mean 0.7085 | selected_tail_fraction 0.0270 | participation_range 56-86
2026-08-19 18:41:41,488 - FINAL_SA_r200.log - INFO - Round 188 selected clients: [1, 10, 13, 15, 16, 17, 18, 19]
2026-08-19 18:42:00,920 - FINAL_SA_r200.log - INFO - Round 188 | Global 0.6350 | Head 0.5434 | Tail 0.8487 | Many 0.3957 | Medium 0.6542 | Few 0.8487 | best_tail 0.8487@188 | rollback=False
2026-08-19 18:42:00,920 - FINAL_SA_r200.log - INFO - Round 189 S-diagnostic | score_mean 0.7480 | selected_tail_fraction 0.0322 | participation_range 57-86
2026-08-19 18:42:00,920 - FINAL_SA_r200.log - INFO - Round 189 selected clients: [3, 4, 5, 6, 9, 13, 16, 17]
2026-08-19 18:42:20,590 - FINAL_SA_r200.log - INFO - Round 189 | Global 0.6895 | Head 0.6397 | Tail 0.8057 | Many 0.5723 | Medium 0.6903 | Few 0.8057 | best_tail 0.8487@188 | rollback=False
2026-08-19 18:42:20,590 - FINAL_SA_r200.log - INFO - Round 190 S-diagnostic | score_mean 0.7333 | selected_tail_fraction 0.0220 | participation_range 58-86
2026-08-19 18:42:20,590 - FINAL_SA_r200.log - INFO - Round 190 selected clients: [1, 4, 5, 6, 11, 12, 16, 19]
2026-08-19 18:42:39,828 - FINAL_SA_r200.log - INFO - Round 190 | Global 0.6873 | Head 0.6267 | Tail 0.8287 | Many 0.5617 | Medium 0.6755 | Few 0.8287 | best_tail 0.8487@188 | rollback=False
2026-08-19 18:42:39,844 - FINAL_SA_r200.log - INFO - Global Accuracy: [0.1326, 0.1913, 0.2232, 0.2866, 0.2916, 0.3499, 0.3665, 0.4147, 0.3828, 0.4028, 0.4536, 0.4255, 0.4377, 0.4823, 0.5008, 0.4996, 0.4675, 0.4818, 0.4955, 0.5025, 0.5234, 0.5274, 0.5505, 0.5487, 0.5572, 0.5282, 0.5333, 0.5472, 0.557, 0.5802, 0.5552, 0.5827, 0.5689, 0.5805, 0.5572, 0.5894, 0.6249, 0.6202, 0.61, 0.627, 0.6092, 0.6161, 0.6354, 0.6339, 0.596, 0.6345, 0.6269, 0.6264, 0.6407, 0.626, 0.6464, 0.6609, 0.6462, 0.6588, 0.6542, 0.6453, 0.6597, 0.6352, 0.6547, 0.6408, 0.6385, 0.6335, 0.6755, 0.6624, 0.6412, 0.6612, 0.6619, 0.6662, 0.6668, 0.6537, 0.6675, 0.6661, 0.6561, 0.6659, 0.6719, 0.6571, 0.6589, 0.667, 0.6741, 0.6533, 0.6732, 0.6766, 0.6859, 0.6841, 0.6655, 0.6652, 0.6634, 0.6795, 0.674, 0.6563, 0.6658, 0.685, 0.6842, 0.6746, 0.6819, 0.6811, 0.6842, 0.6751, 0.6785, 0.671, 0.6871, 0.6776, 0.6674, 0.6805, 0.6808, 0.6754, 0.6785, 0.6738, 0.6763, 0.6738, 0.6816, 0.6865, 0.6832, 0.696, 0.6878, 0.6865, 0.681, 0.6794, 0.694, 0.6915, 0.6635, 0.6767, 0.6901, 0.6776, 0.6766, 0.6484, 0.6904, 0.6784, 0.6754, 0.6837, 0.6826, 0.6922, 0.677, 0.6926, 0.6762, 0.6922, 0.6753, 0.6808, 0.6902, 0.6999, 0.6808, 0.6761, 0.6719, 0.6897, 0.6822, 0.6875, 0.6834, 0.6903, 0.6778, 0.6791, 0.6831, 0.6608, 0.6906, 0.6936, 0.6912, 0.7023, 0.6702, 0.6844, 0.6756, 0.6785, 0.6722, 0.6825, 0.6904, 0.6827, 0.6644, 0.6993, 0.6791, 0.663, 0.6838, 0.6703, 0.6737, 0.6878, 0.6512, 0.6803, 0.6772, 0.6875, 0.6787, 0.6657, 0.6666, 0.6825, 0.6672, 0.6713, 0.6616, 0.6693, 0.6715, 0.6666, 0.6895, 0.635, 0.6895, 0.6873]
2026-08-19 18:42:39,844 - FINAL_SA_r200.log - INFO - Majority Class Accuracy: [0.4223, 0.5667, 0.5937, 0.7163, 0.6903, 0.7393, 0.6967, 0.659, 0.7717, 0.7673, 0.771, 0.8043, 0.7397, 0.7227, 0.705, 0.733, 0.7537, 0.761, 0.7607, 0.7267, 0.7367, 0.719, 0.7123, 0.7297, 0.7237, 0.7857, 0.78, 0.773, 0.7107, 0.7273, 0.712, 0.7683, 0.7933, 0.707, 0.7923, 0.6827, 0.6447, 0.682, 0.6903, 0.648, 0.6893, 0.5597, 0.6847, 0.6583, 0.4907, 0.6617, 0.6377, 0.614, 0.5733, 0.584, 0.6227, 0.6687, 0.6687, 0.6787, 0.711, 0.733, 0.7187, 0.5733, 0.5713, 0.64, 0.585, 0.516, 0.7197, 0.645, 0.6043, 0.685, 0.5857, 0.6233, 0.6617, 0.7083, 0.7053, 0.6317, 0.5593, 0.6233, 0.6387, 0.6187, 0.6063, 0.6, 0.6417, 0.512, 0.6093, 0.612, 0.646, 0.674, 0.5863, 0.6353, 0.6243, 0.678, 0.6147, 0.568, 0.572, 0.6357, 0.6737, 0.5933, 0.6367, 0.6433, 0.664, 0.6017, 0.6167, 0.5783, 0.6307, 0.61, 0.5493, 0.5993, 0.6437, 0.6127, 0.605, 0.6107, 0.617, 0.567, 0.5957, 0.6087, 0.6077, 0.6817, 0.6583, 0.6213, 0.59, 0.5917, 0.6347, 0.6673, 0.519, 0.5763, 0.6217, 0.69, 0.5973, 0.4727, 0.6377, 0.5523, 0.578, 0.6293, 0.6133, 0.6513, 0.567, 0.6283, 0.5473, 0.6253, 0.5717, 0.5727, 0.622, 0.6537, 0.5843, 0.5543, 0.6, 0.6307, 0.5803, 0.6483, 0.6053, 0.621, 0.5807, 0.5767, 0.5833, 0.5073, 0.6143, 0.608, 0.62, 0.6637, 0.5117, 0.5597, 0.539, 0.5903, 0.557, 0.566, 0.6367, 0.5877, 0.5683, 0.6507, 0.5597, 0.5087, 0.5903, 0.549, 0.5553, 0.6123, 0.4773, 0.586, 0.5377, 0.607, 0.5473, 0.5113, 0.5143, 0.606, 0.5653, 0.5437, 0.5337, 0.5673, 0.5613, 0.504, 0.59, 0.3957, 0.5723, 0.5617]
2026-08-19 18:42:39,844 - FINAL_SA_r200.log - INFO - Medium Class Accuracy: [0.0147, 0.0532, 0.1128, 0.1792, 0.2112, 0.3068, 0.371, 0.407, 0.363, 0.2727, 0.3465, 0.3317, 0.3733, 0.4925, 0.4948, 0.4885, 0.4255, 0.5327, 0.509, 0.5115, 0.5262, 0.506, 0.5655, 0.5525, 0.5148, 0.4893, 0.529, 0.5407, 0.577, 0.5615, 0.565, 0.523, 0.5208, 0.577, 0.5215, 0.545, 0.6085, 0.618, 0.6028, 0.6002, 0.5495, 0.6198, 0.5968, 0.5827, 0.579, 0.598, 0.617, 0.6218, 0.6232, 0.6205, 0.626, 0.6315, 0.6085, 0.6408, 0.6285, 0.6352, 0.6298, 0.6502, 0.6412, 0.633, 0.6258, 0.6332, 0.6428, 0.63, 0.6282, 0.6577, 0.6382, 0.6435, 0.6478, 0.628, 0.625, 0.655, 0.6623, 0.6545, 0.6442, 0.6355, 0.6405, 0.6452, 0.639, 0.6605, 0.6777, 0.6597, 0.6675, 0.6605, 0.6452, 0.6345, 0.6673, 0.6597, 0.6532, 0.656, 0.6532, 0.671, 0.6545, 0.6663, 0.666, 0.6627, 0.6695, 0.6763, 0.6555, 0.662, 0.6625, 0.6545, 0.6585, 0.6713, 0.6625, 0.6558, 0.6683, 0.6482, 0.6627, 0.6857, 0.6663, 0.6693, 0.6893, 0.6767, 0.6663, 0.6715, 0.684, 0.6775, 0.6785, 0.6667, 0.65, 0.6645, 0.6893, 0.6532, 0.6855, 0.6522, 0.6837, 0.6783, 0.6695, 0.6583, 0.672, 0.6757, 0.6687, 0.6697, 0.666, 0.685, 0.6785, 0.6885, 0.679, 0.6663, 0.659, 0.6593, 0.6617, 0.6753, 0.6777, 0.6478, 0.6715, 0.6733, 0.6697, 0.6665, 0.6707, 0.663, 0.6805, 0.679, 0.682, 0.6927, 0.6827, 0.6833, 0.6763, 0.674, 0.6673, 0.6665, 0.6713, 0.6817, 0.6368, 0.663, 0.6603, 0.6693, 0.67, 0.653, 0.6637, 0.666, 0.68, 0.6723, 0.6825, 0.6737, 0.6873, 0.6777, 0.659, 0.676, 0.6783, 0.6528, 0.634, 0.663, 0.6555, 0.6647, 0.6715, 0.6542, 0.6903, 0.6755]
2026-08-19 18:42:39,844 - FINAL_SA_r200.log - INFO - Minority Class Accuracy: [0.0, 0.0, 0.0, 0.0, 0.0, 0.018, 0.0303, 0.1807, 0.0203, 0.2117, 0.279, 0.1717, 0.2217, 0.2283, 0.3047, 0.281, 0.2373, 0.1347, 0.2123, 0.2663, 0.3063, 0.3643, 0.3687, 0.3627, 0.4473, 0.3227, 0.2923, 0.33, 0.3767, 0.458, 0.3853, 0.4767, 0.4087, 0.4587, 0.3697, 0.5553, 0.627, 0.5613, 0.5393, 0.6417, 0.6087, 0.6677, 0.6377, 0.6777, 0.724, 0.656, 0.6293, 0.645, 0.7313, 0.6753, 0.6973, 0.6923, 0.674, 0.663, 0.6317, 0.571, 0.6407, 0.677, 0.756, 0.652, 0.709, 0.7513, 0.675, 0.723, 0.6953, 0.642, 0.7697, 0.7393, 0.6973, 0.6333, 0.6863, 0.7153, 0.7447, 0.7237, 0.742, 0.7243, 0.736, 0.763, 0.7533, 0.785, 0.731, 0.7637, 0.7503, 0.7257, 0.7717, 0.736, 0.6973, 0.7073, 0.761, 0.745, 0.7763, 0.753, 0.7343, 0.767, 0.7483, 0.7433, 0.724, 0.747, 0.771, 0.7757, 0.7763, 0.776, 0.7973, 0.774, 0.7423, 0.7643, 0.7657, 0.771, 0.7537, 0.7647, 0.788, 0.7873, 0.7507, 0.736, 0.746, 0.7717, 0.768, 0.7697, 0.774, 0.7487, 0.826, 0.7933, 0.7597, 0.6977, 0.744, 0.819, 0.752, 0.8047, 0.7807, 0.772, 0.766, 0.755, 0.798, 0.7873, 0.8187, 0.7687, 0.7747, 0.7787, 0.7733, 0.791, 0.8063, 0.8203, 0.7573, 0.768, 0.79, 0.7797, 0.7773, 0.7823, 0.7857, 0.7983, 0.7993, 0.8113, 0.7803, 0.7987, 0.7747, 0.7537, 0.812, 0.8107, 0.8113, 0.7727, 0.794, 0.8203, 0.7697, 0.779, 0.7973, 0.7963, 0.8237, 0.809, 0.7957, 0.8147, 0.8053, 0.7923, 0.7867, 0.7853, 0.8097, 0.7863, 0.7987, 0.804, 0.829, 0.7677, 0.7543, 0.8237, 0.8263, 0.7797, 0.803, 0.8317, 0.813, 0.8487, 0.8057, 0.8287]
2026-08-19 18:42:39,844 - FINAL_SA_r200.log - INFO - === Head-Tail Evaluation ===
2026-08-19 18:42:39,844 - FINAL_SA_r200.log - INFO - Head Accuracy: 0.6267
2026-08-19 18:42:39,844 - FINAL_SA_r200.log - INFO - Tail Accuracy: 0.8287
2026-08-19 18:42:53,018 - FINAL_SA_r200.log - INFO - Round 191 S-diagnostic | score_mean 0.6791 | selected_tail_fraction 0.0242 | participation_range 58-86
2026-08-19 18:42:53,018 - FINAL_SA_r200.log - INFO - Round 191 selected clients: [0, 3, 4, 7, 12, 13, 17, 19]
2026-08-19 18:43:12,620 - FINAL_SA_r200.log - INFO - Round 191 | Global 0.6590 | Head 0.5904 | Tail 0.8190 | Many 0.5053 | Medium 0.6542 | Few 0.8190 | best_tail 0.8487@188 | rollback=False
2026-08-19 18:43:12,620 - FINAL_SA_r200.log - INFO - Round 192 S-diagnostic | score_mean 0.8279 | selected_tail_fraction 0.0385 | participation_range 58-87
2026-08-19 18:43:12,620 - FINAL_SA_r200.log - INFO - Round 192 selected clients: [1, 2, 6, 12, 14, 17, 18, 19]
2026-08-19 18:43:33,678 - FINAL_SA_r200.log - INFO - Round 192 | Global 0.6584 | Head 0.5799 | Tail 0.8417 | Many 0.4793 | Medium 0.6552 | Few 0.8417 | best_tail 0.8487@188 | rollback=False
2026-08-19 18:43:33,688 - FINAL_SA_r200.log - INFO - Round 193 S-diagnostic | score_mean 0.6264 | selected_tail_fraction 0.0218 | participation_range 59-87
2026-08-19 18:43:33,688 - FINAL_SA_r200.log - INFO - Round 193 selected clients: [0, 1, 5, 6, 8, 10, 11, 19]
2026-08-19 18:43:54,877 - FINAL_SA_r200.log - INFO - Round 193 | Global 0.6649 | Head 0.5944 | Tail 0.8293 | Many 0.4953 | Medium 0.6687 | Few 0.8293 | best_tail 0.8487@188 | rollback=False
2026-08-19 18:43:54,877 - FINAL_SA_r200.log - INFO - Round 194 S-diagnostic | score_mean 0.7748 | selected_tail_fraction 0.0308 | participation_range 59-87
2026-08-19 18:43:54,877 - FINAL_SA_r200.log - INFO - Round 194 selected clients: [2, 3, 9, 11, 14, 15, 18, 19]
2026-08-19 18:44:16,451 - FINAL_SA_r200.log - INFO - Round 194 | Global 0.6709 | Head 0.6017 | Tail 0.8323 | Many 0.5210 | Medium 0.6623 | Few 0.8323 | best_tail 0.8487@188 | rollback=False
2026-08-19 18:44:16,451 - FINAL_SA_r200.log - INFO - Round 195 S-diagnostic | score_mean 0.7041 | selected_tail_fraction 0.0205 | participation_range 60-88
2026-08-19 18:44:16,451 - FINAL_SA_r200.log - INFO - Round 195 selected clients: [1, 2, 4, 5, 7, 11, 15, 18]
2026-08-19 18:44:37,861 - FINAL_SA_r200.log - INFO - Round 195 | Global 0.6893 | Head 0.6443 | Tail 0.7943 | Many 0.6103 | Medium 0.6697 | Few 0.7943 | best_tail 0.8487@188 | rollback=False
2026-08-19 18:44:37,867 - FINAL_SA_r200.log - INFO - Round 196 S-diagnostic | score_mean 0.6303 | selected_tail_fraction 0.0202 | participation_range 60-88
2026-08-19 18:44:37,867 - FINAL_SA_r200.log - INFO - Round 196 selected clients: [0, 6, 8, 9, 10, 11, 12, 17]
2026-08-19 18:44:58,692 - FINAL_SA_r200.log - INFO - Round 196 | Global 0.6810 | Head 0.6299 | Tail 0.8003 | Many 0.5490 | Medium 0.6905 | Few 0.8003 | best_tail 0.8487@188 | rollback=False
2026-08-19 18:44:58,702 - FINAL_SA_r200.log - INFO - Round 197 S-diagnostic | score_mean 0.8019 | selected_tail_fraction 0.0445 | participation_range 60-88
2026-08-19 18:44:58,702 - FINAL_SA_r200.log - INFO - Round 197 selected clients: [2, 3, 4, 6, 7, 17, 18, 19]
2026-08-19 18:45:20,536 - FINAL_SA_r200.log - INFO - Round 197 | Global 0.6673 | Head 0.5964 | Tail 0.8327 | Many 0.4957 | Medium 0.6720 | Few 0.8327 | best_tail 0.8487@188 | rollback=False
2026-08-19 18:45:20,536 - FINAL_SA_r200.log - INFO - Round 198 S-diagnostic | score_mean 0.6252 | selected_tail_fraction 0.0232 | participation_range 61-89
2026-08-19 18:45:20,536 - FINAL_SA_r200.log - INFO - Round 198 selected clients: [4, 5, 6, 8, 10, 14, 15, 18]
2026-08-19 18:45:41,747 - FINAL_SA_r200.log - INFO - Round 198 | Global 0.6841 | Head 0.6256 | Tail 0.8207 | Many 0.5513 | Medium 0.6813 | Few 0.8207 | best_tail 0.8487@188 | rollback=False
2026-08-19 18:45:41,749 - FINAL_SA_r200.log - INFO - Round 199 S-diagnostic | score_mean 0.8076 | selected_tail_fraction 0.0296 | participation_range 62-90
2026-08-19 18:45:41,749 - FINAL_SA_r200.log - INFO - Round 199 selected clients: [1, 3, 5, 12, 14, 15, 18, 19]
2026-08-19 18:46:03,648 - FINAL_SA_r200.log - INFO - Round 199 | Global 0.6778 | Head 0.6140 | Tail 0.8267 | Many 0.5407 | Medium 0.6690 | Few 0.8267 | best_tail 0.8487@188 | rollback=False
2026-08-19 18:46:03,653 - FINAL_SA_r200.log - INFO - Round 200 S-diagnostic | score_mean 0.6682 | selected_tail_fraction 0.0260 | participation_range 62-91
2026-08-19 18:46:03,653 - FINAL_SA_r200.log - INFO - Round 200 selected clients: [3, 7, 12, 13, 14, 15, 17, 19]
2026-08-19 18:46:24,659 - FINAL_SA_r200.log - INFO - Round 200 | Global 0.6870 | Head 0.6330 | Tail 0.8130 | Many 0.5907 | Medium 0.6647 | Few 0.8130 | best_tail 0.8487@188 | rollback=False
2026-08-19 18:46:24,676 - FINAL_SA_r200.log - INFO - Global Accuracy: [0.1326, 0.1913, 0.2232, 0.2866, 0.2916, 0.3499, 0.3665, 0.4147, 0.3828, 0.4028, 0.4536, 0.4255, 0.4377, 0.4823, 0.5008, 0.4996, 0.4675, 0.4818, 0.4955, 0.5025, 0.5234, 0.5274, 0.5505, 0.5487, 0.5572, 0.5282, 0.5333, 0.5472, 0.557, 0.5802, 0.5552, 0.5827, 0.5689, 0.5805, 0.5572, 0.5894, 0.6249, 0.6202, 0.61, 0.627, 0.6092, 0.6161, 0.6354, 0.6339, 0.596, 0.6345, 0.6269, 0.6264, 0.6407, 0.626, 0.6464, 0.6609, 0.6462, 0.6588, 0.6542, 0.6453, 0.6597, 0.6352, 0.6547, 0.6408, 0.6385, 0.6335, 0.6755, 0.6624, 0.6412, 0.6612, 0.6619, 0.6662, 0.6668, 0.6537, 0.6675, 0.6661, 0.6561, 0.6659, 0.6719, 0.6571, 0.6589, 0.667, 0.6741, 0.6533, 0.6732, 0.6766, 0.6859, 0.6841, 0.6655, 0.6652, 0.6634, 0.6795, 0.674, 0.6563, 0.6658, 0.685, 0.6842, 0.6746, 0.6819, 0.6811, 0.6842, 0.6751, 0.6785, 0.671, 0.6871, 0.6776, 0.6674, 0.6805, 0.6808, 0.6754, 0.6785, 0.6738, 0.6763, 0.6738, 0.6816, 0.6865, 0.6832, 0.696, 0.6878, 0.6865, 0.681, 0.6794, 0.694, 0.6915, 0.6635, 0.6767, 0.6901, 0.6776, 0.6766, 0.6484, 0.6904, 0.6784, 0.6754, 0.6837, 0.6826, 0.6922, 0.677, 0.6926, 0.6762, 0.6922, 0.6753, 0.6808, 0.6902, 0.6999, 0.6808, 0.6761, 0.6719, 0.6897, 0.6822, 0.6875, 0.6834, 0.6903, 0.6778, 0.6791, 0.6831, 0.6608, 0.6906, 0.6936, 0.6912, 0.7023, 0.6702, 0.6844, 0.6756, 0.6785, 0.6722, 0.6825, 0.6904, 0.6827, 0.6644, 0.6993, 0.6791, 0.663, 0.6838, 0.6703, 0.6737, 0.6878, 0.6512, 0.6803, 0.6772, 0.6875, 0.6787, 0.6657, 0.6666, 0.6825, 0.6672, 0.6713, 0.6616, 0.6693, 0.6715, 0.6666, 0.6895, 0.635, 0.6895, 0.6873, 0.659, 0.6584, 0.6649, 0.6709, 0.6893, 0.681, 0.6673, 0.6841, 0.6778, 0.687]
2026-08-19 18:46:24,677 - FINAL_SA_r200.log - INFO - Majority Class Accuracy: [0.4223, 0.5667, 0.5937, 0.7163, 0.6903, 0.7393, 0.6967, 0.659, 0.7717, 0.7673, 0.771, 0.8043, 0.7397, 0.7227, 0.705, 0.733, 0.7537, 0.761, 0.7607, 0.7267, 0.7367, 0.719, 0.7123, 0.7297, 0.7237, 0.7857, 0.78, 0.773, 0.7107, 0.7273, 0.712, 0.7683, 0.7933, 0.707, 0.7923, 0.6827, 0.6447, 0.682, 0.6903, 0.648, 0.6893, 0.5597, 0.6847, 0.6583, 0.4907, 0.6617, 0.6377, 0.614, 0.5733, 0.584, 0.6227, 0.6687, 0.6687, 0.6787, 0.711, 0.733, 0.7187, 0.5733, 0.5713, 0.64, 0.585, 0.516, 0.7197, 0.645, 0.6043, 0.685, 0.5857, 0.6233, 0.6617, 0.7083, 0.7053, 0.6317, 0.5593, 0.6233, 0.6387, 0.6187, 0.6063, 0.6, 0.6417, 0.512, 0.6093, 0.612, 0.646, 0.674, 0.5863, 0.6353, 0.6243, 0.678, 0.6147, 0.568, 0.572, 0.6357, 0.6737, 0.5933, 0.6367, 0.6433, 0.664, 0.6017, 0.6167, 0.5783, 0.6307, 0.61, 0.5493, 0.5993, 0.6437, 0.6127, 0.605, 0.6107, 0.617, 0.567, 0.5957, 0.6087, 0.6077, 0.6817, 0.6583, 0.6213, 0.59, 0.5917, 0.6347, 0.6673, 0.519, 0.5763, 0.6217, 0.69, 0.5973, 0.4727, 0.6377, 0.5523, 0.578, 0.6293, 0.6133, 0.6513, 0.567, 0.6283, 0.5473, 0.6253, 0.5717, 0.5727, 0.622, 0.6537, 0.5843, 0.5543, 0.6, 0.6307, 0.5803, 0.6483, 0.6053, 0.621, 0.5807, 0.5767, 0.5833, 0.5073, 0.6143, 0.608, 0.62, 0.6637, 0.5117, 0.5597, 0.539, 0.5903, 0.557, 0.566, 0.6367, 0.5877, 0.5683, 0.6507, 0.5597, 0.5087, 0.5903, 0.549, 0.5553, 0.6123, 0.4773, 0.586, 0.5377, 0.607, 0.5473, 0.5113, 0.5143, 0.606, 0.5653, 0.5437, 0.5337, 0.5673, 0.5613, 0.504, 0.59, 0.3957, 0.5723, 0.5617, 0.5053, 0.4793, 0.4953, 0.521, 0.6103, 0.549, 0.4957, 0.5513, 0.5407, 0.5907]
2026-08-19 18:46:24,677 - FINAL_SA_r200.log - INFO - Medium Class Accuracy: [0.0147, 0.0532, 0.1128, 0.1792, 0.2112, 0.3068, 0.371, 0.407, 0.363, 0.2727, 0.3465, 0.3317, 0.3733, 0.4925, 0.4948, 0.4885, 0.4255, 0.5327, 0.509, 0.5115, 0.5262, 0.506, 0.5655, 0.5525, 0.5148, 0.4893, 0.529, 0.5407, 0.577, 0.5615, 0.565, 0.523, 0.5208, 0.577, 0.5215, 0.545, 0.6085, 0.618, 0.6028, 0.6002, 0.5495, 0.6198, 0.5968, 0.5827, 0.579, 0.598, 0.617, 0.6218, 0.6232, 0.6205, 0.626, 0.6315, 0.6085, 0.6408, 0.6285, 0.6352, 0.6298, 0.6502, 0.6412, 0.633, 0.6258, 0.6332, 0.6428, 0.63, 0.6282, 0.6577, 0.6382, 0.6435, 0.6478, 0.628, 0.625, 0.655, 0.6623, 0.6545, 0.6442, 0.6355, 0.6405, 0.6452, 0.639, 0.6605, 0.6777, 0.6597, 0.6675, 0.6605, 0.6452, 0.6345, 0.6673, 0.6597, 0.6532, 0.656, 0.6532, 0.671, 0.6545, 0.6663, 0.666, 0.6627, 0.6695, 0.6763, 0.6555, 0.662, 0.6625, 0.6545, 0.6585, 0.6713, 0.6625, 0.6558, 0.6683, 0.6482, 0.6627, 0.6857, 0.6663, 0.6693, 0.6893, 0.6767, 0.6663, 0.6715, 0.684, 0.6775, 0.6785, 0.6667, 0.65, 0.6645, 0.6893, 0.6532, 0.6855, 0.6522, 0.6837, 0.6783, 0.6695, 0.6583, 0.672, 0.6757, 0.6687, 0.6697, 0.666, 0.685, 0.6785, 0.6885, 0.679, 0.6663, 0.659, 0.6593, 0.6617, 0.6753, 0.6777, 0.6478, 0.6715, 0.6733, 0.6697, 0.6665, 0.6707, 0.663, 0.6805, 0.679, 0.682, 0.6927, 0.6827, 0.6833, 0.6763, 0.674, 0.6673, 0.6665, 0.6713, 0.6817, 0.6368, 0.663, 0.6603, 0.6693, 0.67, 0.653, 0.6637, 0.666, 0.68, 0.6723, 0.6825, 0.6737, 0.6873, 0.6777, 0.659, 0.676, 0.6783, 0.6528, 0.634, 0.663, 0.6555, 0.6647, 0.6715, 0.6542, 0.6903, 0.6755, 0.6542, 0.6552, 0.6687, 0.6623, 0.6697, 0.6905, 0.672, 0.6813, 0.669, 0.6647]
2026-08-19 18:46:24,677 - FINAL_SA_r200.log - INFO - Minority Class Accuracy: [0.0, 0.0, 0.0, 0.0, 0.0, 0.018, 0.0303, 0.1807, 0.0203, 0.2117, 0.279, 0.1717, 0.2217, 0.2283, 0.3047, 0.281, 0.2373, 0.1347, 0.2123, 0.2663, 0.3063, 0.3643, 0.3687, 0.3627, 0.4473, 0.3227, 0.2923, 0.33, 0.3767, 0.458, 0.3853, 0.4767, 0.4087, 0.4587, 0.3697, 0.5553, 0.627, 0.5613, 0.5393, 0.6417, 0.6087, 0.6677, 0.6377, 0.6777, 0.724, 0.656, 0.6293, 0.645, 0.7313, 0.6753, 0.6973, 0.6923, 0.674, 0.663, 0.6317, 0.571, 0.6407, 0.677, 0.756, 0.652, 0.709, 0.7513, 0.675, 0.723, 0.6953, 0.642, 0.7697, 0.7393, 0.6973, 0.6333, 0.6863, 0.7153, 0.7447, 0.7237, 0.742, 0.7243, 0.736, 0.763, 0.7533, 0.785, 0.731, 0.7637, 0.7503, 0.7257, 0.7717, 0.736, 0.6973, 0.7073, 0.761, 0.745, 0.7763, 0.753, 0.7343, 0.767, 0.7483, 0.7433, 0.724, 0.747, 0.771, 0.7757, 0.7763, 0.776, 0.7973, 0.774, 0.7423, 0.7643, 0.7657, 0.771, 0.7537, 0.7647, 0.788, 0.7873, 0.7507, 0.736, 0.746, 0.7717, 0.768, 0.7697, 0.774, 0.7487, 0.826, 0.7933, 0.7597, 0.6977, 0.744, 0.819, 0.752, 0.8047, 0.7807, 0.772, 0.766, 0.755, 0.798, 0.7873, 0.8187, 0.7687, 0.7747, 0.7787, 0.7733, 0.791, 0.8063, 0.8203, 0.7573, 0.768, 0.79, 0.7797, 0.7773, 0.7823, 0.7857, 0.7983, 0.7993, 0.8113, 0.7803, 0.7987, 0.7747, 0.7537, 0.812, 0.8107, 0.8113, 0.7727, 0.794, 0.8203, 0.7697, 0.779, 0.7973, 0.7963, 0.8237, 0.809, 0.7957, 0.8147, 0.8053, 0.7923, 0.7867, 0.7853, 0.8097, 0.7863, 0.7987, 0.804, 0.829, 0.7677, 0.7543, 0.8237, 0.8263, 0.7797, 0.803, 0.8317, 0.813, 0.8487, 0.8057, 0.8287, 0.819, 0.8417, 0.8293, 0.8323, 0.7943, 0.8003, 0.8327, 0.8207, 0.8267, 0.813]
2026-08-19 18:46:24,677 - FINAL_SA_r200.log - INFO - === Head-Tail Evaluation ===
2026-08-19 18:46:24,677 - FINAL_SA_r200.log - INFO - Head Accuracy: 0.6330
2026-08-19 18:46:24,677 - FINAL_SA_r200.log - INFO - Tail Accuracy: 0.8130
2026-08-19 18:46:37,785 - FINAL_SA_r200.log - INFO - ========== FINISHED ==========
2026-08-19 18:46:37,786 - FINAL_SA_r200.log - INFO - Final Global: 0.6870
2026-08-19 18:46:37,786 - FINAL_SA_r200.log - INFO - Final Head: 0.6330
2026-08-19 18:46:37,786 - FINAL_SA_r200.log - INFO - Final Tail: 0.8130
2026-08-19 18:46:37,786 - FINAL_SA_r200.log - INFO - Best Tail: 0.8487 @ round 188
