2026-08-19 15:03:54,008 - FINAL_A_r200.log - INFO - ========== THESIS FINAL FedLF S/C/A ABLATION ==========\nvariant=a | S=OFF | C=OFF | A=ON\nimb_factor:0.01, non_iid:0.5, rs_alpha:0.5\nlr_local_training:0.1 (fixed FedLF baseline LR)\nnum_rounds:200, local_epochs:10\nbatch_size_local_training:32\nnum_online_clients:8\nS semantic_epsilon:0.75\nC confidence_alpha:0.7, warmup:30\nA server_tail_agg_weight:1.5\nbaseline:AdaptiveLogit+LocalCenters+FedDecorr+FedAvg\nformal_protocol:no_test_rollback\n
2026-08-19 15:03:59,463 - FINAL_A_r200.log - INFO - Global class counts: [5000, 2997, 1796, 1077, 645, 387, 232, 139, 83, 50]
2026-08-19 15:03:59,463 - FINAL_A_r200.log - INFO - Tail classes (<200): [7, 8, 9]
2026-08-19 15:03:59,487 - FINAL_A_r200.log - INFO - Round 1 selected clients: [0, 1, 3, 5, 8, 11, 15, 17]
2026-08-19 15:04:21,424 - FINAL_A_r200.log - INFO - Round 1 | Global 0.1863 | Head 0.2661 | Tail 0.0000 | Many 0.5483 | Medium 0.0545 | Few 0.0000 | best_tail 0.0000@1 | rollback=False
2026-08-19 15:04:21,424 - FINAL_A_r200.log - INFO - Round 2 selected clients: [4, 5, 7, 12, 14, 15, 16, 19]
2026-08-19 15:04:42,767 - FINAL_A_r200.log - INFO - Round 2 | Global 0.2388 | Head 0.3411 | Tail 0.0000 | Many 0.6357 | Medium 0.1202 | Few 0.0000 | best_tail 0.0000@2 | rollback=False
2026-08-19 15:04:42,767 - FINAL_A_r200.log - INFO - Round 3 selected clients: [0, 2, 5, 7, 10, 12, 16, 18]
2026-08-19 15:05:02,037 - FINAL_A_r200.log - INFO - Round 3 | Global 0.2673 | Head 0.3819 | Tail 0.0000 | Many 0.7050 | Medium 0.1395 | Few 0.0000 | best_tail 0.0000@3 | rollback=False
2026-08-19 15:05:02,037 - FINAL_A_r200.log - INFO - Round 4 selected clients: [0, 4, 6, 8, 9, 11, 17, 18]
2026-08-19 15:05:21,632 - FINAL_A_r200.log - INFO - Round 4 | Global 0.2773 | Head 0.3961 | Tail 0.0000 | Many 0.7520 | Medium 0.1293 | Few 0.0000 | best_tail 0.0000@4 | rollback=False
2026-08-19 15:05:21,632 - FINAL_A_r200.log - INFO - Round 5 selected clients: [0, 2, 5, 9, 10, 12, 16, 19]
2026-08-19 15:05:41,188 - FINAL_A_r200.log - INFO - Round 5 | Global 0.2981 | Head 0.4259 | Tail 0.0000 | Many 0.7350 | Medium 0.1940 | Few 0.0000 | best_tail 0.0000@5 | rollback=False
2026-08-19 15:05:41,188 - FINAL_A_r200.log - INFO - Round 6 selected clients: [1, 3, 4, 5, 9, 10, 15, 16]
2026-08-19 15:06:00,783 - FINAL_A_r200.log - INFO - Round 6 | Global 0.3205 | Head 0.4579 | Tail 0.0000 | Many 0.7790 | Medium 0.2170 | Few 0.0000 | best_tail 0.0000@6 | rollback=False
2026-08-19 15:06:00,783 - FINAL_A_r200.log - INFO - Round 7 selected clients: [2, 3, 5, 9, 10, 12, 13, 16]
2026-08-19 15:06:20,231 - FINAL_A_r200.log - INFO - Round 7 | Global 0.3307 | Head 0.4724 | Tail 0.0000 | Many 0.7880 | Medium 0.2357 | Few 0.0000 | best_tail 0.0000@7 | rollback=False
2026-08-19 15:06:20,231 - FINAL_A_r200.log - INFO - Round 8 selected clients: [1, 3, 5, 7, 11, 15, 17, 18]
2026-08-19 15:06:39,961 - FINAL_A_r200.log - INFO - Round 8 | Global 0.3524 | Head 0.4930 | Tail 0.0243 | Many 0.7570 | Medium 0.2950 | Few 0.0243 | best_tail 0.0243@8 | rollback=False
2026-08-19 15:06:39,961 - FINAL_A_r200.log - INFO - Round 9 selected clients: [0, 4, 7, 8, 9, 11, 13, 17]
2026-08-19 15:06:58,994 - FINAL_A_r200.log - INFO - Round 9 | Global 0.3374 | Head 0.4681 | Tail 0.0323 | Many 0.7583 | Medium 0.2505 | Few 0.0323 | best_tail 0.0323@9 | rollback=False
2026-08-19 15:06:58,994 - FINAL_A_r200.log - INFO - Round 10 selected clients: [1, 2, 4, 5, 7, 9, 15, 16]
2026-08-19 15:07:18,507 - FINAL_A_r200.log - INFO - Round 10 | Global 0.3534 | Head 0.5000 | Tail 0.0113 | Many 0.7657 | Medium 0.3008 | Few 0.0113 | best_tail 0.0323@9 | rollback=False
2026-08-19 15:07:18,561 - FINAL_A_r200.log - INFO - Global Accuracy: [0.1863, 0.2388, 0.2673, 0.2773, 0.2981, 0.3205, 0.3307, 0.3524, 0.3374, 0.3534]
2026-08-19 15:07:18,561 - FINAL_A_r200.log - INFO - Majority Class Accuracy: [0.5483, 0.6357, 0.705, 0.752, 0.735, 0.779, 0.788, 0.757, 0.7583, 0.7657]
2026-08-19 15:07:18,561 - FINAL_A_r200.log - INFO - Medium Class Accuracy: [0.0545, 0.1202, 0.1395, 0.1293, 0.194, 0.217, 0.2357, 0.295, 0.2505, 0.3008]
2026-08-19 15:07:18,561 - FINAL_A_r200.log - INFO - Minority Class Accuracy: [0.0, 0.0, 0.0, 0.0, 0.0, 0.0, 0.0, 0.0243, 0.0323, 0.0113]
2026-08-19 15:07:18,561 - FINAL_A_r200.log - INFO - === Head-Tail Evaluation ===
2026-08-19 15:07:18,561 - FINAL_A_r200.log - INFO - Head Accuracy: 0.5000
2026-08-19 15:07:18,561 - FINAL_A_r200.log - INFO - Tail Accuracy: 0.0113
2026-08-19 15:07:34,868 - FINAL_A_r200.log - INFO - Round 11 selected clients: [1, 2, 4, 6, 12, 13, 16, 17]
2026-08-19 15:07:54,595 - FINAL_A_r200.log - INFO - Round 11 | Global 0.3954 | Head 0.5211 | Tail 0.1020 | Many 0.8070 | Medium 0.3068 | Few 0.1020 | best_tail 0.1020@11 | rollback=False
2026-08-19 15:07:54,595 - FINAL_A_r200.log - INFO - Round 12 selected clients: [3, 6, 8, 9, 11, 14, 17, 18]
2026-08-19 15:08:14,265 - FINAL_A_r200.log - INFO - Round 12 | Global 0.4512 | Head 0.5779 | Tail 0.1557 | Many 0.7490 | Medium 0.4495 | Few 0.1557 | best_tail 0.1557@12 | rollback=False
2026-08-19 15:08:14,265 - FINAL_A_r200.log - INFO - Round 13 selected clients: [2, 6, 8, 9, 12, 13, 14, 19]
2026-08-19 15:08:33,678 - FINAL_A_r200.log - INFO - Round 13 | Global 0.4566 | Head 0.5750 | Tail 0.1803 | Many 0.7270 | Medium 0.4610 | Few 0.1803 | best_tail 0.1803@13 | rollback=False
2026-08-19 15:08:33,688 - FINAL_A_r200.log - INFO - Round 14 selected clients: [1, 4, 5, 9, 10, 11, 12, 19]
2026-08-19 15:08:53,281 - FINAL_A_r200.log - INFO - Round 14 | Global 0.4162 | Head 0.5499 | Tail 0.1043 | Many 0.7447 | Medium 0.4037 | Few 0.1043 | best_tail 0.1803@13 | rollback=False
2026-08-19 15:08:53,281 - FINAL_A_r200.log - INFO - Round 15 selected clients: [4, 5, 7, 12, 13, 14, 16, 19]
2026-08-19 15:09:12,312 - FINAL_A_r200.log - INFO - Round 15 | Global 0.4414 | Head 0.5633 | Tail 0.1570 | Many 0.7700 | Medium 0.4083 | Few 0.1570 | best_tail 0.1803@13 | rollback=False
2026-08-19 15:09:12,312 - FINAL_A_r200.log - INFO - Round 16 selected clients: [1, 4, 6, 9, 11, 13, 14, 18]
2026-08-19 15:09:33,851 - FINAL_A_r200.log - INFO - Round 16 | Global 0.4662 | Head 0.5634 | Tail 0.2393 | Many 0.7513 | Medium 0.4225 | Few 0.2393 | best_tail 0.2393@16 | rollback=False
2026-08-19 15:09:33,851 - FINAL_A_r200.log - INFO - Round 17 selected clients: [4, 6, 7, 9, 11, 12, 14, 16]
2026-08-19 15:09:55,277 - FINAL_A_r200.log - INFO - Round 17 | Global 0.4348 | Head 0.5730 | Tail 0.1123 | Many 0.7547 | Medium 0.4368 | Few 0.1123 | best_tail 0.2393@16 | rollback=False
2026-08-19 15:09:55,279 - FINAL_A_r200.log - INFO - Round 18 selected clients: [1, 3, 4, 7, 8, 9, 12, 18]
2026-08-19 15:10:16,652 - FINAL_A_r200.log - INFO - Round 18 | Global 0.4446 | Head 0.5774 | Tail 0.1347 | Many 0.7603 | Medium 0.4402 | Few 0.1347 | best_tail 0.2393@16 | rollback=False
2026-08-19 15:10:16,652 - FINAL_A_r200.log - INFO - Round 19 selected clients: [1, 6, 7, 8, 9, 10, 11, 19]
2026-08-19 15:10:37,696 - FINAL_A_r200.log - INFO - Round 19 | Global 0.4869 | Head 0.5756 | Tail 0.2800 | Many 0.7437 | Medium 0.4495 | Few 0.2800 | best_tail 0.2800@19 | rollback=False
2026-08-19 15:10:37,696 - FINAL_A_r200.log - INFO - Round 20 selected clients: [3, 4, 6, 10, 11, 13, 14, 17]
2026-08-19 15:10:58,882 - FINAL_A_r200.log - INFO - Round 20 | Global 0.4880 | Head 0.5847 | Tail 0.2623 | Many 0.7400 | Medium 0.4682 | Few 0.2623 | best_tail 0.2800@19 | rollback=False
2026-08-19 15:10:58,899 - FINAL_A_r200.log - INFO - Global Accuracy: [0.1863, 0.2388, 0.2673, 0.2773, 0.2981, 0.3205, 0.3307, 0.3524, 0.3374, 0.3534, 0.3954, 0.4512, 0.4566, 0.4162, 0.4414, 0.4662, 0.4348, 0.4446, 0.4869, 0.488]
2026-08-19 15:10:58,899 - FINAL_A_r200.log - INFO - Majority Class Accuracy: [0.5483, 0.6357, 0.705, 0.752, 0.735, 0.779, 0.788, 0.757, 0.7583, 0.7657, 0.807, 0.749, 0.727, 0.7447, 0.77, 0.7513, 0.7547, 0.7603, 0.7437, 0.74]
2026-08-19 15:10:58,899 - FINAL_A_r200.log - INFO - Medium Class Accuracy: [0.0545, 0.1202, 0.1395, 0.1293, 0.194, 0.217, 0.2357, 0.295, 0.2505, 0.3008, 0.3068, 0.4495, 0.461, 0.4037, 0.4083, 0.4225, 0.4368, 0.4402, 0.4495, 0.4682]
2026-08-19 15:10:58,899 - FINAL_A_r200.log - INFO - Minority Class Accuracy: [0.0, 0.0, 0.0, 0.0, 0.0, 0.0, 0.0, 0.0243, 0.0323, 0.0113, 0.102, 0.1557, 0.1803, 0.1043, 0.157, 0.2393, 0.1123, 0.1347, 0.28, 0.2623]
2026-08-19 15:10:58,899 - FINAL_A_r200.log - INFO - === Head-Tail Evaluation ===
2026-08-19 15:10:58,899 - FINAL_A_r200.log - INFO - Head Accuracy: 0.5847
2026-08-19 15:10:58,899 - FINAL_A_r200.log - INFO - Tail Accuracy: 0.2623
2026-08-19 15:11:11,774 - FINAL_A_r200.log - INFO - Round 21 selected clients: [3, 4, 13, 14, 15, 17, 18, 19]
2026-08-19 15:11:33,706 - FINAL_A_r200.log - INFO - Round 21 | Global 0.5034 | Head 0.6121 | Tail 0.2497 | Many 0.7190 | Medium 0.5320 | Few 0.2497 | best_tail 0.2800@19 | rollback=False
2026-08-19 15:11:33,706 - FINAL_A_r200.log - INFO - Round 22 selected clients: [4, 5, 8, 10, 16, 17, 18, 19]
2026-08-19 15:11:55,279 - FINAL_A_r200.log - INFO - Round 22 | Global 0.5115 | Head 0.5749 | Tail 0.3637 | Many 0.7217 | Medium 0.4647 | Few 0.3637 | best_tail 0.3637@22 | rollback=False
2026-08-19 15:11:55,289 - FINAL_A_r200.log - INFO - Round 23 selected clients: [1, 2, 3, 6, 8, 13, 15, 19]
2026-08-19 15:12:16,800 - FINAL_A_r200.log - INFO - Round 23 | Global 0.5521 | Head 0.5860 | Tail 0.4730 | Many 0.6763 | Medium 0.5182 | Few 0.4730 | best_tail 0.4730@23 | rollback=False
2026-08-19 15:12:16,800 - FINAL_A_r200.log - INFO - Round 24 selected clients: [3, 4, 5, 8, 10, 13, 14, 17]
2026-08-19 15:12:38,187 - FINAL_A_r200.log - INFO - Round 24 | Global 0.5026 | Head 0.6021 | Tail 0.2703 | Many 0.7263 | Medium 0.5090 | Few 0.2703 | best_tail 0.4730@23 | rollback=False
2026-08-19 15:12:38,187 - FINAL_A_r200.log - INFO - Round 25 selected clients: [2, 3, 6, 9, 10, 12, 15, 18]
2026-08-19 15:13:00,146 - FINAL_A_r200.log - INFO - Round 25 | Global 0.5844 | Head 0.5831 | Tail 0.5873 | Many 0.6333 | Medium 0.5455 | Few 0.5873 | best_tail 0.5873@25 | rollback=False
2026-08-19 15:13:00,146 - FINAL_A_r200.log - INFO - Round 26 selected clients: [1, 2, 5, 6, 7, 8, 12, 16]
2026-08-19 15:13:21,339 - FINAL_A_r200.log - INFO - Round 26 | Global 0.5685 | Head 0.6061 | Tail 0.4807 | Many 0.6883 | Medium 0.5445 | Few 0.4807 | best_tail 0.5873@25 | rollback=False
2026-08-19 15:13:21,339 - FINAL_A_r200.log - INFO - Round 27 selected clients: [5, 6, 8, 10, 12, 13, 14, 17]
2026-08-19 15:13:42,711 - FINAL_A_r200.log - INFO - Round 27 | Global 0.5123 | Head 0.6131 | Tail 0.2770 | Many 0.7447 | Medium 0.5145 | Few 0.2770 | best_tail 0.5873@25 | rollback=False
2026-08-19 15:13:42,713 - FINAL_A_r200.log - INFO - Round 28 selected clients: [1, 3, 5, 6, 7, 8, 14, 19]
2026-08-19 15:14:02,983 - FINAL_A_r200.log - INFO - Round 28 | Global 0.5697 | Head 0.5816 | Tail 0.5420 | Many 0.6677 | Medium 0.5170 | Few 0.5420 | best_tail 0.5873@25 | rollback=False
2026-08-19 15:14:02,983 - FINAL_A_r200.log - INFO - Round 29 selected clients: [3, 4, 5, 8, 12, 14, 15, 16]
2026-08-19 15:14:22,315 - FINAL_A_r200.log - INFO - Round 29 | Global 0.5518 | Head 0.6479 | Tail 0.3277 | Many 0.7590 | Medium 0.5645 | Few 0.3277 | best_tail 0.5873@25 | rollback=False
2026-08-19 15:14:22,315 - FINAL_A_r200.log - INFO - Round 30 selected clients: [5, 6, 11, 13, 14, 15, 16, 19]
2026-08-19 15:14:41,469 - FINAL_A_r200.log - INFO - Round 30 | Global 0.5697 | Head 0.6317 | Tail 0.4250 | Many 0.7460 | Medium 0.5460 | Few 0.4250 | best_tail 0.5873@25 | rollback=False
2026-08-19 15:14:41,495 - FINAL_A_r200.log - INFO - Global Accuracy: [0.1863, 0.2388, 0.2673, 0.2773, 0.2981, 0.3205, 0.3307, 0.3524, 0.3374, 0.3534, 0.3954, 0.4512, 0.4566, 0.4162, 0.4414, 0.4662, 0.4348, 0.4446, 0.4869, 0.488, 0.5034, 0.5115, 0.5521, 0.5026, 0.5844, 0.5685, 0.5123, 0.5697, 0.5518, 0.5697]
2026-08-19 15:14:41,495 - FINAL_A_r200.log - INFO - Majority Class Accuracy: [0.5483, 0.6357, 0.705, 0.752, 0.735, 0.779, 0.788, 0.757, 0.7583, 0.7657, 0.807, 0.749, 0.727, 0.7447, 0.77, 0.7513, 0.7547, 0.7603, 0.7437, 0.74, 0.719, 0.7217, 0.6763, 0.7263, 0.6333, 0.6883, 0.7447, 0.6677, 0.759, 0.746]
2026-08-19 15:14:41,496 - FINAL_A_r200.log - INFO - Medium Class Accuracy: [0.0545, 0.1202, 0.1395, 0.1293, 0.194, 0.217, 0.2357, 0.295, 0.2505, 0.3008, 0.3068, 0.4495, 0.461, 0.4037, 0.4083, 0.4225, 0.4368, 0.4402, 0.4495, 0.4682, 0.532, 0.4647, 0.5182, 0.509, 0.5455, 0.5445, 0.5145, 0.517, 0.5645, 0.546]
2026-08-19 15:14:41,496 - FINAL_A_r200.log - INFO - Minority Class Accuracy: [0.0, 0.0, 0.0, 0.0, 0.0, 0.0, 0.0, 0.0243, 0.0323, 0.0113, 0.102, 0.1557, 0.1803, 0.1043, 0.157, 0.2393, 0.1123, 0.1347, 0.28, 0.2623, 0.2497, 0.3637, 0.473, 0.2703, 0.5873, 0.4807, 0.277, 0.542, 0.3277, 0.425]
2026-08-19 15:14:41,496 - FINAL_A_r200.log - INFO - === Head-Tail Evaluation ===
2026-08-19 15:14:41,496 - FINAL_A_r200.log - INFO - Head Accuracy: 0.6317
2026-08-19 15:14:41,496 - FINAL_A_r200.log - INFO - Tail Accuracy: 0.4250
2026-08-19 15:14:54,682 - FINAL_A_r200.log - INFO - Round 31 selected clients: [1, 4, 6, 7, 9, 11, 14, 19]
2026-08-19 15:15:14,151 - FINAL_A_r200.log - INFO - Round 31 | Global 0.5865 | Head 0.6227 | Tail 0.5020 | Many 0.7140 | Medium 0.5543 | Few 0.5020 | best_tail 0.5873@25 | rollback=False
2026-08-19 15:15:14,151 - FINAL_A_r200.log - INFO - Round 32 selected clients: [0, 1, 5, 6, 7, 9, 12, 19]
2026-08-19 15:15:33,763 - FINAL_A_r200.log - INFO - Round 32 | Global 0.5695 | Head 0.5619 | Tail 0.5873 | Many 0.6200 | Medium 0.5182 | Few 0.5873 | best_tail 0.5873@25 | rollback=False
2026-08-19 15:15:33,763 - FINAL_A_r200.log - INFO - Round 33 selected clients: [3, 5, 7, 11, 14, 15, 16, 17]
2026-08-19 15:15:52,983 - FINAL_A_r200.log - INFO - Round 33 | Global 0.5822 | Head 0.6504 | Tail 0.4230 | Many 0.7277 | Medium 0.5925 | Few 0.4230 | best_tail 0.5873@25 | rollback=False
2026-08-19 15:15:52,983 - FINAL_A_r200.log - INFO - Round 34 selected clients: [6, 8, 9, 10, 13, 14, 16, 18]
2026-08-19 15:16:11,883 - FINAL_A_r200.log - INFO - Round 34 | Global 0.5824 | Head 0.6116 | Tail 0.5143 | Many 0.7070 | Medium 0.5400 | Few 0.5143 | best_tail 0.5873@25 | rollback=False
2026-08-19 15:16:11,883 - FINAL_A_r200.log - INFO - Round 35 selected clients: [0, 4, 5, 8, 10, 12, 13, 19]
2026-08-19 15:16:31,002 - FINAL_A_r200.log - INFO - Round 35 | Global 0.5814 | Head 0.6101 | Tail 0.5143 | Many 0.7133 | Medium 0.5327 | Few 0.5143 | best_tail 0.5873@25 | rollback=False
2026-08-19 15:16:31,002 - FINAL_A_r200.log - INFO - Round 36 selected clients: [1, 2, 3, 6, 7, 8, 10, 18]
2026-08-19 15:16:50,187 - FINAL_A_r200.log - INFO - Round 36 | Global 0.6118 | Head 0.5890 | Tail 0.6650 | Many 0.5930 | Medium 0.5860 | Few 0.6650 | best_tail 0.6650@36 | rollback=False
2026-08-19 15:16:50,187 - FINAL_A_r200.log - INFO - Round 37 selected clients: [1, 3, 7, 9, 10, 11, 15, 17]
2026-08-19 15:17:09,472 - FINAL_A_r200.log - INFO - Round 37 | Global 0.6145 | Head 0.6503 | Tail 0.5310 | Many 0.7097 | Medium 0.6058 | Few 0.5310 | best_tail 0.6650@36 | rollback=False
2026-08-19 15:17:09,472 - FINAL_A_r200.log - INFO - Round 38 selected clients: [1, 2, 6, 9, 12, 13, 14, 18]
2026-08-19 15:17:29,030 - FINAL_A_r200.log - INFO - Round 38 | Global 0.6157 | Head 0.6054 | Tail 0.6397 | Many 0.6143 | Medium 0.5988 | Few 0.6397 | best_tail 0.6650@36 | rollback=False
2026-08-19 15:17:29,030 - FINAL_A_r200.log - INFO - Round 39 selected clients: [0, 2, 3, 11, 12, 13, 15, 19]
2026-08-19 15:17:48,753 - FINAL_A_r200.log - INFO - Round 39 | Global 0.6210 | Head 0.6291 | Tail 0.6020 | Many 0.6503 | Medium 0.6132 | Few 0.6020 | best_tail 0.6650@36 | rollback=False
2026-08-19 15:17:48,753 - FINAL_A_r200.log - INFO - Round 40 selected clients: [3, 7, 9, 11, 13, 14, 15, 19]
2026-08-19 15:18:08,051 - FINAL_A_r200.log - INFO - Round 40 | Global 0.6194 | Head 0.6021 | Tail 0.6597 | Many 0.6520 | Medium 0.5647 | Few 0.6597 | best_tail 0.6650@36 | rollback=False
2026-08-19 15:18:08,069 - FINAL_A_r200.log - INFO - Global Accuracy: [0.1863, 0.2388, 0.2673, 0.2773, 0.2981, 0.3205, 0.3307, 0.3524, 0.3374, 0.3534, 0.3954, 0.4512, 0.4566, 0.4162, 0.4414, 0.4662, 0.4348, 0.4446, 0.4869, 0.488, 0.5034, 0.5115, 0.5521, 0.5026, 0.5844, 0.5685, 0.5123, 0.5697, 0.5518, 0.5697, 0.5865, 0.5695, 0.5822, 0.5824, 0.5814, 0.6118, 0.6145, 0.6157, 0.621, 0.6194]
2026-08-19 15:18:08,074 - FINAL_A_r200.log - INFO - Majority Class Accuracy: [0.5483, 0.6357, 0.705, 0.752, 0.735, 0.779, 0.788, 0.757, 0.7583, 0.7657, 0.807, 0.749, 0.727, 0.7447, 0.77, 0.7513, 0.7547, 0.7603, 0.7437, 0.74, 0.719, 0.7217, 0.6763, 0.7263, 0.6333, 0.6883, 0.7447, 0.6677, 0.759, 0.746, 0.714, 0.62, 0.7277, 0.707, 0.7133, 0.593, 0.7097, 0.6143, 0.6503, 0.652]
2026-08-19 15:18:08,074 - FINAL_A_r200.log - INFO - Medium Class Accuracy: [0.0545, 0.1202, 0.1395, 0.1293, 0.194, 0.217, 0.2357, 0.295, 0.2505, 0.3008, 0.3068, 0.4495, 0.461, 0.4037, 0.4083, 0.4225, 0.4368, 0.4402, 0.4495, 0.4682, 0.532, 0.4647, 0.5182, 0.509, 0.5455, 0.5445, 0.5145, 0.517, 0.5645, 0.546, 0.5543, 0.5182, 0.5925, 0.54, 0.5327, 0.586, 0.6058, 0.5988, 0.6132, 0.5647]
2026-08-19 15:18:08,075 - FINAL_A_r200.log - INFO - Minority Class Accuracy: [0.0, 0.0, 0.0, 0.0, 0.0, 0.0, 0.0, 0.0243, 0.0323, 0.0113, 0.102, 0.1557, 0.1803, 0.1043, 0.157, 0.2393, 0.1123, 0.1347, 0.28, 0.2623, 0.2497, 0.3637, 0.473, 0.2703, 0.5873, 0.4807, 0.277, 0.542, 0.3277, 0.425, 0.502, 0.5873, 0.423, 0.5143, 0.5143, 0.665, 0.531, 0.6397, 0.602, 0.6597]
2026-08-19 15:18:08,075 - FINAL_A_r200.log - INFO - === Head-Tail Evaluation ===
2026-08-19 15:18:08,075 - FINAL_A_r200.log - INFO - Head Accuracy: 0.6021
2026-08-19 15:18:08,075 - FINAL_A_r200.log - INFO - Tail Accuracy: 0.6597
2026-08-19 15:18:21,260 - FINAL_A_r200.log - INFO - Round 41 selected clients: [1, 5, 6, 7, 10, 11, 14, 15]
2026-08-19 15:18:41,352 - FINAL_A_r200.log - INFO - Round 41 | Global 0.6167 | Head 0.6450 | Tail 0.5507 | Many 0.7077 | Medium 0.5980 | Few 0.5507 | best_tail 0.6650@36 | rollback=False
2026-08-19 15:18:41,352 - FINAL_A_r200.log - INFO - Round 42 selected clients: [1, 3, 7, 9, 12, 14, 15, 19]
2026-08-19 15:19:03,101 - FINAL_A_r200.log - INFO - Round 42 | Global 0.6317 | Head 0.6383 | Tail 0.6163 | Many 0.6707 | Medium 0.6140 | Few 0.6163 | best_tail 0.6650@36 | rollback=False
2026-08-19 15:19:03,101 - FINAL_A_r200.log - INFO - Round 43 selected clients: [0, 4, 6, 7, 9, 11, 12, 14]
2026-08-19 15:19:24,530 - FINAL_A_r200.log - INFO - Round 43 | Global 0.6160 | Head 0.6641 | Tail 0.5037 | Many 0.7603 | Medium 0.5920 | Few 0.5037 | best_tail 0.6650@36 | rollback=False
2026-08-19 15:19:24,530 - FINAL_A_r200.log - INFO - Round 44 selected clients: [2, 6, 8, 10, 12, 13, 15, 17]
2026-08-19 15:19:45,973 - FINAL_A_r200.log - INFO - Round 44 | Global 0.6251 | Head 0.6423 | Tail 0.5850 | Many 0.7103 | Medium 0.5913 | Few 0.5850 | best_tail 0.6650@36 | rollback=False
2026-08-19 15:19:45,983 - FINAL_A_r200.log - INFO - Round 45 selected clients: [0, 1, 4, 5, 6, 11, 12, 17]
2026-08-19 15:20:07,497 - FINAL_A_r200.log - INFO - Round 45 | Global 0.6138 | Head 0.6570 | Tail 0.5130 | Many 0.7053 | Medium 0.6208 | Few 0.5130 | best_tail 0.6650@36 | rollback=False
2026-08-19 15:20:07,497 - FINAL_A_r200.log - INFO - Round 46 selected clients: [2, 3, 6, 7, 10, 12, 14, 16]
2026-08-19 15:20:28,900 - FINAL_A_r200.log - INFO - Round 46 | Global 0.6289 | Head 0.6454 | Tail 0.5903 | Many 0.7217 | Medium 0.5883 | Few 0.5903 | best_tail 0.6650@36 | rollback=False
2026-08-19 15:20:28,900 - FINAL_A_r200.log - INFO - Round 47 selected clients: [1, 4, 8, 10, 11, 13, 15, 18]
2026-08-19 15:20:50,296 - FINAL_A_r200.log - INFO - Round 47 | Global 0.6157 | Head 0.6517 | Tail 0.5317 | Many 0.7307 | Medium 0.5925 | Few 0.5317 | best_tail 0.6650@36 | rollback=False
2026-08-19 15:20:50,296 - FINAL_A_r200.log - INFO - Round 48 selected clients: [0, 3, 4, 6, 7, 8, 16, 17]
2026-08-19 15:21:11,728 - FINAL_A_r200.log - INFO - Round 48 | Global 0.6398 | Head 0.6321 | Tail 0.6577 | Many 0.7197 | Medium 0.5665 | Few 0.6577 | best_tail 0.6650@36 | rollback=False
2026-08-19 15:21:11,728 - FINAL_A_r200.log - INFO - Round 49 selected clients: [0, 4, 5, 7, 10, 15, 17, 18]
2026-08-19 15:21:33,248 - FINAL_A_r200.log - INFO - Round 49 | Global 0.6298 | Head 0.6384 | Tail 0.6097 | Many 0.7030 | Medium 0.5900 | Few 0.6097 | best_tail 0.6650@36 | rollback=False
2026-08-19 15:21:33,248 - FINAL_A_r200.log - INFO - Round 50 selected clients: [0, 2, 6, 11, 12, 13, 14, 17]
2026-08-19 15:21:54,732 - FINAL_A_r200.log - INFO - Round 50 | Global 0.6408 | Head 0.6603 | Tail 0.5953 | Many 0.7293 | Medium 0.6085 | Few 0.5953 | best_tail 0.6650@36 | rollback=False
2026-08-19 15:21:54,750 - FINAL_A_r200.log - INFO - Global Accuracy: [0.1863, 0.2388, 0.2673, 0.2773, 0.2981, 0.3205, 0.3307, 0.3524, 0.3374, 0.3534, 0.3954, 0.4512, 0.4566, 0.4162, 0.4414, 0.4662, 0.4348, 0.4446, 0.4869, 0.488, 0.5034, 0.5115, 0.5521, 0.5026, 0.5844, 0.5685, 0.5123, 0.5697, 0.5518, 0.5697, 0.5865, 0.5695, 0.5822, 0.5824, 0.5814, 0.6118, 0.6145, 0.6157, 0.621, 0.6194, 0.6167, 0.6317, 0.616, 0.6251, 0.6138, 0.6289, 0.6157, 0.6398, 0.6298, 0.6408]
2026-08-19 15:21:54,751 - FINAL_A_r200.log - INFO - Majority Class Accuracy: [0.5483, 0.6357, 0.705, 0.752, 0.735, 0.779, 0.788, 0.757, 0.7583, 0.7657, 0.807, 0.749, 0.727, 0.7447, 0.77, 0.7513, 0.7547, 0.7603, 0.7437, 0.74, 0.719, 0.7217, 0.6763, 0.7263, 0.6333, 0.6883, 0.7447, 0.6677, 0.759, 0.746, 0.714, 0.62, 0.7277, 0.707, 0.7133, 0.593, 0.7097, 0.6143, 0.6503, 0.652, 0.7077, 0.6707, 0.7603, 0.7103, 0.7053, 0.7217, 0.7307, 0.7197, 0.703, 0.7293]
2026-08-19 15:21:54,751 - FINAL_A_r200.log - INFO - Medium Class Accuracy: [0.0545, 0.1202, 0.1395, 0.1293, 0.194, 0.217, 0.2357, 0.295, 0.2505, 0.3008, 0.3068, 0.4495, 0.461, 0.4037, 0.4083, 0.4225, 0.4368, 0.4402, 0.4495, 0.4682, 0.532, 0.4647, 0.5182, 0.509, 0.5455, 0.5445, 0.5145, 0.517, 0.5645, 0.546, 0.5543, 0.5182, 0.5925, 0.54, 0.5327, 0.586, 0.6058, 0.5988, 0.6132, 0.5647, 0.598, 0.614, 0.592, 0.5913, 0.6208, 0.5883, 0.5925, 0.5665, 0.59, 0.6085]
2026-08-19 15:21:54,751 - FINAL_A_r200.log - INFO - Minority Class Accuracy: [0.0, 0.0, 0.0, 0.0, 0.0, 0.0, 0.0, 0.0243, 0.0323, 0.0113, 0.102, 0.1557, 0.1803, 0.1043, 0.157, 0.2393, 0.1123, 0.1347, 0.28, 0.2623, 0.2497, 0.3637, 0.473, 0.2703, 0.5873, 0.4807, 0.277, 0.542, 0.3277, 0.425, 0.502, 0.5873, 0.423, 0.5143, 0.5143, 0.665, 0.531, 0.6397, 0.602, 0.6597, 0.5507, 0.6163, 0.5037, 0.585, 0.513, 0.5903, 0.5317, 0.6577, 0.6097, 0.5953]
2026-08-19 15:21:54,751 - FINAL_A_r200.log - INFO - === Head-Tail Evaluation ===
2026-08-19 15:21:54,751 - FINAL_A_r200.log - INFO - Head Accuracy: 0.6603
2026-08-19 15:21:54,751 - FINAL_A_r200.log - INFO - Tail Accuracy: 0.5953
2026-08-19 15:22:07,713 - FINAL_A_r200.log - INFO - Round 51 selected clients: [0, 1, 9, 11, 13, 16, 17, 19]
2026-08-19 15:22:29,292 - FINAL_A_r200.log - INFO - Round 51 | Global 0.6410 | Head 0.6433 | Tail 0.6357 | Many 0.6937 | Medium 0.6055 | Few 0.6357 | best_tail 0.6650@36 | rollback=False
2026-08-19 15:22:29,292 - FINAL_A_r200.log - INFO - Round 52 selected clients: [0, 3, 6, 8, 12, 15, 17, 19]
2026-08-19 15:22:51,251 - FINAL_A_r200.log - INFO - Round 52 | Global 0.6428 | Head 0.6303 | Tail 0.6720 | Many 0.6533 | Medium 0.6130 | Few 0.6720 | best_tail 0.6720@52 | rollback=False
2026-08-19 15:22:51,251 - FINAL_A_r200.log - INFO - Round 53 selected clients: [1, 6, 7, 8, 9, 11, 12, 15]
2026-08-19 15:23:12,621 - FINAL_A_r200.log - INFO - Round 53 | Global 0.6419 | Head 0.6464 | Tail 0.6313 | Many 0.6753 | Medium 0.6248 | Few 0.6313 | best_tail 0.6720@52 | rollback=False
2026-08-19 15:23:12,621 - FINAL_A_r200.log - INFO - Round 54 selected clients: [3, 9, 11, 12, 13, 14, 16, 18]
2026-08-19 15:23:33,022 - FINAL_A_r200.log - INFO - Round 54 | Global 0.6436 | Head 0.6429 | Tail 0.6453 | Many 0.6643 | Medium 0.6268 | Few 0.6453 | best_tail 0.6720@52 | rollback=False
2026-08-19 15:23:33,022 - FINAL_A_r200.log - INFO - Round 55 selected clients: [3, 6, 9, 13, 14, 16, 17, 19]
2026-08-19 15:23:52,671 - FINAL_A_r200.log - INFO - Round 55 | Global 0.6478 | Head 0.6207 | Tail 0.7110 | Many 0.6283 | Medium 0.6150 | Few 0.7110 | best_tail 0.7110@55 | rollback=False
2026-08-19 15:23:52,671 - FINAL_A_r200.log - INFO - Round 56 selected clients: [0, 4, 5, 10, 14, 15, 17, 19]
2026-08-19 15:24:12,025 - FINAL_A_r200.log - INFO - Round 56 | Global 0.6444 | Head 0.6627 | Tail 0.6017 | Many 0.6800 | Medium 0.6498 | Few 0.6017 | best_tail 0.7110@55 | rollback=False
2026-08-19 15:24:12,025 - FINAL_A_r200.log - INFO - Round 57 selected clients: [0, 3, 4, 8, 9, 10, 15, 18]
2026-08-19 15:24:31,225 - FINAL_A_r200.log - INFO - Round 57 | Global 0.6565 | Head 0.6523 | Tail 0.6663 | Many 0.6993 | Medium 0.6170 | Few 0.6663 | best_tail 0.7110@55 | rollback=False
2026-08-19 15:24:31,225 - FINAL_A_r200.log - INFO - Round 58 selected clients: [2, 7, 8, 11, 12, 13, 14, 15]
2026-08-19 15:24:50,025 - FINAL_A_r200.log - INFO - Round 58 | Global 0.6563 | Head 0.6683 | Tail 0.6283 | Many 0.6990 | Medium 0.6452 | Few 0.6283 | best_tail 0.7110@55 | rollback=False
2026-08-19 15:24:50,025 - FINAL_A_r200.log - INFO - Round 59 selected clients: [0, 5, 6, 8, 13, 15, 16, 17]
2026-08-19 15:25:09,138 - FINAL_A_r200.log - INFO - Round 59 | Global 0.6433 | Head 0.6724 | Tail 0.5753 | Many 0.7180 | Medium 0.6382 | Few 0.5753 | best_tail 0.7110@55 | rollback=False
2026-08-19 15:25:09,138 - FINAL_A_r200.log - INFO - Round 60 selected clients: [0, 2, 3, 4, 8, 11, 13, 15]
2026-08-19 15:25:28,273 - FINAL_A_r200.log - INFO - Round 60 | Global 0.6450 | Head 0.6547 | Tail 0.6223 | Many 0.6783 | Medium 0.6370 | Few 0.6223 | best_tail 0.7110@55 | rollback=False
2026-08-19 15:25:28,299 - FINAL_A_r200.log - INFO - Global Accuracy: [0.1863, 0.2388, 0.2673, 0.2773, 0.2981, 0.3205, 0.3307, 0.3524, 0.3374, 0.3534, 0.3954, 0.4512, 0.4566, 0.4162, 0.4414, 0.4662, 0.4348, 0.4446, 0.4869, 0.488, 0.5034, 0.5115, 0.5521, 0.5026, 0.5844, 0.5685, 0.5123, 0.5697, 0.5518, 0.5697, 0.5865, 0.5695, 0.5822, 0.5824, 0.5814, 0.6118, 0.6145, 0.6157, 0.621, 0.6194, 0.6167, 0.6317, 0.616, 0.6251, 0.6138, 0.6289, 0.6157, 0.6398, 0.6298, 0.6408, 0.641, 0.6428, 0.6419, 0.6436, 0.6478, 0.6444, 0.6565, 0.6563, 0.6433, 0.645]
2026-08-19 15:25:28,300 - FINAL_A_r200.log - INFO - Majority Class Accuracy: [0.5483, 0.6357, 0.705, 0.752, 0.735, 0.779, 0.788, 0.757, 0.7583, 0.7657, 0.807, 0.749, 0.727, 0.7447, 0.77, 0.7513, 0.7547, 0.7603, 0.7437, 0.74, 0.719, 0.7217, 0.6763, 0.7263, 0.6333, 0.6883, 0.7447, 0.6677, 0.759, 0.746, 0.714, 0.62, 0.7277, 0.707, 0.7133, 0.593, 0.7097, 0.6143, 0.6503, 0.652, 0.7077, 0.6707, 0.7603, 0.7103, 0.7053, 0.7217, 0.7307, 0.7197, 0.703, 0.7293, 0.6937, 0.6533, 0.6753, 0.6643, 0.6283, 0.68, 0.6993, 0.699, 0.718, 0.6783]
2026-08-19 15:25:28,300 - FINAL_A_r200.log - INFO - Medium Class Accuracy: [0.0545, 0.1202, 0.1395, 0.1293, 0.194, 0.217, 0.2357, 0.295, 0.2505, 0.3008, 0.3068, 0.4495, 0.461, 0.4037, 0.4083, 0.4225, 0.4368, 0.4402, 0.4495, 0.4682, 0.532, 0.4647, 0.5182, 0.509, 0.5455, 0.5445, 0.5145, 0.517, 0.5645, 0.546, 0.5543, 0.5182, 0.5925, 0.54, 0.5327, 0.586, 0.6058, 0.5988, 0.6132, 0.5647, 0.598, 0.614, 0.592, 0.5913, 0.6208, 0.5883, 0.5925, 0.5665, 0.59, 0.6085, 0.6055, 0.613, 0.6248, 0.6268, 0.615, 0.6498, 0.617, 0.6452, 0.6382, 0.637]
2026-08-19 15:25:28,300 - FINAL_A_r200.log - INFO - Minority Class Accuracy: [0.0, 0.0, 0.0, 0.0, 0.0, 0.0, 0.0, 0.0243, 0.0323, 0.0113, 0.102, 0.1557, 0.1803, 0.1043, 0.157, 0.2393, 0.1123, 0.1347, 0.28, 0.2623, 0.2497, 0.3637, 0.473, 0.2703, 0.5873, 0.4807, 0.277, 0.542, 0.3277, 0.425, 0.502, 0.5873, 0.423, 0.5143, 0.5143, 0.665, 0.531, 0.6397, 0.602, 0.6597, 0.5507, 0.6163, 0.5037, 0.585, 0.513, 0.5903, 0.5317, 0.6577, 0.6097, 0.5953, 0.6357, 0.672, 0.6313, 0.6453, 0.711, 0.6017, 0.6663, 0.6283, 0.5753, 0.6223]
2026-08-19 15:25:28,300 - FINAL_A_r200.log - INFO - === Head-Tail Evaluation ===
2026-08-19 15:25:28,300 - FINAL_A_r200.log - INFO - Head Accuracy: 0.6547
2026-08-19 15:25:28,300 - FINAL_A_r200.log - INFO - Tail Accuracy: 0.6223
2026-08-19 15:25:41,398 - FINAL_A_r200.log - INFO - Round 61 selected clients: [0, 1, 3, 6, 10, 13, 15, 19]
2026-08-19 15:26:00,750 - FINAL_A_r200.log - INFO - Round 61 | Global 0.6440 | Head 0.6077 | Tail 0.7287 | Many 0.5940 | Medium 0.6180 | Few 0.7287 | best_tail 0.7287@61 | rollback=False
2026-08-19 15:26:00,750 - FINAL_A_r200.log - INFO - Round 62 selected clients: [1, 2, 5, 6, 10, 12, 17, 18]
2026-08-19 15:26:20,328 - FINAL_A_r200.log - INFO - Round 62 | Global 0.6580 | Head 0.6227 | Tail 0.7403 | Many 0.6090 | Medium 0.6330 | Few 0.7403 | best_tail 0.7403@62 | rollback=False
2026-08-19 15:26:20,330 - FINAL_A_r200.log - INFO - Round 63 selected clients: [3, 4, 7, 8, 9, 11, 13, 16]
2026-08-19 15:26:39,119 - FINAL_A_r200.log - INFO - Round 63 | Global 0.6563 | Head 0.6613 | Tail 0.6447 | Many 0.6993 | Medium 0.6328 | Few 0.6447 | best_tail 0.7403@62 | rollback=False
2026-08-19 15:26:39,119 - FINAL_A_r200.log - INFO - Round 64 selected clients: [1, 2, 4, 9, 11, 12, 13, 18]
2026-08-19 15:26:58,430 - FINAL_A_r200.log - INFO - Round 64 | Global 0.6584 | Head 0.6500 | Tail 0.6780 | Many 0.6770 | Medium 0.6298 | Few 0.6780 | best_tail 0.7403@62 | rollback=False
2026-08-19 15:26:58,430 - FINAL_A_r200.log - INFO - Round 65 selected clients: [3, 4, 6, 8, 9, 11, 17, 19]
2026-08-19 15:27:17,819 - FINAL_A_r200.log - INFO - Round 65 | Global 0.6545 | Head 0.6331 | Tail 0.7043 | Many 0.6063 | Medium 0.6532 | Few 0.7043 | best_tail 0.7403@62 | rollback=False
2026-08-19 15:27:17,819 - FINAL_A_r200.log - INFO - Round 66 selected clients: [3, 4, 5, 7, 8, 12, 15, 16]
2026-08-19 15:27:37,100 - FINAL_A_r200.log - INFO - Round 66 | Global 0.6671 | Head 0.6666 | Tail 0.6683 | Many 0.6807 | Medium 0.6560 | Few 0.6683 | best_tail 0.7403@62 | rollback=False
2026-08-19 15:27:37,100 - FINAL_A_r200.log - INFO - Round 67 selected clients: [3, 5, 6, 8, 10, 13, 17, 18]
2026-08-19 15:27:57,770 - FINAL_A_r200.log - INFO - Round 67 | Global 0.6592 | Head 0.6347 | Tail 0.7163 | Many 0.6270 | Medium 0.6405 | Few 0.7163 | best_tail 0.7403@62 | rollback=False
2026-08-19 15:27:57,770 - FINAL_A_r200.log - INFO - Round 68 selected clients: [1, 5, 7, 8, 11, 12, 18, 19]
2026-08-19 15:28:19,333 - FINAL_A_r200.log - INFO - Round 68 | Global 0.6578 | Head 0.6181 | Tail 0.7503 | Many 0.6107 | Medium 0.6238 | Few 0.7503 | best_tail 0.7503@68 | rollback=False
2026-08-19 15:28:19,333 - FINAL_A_r200.log - INFO - Round 69 selected clients: [0, 7, 8, 12, 13, 15, 16, 17]
2026-08-19 15:28:40,095 - FINAL_A_r200.log - INFO - Round 69 | Global 0.6636 | Head 0.6547 | Tail 0.6843 | Many 0.7297 | Medium 0.5985 | Few 0.6843 | best_tail 0.7503@68 | rollback=False
2026-08-19 15:28:40,095 - FINAL_A_r200.log - INFO - Round 70 selected clients: [3, 4, 5, 10, 12, 15, 17, 19]
2026-08-19 15:29:02,022 - FINAL_A_r200.log - INFO - Round 70 | Global 0.6579 | Head 0.6311 | Tail 0.7203 | Many 0.6323 | Medium 0.6302 | Few 0.7203 | best_tail 0.7503@68 | rollback=False
2026-08-19 15:29:02,045 - FINAL_A_r200.log - INFO - Global Accuracy: [0.1863, 0.2388, 0.2673, 0.2773, 0.2981, 0.3205, 0.3307, 0.3524, 0.3374, 0.3534, 0.3954, 0.4512, 0.4566, 0.4162, 0.4414, 0.4662, 0.4348, 0.4446, 0.4869, 0.488, 0.5034, 0.5115, 0.5521, 0.5026, 0.5844, 0.5685, 0.5123, 0.5697, 0.5518, 0.5697, 0.5865, 0.5695, 0.5822, 0.5824, 0.5814, 0.6118, 0.6145, 0.6157, 0.621, 0.6194, 0.6167, 0.6317, 0.616, 0.6251, 0.6138, 0.6289, 0.6157, 0.6398, 0.6298, 0.6408, 0.641, 0.6428, 0.6419, 0.6436, 0.6478, 0.6444, 0.6565, 0.6563, 0.6433, 0.645, 0.644, 0.658, 0.6563, 0.6584, 0.6545, 0.6671, 0.6592, 0.6578, 0.6636, 0.6579]
2026-08-19 15:29:02,045 - FINAL_A_r200.log - INFO - Majority Class Accuracy: [0.5483, 0.6357, 0.705, 0.752, 0.735, 0.779, 0.788, 0.757, 0.7583, 0.7657, 0.807, 0.749, 0.727, 0.7447, 0.77, 0.7513, 0.7547, 0.7603, 0.7437, 0.74, 0.719, 0.7217, 0.6763, 0.7263, 0.6333, 0.6883, 0.7447, 0.6677, 0.759, 0.746, 0.714, 0.62, 0.7277, 0.707, 0.7133, 0.593, 0.7097, 0.6143, 0.6503, 0.652, 0.7077, 0.6707, 0.7603, 0.7103, 0.7053, 0.7217, 0.7307, 0.7197, 0.703, 0.7293, 0.6937, 0.6533, 0.6753, 0.6643, 0.6283, 0.68, 0.6993, 0.699, 0.718, 0.6783, 0.594, 0.609, 0.6993, 0.677, 0.6063, 0.6807, 0.627, 0.6107, 0.7297, 0.6323]
2026-08-19 15:29:02,045 - FINAL_A_r200.log - INFO - Medium Class Accuracy: [0.0545, 0.1202, 0.1395, 0.1293, 0.194, 0.217, 0.2357, 0.295, 0.2505, 0.3008, 0.3068, 0.4495, 0.461, 0.4037, 0.4083, 0.4225, 0.4368, 0.4402, 0.4495, 0.4682, 0.532, 0.4647, 0.5182, 0.509, 0.5455, 0.5445, 0.5145, 0.517, 0.5645, 0.546, 0.5543, 0.5182, 0.5925, 0.54, 0.5327, 0.586, 0.6058, 0.5988, 0.6132, 0.5647, 0.598, 0.614, 0.592, 0.5913, 0.6208, 0.5883, 0.5925, 0.5665, 0.59, 0.6085, 0.6055, 0.613, 0.6248, 0.6268, 0.615, 0.6498, 0.617, 0.6452, 0.6382, 0.637, 0.618, 0.633, 0.6328, 0.6298, 0.6532, 0.656, 0.6405, 0.6238, 0.5985, 0.6302]
2026-08-19 15:29:02,045 - FINAL_A_r200.log - INFO - Minority Class Accuracy: [0.0, 0.0, 0.0, 0.0, 0.0, 0.0, 0.0, 0.0243, 0.0323, 0.0113, 0.102, 0.1557, 0.1803, 0.1043, 0.157, 0.2393, 0.1123, 0.1347, 0.28, 0.2623, 0.2497, 0.3637, 0.473, 0.2703, 0.5873, 0.4807, 0.277, 0.542, 0.3277, 0.425, 0.502, 0.5873, 0.423, 0.5143, 0.5143, 0.665, 0.531, 0.6397, 0.602, 0.6597, 0.5507, 0.6163, 0.5037, 0.585, 0.513, 0.5903, 0.5317, 0.6577, 0.6097, 0.5953, 0.6357, 0.672, 0.6313, 0.6453, 0.711, 0.6017, 0.6663, 0.6283, 0.5753, 0.6223, 0.7287, 0.7403, 0.6447, 0.678, 0.7043, 0.6683, 0.7163, 0.7503, 0.6843, 0.7203]
2026-08-19 15:29:02,046 - FINAL_A_r200.log - INFO - === Head-Tail Evaluation ===
2026-08-19 15:29:02,046 - FINAL_A_r200.log - INFO - Head Accuracy: 0.6311
2026-08-19 15:29:02,046 - FINAL_A_r200.log - INFO - Tail Accuracy: 0.7203
2026-08-19 15:29:15,057 - FINAL_A_r200.log - INFO - Round 71 selected clients: [0, 2, 6, 7, 11, 13, 16, 19]
2026-08-19 15:29:36,242 - FINAL_A_r200.log - INFO - Round 71 | Global 0.6381 | Head 0.6131 | Tail 0.6963 | Many 0.5713 | Medium 0.6445 | Few 0.6963 | best_tail 0.7503@68 | rollback=False
2026-08-19 15:29:36,242 - FINAL_A_r200.log - INFO - Round 72 selected clients: [2, 3, 10, 13, 15, 16, 17, 18]
2026-08-19 15:29:57,875 - FINAL_A_r200.log - INFO - Round 72 | Global 0.6766 | Head 0.6513 | Tail 0.7357 | Many 0.6770 | Medium 0.6320 | Few 0.7357 | best_tail 0.7503@68 | rollback=False
2026-08-19 15:29:57,875 - FINAL_A_r200.log - INFO - Round 73 selected clients: [1, 4, 5, 8, 9, 11, 12, 13]
2026-08-19 15:30:19,006 - FINAL_A_r200.log - INFO - Round 73 | Global 0.6747 | Head 0.6756 | Tail 0.6727 | Many 0.6920 | Medium 0.6633 | Few 0.6727 | best_tail 0.7503@68 | rollback=False
2026-08-19 15:30:19,006 - FINAL_A_r200.log - INFO - Round 74 selected clients: [4, 5, 6, 7, 9, 15, 17, 19]
2026-08-19 15:30:40,844 - FINAL_A_r200.log - INFO - Round 74 | Global 0.6662 | Head 0.6416 | Tail 0.7237 | Many 0.6253 | Medium 0.6538 | Few 0.7237 | best_tail 0.7503@68 | rollback=False
2026-08-19 15:30:40,844 - FINAL_A_r200.log - INFO - Round 75 selected clients: [0, 3, 8, 12, 16, 17, 18, 19]
2026-08-19 15:31:02,384 - FINAL_A_r200.log - INFO - Round 75 | Global 0.6645 | Head 0.6187 | Tail 0.7713 | Many 0.6047 | Medium 0.6292 | Few 0.7713 | best_tail 0.7713@75 | rollback=False
2026-08-19 15:31:02,384 - FINAL_A_r200.log - INFO - Round 76 selected clients: [1, 3, 5, 8, 10, 12, 15, 18]
2026-08-19 15:31:23,908 - FINAL_A_r200.log - INFO - Round 76 | Global 0.6665 | Head 0.6329 | Tail 0.7450 | Many 0.6167 | Medium 0.6450 | Few 0.7450 | best_tail 0.7713@75 | rollback=False
2026-08-19 15:31:23,908 - FINAL_A_r200.log - INFO - Round 77 selected clients: [1, 2, 3, 7, 10, 11, 17, 18]
2026-08-19 15:31:45,539 - FINAL_A_r200.log - INFO - Round 77 | Global 0.6709 | Head 0.6354 | Tail 0.7537 | Many 0.6280 | Medium 0.6410 | Few 0.7537 | best_tail 0.7713@75 | rollback=False
2026-08-19 15:31:45,539 - FINAL_A_r200.log - INFO - Round 78 selected clients: [3, 4, 5, 8, 11, 12, 13, 14]
2026-08-19 15:32:07,251 - FINAL_A_r200.log - INFO - Round 78 | Global 0.6822 | Head 0.6893 | Tail 0.6657 | Many 0.7260 | Medium 0.6617 | Few 0.6657 | best_tail 0.7713@75 | rollback=False
2026-08-19 15:32:07,251 - FINAL_A_r200.log - INFO - Round 79 selected clients: [2, 4, 9, 10, 13, 15, 17, 18]
2026-08-19 15:32:29,243 - FINAL_A_r200.log - INFO - Round 79 | Global 0.6782 | Head 0.6559 | Tail 0.7303 | Many 0.6383 | Medium 0.6690 | Few 0.7303 | best_tail 0.7713@75 | rollback=False
2026-08-19 15:32:29,243 - FINAL_A_r200.log - INFO - Round 80 selected clients: [5, 7, 8, 11, 13, 14, 15, 18]
2026-08-19 15:32:48,343 - FINAL_A_r200.log - INFO - Round 80 | Global 0.6753 | Head 0.6654 | Tail 0.6983 | Many 0.6707 | Medium 0.6615 | Few 0.6983 | best_tail 0.7713@75 | rollback=False
2026-08-19 15:32:48,369 - FINAL_A_r200.log - INFO - Global Accuracy: [0.1863, 0.2388, 0.2673, 0.2773, 0.2981, 0.3205, 0.3307, 0.3524, 0.3374, 0.3534, 0.3954, 0.4512, 0.4566, 0.4162, 0.4414, 0.4662, 0.4348, 0.4446, 0.4869, 0.488, 0.5034, 0.5115, 0.5521, 0.5026, 0.5844, 0.5685, 0.5123, 0.5697, 0.5518, 0.5697, 0.5865, 0.5695, 0.5822, 0.5824, 0.5814, 0.6118, 0.6145, 0.6157, 0.621, 0.6194, 0.6167, 0.6317, 0.616, 0.6251, 0.6138, 0.6289, 0.6157, 0.6398, 0.6298, 0.6408, 0.641, 0.6428, 0.6419, 0.6436, 0.6478, 0.6444, 0.6565, 0.6563, 0.6433, 0.645, 0.644, 0.658, 0.6563, 0.6584, 0.6545, 0.6671, 0.6592, 0.6578, 0.6636, 0.6579, 0.6381, 0.6766, 0.6747, 0.6662, 0.6645, 0.6665, 0.6709, 0.6822, 0.6782, 0.6753]
2026-08-19 15:32:48,369 - FINAL_A_r200.log - INFO - Majority Class Accuracy: [0.5483, 0.6357, 0.705, 0.752, 0.735, 0.779, 0.788, 0.757, 0.7583, 0.7657, 0.807, 0.749, 0.727, 0.7447, 0.77, 0.7513, 0.7547, 0.7603, 0.7437, 0.74, 0.719, 0.7217, 0.6763, 0.7263, 0.6333, 0.6883, 0.7447, 0.6677, 0.759, 0.746, 0.714, 0.62, 0.7277, 0.707, 0.7133, 0.593, 0.7097, 0.6143, 0.6503, 0.652, 0.7077, 0.6707, 0.7603, 0.7103, 0.7053, 0.7217, 0.7307, 0.7197, 0.703, 0.7293, 0.6937, 0.6533, 0.6753, 0.6643, 0.6283, 0.68, 0.6993, 0.699, 0.718, 0.6783, 0.594, 0.609, 0.6993, 0.677, 0.6063, 0.6807, 0.627, 0.6107, 0.7297, 0.6323, 0.5713, 0.677, 0.692, 0.6253, 0.6047, 0.6167, 0.628, 0.726, 0.6383, 0.6707]
2026-08-19 15:32:48,369 - FINAL_A_r200.log - INFO - Medium Class Accuracy: [0.0545, 0.1202, 0.1395, 0.1293, 0.194, 0.217, 0.2357, 0.295, 0.2505, 0.3008, 0.3068, 0.4495, 0.461, 0.4037, 0.4083, 0.4225, 0.4368, 0.4402, 0.4495, 0.4682, 0.532, 0.4647, 0.5182, 0.509, 0.5455, 0.5445, 0.5145, 0.517, 0.5645, 0.546, 0.5543, 0.5182, 0.5925, 0.54, 0.5327, 0.586, 0.6058, 0.5988, 0.6132, 0.5647, 0.598, 0.614, 0.592, 0.5913, 0.6208, 0.5883, 0.5925, 0.5665, 0.59, 0.6085, 0.6055, 0.613, 0.6248, 0.6268, 0.615, 0.6498, 0.617, 0.6452, 0.6382, 0.637, 0.618, 0.633, 0.6328, 0.6298, 0.6532, 0.656, 0.6405, 0.6238, 0.5985, 0.6302, 0.6445, 0.632, 0.6633, 0.6538, 0.6292, 0.645, 0.641, 0.6617, 0.669, 0.6615]
2026-08-19 15:32:48,369 - FINAL_A_r200.log - INFO - Minority Class Accuracy: [0.0, 0.0, 0.0, 0.0, 0.0, 0.0, 0.0, 0.0243, 0.0323, 0.0113, 0.102, 0.1557, 0.1803, 0.1043, 0.157, 0.2393, 0.1123, 0.1347, 0.28, 0.2623, 0.2497, 0.3637, 0.473, 0.2703, 0.5873, 0.4807, 0.277, 0.542, 0.3277, 0.425, 0.502, 0.5873, 0.423, 0.5143, 0.5143, 0.665, 0.531, 0.6397, 0.602, 0.6597, 0.5507, 0.6163, 0.5037, 0.585, 0.513, 0.5903, 0.5317, 0.6577, 0.6097, 0.5953, 0.6357, 0.672, 0.6313, 0.6453, 0.711, 0.6017, 0.6663, 0.6283, 0.5753, 0.6223, 0.7287, 0.7403, 0.6447, 0.678, 0.7043, 0.6683, 0.7163, 0.7503, 0.6843, 0.7203, 0.6963, 0.7357, 0.6727, 0.7237, 0.7713, 0.745, 0.7537, 0.6657, 0.7303, 0.6983]
2026-08-19 15:32:48,369 - FINAL_A_r200.log - INFO - === Head-Tail Evaluation ===
2026-08-19 15:32:48,369 - FINAL_A_r200.log - INFO - Head Accuracy: 0.6654
2026-08-19 15:32:48,369 - FINAL_A_r200.log - INFO - Tail Accuracy: 0.6983
2026-08-19 15:33:01,809 - FINAL_A_r200.log - INFO - Round 81 selected clients: [5, 8, 9, 10, 14, 15, 17, 19]
2026-08-19 15:33:21,440 - FINAL_A_r200.log - INFO - Round 81 | Global 0.6635 | Head 0.6386 | Tail 0.7217 | Many 0.6173 | Medium 0.6545 | Few 0.7217 | best_tail 0.7713@75 | rollback=False
2026-08-19 15:33:21,440 - FINAL_A_r200.log - INFO - Round 82 selected clients: [0, 2, 9, 12, 13, 15, 16, 19]
2026-08-19 15:33:41,129 - FINAL_A_r200.log - INFO - Round 82 | Global 0.6664 | Head 0.6271 | Tail 0.7580 | Many 0.6093 | Medium 0.6405 | Few 0.7580 | best_tail 0.7713@75 | rollback=False
2026-08-19 15:33:41,130 - FINAL_A_r200.log - INFO - Round 83 selected clients: [3, 4, 5, 6, 7, 11, 14, 15]
2026-08-19 15:34:00,666 - FINAL_A_r200.log - INFO - Round 83 | Global 0.6806 | Head 0.6664 | Tail 0.7137 | Many 0.6667 | Medium 0.6663 | Few 0.7137 | best_tail 0.7713@75 | rollback=False
2026-08-19 15:34:00,666 - FINAL_A_r200.log - INFO - Round 84 selected clients: [3, 4, 5, 6, 13, 14, 15, 18]
2026-08-19 15:34:20,297 - FINAL_A_r200.log - INFO - Round 84 | Global 0.6589 | Head 0.6377 | Tail 0.7083 | Many 0.6200 | Medium 0.6510 | Few 0.7083 | best_tail 0.7713@75 | rollback=False
2026-08-19 15:34:20,307 - FINAL_A_r200.log - INFO - Round 85 selected clients: [0, 5, 6, 9, 12, 15, 16, 18]
2026-08-19 15:34:40,288 - FINAL_A_r200.log - INFO - Round 85 | Global 0.6768 | Head 0.6510 | Tail 0.7370 | Many 0.6320 | Medium 0.6653 | Few 0.7370 | best_tail 0.7713@75 | rollback=False
2026-08-19 15:34:40,288 - FINAL_A_r200.log - INFO - Round 86 selected clients: [0, 2, 3, 6, 8, 11, 13, 16]
2026-08-19 15:34:59,405 - FINAL_A_r200.log - INFO - Round 86 | Global 0.6791 | Head 0.6643 | Tail 0.7137 | Many 0.6690 | Medium 0.6607 | Few 0.7137 | best_tail 0.7713@75 | rollback=False
2026-08-19 15:34:59,405 - FINAL_A_r200.log - INFO - Round 87 selected clients: [3, 4, 6, 8, 9, 11, 13, 15]
2026-08-19 15:35:18,806 - FINAL_A_r200.log - INFO - Round 87 | Global 0.6756 | Head 0.6753 | Tail 0.6763 | Many 0.6860 | Medium 0.6673 | Few 0.6763 | best_tail 0.7713@75 | rollback=False
2026-08-19 15:35:18,806 - FINAL_A_r200.log - INFO - Round 88 selected clients: [0, 1, 2, 7, 13, 15, 16, 18]
2026-08-19 15:35:38,022 - FINAL_A_r200.log - INFO - Round 88 | Global 0.6645 | Head 0.6350 | Tail 0.7333 | Many 0.6130 | Medium 0.6515 | Few 0.7333 | best_tail 0.7713@75 | rollback=False
2026-08-19 15:35:38,022 - FINAL_A_r200.log - INFO - Round 89 selected clients: [2, 4, 5, 7, 9, 10, 15, 18]
2026-08-19 15:35:57,901 - FINAL_A_r200.log - INFO - Round 89 | Global 0.6767 | Head 0.6509 | Tail 0.7370 | Many 0.6247 | Medium 0.6705 | Few 0.7370 | best_tail 0.7713@75 | rollback=False
2026-08-19 15:35:57,901 - FINAL_A_r200.log - INFO - Round 90 selected clients: [0, 2, 7, 10, 12, 14, 17, 19]
2026-08-19 15:36:17,197 - FINAL_A_r200.log - INFO - Round 90 | Global 0.6593 | Head 0.6134 | Tail 0.7663 | Many 0.5813 | Medium 0.6375 | Few 0.7663 | best_tail 0.7713@75 | rollback=False
2026-08-19 15:36:17,215 - FINAL_A_r200.log - INFO - Global Accuracy: [0.1863, 0.2388, 0.2673, 0.2773, 0.2981, 0.3205, 0.3307, 0.3524, 0.3374, 0.3534, 0.3954, 0.4512, 0.4566, 0.4162, 0.4414, 0.4662, 0.4348, 0.4446, 0.4869, 0.488, 0.5034, 0.5115, 0.5521, 0.5026, 0.5844, 0.5685, 0.5123, 0.5697, 0.5518, 0.5697, 0.5865, 0.5695, 0.5822, 0.5824, 0.5814, 0.6118, 0.6145, 0.6157, 0.621, 0.6194, 0.6167, 0.6317, 0.616, 0.6251, 0.6138, 0.6289, 0.6157, 0.6398, 0.6298, 0.6408, 0.641, 0.6428, 0.6419, 0.6436, 0.6478, 0.6444, 0.6565, 0.6563, 0.6433, 0.645, 0.644, 0.658, 0.6563, 0.6584, 0.6545, 0.6671, 0.6592, 0.6578, 0.6636, 0.6579, 0.6381, 0.6766, 0.6747, 0.6662, 0.6645, 0.6665, 0.6709, 0.6822, 0.6782, 0.6753, 0.6635, 0.6664, 0.6806, 0.6589, 0.6768, 0.6791, 0.6756, 0.6645, 0.6767, 0.6593]
2026-08-19 15:36:17,222 - FINAL_A_r200.log - INFO - Majority Class Accuracy: [0.5483, 0.6357, 0.705, 0.752, 0.735, 0.779, 0.788, 0.757, 0.7583, 0.7657, 0.807, 0.749, 0.727, 0.7447, 0.77, 0.7513, 0.7547, 0.7603, 0.7437, 0.74, 0.719, 0.7217, 0.6763, 0.7263, 0.6333, 0.6883, 0.7447, 0.6677, 0.759, 0.746, 0.714, 0.62, 0.7277, 0.707, 0.7133, 0.593, 0.7097, 0.6143, 0.6503, 0.652, 0.7077, 0.6707, 0.7603, 0.7103, 0.7053, 0.7217, 0.7307, 0.7197, 0.703, 0.7293, 0.6937, 0.6533, 0.6753, 0.6643, 0.6283, 0.68, 0.6993, 0.699, 0.718, 0.6783, 0.594, 0.609, 0.6993, 0.677, 0.6063, 0.6807, 0.627, 0.6107, 0.7297, 0.6323, 0.5713, 0.677, 0.692, 0.6253, 0.6047, 0.6167, 0.628, 0.726, 0.6383, 0.6707, 0.6173, 0.6093, 0.6667, 0.62, 0.632, 0.669, 0.686, 0.613, 0.6247, 0.5813]
2026-08-19 15:36:17,222 - FINAL_A_r200.log - INFO - Medium Class Accuracy: [0.0545, 0.1202, 0.1395, 0.1293, 0.194, 0.217, 0.2357, 0.295, 0.2505, 0.3008, 0.3068, 0.4495, 0.461, 0.4037, 0.4083, 0.4225, 0.4368, 0.4402, 0.4495, 0.4682, 0.532, 0.4647, 0.5182, 0.509, 0.5455, 0.5445, 0.5145, 0.517, 0.5645, 0.546, 0.5543, 0.5182, 0.5925, 0.54, 0.5327, 0.586, 0.6058, 0.5988, 0.6132, 0.5647, 0.598, 0.614, 0.592, 0.5913, 0.6208, 0.5883, 0.5925, 0.5665, 0.59, 0.6085, 0.6055, 0.613, 0.6248, 0.6268, 0.615, 0.6498, 0.617, 0.6452, 0.6382, 0.637, 0.618, 0.633, 0.6328, 0.6298, 0.6532, 0.656, 0.6405, 0.6238, 0.5985, 0.6302, 0.6445, 0.632, 0.6633, 0.6538, 0.6292, 0.645, 0.641, 0.6617, 0.669, 0.6615, 0.6545, 0.6405, 0.6663, 0.651, 0.6653, 0.6607, 0.6673, 0.6515, 0.6705, 0.6375]
2026-08-19 15:36:17,222 - FINAL_A_r200.log - INFO - Minority Class Accuracy: [0.0, 0.0, 0.0, 0.0, 0.0, 0.0, 0.0, 0.0243, 0.0323, 0.0113, 0.102, 0.1557, 0.1803, 0.1043, 0.157, 0.2393, 0.1123, 0.1347, 0.28, 0.2623, 0.2497, 0.3637, 0.473, 0.2703, 0.5873, 0.4807, 0.277, 0.542, 0.3277, 0.425, 0.502, 0.5873, 0.423, 0.5143, 0.5143, 0.665, 0.531, 0.6397, 0.602, 0.6597, 0.5507, 0.6163, 0.5037, 0.585, 0.513, 0.5903, 0.5317, 0.6577, 0.6097, 0.5953, 0.6357, 0.672, 0.6313, 0.6453, 0.711, 0.6017, 0.6663, 0.6283, 0.5753, 0.6223, 0.7287, 0.7403, 0.6447, 0.678, 0.7043, 0.6683, 0.7163, 0.7503, 0.6843, 0.7203, 0.6963, 0.7357, 0.6727, 0.7237, 0.7713, 0.745, 0.7537, 0.6657, 0.7303, 0.6983, 0.7217, 0.758, 0.7137, 0.7083, 0.737, 0.7137, 0.6763, 0.7333, 0.737, 0.7663]
2026-08-19 15:36:17,222 - FINAL_A_r200.log - INFO - === Head-Tail Evaluation ===
2026-08-19 15:36:17,222 - FINAL_A_r200.log - INFO - Head Accuracy: 0.6134
2026-08-19 15:36:17,222 - FINAL_A_r200.log - INFO - Tail Accuracy: 0.7663
2026-08-19 15:36:30,169 - FINAL_A_r200.log - INFO - Round 91 selected clients: [1, 4, 5, 6, 7, 8, 17, 18]
2026-08-19 15:36:49,908 - FINAL_A_r200.log - INFO - Round 91 | Global 0.6548 | Head 0.5929 | Tail 0.7993 | Many 0.5193 | Medium 0.6480 | Few 0.7993 | best_tail 0.7993@91 | rollback=False
2026-08-19 15:36:49,908 - FINAL_A_r200.log - INFO - Round 92 selected clients: [4, 5, 7, 9, 11, 15, 17, 19]
2026-08-19 15:37:09,605 - FINAL_A_r200.log - INFO - Round 92 | Global 0.6766 | Head 0.6426 | Tail 0.7560 | Many 0.6040 | Medium 0.6715 | Few 0.7560 | best_tail 0.7993@91 | rollback=False
2026-08-19 15:37:09,605 - FINAL_A_r200.log - INFO - Round 93 selected clients: [0, 1, 6, 8, 9, 15, 17, 18]
2026-08-19 15:37:31,141 - FINAL_A_r200.log - INFO - Round 93 | Global 0.6729 | Head 0.6271 | Tail 0.7797 | Many 0.5780 | Medium 0.6640 | Few 0.7797 | best_tail 0.7993@91 | rollback=False
2026-08-19 15:37:31,141 - FINAL_A_r200.log - INFO - Round 94 selected clients: [3, 4, 6, 9, 10, 16, 18, 19]
2026-08-19 15:37:52,904 - FINAL_A_r200.log - INFO - Round 94 | Global 0.6774 | Head 0.6344 | Tail 0.7777 | Many 0.6217 | Medium 0.6440 | Few 0.7777 | best_tail 0.7993@91 | rollback=False
2026-08-19 15:37:52,904 - FINAL_A_r200.log - INFO - Round 95 selected clients: [1, 4, 5, 7, 9, 12, 16, 17]
2026-08-19 15:38:14,624 - FINAL_A_r200.log - INFO - Round 95 | Global 0.6414 | Head 0.6410 | Tail 0.6423 | Many 0.6243 | Medium 0.6535 | Few 0.6423 | best_tail 0.7993@91 | rollback=False
2026-08-19 15:38:14,624 - FINAL_A_r200.log - INFO - Round 96 selected clients: [2, 3, 6, 9, 11, 14, 15, 17]
2026-08-19 15:38:36,041 - FINAL_A_r200.log - INFO - Round 96 | Global 0.6823 | Head 0.6463 | Tail 0.7663 | Many 0.6077 | Medium 0.6753 | Few 0.7663 | best_tail 0.7993@91 | rollback=False
2026-08-19 15:38:36,041 - FINAL_A_r200.log - INFO - Round 97 selected clients: [1, 2, 4, 6, 9, 10, 12, 19]
2026-08-19 15:38:57,367 - FINAL_A_r200.log - INFO - Round 97 | Global 0.6718 | Head 0.6356 | Tail 0.7563 | Many 0.6160 | Medium 0.6502 | Few 0.7563 | best_tail 0.7993@91 | rollback=False
2026-08-19 15:38:57,367 - FINAL_A_r200.log - INFO - Round 98 selected clients: [2, 4, 7, 10, 14, 15, 17, 19]
2026-08-19 15:39:18,481 - FINAL_A_r200.log - INFO - Round 98 | Global 0.6719 | Head 0.6341 | Tail 0.7600 | Many 0.5753 | Medium 0.6783 | Few 0.7600 | best_tail 0.7993@91 | rollback=False
2026-08-19 15:39:18,481 - FINAL_A_r200.log - INFO - Round 99 selected clients: [0, 3, 4, 9, 13, 14, 16, 19]
2026-08-19 15:39:39,473 - FINAL_A_r200.log - INFO - Round 99 | Global 0.6746 | Head 0.6393 | Tail 0.7570 | Many 0.6203 | Medium 0.6535 | Few 0.7570 | best_tail 0.7993@91 | rollback=False
2026-08-19 15:39:39,473 - FINAL_A_r200.log - INFO - Round 100 selected clients: [0, 4, 6, 7, 10, 11, 12, 17]
2026-08-19 15:40:00,556 - FINAL_A_r200.log - INFO - Round 100 | Global 0.6909 | Head 0.6761 | Tail 0.7253 | Many 0.6897 | Medium 0.6660 | Few 0.7253 | best_tail 0.7993@91 | rollback=False
2026-08-19 15:40:00,572 - FINAL_A_r200.log - INFO - Global Accuracy: [0.1863, 0.2388, 0.2673, 0.2773, 0.2981, 0.3205, 0.3307, 0.3524, 0.3374, 0.3534, 0.3954, 0.4512, 0.4566, 0.4162, 0.4414, 0.4662, 0.4348, 0.4446, 0.4869, 0.488, 0.5034, 0.5115, 0.5521, 0.5026, 0.5844, 0.5685, 0.5123, 0.5697, 0.5518, 0.5697, 0.5865, 0.5695, 0.5822, 0.5824, 0.5814, 0.6118, 0.6145, 0.6157, 0.621, 0.6194, 0.6167, 0.6317, 0.616, 0.6251, 0.6138, 0.6289, 0.6157, 0.6398, 0.6298, 0.6408, 0.641, 0.6428, 0.6419, 0.6436, 0.6478, 0.6444, 0.6565, 0.6563, 0.6433, 0.645, 0.644, 0.658, 0.6563, 0.6584, 0.6545, 0.6671, 0.6592, 0.6578, 0.6636, 0.6579, 0.6381, 0.6766, 0.6747, 0.6662, 0.6645, 0.6665, 0.6709, 0.6822, 0.6782, 0.6753, 0.6635, 0.6664, 0.6806, 0.6589, 0.6768, 0.6791, 0.6756, 0.6645, 0.6767, 0.6593, 0.6548, 0.6766, 0.6729, 0.6774, 0.6414, 0.6823, 0.6718, 0.6719, 0.6746, 0.6909]
2026-08-19 15:40:00,572 - FINAL_A_r200.log - INFO - Majority Class Accuracy: [0.5483, 0.6357, 0.705, 0.752, 0.735, 0.779, 0.788, 0.757, 0.7583, 0.7657, 0.807, 0.749, 0.727, 0.7447, 0.77, 0.7513, 0.7547, 0.7603, 0.7437, 0.74, 0.719, 0.7217, 0.6763, 0.7263, 0.6333, 0.6883, 0.7447, 0.6677, 0.759, 0.746, 0.714, 0.62, 0.7277, 0.707, 0.7133, 0.593, 0.7097, 0.6143, 0.6503, 0.652, 0.7077, 0.6707, 0.7603, 0.7103, 0.7053, 0.7217, 0.7307, 0.7197, 0.703, 0.7293, 0.6937, 0.6533, 0.6753, 0.6643, 0.6283, 0.68, 0.6993, 0.699, 0.718, 0.6783, 0.594, 0.609, 0.6993, 0.677, 0.6063, 0.6807, 0.627, 0.6107, 0.7297, 0.6323, 0.5713, 0.677, 0.692, 0.6253, 0.6047, 0.6167, 0.628, 0.726, 0.6383, 0.6707, 0.6173, 0.6093, 0.6667, 0.62, 0.632, 0.669, 0.686, 0.613, 0.6247, 0.5813, 0.5193, 0.604, 0.578, 0.6217, 0.6243, 0.6077, 0.616, 0.5753, 0.6203, 0.6897]
2026-08-19 15:40:00,572 - FINAL_A_r200.log - INFO - Medium Class Accuracy: [0.0545, 0.1202, 0.1395, 0.1293, 0.194, 0.217, 0.2357, 0.295, 0.2505, 0.3008, 0.3068, 0.4495, 0.461, 0.4037, 0.4083, 0.4225, 0.4368, 0.4402, 0.4495, 0.4682, 0.532, 0.4647, 0.5182, 0.509, 0.5455, 0.5445, 0.5145, 0.517, 0.5645, 0.546, 0.5543, 0.5182, 0.5925, 0.54, 0.5327, 0.586, 0.6058, 0.5988, 0.6132, 0.5647, 0.598, 0.614, 0.592, 0.5913, 0.6208, 0.5883, 0.5925, 0.5665, 0.59, 0.6085, 0.6055, 0.613, 0.6248, 0.6268, 0.615, 0.6498, 0.617, 0.6452, 0.6382, 0.637, 0.618, 0.633, 0.6328, 0.6298, 0.6532, 0.656, 0.6405, 0.6238, 0.5985, 0.6302, 0.6445, 0.632, 0.6633, 0.6538, 0.6292, 0.645, 0.641, 0.6617, 0.669, 0.6615, 0.6545, 0.6405, 0.6663, 0.651, 0.6653, 0.6607, 0.6673, 0.6515, 0.6705, 0.6375, 0.648, 0.6715, 0.664, 0.644, 0.6535, 0.6753, 0.6502, 0.6783, 0.6535, 0.666]
2026-08-19 15:40:00,572 - FINAL_A_r200.log - INFO - Minority Class Accuracy: [0.0, 0.0, 0.0, 0.0, 0.0, 0.0, 0.0, 0.0243, 0.0323, 0.0113, 0.102, 0.1557, 0.1803, 0.1043, 0.157, 0.2393, 0.1123, 0.1347, 0.28, 0.2623, 0.2497, 0.3637, 0.473, 0.2703, 0.5873, 0.4807, 0.277, 0.542, 0.3277, 0.425, 0.502, 0.5873, 0.423, 0.5143, 0.5143, 0.665, 0.531, 0.6397, 0.602, 0.6597, 0.5507, 0.6163, 0.5037, 0.585, 0.513, 0.5903, 0.5317, 0.6577, 0.6097, 0.5953, 0.6357, 0.672, 0.6313, 0.6453, 0.711, 0.6017, 0.6663, 0.6283, 0.5753, 0.6223, 0.7287, 0.7403, 0.6447, 0.678, 0.7043, 0.6683, 0.7163, 0.7503, 0.6843, 0.7203, 0.6963, 0.7357, 0.6727, 0.7237, 0.7713, 0.745, 0.7537, 0.6657, 0.7303, 0.6983, 0.7217, 0.758, 0.7137, 0.7083, 0.737, 0.7137, 0.6763, 0.7333, 0.737, 0.7663, 0.7993, 0.756, 0.7797, 0.7777, 0.6423, 0.7663, 0.7563, 0.76, 0.757, 0.7253]
2026-08-19 15:40:00,572 - FINAL_A_r200.log - INFO - === Head-Tail Evaluation ===
2026-08-19 15:40:00,572 - FINAL_A_r200.log - INFO - Head Accuracy: 0.6761
2026-08-19 15:40:00,572 - FINAL_A_r200.log - INFO - Tail Accuracy: 0.7253
2026-08-19 15:40:13,910 - FINAL_A_r200.log - INFO - Round 101 selected clients: [0, 8, 9, 10, 11, 14, 15, 17]
2026-08-19 15:40:34,903 - FINAL_A_r200.log - INFO - Round 101 | Global 0.6807 | Head 0.6707 | Tail 0.7040 | Many 0.6770 | Medium 0.6660 | Few 0.7040 | best_tail 0.7993@91 | rollback=False
2026-08-19 15:40:34,913 - FINAL_A_r200.log - INFO - Round 102 selected clients: [1, 5, 8, 10, 12, 13, 16, 17]
2026-08-19 15:40:55,979 - FINAL_A_r200.log - INFO - Round 102 | Global 0.6839 | Head 0.6834 | Tail 0.6850 | Many 0.7077 | Medium 0.6653 | Few 0.6850 | best_tail 0.7993@91 | rollback=False
2026-08-19 15:40:55,979 - FINAL_A_r200.log - INFO - Round 103 selected clients: [0, 4, 7, 9, 10, 11, 12, 19]
2026-08-19 15:41:16,733 - FINAL_A_r200.log - INFO - Round 103 | Global 0.6901 | Head 0.6683 | Tail 0.7410 | Many 0.6937 | Medium 0.6492 | Few 0.7410 | best_tail 0.7993@91 | rollback=False
2026-08-19 15:41:16,733 - FINAL_A_r200.log - INFO - Round 104 selected clients: [4, 5, 8, 10, 12, 13, 15, 16]
2026-08-19 15:41:37,620 - FINAL_A_r200.log - INFO - Round 104 | Global 0.6961 | Head 0.6857 | Tail 0.7203 | Many 0.7160 | Medium 0.6630 | Few 0.7203 | best_tail 0.7993@91 | rollback=False
2026-08-19 15:41:37,620 - FINAL_A_r200.log - INFO - Round 105 selected clients: [3, 4, 7, 9, 12, 15, 18, 19]
2026-08-19 15:41:58,693 - FINAL_A_r200.log - INFO - Round 105 | Global 0.6743 | Head 0.6341 | Tail 0.7680 | Many 0.5773 | Medium 0.6767 | Few 0.7680 | best_tail 0.7993@91 | rollback=False
2026-08-19 15:41:58,703 - FINAL_A_r200.log - INFO - Round 106 selected clients: [1, 3, 6, 7, 11, 15, 16, 18]
2026-08-19 15:42:18,064 - FINAL_A_r200.log - INFO - Round 106 | Global 0.6742 | Head 0.6361 | Tail 0.7630 | Many 0.6017 | Medium 0.6620 | Few 0.7630 | best_tail 0.7993@91 | rollback=False
2026-08-19 15:42:18,064 - FINAL_A_r200.log - INFO - Round 107 selected clients: [1, 2, 6, 8, 9, 12, 17, 19]
2026-08-19 15:42:37,718 - FINAL_A_r200.log - INFO - Round 107 | Global 0.6827 | Head 0.6333 | Tail 0.7980 | Many 0.5920 | Medium 0.6643 | Few 0.7980 | best_tail 0.7993@91 | rollback=False
2026-08-19 15:42:37,729 - FINAL_A_r200.log - INFO - Round 108 selected clients: [1, 6, 7, 8, 11, 13, 14, 17]
2026-08-19 15:42:56,364 - FINAL_A_r200.log - INFO - Round 108 | Global 0.6852 | Head 0.6599 | Tail 0.7443 | Many 0.6487 | Medium 0.6683 | Few 0.7443 | best_tail 0.7993@91 | rollback=False
2026-08-19 15:42:56,364 - FINAL_A_r200.log - INFO - Round 109 selected clients: [0, 2, 4, 7, 8, 9, 12, 16]
2026-08-19 15:43:15,267 - FINAL_A_r200.log - INFO - Round 109 | Global 0.6928 | Head 0.6676 | Tail 0.7517 | Many 0.6570 | Medium 0.6755 | Few 0.7517 | best_tail 0.7993@91 | rollback=False
2026-08-19 15:43:15,267 - FINAL_A_r200.log - INFO - Round 110 selected clients: [2, 3, 7, 8, 12, 16, 18, 19]
2026-08-19 15:43:34,581 - FINAL_A_r200.log - INFO - Round 110 | Global 0.6700 | Head 0.6054 | Tail 0.8207 | Many 0.5607 | Medium 0.6390 | Few 0.8207 | best_tail 0.8207@110 | rollback=False
2026-08-19 15:43:34,606 - FINAL_A_r200.log - INFO - Global Accuracy: [0.1863, 0.2388, 0.2673, 0.2773, 0.2981, 0.3205, 0.3307, 0.3524, 0.3374, 0.3534, 0.3954, 0.4512, 0.4566, 0.4162, 0.4414, 0.4662, 0.4348, 0.4446, 0.4869, 0.488, 0.5034, 0.5115, 0.5521, 0.5026, 0.5844, 0.5685, 0.5123, 0.5697, 0.5518, 0.5697, 0.5865, 0.5695, 0.5822, 0.5824, 0.5814, 0.6118, 0.6145, 0.6157, 0.621, 0.6194, 0.6167, 0.6317, 0.616, 0.6251, 0.6138, 0.6289, 0.6157, 0.6398, 0.6298, 0.6408, 0.641, 0.6428, 0.6419, 0.6436, 0.6478, 0.6444, 0.6565, 0.6563, 0.6433, 0.645, 0.644, 0.658, 0.6563, 0.6584, 0.6545, 0.6671, 0.6592, 0.6578, 0.6636, 0.6579, 0.6381, 0.6766, 0.6747, 0.6662, 0.6645, 0.6665, 0.6709, 0.6822, 0.6782, 0.6753, 0.6635, 0.6664, 0.6806, 0.6589, 0.6768, 0.6791, 0.6756, 0.6645, 0.6767, 0.6593, 0.6548, 0.6766, 0.6729, 0.6774, 0.6414, 0.6823, 0.6718, 0.6719, 0.6746, 0.6909, 0.6807, 0.6839, 0.6901, 0.6961, 0.6743, 0.6742, 0.6827, 0.6852, 0.6928, 0.67]
2026-08-19 15:43:34,606 - FINAL_A_r200.log - INFO - Majority Class Accuracy: [0.5483, 0.6357, 0.705, 0.752, 0.735, 0.779, 0.788, 0.757, 0.7583, 0.7657, 0.807, 0.749, 0.727, 0.7447, 0.77, 0.7513, 0.7547, 0.7603, 0.7437, 0.74, 0.719, 0.7217, 0.6763, 0.7263, 0.6333, 0.6883, 0.7447, 0.6677, 0.759, 0.746, 0.714, 0.62, 0.7277, 0.707, 0.7133, 0.593, 0.7097, 0.6143, 0.6503, 0.652, 0.7077, 0.6707, 0.7603, 0.7103, 0.7053, 0.7217, 0.7307, 0.7197, 0.703, 0.7293, 0.6937, 0.6533, 0.6753, 0.6643, 0.6283, 0.68, 0.6993, 0.699, 0.718, 0.6783, 0.594, 0.609, 0.6993, 0.677, 0.6063, 0.6807, 0.627, 0.6107, 0.7297, 0.6323, 0.5713, 0.677, 0.692, 0.6253, 0.6047, 0.6167, 0.628, 0.726, 0.6383, 0.6707, 0.6173, 0.6093, 0.6667, 0.62, 0.632, 0.669, 0.686, 0.613, 0.6247, 0.5813, 0.5193, 0.604, 0.578, 0.6217, 0.6243, 0.6077, 0.616, 0.5753, 0.6203, 0.6897, 0.677, 0.7077, 0.6937, 0.716, 0.5773, 0.6017, 0.592, 0.6487, 0.657, 0.5607]
2026-08-19 15:43:34,607 - FINAL_A_r200.log - INFO - Medium Class Accuracy: [0.0545, 0.1202, 0.1395, 0.1293, 0.194, 0.217, 0.2357, 0.295, 0.2505, 0.3008, 0.3068, 0.4495, 0.461, 0.4037, 0.4083, 0.4225, 0.4368, 0.4402, 0.4495, 0.4682, 0.532, 0.4647, 0.5182, 0.509, 0.5455, 0.5445, 0.5145, 0.517, 0.5645, 0.546, 0.5543, 0.5182, 0.5925, 0.54, 0.5327, 0.586, 0.6058, 0.5988, 0.6132, 0.5647, 0.598, 0.614, 0.592, 0.5913, 0.6208, 0.5883, 0.5925, 0.5665, 0.59, 0.6085, 0.6055, 0.613, 0.6248, 0.6268, 0.615, 0.6498, 0.617, 0.6452, 0.6382, 0.637, 0.618, 0.633, 0.6328, 0.6298, 0.6532, 0.656, 0.6405, 0.6238, 0.5985, 0.6302, 0.6445, 0.632, 0.6633, 0.6538, 0.6292, 0.645, 0.641, 0.6617, 0.669, 0.6615, 0.6545, 0.6405, 0.6663, 0.651, 0.6653, 0.6607, 0.6673, 0.6515, 0.6705, 0.6375, 0.648, 0.6715, 0.664, 0.644, 0.6535, 0.6753, 0.6502, 0.6783, 0.6535, 0.666, 0.666, 0.6653, 0.6492, 0.663, 0.6767, 0.662, 0.6643, 0.6683, 0.6755, 0.639]
2026-08-19 15:43:34,607 - FINAL_A_r200.log - INFO - Minority Class Accuracy: [0.0, 0.0, 0.0, 0.0, 0.0, 0.0, 0.0, 0.0243, 0.0323, 0.0113, 0.102, 0.1557, 0.1803, 0.1043, 0.157, 0.2393, 0.1123, 0.1347, 0.28, 0.2623, 0.2497, 0.3637, 0.473, 0.2703, 0.5873, 0.4807, 0.277, 0.542, 0.3277, 0.425, 0.502, 0.5873, 0.423, 0.5143, 0.5143, 0.665, 0.531, 0.6397, 0.602, 0.6597, 0.5507, 0.6163, 0.5037, 0.585, 0.513, 0.5903, 0.5317, 0.6577, 0.6097, 0.5953, 0.6357, 0.672, 0.6313, 0.6453, 0.711, 0.6017, 0.6663, 0.6283, 0.5753, 0.6223, 0.7287, 0.7403, 0.6447, 0.678, 0.7043, 0.6683, 0.7163, 0.7503, 0.6843, 0.7203, 0.6963, 0.7357, 0.6727, 0.7237, 0.7713, 0.745, 0.7537, 0.6657, 0.7303, 0.6983, 0.7217, 0.758, 0.7137, 0.7083, 0.737, 0.7137, 0.6763, 0.7333, 0.737, 0.7663, 0.7993, 0.756, 0.7797, 0.7777, 0.6423, 0.7663, 0.7563, 0.76, 0.757, 0.7253, 0.704, 0.685, 0.741, 0.7203, 0.768, 0.763, 0.798, 0.7443, 0.7517, 0.8207]
2026-08-19 15:43:34,607 - FINAL_A_r200.log - INFO - === Head-Tail Evaluation ===
2026-08-19 15:43:34,607 - FINAL_A_r200.log - INFO - Head Accuracy: 0.6054
2026-08-19 15:43:34,607 - FINAL_A_r200.log - INFO - Tail Accuracy: 0.8207
2026-08-19 15:43:47,796 - FINAL_A_r200.log - INFO - Round 111 selected clients: [5, 6, 7, 10, 11, 15, 16, 18]
2026-08-19 15:44:06,997 - FINAL_A_r200.log - INFO - Round 111 | Global 0.6700 | Head 0.6221 | Tail 0.7817 | Many 0.5683 | Medium 0.6625 | Few 0.7817 | best_tail 0.8207@110 | rollback=False
2026-08-19 15:44:06,997 - FINAL_A_r200.log - INFO - Round 112 selected clients: [0, 4, 6, 7, 9, 13, 15, 16]
2026-08-19 15:44:25,866 - FINAL_A_r200.log - INFO - Round 112 | Global 0.6747 | Head 0.6463 | Tail 0.7410 | Many 0.6113 | Medium 0.6725 | Few 0.7410 | best_tail 0.8207@110 | rollback=False
2026-08-19 15:44:25,866 - FINAL_A_r200.log - INFO - Round 113 selected clients: [1, 3, 5, 7, 13, 15, 18, 19]
2026-08-19 15:44:45,342 - FINAL_A_r200.log - INFO - Round 113 | Global 0.6560 | Head 0.6041 | Tail 0.7770 | Many 0.5477 | Medium 0.6465 | Few 0.7770 | best_tail 0.8207@110 | rollback=False
2026-08-19 15:44:45,342 - FINAL_A_r200.log - INFO - Round 114 selected clients: [0, 3, 6, 12, 15, 17, 18, 19]
2026-08-19 15:45:05,274 - FINAL_A_r200.log - INFO - Round 114 | Global 0.6685 | Head 0.6037 | Tail 0.8197 | Many 0.5363 | Medium 0.6542 | Few 0.8197 | best_tail 0.8207@110 | rollback=False
2026-08-19 15:45:05,274 - FINAL_A_r200.log - INFO - Round 115 selected clients: [0, 2, 7, 8, 9, 12, 13, 16]
2026-08-19 15:45:24,319 - FINAL_A_r200.log - INFO - Round 115 | Global 0.6860 | Head 0.6363 | Tail 0.8020 | Many 0.6013 | Medium 0.6625 | Few 0.8020 | best_tail 0.8207@110 | rollback=False
2026-08-19 15:45:24,319 - FINAL_A_r200.log - INFO - Round 116 selected clients: [0, 6, 7, 8, 9, 11, 12, 19]
2026-08-19 15:45:43,614 - FINAL_A_r200.log - INFO - Round 116 | Global 0.6882 | Head 0.6440 | Tail 0.7913 | Many 0.6137 | Medium 0.6667 | Few 0.7913 | best_tail 0.8207@110 | rollback=False
2026-08-19 15:45:43,614 - FINAL_A_r200.log - INFO - Round 117 selected clients: [4, 5, 6, 10, 11, 12, 18, 19]
2026-08-19 15:46:03,100 - FINAL_A_r200.log - INFO - Round 117 | Global 0.6847 | Head 0.6397 | Tail 0.7897 | Many 0.6077 | Medium 0.6637 | Few 0.7897 | best_tail 0.8207@110 | rollback=False
2026-08-19 15:46:03,110 - FINAL_A_r200.log - INFO - Round 118 selected clients: [1, 2, 4, 8, 10, 12, 15, 18]
2026-08-19 15:46:22,729 - FINAL_A_r200.log - INFO - Round 118 | Global 0.6836 | Head 0.6350 | Tail 0.7970 | Many 0.5737 | Medium 0.6810 | Few 0.7970 | best_tail 0.8207@110 | rollback=False
2026-08-19 15:46:22,729 - FINAL_A_r200.log - INFO - Round 119 selected clients: [1, 2, 3, 4, 5, 6, 11, 13]
2026-08-19 15:46:44,520 - FINAL_A_r200.log - INFO - Round 119 | Global 0.6662 | Head 0.6396 | Tail 0.7283 | Many 0.5837 | Medium 0.6815 | Few 0.7283 | best_tail 0.8207@110 | rollback=False
2026-08-19 15:46:44,520 - FINAL_A_r200.log - INFO - Round 120 selected clients: [5, 7, 8, 10, 11, 13, 15, 16]
2026-08-19 15:47:05,779 - FINAL_A_r200.log - INFO - Round 120 | Global 0.6906 | Head 0.6739 | Tail 0.7297 | Many 0.6657 | Medium 0.6800 | Few 0.7297 | best_tail 0.8207@110 | rollback=False
2026-08-19 15:47:05,806 - FINAL_A_r200.log - INFO - Global Accuracy: [0.1863, 0.2388, 0.2673, 0.2773, 0.2981, 0.3205, 0.3307, 0.3524, 0.3374, 0.3534, 0.3954, 0.4512, 0.4566, 0.4162, 0.4414, 0.4662, 0.4348, 0.4446, 0.4869, 0.488, 0.5034, 0.5115, 0.5521, 0.5026, 0.5844, 0.5685, 0.5123, 0.5697, 0.5518, 0.5697, 0.5865, 0.5695, 0.5822, 0.5824, 0.5814, 0.6118, 0.6145, 0.6157, 0.621, 0.6194, 0.6167, 0.6317, 0.616, 0.6251, 0.6138, 0.6289, 0.6157, 0.6398, 0.6298, 0.6408, 0.641, 0.6428, 0.6419, 0.6436, 0.6478, 0.6444, 0.6565, 0.6563, 0.6433, 0.645, 0.644, 0.658, 0.6563, 0.6584, 0.6545, 0.6671, 0.6592, 0.6578, 0.6636, 0.6579, 0.6381, 0.6766, 0.6747, 0.6662, 0.6645, 0.6665, 0.6709, 0.6822, 0.6782, 0.6753, 0.6635, 0.6664, 0.6806, 0.6589, 0.6768, 0.6791, 0.6756, 0.6645, 0.6767, 0.6593, 0.6548, 0.6766, 0.6729, 0.6774, 0.6414, 0.6823, 0.6718, 0.6719, 0.6746, 0.6909, 0.6807, 0.6839, 0.6901, 0.6961, 0.6743, 0.6742, 0.6827, 0.6852, 0.6928, 0.67, 0.67, 0.6747, 0.656, 0.6685, 0.686, 0.6882, 0.6847, 0.6836, 0.6662, 0.6906]
2026-08-19 15:47:05,806 - FINAL_A_r200.log - INFO - Majority Class Accuracy: [0.5483, 0.6357, 0.705, 0.752, 0.735, 0.779, 0.788, 0.757, 0.7583, 0.7657, 0.807, 0.749, 0.727, 0.7447, 0.77, 0.7513, 0.7547, 0.7603, 0.7437, 0.74, 0.719, 0.7217, 0.6763, 0.7263, 0.6333, 0.6883, 0.7447, 0.6677, 0.759, 0.746, 0.714, 0.62, 0.7277, 0.707, 0.7133, 0.593, 0.7097, 0.6143, 0.6503, 0.652, 0.7077, 0.6707, 0.7603, 0.7103, 0.7053, 0.7217, 0.7307, 0.7197, 0.703, 0.7293, 0.6937, 0.6533, 0.6753, 0.6643, 0.6283, 0.68, 0.6993, 0.699, 0.718, 0.6783, 0.594, 0.609, 0.6993, 0.677, 0.6063, 0.6807, 0.627, 0.6107, 0.7297, 0.6323, 0.5713, 0.677, 0.692, 0.6253, 0.6047, 0.6167, 0.628, 0.726, 0.6383, 0.6707, 0.6173, 0.6093, 0.6667, 0.62, 0.632, 0.669, 0.686, 0.613, 0.6247, 0.5813, 0.5193, 0.604, 0.578, 0.6217, 0.6243, 0.6077, 0.616, 0.5753, 0.6203, 0.6897, 0.677, 0.7077, 0.6937, 0.716, 0.5773, 0.6017, 0.592, 0.6487, 0.657, 0.5607, 0.5683, 0.6113, 0.5477, 0.5363, 0.6013, 0.6137, 0.6077, 0.5737, 0.5837, 0.6657]
2026-08-19 15:47:05,806 - FINAL_A_r200.log - INFO - Medium Class Accuracy: [0.0545, 0.1202, 0.1395, 0.1293, 0.194, 0.217, 0.2357, 0.295, 0.2505, 0.3008, 0.3068, 0.4495, 0.461, 0.4037, 0.4083, 0.4225, 0.4368, 0.4402, 0.4495, 0.4682, 0.532, 0.4647, 0.5182, 0.509, 0.5455, 0.5445, 0.5145, 0.517, 0.5645, 0.546, 0.5543, 0.5182, 0.5925, 0.54, 0.5327, 0.586, 0.6058, 0.5988, 0.6132, 0.5647, 0.598, 0.614, 0.592, 0.5913, 0.6208, 0.5883, 0.5925, 0.5665, 0.59, 0.6085, 0.6055, 0.613, 0.6248, 0.6268, 0.615, 0.6498, 0.617, 0.6452, 0.6382, 0.637, 0.618, 0.633, 0.6328, 0.6298, 0.6532, 0.656, 0.6405, 0.6238, 0.5985, 0.6302, 0.6445, 0.632, 0.6633, 0.6538, 0.6292, 0.645, 0.641, 0.6617, 0.669, 0.6615, 0.6545, 0.6405, 0.6663, 0.651, 0.6653, 0.6607, 0.6673, 0.6515, 0.6705, 0.6375, 0.648, 0.6715, 0.664, 0.644, 0.6535, 0.6753, 0.6502, 0.6783, 0.6535, 0.666, 0.666, 0.6653, 0.6492, 0.663, 0.6767, 0.662, 0.6643, 0.6683, 0.6755, 0.639, 0.6625, 0.6725, 0.6465, 0.6542, 0.6625, 0.6667, 0.6637, 0.681, 0.6815, 0.68]
2026-08-19 15:47:05,806 - FINAL_A_r200.log - INFO - Minority Class Accuracy: [0.0, 0.0, 0.0, 0.0, 0.0, 0.0, 0.0, 0.0243, 0.0323, 0.0113, 0.102, 0.1557, 0.1803, 0.1043, 0.157, 0.2393, 0.1123, 0.1347, 0.28, 0.2623, 0.2497, 0.3637, 0.473, 0.2703, 0.5873, 0.4807, 0.277, 0.542, 0.3277, 0.425, 0.502, 0.5873, 0.423, 0.5143, 0.5143, 0.665, 0.531, 0.6397, 0.602, 0.6597, 0.5507, 0.6163, 0.5037, 0.585, 0.513, 0.5903, 0.5317, 0.6577, 0.6097, 0.5953, 0.6357, 0.672, 0.6313, 0.6453, 0.711, 0.6017, 0.6663, 0.6283, 0.5753, 0.6223, 0.7287, 0.7403, 0.6447, 0.678, 0.7043, 0.6683, 0.7163, 0.7503, 0.6843, 0.7203, 0.6963, 0.7357, 0.6727, 0.7237, 0.7713, 0.745, 0.7537, 0.6657, 0.7303, 0.6983, 0.7217, 0.758, 0.7137, 0.7083, 0.737, 0.7137, 0.6763, 0.7333, 0.737, 0.7663, 0.7993, 0.756, 0.7797, 0.7777, 0.6423, 0.7663, 0.7563, 0.76, 0.757, 0.7253, 0.704, 0.685, 0.741, 0.7203, 0.768, 0.763, 0.798, 0.7443, 0.7517, 0.8207, 0.7817, 0.741, 0.777, 0.8197, 0.802, 0.7913, 0.7897, 0.797, 0.7283, 0.7297]
2026-08-19 15:47:05,806 - FINAL_A_r200.log - INFO - === Head-Tail Evaluation ===
2026-08-19 15:47:05,806 - FINAL_A_r200.log - INFO - Head Accuracy: 0.6739
2026-08-19 15:47:05,806 - FINAL_A_r200.log - INFO - Tail Accuracy: 0.7297
2026-08-19 15:47:19,203 - FINAL_A_r200.log - INFO - Round 121 selected clients: [0, 3, 4, 5, 7, 16, 17, 18]
2026-08-19 15:47:41,160 - FINAL_A_r200.log - INFO - Round 121 | Global 0.6882 | Head 0.6650 | Tail 0.7423 | Many 0.6677 | Medium 0.6630 | Few 0.7423 | best_tail 0.8207@110 | rollback=False
2026-08-19 15:47:41,169 - FINAL_A_r200.log - INFO - Round 122 selected clients: [0, 1, 4, 12, 13, 14, 17, 18]
2026-08-19 15:48:02,568 - FINAL_A_r200.log - INFO - Round 122 | Global 0.6866 | Head 0.6577 | Tail 0.7540 | Many 0.6493 | Medium 0.6640 | Few 0.7540 | best_tail 0.8207@110 | rollback=False
2026-08-19 15:48:02,568 - FINAL_A_r200.log - INFO - Round 123 selected clients: [2, 10, 13, 14, 15, 16, 17, 19]
2026-08-19 15:48:24,195 - FINAL_A_r200.log - INFO - Round 123 | Global 0.6665 | Head 0.6294 | Tail 0.7530 | Many 0.5897 | Medium 0.6593 | Few 0.7530 | best_tail 0.8207@110 | rollback=False
2026-08-19 15:48:24,195 - FINAL_A_r200.log - INFO - Round 124 selected clients: [4, 8, 9, 10, 12, 13, 14, 16]
2026-08-19 15:48:45,420 - FINAL_A_r200.log - INFO - Round 124 | Global 0.6998 | Head 0.6814 | Tail 0.7427 | Many 0.6930 | Medium 0.6727 | Few 0.7427 | best_tail 0.8207@110 | rollback=False
2026-08-19 15:48:45,420 - FINAL_A_r200.log - INFO - Round 125 selected clients: [1, 4, 5, 8, 12, 13, 17, 19]
2026-08-19 15:49:07,088 - FINAL_A_r200.log - INFO - Round 125 | Global 0.6699 | Head 0.6366 | Tail 0.7477 | Many 0.6073 | Medium 0.6585 | Few 0.7477 | best_tail 0.8207@110 | rollback=False
2026-08-19 15:49:07,088 - FINAL_A_r200.log - INFO - Round 126 selected clients: [2, 8, 9, 12, 13, 14, 15, 16]
2026-08-19 15:49:28,689 - FINAL_A_r200.log - INFO - Round 126 | Global 0.6918 | Head 0.6496 | Tail 0.7903 | Many 0.6327 | Medium 0.6623 | Few 0.7903 | best_tail 0.8207@110 | rollback=False
2026-08-19 15:49:28,700 - FINAL_A_r200.log - INFO - Round 127 selected clients: [4, 5, 7, 11, 15, 16, 17, 18]
2026-08-19 15:49:50,483 - FINAL_A_r200.log - INFO - Round 127 | Global 0.6948 | Head 0.6719 | Tail 0.7483 | Many 0.6537 | Medium 0.6855 | Few 0.7483 | best_tail 0.8207@110 | rollback=False
2026-08-19 15:49:50,483 - FINAL_A_r200.log - INFO - Round 128 selected clients: [3, 6, 8, 10, 12, 15, 17, 19]
2026-08-19 15:50:12,536 - FINAL_A_r200.log - INFO - Round 128 | Global 0.6738 | Head 0.6116 | Tail 0.8190 | Many 0.5580 | Medium 0.6518 | Few 0.8190 | best_tail 0.8207@110 | rollback=False
2026-08-19 15:50:12,536 - FINAL_A_r200.log - INFO - Round 129 selected clients: [4, 6, 7, 10, 11, 15, 16, 17]
2026-08-19 15:50:33,844 - FINAL_A_r200.log - INFO - Round 129 | Global 0.6875 | Head 0.6581 | Tail 0.7560 | Many 0.6403 | Medium 0.6715 | Few 0.7560 | best_tail 0.8207@110 | rollback=False
2026-08-19 15:50:33,844 - FINAL_A_r200.log - INFO - Round 130 selected clients: [0, 3, 6, 9, 10, 14, 15, 17]
2026-08-19 15:50:55,763 - FINAL_A_r200.log - INFO - Round 130 | Global 0.6811 | Head 0.6400 | Tail 0.7770 | Many 0.5913 | Medium 0.6765 | Few 0.7770 | best_tail 0.8207@110 | rollback=False
2026-08-19 15:50:55,790 - FINAL_A_r200.log - INFO - Global Accuracy: [0.1863, 0.2388, 0.2673, 0.2773, 0.2981, 0.3205, 0.3307, 0.3524, 0.3374, 0.3534, 0.3954, 0.4512, 0.4566, 0.4162, 0.4414, 0.4662, 0.4348, 0.4446, 0.4869, 0.488, 0.5034, 0.5115, 0.5521, 0.5026, 0.5844, 0.5685, 0.5123, 0.5697, 0.5518, 0.5697, 0.5865, 0.5695, 0.5822, 0.5824, 0.5814, 0.6118, 0.6145, 0.6157, 0.621, 0.6194, 0.6167, 0.6317, 0.616, 0.6251, 0.6138, 0.6289, 0.6157, 0.6398, 0.6298, 0.6408, 0.641, 0.6428, 0.6419, 0.6436, 0.6478, 0.6444, 0.6565, 0.6563, 0.6433, 0.645, 0.644, 0.658, 0.6563, 0.6584, 0.6545, 0.6671, 0.6592, 0.6578, 0.6636, 0.6579, 0.6381, 0.6766, 0.6747, 0.6662, 0.6645, 0.6665, 0.6709, 0.6822, 0.6782, 0.6753, 0.6635, 0.6664, 0.6806, 0.6589, 0.6768, 0.6791, 0.6756, 0.6645, 0.6767, 0.6593, 0.6548, 0.6766, 0.6729, 0.6774, 0.6414, 0.6823, 0.6718, 0.6719, 0.6746, 0.6909, 0.6807, 0.6839, 0.6901, 0.6961, 0.6743, 0.6742, 0.6827, 0.6852, 0.6928, 0.67, 0.67, 0.6747, 0.656, 0.6685, 0.686, 0.6882, 0.6847, 0.6836, 0.6662, 0.6906, 0.6882, 0.6866, 0.6665, 0.6998, 0.6699, 0.6918, 0.6948, 0.6738, 0.6875, 0.6811]
2026-08-19 15:50:55,790 - FINAL_A_r200.log - INFO - Majority Class Accuracy: [0.5483, 0.6357, 0.705, 0.752, 0.735, 0.779, 0.788, 0.757, 0.7583, 0.7657, 0.807, 0.749, 0.727, 0.7447, 0.77, 0.7513, 0.7547, 0.7603, 0.7437, 0.74, 0.719, 0.7217, 0.6763, 0.7263, 0.6333, 0.6883, 0.7447, 0.6677, 0.759, 0.746, 0.714, 0.62, 0.7277, 0.707, 0.7133, 0.593, 0.7097, 0.6143, 0.6503, 0.652, 0.7077, 0.6707, 0.7603, 0.7103, 0.7053, 0.7217, 0.7307, 0.7197, 0.703, 0.7293, 0.6937, 0.6533, 0.6753, 0.6643, 0.6283, 0.68, 0.6993, 0.699, 0.718, 0.6783, 0.594, 0.609, 0.6993, 0.677, 0.6063, 0.6807, 0.627, 0.6107, 0.7297, 0.6323, 0.5713, 0.677, 0.692, 0.6253, 0.6047, 0.6167, 0.628, 0.726, 0.6383, 0.6707, 0.6173, 0.6093, 0.6667, 0.62, 0.632, 0.669, 0.686, 0.613, 0.6247, 0.5813, 0.5193, 0.604, 0.578, 0.6217, 0.6243, 0.6077, 0.616, 0.5753, 0.6203, 0.6897, 0.677, 0.7077, 0.6937, 0.716, 0.5773, 0.6017, 0.592, 0.6487, 0.657, 0.5607, 0.5683, 0.6113, 0.5477, 0.5363, 0.6013, 0.6137, 0.6077, 0.5737, 0.5837, 0.6657, 0.6677, 0.6493, 0.5897, 0.693, 0.6073, 0.6327, 0.6537, 0.558, 0.6403, 0.5913]
2026-08-19 15:50:55,790 - FINAL_A_r200.log - INFO - Medium Class Accuracy: [0.0545, 0.1202, 0.1395, 0.1293, 0.194, 0.217, 0.2357, 0.295, 0.2505, 0.3008, 0.3068, 0.4495, 0.461, 0.4037, 0.4083, 0.4225, 0.4368, 0.4402, 0.4495, 0.4682, 0.532, 0.4647, 0.5182, 0.509, 0.5455, 0.5445, 0.5145, 0.517, 0.5645, 0.546, 0.5543, 0.5182, 0.5925, 0.54, 0.5327, 0.586, 0.6058, 0.5988, 0.6132, 0.5647, 0.598, 0.614, 0.592, 0.5913, 0.6208, 0.5883, 0.5925, 0.5665, 0.59, 0.6085, 0.6055, 0.613, 0.6248, 0.6268, 0.615, 0.6498, 0.617, 0.6452, 0.6382, 0.637, 0.618, 0.633, 0.6328, 0.6298, 0.6532, 0.656, 0.6405, 0.6238, 0.5985, 0.6302, 0.6445, 0.632, 0.6633, 0.6538, 0.6292, 0.645, 0.641, 0.6617, 0.669, 0.6615, 0.6545, 0.6405, 0.6663, 0.651, 0.6653, 0.6607, 0.6673, 0.6515, 0.6705, 0.6375, 0.648, 0.6715, 0.664, 0.644, 0.6535, 0.6753, 0.6502, 0.6783, 0.6535, 0.666, 0.666, 0.6653, 0.6492, 0.663, 0.6767, 0.662, 0.6643, 0.6683, 0.6755, 0.639, 0.6625, 0.6725, 0.6465, 0.6542, 0.6625, 0.6667, 0.6637, 0.681, 0.6815, 0.68, 0.663, 0.664, 0.6593, 0.6727, 0.6585, 0.6623, 0.6855, 0.6518, 0.6715, 0.6765]
2026-08-19 15:50:55,790 - FINAL_A_r200.log - INFO - Minority Class Accuracy: [0.0, 0.0, 0.0, 0.0, 0.0, 0.0, 0.0, 0.0243, 0.0323, 0.0113, 0.102, 0.1557, 0.1803, 0.1043, 0.157, 0.2393, 0.1123, 0.1347, 0.28, 0.2623, 0.2497, 0.3637, 0.473, 0.2703, 0.5873, 0.4807, 0.277, 0.542, 0.3277, 0.425, 0.502, 0.5873, 0.423, 0.5143, 0.5143, 0.665, 0.531, 0.6397, 0.602, 0.6597, 0.5507, 0.6163, 0.5037, 0.585, 0.513, 0.5903, 0.5317, 0.6577, 0.6097, 0.5953, 0.6357, 0.672, 0.6313, 0.6453, 0.711, 0.6017, 0.6663, 0.6283, 0.5753, 0.6223, 0.7287, 0.7403, 0.6447, 0.678, 0.7043, 0.6683, 0.7163, 0.7503, 0.6843, 0.7203, 0.6963, 0.7357, 0.6727, 0.7237, 0.7713, 0.745, 0.7537, 0.6657, 0.7303, 0.6983, 0.7217, 0.758, 0.7137, 0.7083, 0.737, 0.7137, 0.6763, 0.7333, 0.737, 0.7663, 0.7993, 0.756, 0.7797, 0.7777, 0.6423, 0.7663, 0.7563, 0.76, 0.757, 0.7253, 0.704, 0.685, 0.741, 0.7203, 0.768, 0.763, 0.798, 0.7443, 0.7517, 0.8207, 0.7817, 0.741, 0.777, 0.8197, 0.802, 0.7913, 0.7897, 0.797, 0.7283, 0.7297, 0.7423, 0.754, 0.753, 0.7427, 0.7477, 0.7903, 0.7483, 0.819, 0.756, 0.777]
2026-08-19 15:50:55,790 - FINAL_A_r200.log - INFO - === Head-Tail Evaluation ===
2026-08-19 15:50:55,790 - FINAL_A_r200.log - INFO - Head Accuracy: 0.6400
2026-08-19 15:50:55,790 - FINAL_A_r200.log - INFO - Tail Accuracy: 0.7770
2026-08-19 15:51:09,034 - FINAL_A_r200.log - INFO - Round 131 selected clients: [0, 3, 7, 8, 9, 12, 14, 18]
2026-08-19 15:51:29,795 - FINAL_A_r200.log - INFO - Round 131 | Global 0.6778 | Head 0.6419 | Tail 0.7617 | Many 0.6287 | Medium 0.6518 | Few 0.7617 | best_tail 0.8207@110 | rollback=False
2026-08-19 15:51:29,795 - FINAL_A_r200.log - INFO - Round 132 selected clients: [1, 5, 7, 10, 12, 13, 15, 19]
2026-08-19 15:51:49,085 - FINAL_A_r200.log - INFO - Round 132 | Global 0.6829 | Head 0.6420 | Tail 0.7783 | Many 0.6197 | Medium 0.6587 | Few 0.7783 | best_tail 0.8207@110 | rollback=False
2026-08-19 15:51:49,085 - FINAL_A_r200.log - INFO - Round 133 selected clients: [0, 1, 7, 8, 9, 11, 15, 16]
2026-08-19 15:52:08,115 - FINAL_A_r200.log - INFO - Round 133 | Global 0.6807 | Head 0.6426 | Tail 0.7697 | Many 0.6050 | Medium 0.6707 | Few 0.7697 | best_tail 0.8207@110 | rollback=False
2026-08-19 15:52:08,115 - FINAL_A_r200.log - INFO - Round 134 selected clients: [2, 3, 7, 8, 10, 16, 18, 19]
2026-08-19 15:52:27,342 - FINAL_A_r200.log - INFO - Round 134 | Global 0.6754 | Head 0.6131 | Tail 0.8207 | Many 0.5663 | Medium 0.6482 | Few 0.8207 | best_tail 0.8207@134 | rollback=False
2026-08-19 15:52:27,352 - FINAL_A_r200.log - INFO - Round 135 selected clients: [0, 6, 9, 12, 13, 14, 16, 19]
2026-08-19 15:52:46,726 - FINAL_A_r200.log - INFO - Round 135 | Global 0.6686 | Head 0.6056 | Tail 0.8157 | Many 0.5490 | Medium 0.6480 | Few 0.8157 | best_tail 0.8207@134 | rollback=False
2026-08-19 15:52:46,726 - FINAL_A_r200.log - INFO - Round 136 selected clients: [2, 3, 5, 6, 10, 13, 15, 18]
2026-08-19 15:53:06,266 - FINAL_A_r200.log - INFO - Round 136 | Global 0.6683 | Head 0.6036 | Tail 0.8193 | Many 0.5073 | Medium 0.6757 | Few 0.8193 | best_tail 0.8207@134 | rollback=False
2026-08-19 15:53:06,266 - FINAL_A_r200.log - INFO - Round 137 selected clients: [1, 2, 3, 5, 9, 10, 13, 19]
2026-08-19 15:53:25,669 - FINAL_A_r200.log - INFO - Round 137 | Global 0.6626 | Head 0.5960 | Tail 0.8180 | Many 0.4937 | Medium 0.6727 | Few 0.8180 | best_tail 0.8207@134 | rollback=False
2026-08-19 15:53:25,669 - FINAL_A_r200.log - INFO - Round 138 selected clients: [0, 1, 5, 7, 8, 12, 16, 18]
2026-08-19 15:53:44,708 - FINAL_A_r200.log - INFO - Round 138 | Global 0.6851 | Head 0.6261 | Tail 0.8227 | Many 0.5680 | Medium 0.6697 | Few 0.8227 | best_tail 0.8227@138 | rollback=False
2026-08-19 15:53:44,708 - FINAL_A_r200.log - INFO - Round 139 selected clients: [4, 5, 6, 10, 11, 12, 14, 18]
2026-08-19 15:54:03,992 - FINAL_A_r200.log - INFO - Round 139 | Global 0.6887 | Head 0.6411 | Tail 0.7997 | Many 0.6143 | Medium 0.6613 | Few 0.7997 | best_tail 0.8227@138 | rollback=False
2026-08-19 15:54:04,002 - FINAL_A_r200.log - INFO - Round 140 selected clients: [2, 6, 8, 12, 14, 15, 16, 19]
2026-08-19 15:54:23,339 - FINAL_A_r200.log - INFO - Round 140 | Global 0.6760 | Head 0.6104 | Tail 0.8290 | Many 0.5483 | Medium 0.6570 | Few 0.8290 | best_tail 0.8290@140 | rollback=False
2026-08-19 15:54:23,356 - FINAL_A_r200.log - INFO - Global Accuracy: [0.1863, 0.2388, 0.2673, 0.2773, 0.2981, 0.3205, 0.3307, 0.3524, 0.3374, 0.3534, 0.3954, 0.4512, 0.4566, 0.4162, 0.4414, 0.4662, 0.4348, 0.4446, 0.4869, 0.488, 0.5034, 0.5115, 0.5521, 0.5026, 0.5844, 0.5685, 0.5123, 0.5697, 0.5518, 0.5697, 0.5865, 0.5695, 0.5822, 0.5824, 0.5814, 0.6118, 0.6145, 0.6157, 0.621, 0.6194, 0.6167, 0.6317, 0.616, 0.6251, 0.6138, 0.6289, 0.6157, 0.6398, 0.6298, 0.6408, 0.641, 0.6428, 0.6419, 0.6436, 0.6478, 0.6444, 0.6565, 0.6563, 0.6433, 0.645, 0.644, 0.658, 0.6563, 0.6584, 0.6545, 0.6671, 0.6592, 0.6578, 0.6636, 0.6579, 0.6381, 0.6766, 0.6747, 0.6662, 0.6645, 0.6665, 0.6709, 0.6822, 0.6782, 0.6753, 0.6635, 0.6664, 0.6806, 0.6589, 0.6768, 0.6791, 0.6756, 0.6645, 0.6767, 0.6593, 0.6548, 0.6766, 0.6729, 0.6774, 0.6414, 0.6823, 0.6718, 0.6719, 0.6746, 0.6909, 0.6807, 0.6839, 0.6901, 0.6961, 0.6743, 0.6742, 0.6827, 0.6852, 0.6928, 0.67, 0.67, 0.6747, 0.656, 0.6685, 0.686, 0.6882, 0.6847, 0.6836, 0.6662, 0.6906, 0.6882, 0.6866, 0.6665, 0.6998, 0.6699, 0.6918, 0.6948, 0.6738, 0.6875, 0.6811, 0.6778, 0.6829, 0.6807, 0.6754, 0.6686, 0.6683, 0.6626, 0.6851, 0.6887, 0.676]
2026-08-19 15:54:23,356 - FINAL_A_r200.log - INFO - Majority Class Accuracy: [0.5483, 0.6357, 0.705, 0.752, 0.735, 0.779, 0.788, 0.757, 0.7583, 0.7657, 0.807, 0.749, 0.727, 0.7447, 0.77, 0.7513, 0.7547, 0.7603, 0.7437, 0.74, 0.719, 0.7217, 0.6763, 0.7263, 0.6333, 0.6883, 0.7447, 0.6677, 0.759, 0.746, 0.714, 0.62, 0.7277, 0.707, 0.7133, 0.593, 0.7097, 0.6143, 0.6503, 0.652, 0.7077, 0.6707, 0.7603, 0.7103, 0.7053, 0.7217, 0.7307, 0.7197, 0.703, 0.7293, 0.6937, 0.6533, 0.6753, 0.6643, 0.6283, 0.68, 0.6993, 0.699, 0.718, 0.6783, 0.594, 0.609, 0.6993, 0.677, 0.6063, 0.6807, 0.627, 0.6107, 0.7297, 0.6323, 0.5713, 0.677, 0.692, 0.6253, 0.6047, 0.6167, 0.628, 0.726, 0.6383, 0.6707, 0.6173, 0.6093, 0.6667, 0.62, 0.632, 0.669, 0.686, 0.613, 0.6247, 0.5813, 0.5193, 0.604, 0.578, 0.6217, 0.6243, 0.6077, 0.616, 0.5753, 0.6203, 0.6897, 0.677, 0.7077, 0.6937, 0.716, 0.5773, 0.6017, 0.592, 0.6487, 0.657, 0.5607, 0.5683, 0.6113, 0.5477, 0.5363, 0.6013, 0.6137, 0.6077, 0.5737, 0.5837, 0.6657, 0.6677, 0.6493, 0.5897, 0.693, 0.6073, 0.6327, 0.6537, 0.558, 0.6403, 0.5913, 0.6287, 0.6197, 0.605, 0.5663, 0.549, 0.5073, 0.4937, 0.568, 0.6143, 0.5483]
2026-08-19 15:54:23,358 - FINAL_A_r200.log - INFO - Medium Class Accuracy: [0.0545, 0.1202, 0.1395, 0.1293, 0.194, 0.217, 0.2357, 0.295, 0.2505, 0.3008, 0.3068, 0.4495, 0.461, 0.4037, 0.4083, 0.4225, 0.4368, 0.4402, 0.4495, 0.4682, 0.532, 0.4647, 0.5182, 0.509, 0.5455, 0.5445, 0.5145, 0.517, 0.5645, 0.546, 0.5543, 0.5182, 0.5925, 0.54, 0.5327, 0.586, 0.6058, 0.5988, 0.6132, 0.5647, 0.598, 0.614, 0.592, 0.5913, 0.6208, 0.5883, 0.5925, 0.5665, 0.59, 0.6085, 0.6055, 0.613, 0.6248, 0.6268, 0.615, 0.6498, 0.617, 0.6452, 0.6382, 0.637, 0.618, 0.633, 0.6328, 0.6298, 0.6532, 0.656, 0.6405, 0.6238, 0.5985, 0.6302, 0.6445, 0.632, 0.6633, 0.6538, 0.6292, 0.645, 0.641, 0.6617, 0.669, 0.6615, 0.6545, 0.6405, 0.6663, 0.651, 0.6653, 0.6607, 0.6673, 0.6515, 0.6705, 0.6375, 0.648, 0.6715, 0.664, 0.644, 0.6535, 0.6753, 0.6502, 0.6783, 0.6535, 0.666, 0.666, 0.6653, 0.6492, 0.663, 0.6767, 0.662, 0.6643, 0.6683, 0.6755, 0.639, 0.6625, 0.6725, 0.6465, 0.6542, 0.6625, 0.6667, 0.6637, 0.681, 0.6815, 0.68, 0.663, 0.664, 0.6593, 0.6727, 0.6585, 0.6623, 0.6855, 0.6518, 0.6715, 0.6765, 0.6518, 0.6587, 0.6707, 0.6482, 0.648, 0.6757, 0.6727, 0.6697, 0.6613, 0.657]
2026-08-19 15:54:23,358 - FINAL_A_r200.log - INFO - Minority Class Accuracy: [0.0, 0.0, 0.0, 0.0, 0.0, 0.0, 0.0, 0.0243, 0.0323, 0.0113, 0.102, 0.1557, 0.1803, 0.1043, 0.157, 0.2393, 0.1123, 0.1347, 0.28, 0.2623, 0.2497, 0.3637, 0.473, 0.2703, 0.5873, 0.4807, 0.277, 0.542, 0.3277, 0.425, 0.502, 0.5873, 0.423, 0.5143, 0.5143, 0.665, 0.531, 0.6397, 0.602, 0.6597, 0.5507, 0.6163, 0.5037, 0.585, 0.513, 0.5903, 0.5317, 0.6577, 0.6097, 0.5953, 0.6357, 0.672, 0.6313, 0.6453, 0.711, 0.6017, 0.6663, 0.6283, 0.5753, 0.6223, 0.7287, 0.7403, 0.6447, 0.678, 0.7043, 0.6683, 0.7163, 0.7503, 0.6843, 0.7203, 0.6963, 0.7357, 0.6727, 0.7237, 0.7713, 0.745, 0.7537, 0.6657, 0.7303, 0.6983, 0.7217, 0.758, 0.7137, 0.7083, 0.737, 0.7137, 0.6763, 0.7333, 0.737, 0.7663, 0.7993, 0.756, 0.7797, 0.7777, 0.6423, 0.7663, 0.7563, 0.76, 0.757, 0.7253, 0.704, 0.685, 0.741, 0.7203, 0.768, 0.763, 0.798, 0.7443, 0.7517, 0.8207, 0.7817, 0.741, 0.777, 0.8197, 0.802, 0.7913, 0.7897, 0.797, 0.7283, 0.7297, 0.7423, 0.754, 0.753, 0.7427, 0.7477, 0.7903, 0.7483, 0.819, 0.756, 0.777, 0.7617, 0.7783, 0.7697, 0.8207, 0.8157, 0.8193, 0.818, 0.8227, 0.7997, 0.829]
2026-08-19 15:54:23,358 - FINAL_A_r200.log - INFO - === Head-Tail Evaluation ===
2026-08-19 15:54:23,358 - FINAL_A_r200.log - INFO - Head Accuracy: 0.6104
2026-08-19 15:54:23,358 - FINAL_A_r200.log - INFO - Tail Accuracy: 0.8290
2026-08-19 15:54:36,673 - FINAL_A_r200.log - INFO - Round 141 selected clients: [1, 3, 5, 10, 12, 14, 15, 19]
2026-08-19 15:54:56,435 - FINAL_A_r200.log - INFO - Round 141 | Global 0.6774 | Head 0.6230 | Tail 0.8043 | Many 0.5557 | Medium 0.6735 | Few 0.8043 | best_tail 0.8290@140 | rollback=False
2026-08-19 15:54:56,435 - FINAL_A_r200.log - INFO - Round 142 selected clients: [0, 1, 2, 3, 4, 9, 14, 17]
2026-08-19 15:55:15,802 - FINAL_A_r200.log - INFO - Round 142 | Global 0.6728 | Head 0.6244 | Tail 0.7857 | Many 0.5440 | Medium 0.6847 | Few 0.7857 | best_tail 0.8290@140 | rollback=False
2026-08-19 15:55:15,802 - FINAL_A_r200.log - INFO - Round 143 selected clients: [1, 3, 6, 8, 9, 13, 15, 16]
2026-08-19 15:55:35,086 - FINAL_A_r200.log - INFO - Round 143 | Global 0.6759 | Head 0.6403 | Tail 0.7590 | Many 0.5820 | Medium 0.6840 | Few 0.7590 | best_tail 0.8290@140 | rollback=False
2026-08-19 15:55:35,086 - FINAL_A_r200.log - INFO - Round 144 selected clients: [1, 5, 6, 8, 10, 12, 15, 18]
2026-08-19 15:55:54,887 - FINAL_A_r200.log - INFO - Round 144 | Global 0.6796 | Head 0.6321 | Tail 0.7903 | Many 0.5943 | Medium 0.6605 | Few 0.7903 | best_tail 0.8290@140 | rollback=False
2026-08-19 15:55:54,887 - FINAL_A_r200.log - INFO - Round 145 selected clients: [0, 2, 4, 7, 11, 17, 18, 19]
2026-08-19 15:56:16,027 - FINAL_A_r200.log - INFO - Round 145 | Global 0.6814 | Head 0.6279 | Tail 0.8063 | Many 0.5617 | Medium 0.6775 | Few 0.8063 | best_tail 0.8290@140 | rollback=False
2026-08-19 15:56:16,027 - FINAL_A_r200.log - INFO - Round 146 selected clients: [0, 1, 6, 8, 12, 13, 14, 16]
2026-08-19 15:56:36,513 - FINAL_A_r200.log - INFO - Round 146 | Global 0.6927 | Head 0.6509 | Tail 0.7903 | Many 0.6203 | Medium 0.6737 | Few 0.7903 | best_tail 0.8290@140 | rollback=False
2026-08-19 15:56:36,513 - FINAL_A_r200.log - INFO - Round 147 selected clients: [1, 2, 4, 10, 12, 15, 16, 19]
2026-08-19 15:56:57,625 - FINAL_A_r200.log - INFO - Round 147 | Global 0.6791 | Head 0.6216 | Tail 0.8133 | Many 0.5693 | Medium 0.6607 | Few 0.8133 | best_tail 0.8290@140 | rollback=False
2026-08-19 15:56:57,625 - FINAL_A_r200.log - INFO - Round 148 selected clients: [0, 6, 8, 10, 11, 15, 17, 18]
2026-08-19 15:57:18,654 - FINAL_A_r200.log - INFO - Round 148 | Global 0.6829 | Head 0.6340 | Tail 0.7970 | Many 0.5913 | Medium 0.6660 | Few 0.7970 | best_tail 0.8290@140 | rollback=False
2026-08-19 15:57:18,654 - FINAL_A_r200.log - INFO - Round 149 selected clients: [1, 2, 3, 4, 6, 7, 12, 14]
2026-08-19 15:57:39,936 - FINAL_A_r200.log - INFO - Round 149 | Global 0.6758 | Head 0.6237 | Tail 0.7973 | Many 0.5643 | Medium 0.6683 | Few 0.7973 | best_tail 0.8290@140 | rollback=False
2026-08-19 15:57:39,938 - FINAL_A_r200.log - INFO - Round 150 selected clients: [5, 7, 11, 12, 14, 17, 18, 19]
2026-08-19 15:58:01,789 - FINAL_A_r200.log - INFO - Round 150 | Global 0.6776 | Head 0.6207 | Tail 0.8103 | Many 0.5617 | Medium 0.6650 | Few 0.8103 | best_tail 0.8290@140 | rollback=False
2026-08-19 15:58:01,813 - FINAL_A_r200.log - INFO - Global Accuracy: [0.1863, 0.2388, 0.2673, 0.2773, 0.2981, 0.3205, 0.3307, 0.3524, 0.3374, 0.3534, 0.3954, 0.4512, 0.4566, 0.4162, 0.4414, 0.4662, 0.4348, 0.4446, 0.4869, 0.488, 0.5034, 0.5115, 0.5521, 0.5026, 0.5844, 0.5685, 0.5123, 0.5697, 0.5518, 0.5697, 0.5865, 0.5695, 0.5822, 0.5824, 0.5814, 0.6118, 0.6145, 0.6157, 0.621, 0.6194, 0.6167, 0.6317, 0.616, 0.6251, 0.6138, 0.6289, 0.6157, 0.6398, 0.6298, 0.6408, 0.641, 0.6428, 0.6419, 0.6436, 0.6478, 0.6444, 0.6565, 0.6563, 0.6433, 0.645, 0.644, 0.658, 0.6563, 0.6584, 0.6545, 0.6671, 0.6592, 0.6578, 0.6636, 0.6579, 0.6381, 0.6766, 0.6747, 0.6662, 0.6645, 0.6665, 0.6709, 0.6822, 0.6782, 0.6753, 0.6635, 0.6664, 0.6806, 0.6589, 0.6768, 0.6791, 0.6756, 0.6645, 0.6767, 0.6593, 0.6548, 0.6766, 0.6729, 0.6774, 0.6414, 0.6823, 0.6718, 0.6719, 0.6746, 0.6909, 0.6807, 0.6839, 0.6901, 0.6961, 0.6743, 0.6742, 0.6827, 0.6852, 0.6928, 0.67, 0.67, 0.6747, 0.656, 0.6685, 0.686, 0.6882, 0.6847, 0.6836, 0.6662, 0.6906, 0.6882, 0.6866, 0.6665, 0.6998, 0.6699, 0.6918, 0.6948, 0.6738, 0.6875, 0.6811, 0.6778, 0.6829, 0.6807, 0.6754, 0.6686, 0.6683, 0.6626, 0.6851, 0.6887, 0.676, 0.6774, 0.6728, 0.6759, 0.6796, 0.6814, 0.6927, 0.6791, 0.6829, 0.6758, 0.6776]
2026-08-19 15:58:01,813 - FINAL_A_r200.log - INFO - Majority Class Accuracy: [0.5483, 0.6357, 0.705, 0.752, 0.735, 0.779, 0.788, 0.757, 0.7583, 0.7657, 0.807, 0.749, 0.727, 0.7447, 0.77, 0.7513, 0.7547, 0.7603, 0.7437, 0.74, 0.719, 0.7217, 0.6763, 0.7263, 0.6333, 0.6883, 0.7447, 0.6677, 0.759, 0.746, 0.714, 0.62, 0.7277, 0.707, 0.7133, 0.593, 0.7097, 0.6143, 0.6503, 0.652, 0.7077, 0.6707, 0.7603, 0.7103, 0.7053, 0.7217, 0.7307, 0.7197, 0.703, 0.7293, 0.6937, 0.6533, 0.6753, 0.6643, 0.6283, 0.68, 0.6993, 0.699, 0.718, 0.6783, 0.594, 0.609, 0.6993, 0.677, 0.6063, 0.6807, 0.627, 0.6107, 0.7297, 0.6323, 0.5713, 0.677, 0.692, 0.6253, 0.6047, 0.6167, 0.628, 0.726, 0.6383, 0.6707, 0.6173, 0.6093, 0.6667, 0.62, 0.632, 0.669, 0.686, 0.613, 0.6247, 0.5813, 0.5193, 0.604, 0.578, 0.6217, 0.6243, 0.6077, 0.616, 0.5753, 0.6203, 0.6897, 0.677, 0.7077, 0.6937, 0.716, 0.5773, 0.6017, 0.592, 0.6487, 0.657, 0.5607, 0.5683, 0.6113, 0.5477, 0.5363, 0.6013, 0.6137, 0.6077, 0.5737, 0.5837, 0.6657, 0.6677, 0.6493, 0.5897, 0.693, 0.6073, 0.6327, 0.6537, 0.558, 0.6403, 0.5913, 0.6287, 0.6197, 0.605, 0.5663, 0.549, 0.5073, 0.4937, 0.568, 0.6143, 0.5483, 0.5557, 0.544, 0.582, 0.5943, 0.5617, 0.6203, 0.5693, 0.5913, 0.5643, 0.5617]
2026-08-19 15:58:01,813 - FINAL_A_r200.log - INFO - Medium Class Accuracy: [0.0545, 0.1202, 0.1395, 0.1293, 0.194, 0.217, 0.2357, 0.295, 0.2505, 0.3008, 0.3068, 0.4495, 0.461, 0.4037, 0.4083, 0.4225, 0.4368, 0.4402, 0.4495, 0.4682, 0.532, 0.4647, 0.5182, 0.509, 0.5455, 0.5445, 0.5145, 0.517, 0.5645, 0.546, 0.5543, 0.5182, 0.5925, 0.54, 0.5327, 0.586, 0.6058, 0.5988, 0.6132, 0.5647, 0.598, 0.614, 0.592, 0.5913, 0.6208, 0.5883, 0.5925, 0.5665, 0.59, 0.6085, 0.6055, 0.613, 0.6248, 0.6268, 0.615, 0.6498, 0.617, 0.6452, 0.6382, 0.637, 0.618, 0.633, 0.6328, 0.6298, 0.6532, 0.656, 0.6405, 0.6238, 0.5985, 0.6302, 0.6445, 0.632, 0.6633, 0.6538, 0.6292, 0.645, 0.641, 0.6617, 0.669, 0.6615, 0.6545, 0.6405, 0.6663, 0.651, 0.6653, 0.6607, 0.6673, 0.6515, 0.6705, 0.6375, 0.648, 0.6715, 0.664, 0.644, 0.6535, 0.6753, 0.6502, 0.6783, 0.6535, 0.666, 0.666, 0.6653, 0.6492, 0.663, 0.6767, 0.662, 0.6643, 0.6683, 0.6755, 0.639, 0.6625, 0.6725, 0.6465, 0.6542, 0.6625, 0.6667, 0.6637, 0.681, 0.6815, 0.68, 0.663, 0.664, 0.6593, 0.6727, 0.6585, 0.6623, 0.6855, 0.6518, 0.6715, 0.6765, 0.6518, 0.6587, 0.6707, 0.6482, 0.648, 0.6757, 0.6727, 0.6697, 0.6613, 0.657, 0.6735, 0.6847, 0.684, 0.6605, 0.6775, 0.6737, 0.6607, 0.666, 0.6683, 0.665]
2026-08-19 15:58:01,813 - FINAL_A_r200.log - INFO - Minority Class Accuracy: [0.0, 0.0, 0.0, 0.0, 0.0, 0.0, 0.0, 0.0243, 0.0323, 0.0113, 0.102, 0.1557, 0.1803, 0.1043, 0.157, 0.2393, 0.1123, 0.1347, 0.28, 0.2623, 0.2497, 0.3637, 0.473, 0.2703, 0.5873, 0.4807, 0.277, 0.542, 0.3277, 0.425, 0.502, 0.5873, 0.423, 0.5143, 0.5143, 0.665, 0.531, 0.6397, 0.602, 0.6597, 0.5507, 0.6163, 0.5037, 0.585, 0.513, 0.5903, 0.5317, 0.6577, 0.6097, 0.5953, 0.6357, 0.672, 0.6313, 0.6453, 0.711, 0.6017, 0.6663, 0.6283, 0.5753, 0.6223, 0.7287, 0.7403, 0.6447, 0.678, 0.7043, 0.6683, 0.7163, 0.7503, 0.6843, 0.7203, 0.6963, 0.7357, 0.6727, 0.7237, 0.7713, 0.745, 0.7537, 0.6657, 0.7303, 0.6983, 0.7217, 0.758, 0.7137, 0.7083, 0.737, 0.7137, 0.6763, 0.7333, 0.737, 0.7663, 0.7993, 0.756, 0.7797, 0.7777, 0.6423, 0.7663, 0.7563, 0.76, 0.757, 0.7253, 0.704, 0.685, 0.741, 0.7203, 0.768, 0.763, 0.798, 0.7443, 0.7517, 0.8207, 0.7817, 0.741, 0.777, 0.8197, 0.802, 0.7913, 0.7897, 0.797, 0.7283, 0.7297, 0.7423, 0.754, 0.753, 0.7427, 0.7477, 0.7903, 0.7483, 0.819, 0.756, 0.777, 0.7617, 0.7783, 0.7697, 0.8207, 0.8157, 0.8193, 0.818, 0.8227, 0.7997, 0.829, 0.8043, 0.7857, 0.759, 0.7903, 0.8063, 0.7903, 0.8133, 0.797, 0.7973, 0.8103]
2026-08-19 15:58:01,813 - FINAL_A_r200.log - INFO - === Head-Tail Evaluation ===
2026-08-19 15:58:01,814 - FINAL_A_r200.log - INFO - Head Accuracy: 0.6207
2026-08-19 15:58:01,814 - FINAL_A_r200.log - INFO - Tail Accuracy: 0.8103
2026-08-19 15:58:15,034 - FINAL_A_r200.log - INFO - Round 151 selected clients: [1, 5, 6, 7, 8, 10, 14, 15]
2026-08-19 15:58:36,556 - FINAL_A_r200.log - INFO - Round 151 | Global 0.6807 | Head 0.6329 | Tail 0.7923 | Many 0.5780 | Medium 0.6740 | Few 0.7923 | best_tail 0.8290@140 | rollback=False
2026-08-19 15:58:36,556 - FINAL_A_r200.log - INFO - Round 152 selected clients: [1, 4, 9, 10, 15, 16, 18, 19]
2026-08-19 15:58:57,821 - FINAL_A_r200.log - INFO - Round 152 | Global 0.6819 | Head 0.6284 | Tail 0.8067 | Many 0.5710 | Medium 0.6715 | Few 0.8067 | best_tail 0.8290@140 | rollback=False
2026-08-19 15:58:57,821 - FINAL_A_r200.log - INFO - Round 153 selected clients: [0, 1, 4, 10, 11, 17, 18, 19]
2026-08-19 15:59:18,709 - FINAL_A_r200.log - INFO - Round 153 | Global 0.6756 | Head 0.6207 | Tail 0.8037 | Many 0.5710 | Medium 0.6580 | Few 0.8037 | best_tail 0.8290@140 | rollback=False
2026-08-19 15:59:18,709 - FINAL_A_r200.log - INFO - Round 154 selected clients: [2, 4, 8, 9, 11, 13, 15, 18]
2026-08-19 15:59:40,131 - FINAL_A_r200.log - INFO - Round 154 | Global 0.6807 | Head 0.6319 | Tail 0.7947 | Many 0.5643 | Medium 0.6825 | Few 0.7947 | best_tail 0.8290@140 | rollback=False
2026-08-19 15:59:40,133 - FINAL_A_r200.log - INFO - Round 155 selected clients: [1, 3, 5, 11, 12, 13, 14, 15]
2026-08-19 16:00:01,962 - FINAL_A_r200.log - INFO - Round 155 | Global 0.6938 | Head 0.6533 | Tail 0.7883 | Many 0.6203 | Medium 0.6780 | Few 0.7883 | best_tail 0.8290@140 | rollback=False
2026-08-19 16:00:01,964 - FINAL_A_r200.log - INFO - Round 156 selected clients: [2, 4, 5, 10, 11, 14, 15, 19]
2026-08-19 16:00:23,587 - FINAL_A_r200.log - INFO - Round 156 | Global 0.6829 | Head 0.6256 | Tail 0.8167 | Many 0.5813 | Medium 0.6587 | Few 0.8167 | best_tail 0.8290@140 | rollback=False
2026-08-19 16:00:23,587 - FINAL_A_r200.log - INFO - Round 157 selected clients: [3, 7, 10, 11, 13, 14, 16, 18]
2026-08-19 16:00:43,641 - FINAL_A_r200.log - INFO - Round 157 | Global 0.6835 | Head 0.6504 | Tail 0.7607 | Many 0.6147 | Medium 0.6773 | Few 0.7607 | best_tail 0.8290@140 | rollback=False
2026-08-19 16:00:43,650 - FINAL_A_r200.log - INFO - Round 158 selected clients: [0, 1, 2, 8, 9, 10, 11, 17]
2026-08-19 16:01:02,934 - FINAL_A_r200.log - INFO - Round 158 | Global 0.6811 | Head 0.6290 | Tail 0.8027 | Many 0.5463 | Medium 0.6910 | Few 0.8027 | best_tail 0.8290@140 | rollback=False
2026-08-19 16:01:02,934 - FINAL_A_r200.log - INFO - Round 159 selected clients: [4, 8, 10, 13, 14, 15, 18, 19]
2026-08-19 16:01:22,118 - FINAL_A_r200.log - INFO - Round 159 | Global 0.6811 | Head 0.6256 | Tail 0.8107 | Many 0.5777 | Medium 0.6615 | Few 0.8107 | best_tail 0.8290@140 | rollback=False
2026-08-19 16:01:22,118 - FINAL_A_r200.log - INFO - Round 160 selected clients: [0, 1, 2, 5, 6, 12, 14, 19]
2026-08-19 16:01:41,919 - FINAL_A_r200.log - INFO - Round 160 | Global 0.6595 | Head 0.5763 | Tail 0.8537 | Many 0.4997 | Medium 0.6338 | Few 0.8537 | best_tail 0.8537@160 | rollback=False
2026-08-19 16:01:41,945 - FINAL_A_r200.log - INFO - Global Accuracy: [0.1863, 0.2388, 0.2673, 0.2773, 0.2981, 0.3205, 0.3307, 0.3524, 0.3374, 0.3534, 0.3954, 0.4512, 0.4566, 0.4162, 0.4414, 0.4662, 0.4348, 0.4446, 0.4869, 0.488, 0.5034, 0.5115, 0.5521, 0.5026, 0.5844, 0.5685, 0.5123, 0.5697, 0.5518, 0.5697, 0.5865, 0.5695, 0.5822, 0.5824, 0.5814, 0.6118, 0.6145, 0.6157, 0.621, 0.6194, 0.6167, 0.6317, 0.616, 0.6251, 0.6138, 0.6289, 0.6157, 0.6398, 0.6298, 0.6408, 0.641, 0.6428, 0.6419, 0.6436, 0.6478, 0.6444, 0.6565, 0.6563, 0.6433, 0.645, 0.644, 0.658, 0.6563, 0.6584, 0.6545, 0.6671, 0.6592, 0.6578, 0.6636, 0.6579, 0.6381, 0.6766, 0.6747, 0.6662, 0.6645, 0.6665, 0.6709, 0.6822, 0.6782, 0.6753, 0.6635, 0.6664, 0.6806, 0.6589, 0.6768, 0.6791, 0.6756, 0.6645, 0.6767, 0.6593, 0.6548, 0.6766, 0.6729, 0.6774, 0.6414, 0.6823, 0.6718, 0.6719, 0.6746, 0.6909, 0.6807, 0.6839, 0.6901, 0.6961, 0.6743, 0.6742, 0.6827, 0.6852, 0.6928, 0.67, 0.67, 0.6747, 0.656, 0.6685, 0.686, 0.6882, 0.6847, 0.6836, 0.6662, 0.6906, 0.6882, 0.6866, 0.6665, 0.6998, 0.6699, 0.6918, 0.6948, 0.6738, 0.6875, 0.6811, 0.6778, 0.6829, 0.6807, 0.6754, 0.6686, 0.6683, 0.6626, 0.6851, 0.6887, 0.676, 0.6774, 0.6728, 0.6759, 0.6796, 0.6814, 0.6927, 0.6791, 0.6829, 0.6758, 0.6776, 0.6807, 0.6819, 0.6756, 0.6807, 0.6938, 0.6829, 0.6835, 0.6811, 0.6811, 0.6595]
2026-08-19 16:01:41,945 - FINAL_A_r200.log - INFO - Majority Class Accuracy: [0.5483, 0.6357, 0.705, 0.752, 0.735, 0.779, 0.788, 0.757, 0.7583, 0.7657, 0.807, 0.749, 0.727, 0.7447, 0.77, 0.7513, 0.7547, 0.7603, 0.7437, 0.74, 0.719, 0.7217, 0.6763, 0.7263, 0.6333, 0.6883, 0.7447, 0.6677, 0.759, 0.746, 0.714, 0.62, 0.7277, 0.707, 0.7133, 0.593, 0.7097, 0.6143, 0.6503, 0.652, 0.7077, 0.6707, 0.7603, 0.7103, 0.7053, 0.7217, 0.7307, 0.7197, 0.703, 0.7293, 0.6937, 0.6533, 0.6753, 0.6643, 0.6283, 0.68, 0.6993, 0.699, 0.718, 0.6783, 0.594, 0.609, 0.6993, 0.677, 0.6063, 0.6807, 0.627, 0.6107, 0.7297, 0.6323, 0.5713, 0.677, 0.692, 0.6253, 0.6047, 0.6167, 0.628, 0.726, 0.6383, 0.6707, 0.6173, 0.6093, 0.6667, 0.62, 0.632, 0.669, 0.686, 0.613, 0.6247, 0.5813, 0.5193, 0.604, 0.578, 0.6217, 0.6243, 0.6077, 0.616, 0.5753, 0.6203, 0.6897, 0.677, 0.7077, 0.6937, 0.716, 0.5773, 0.6017, 0.592, 0.6487, 0.657, 0.5607, 0.5683, 0.6113, 0.5477, 0.5363, 0.6013, 0.6137, 0.6077, 0.5737, 0.5837, 0.6657, 0.6677, 0.6493, 0.5897, 0.693, 0.6073, 0.6327, 0.6537, 0.558, 0.6403, 0.5913, 0.6287, 0.6197, 0.605, 0.5663, 0.549, 0.5073, 0.4937, 0.568, 0.6143, 0.5483, 0.5557, 0.544, 0.582, 0.5943, 0.5617, 0.6203, 0.5693, 0.5913, 0.5643, 0.5617, 0.578, 0.571, 0.571, 0.5643, 0.6203, 0.5813, 0.6147, 0.5463, 0.5777, 0.4997]
2026-08-19 16:01:41,945 - FINAL_A_r200.log - INFO - Medium Class Accuracy: [0.0545, 0.1202, 0.1395, 0.1293, 0.194, 0.217, 0.2357, 0.295, 0.2505, 0.3008, 0.3068, 0.4495, 0.461, 0.4037, 0.4083, 0.4225, 0.4368, 0.4402, 0.4495, 0.4682, 0.532, 0.4647, 0.5182, 0.509, 0.5455, 0.5445, 0.5145, 0.517, 0.5645, 0.546, 0.5543, 0.5182, 0.5925, 0.54, 0.5327, 0.586, 0.6058, 0.5988, 0.6132, 0.5647, 0.598, 0.614, 0.592, 0.5913, 0.6208, 0.5883, 0.5925, 0.5665, 0.59, 0.6085, 0.6055, 0.613, 0.6248, 0.6268, 0.615, 0.6498, 0.617, 0.6452, 0.6382, 0.637, 0.618, 0.633, 0.6328, 0.6298, 0.6532, 0.656, 0.6405, 0.6238, 0.5985, 0.6302, 0.6445, 0.632, 0.6633, 0.6538, 0.6292, 0.645, 0.641, 0.6617, 0.669, 0.6615, 0.6545, 0.6405, 0.6663, 0.651, 0.6653, 0.6607, 0.6673, 0.6515, 0.6705, 0.6375, 0.648, 0.6715, 0.664, 0.644, 0.6535, 0.6753, 0.6502, 0.6783, 0.6535, 0.666, 0.666, 0.6653, 0.6492, 0.663, 0.6767, 0.662, 0.6643, 0.6683, 0.6755, 0.639, 0.6625, 0.6725, 0.6465, 0.6542, 0.6625, 0.6667, 0.6637, 0.681, 0.6815, 0.68, 0.663, 0.664, 0.6593, 0.6727, 0.6585, 0.6623, 0.6855, 0.6518, 0.6715, 0.6765, 0.6518, 0.6587, 0.6707, 0.6482, 0.648, 0.6757, 0.6727, 0.6697, 0.6613, 0.657, 0.6735, 0.6847, 0.684, 0.6605, 0.6775, 0.6737, 0.6607, 0.666, 0.6683, 0.665, 0.674, 0.6715, 0.658, 0.6825, 0.678, 0.6587, 0.6773, 0.691, 0.6615, 0.6338]
2026-08-19 16:01:41,945 - FINAL_A_r200.log - INFO - Minority Class Accuracy: [0.0, 0.0, 0.0, 0.0, 0.0, 0.0, 0.0, 0.0243, 0.0323, 0.0113, 0.102, 0.1557, 0.1803, 0.1043, 0.157, 0.2393, 0.1123, 0.1347, 0.28, 0.2623, 0.2497, 0.3637, 0.473, 0.2703, 0.5873, 0.4807, 0.277, 0.542, 0.3277, 0.425, 0.502, 0.5873, 0.423, 0.5143, 0.5143, 0.665, 0.531, 0.6397, 0.602, 0.6597, 0.5507, 0.6163, 0.5037, 0.585, 0.513, 0.5903, 0.5317, 0.6577, 0.6097, 0.5953, 0.6357, 0.672, 0.6313, 0.6453, 0.711, 0.6017, 0.6663, 0.6283, 0.5753, 0.6223, 0.7287, 0.7403, 0.6447, 0.678, 0.7043, 0.6683, 0.7163, 0.7503, 0.6843, 0.7203, 0.6963, 0.7357, 0.6727, 0.7237, 0.7713, 0.745, 0.7537, 0.6657, 0.7303, 0.6983, 0.7217, 0.758, 0.7137, 0.7083, 0.737, 0.7137, 0.6763, 0.7333, 0.737, 0.7663, 0.7993, 0.756, 0.7797, 0.7777, 0.6423, 0.7663, 0.7563, 0.76, 0.757, 0.7253, 0.704, 0.685, 0.741, 0.7203, 0.768, 0.763, 0.798, 0.7443, 0.7517, 0.8207, 0.7817, 0.741, 0.777, 0.8197, 0.802, 0.7913, 0.7897, 0.797, 0.7283, 0.7297, 0.7423, 0.754, 0.753, 0.7427, 0.7477, 0.7903, 0.7483, 0.819, 0.756, 0.777, 0.7617, 0.7783, 0.7697, 0.8207, 0.8157, 0.8193, 0.818, 0.8227, 0.7997, 0.829, 0.8043, 0.7857, 0.759, 0.7903, 0.8063, 0.7903, 0.8133, 0.797, 0.7973, 0.8103, 0.7923, 0.8067, 0.8037, 0.7947, 0.7883, 0.8167, 0.7607, 0.8027, 0.8107, 0.8537]
2026-08-19 16:01:41,945 - FINAL_A_r200.log - INFO - === Head-Tail Evaluation ===
2026-08-19 16:01:41,945 - FINAL_A_r200.log - INFO - Head Accuracy: 0.5763
2026-08-19 16:01:41,945 - FINAL_A_r200.log - INFO - Tail Accuracy: 0.8537
2026-08-19 16:01:55,123 - FINAL_A_r200.log - INFO - Round 161 selected clients: [3, 4, 8, 9, 11, 14, 17, 18]
2026-08-19 16:02:14,579 - FINAL_A_r200.log - INFO - Round 161 | Global 0.6919 | Head 0.6416 | Tail 0.8093 | Many 0.6043 | Medium 0.6695 | Few 0.8093 | best_tail 0.8537@160 | rollback=False
2026-08-19 16:02:14,579 - FINAL_A_r200.log - INFO - Round 162 selected clients: [1, 2, 7, 14, 15, 16, 18, 19]
2026-08-19 16:02:34,182 - FINAL_A_r200.log - INFO - Round 162 | Global 0.6662 | Head 0.5927 | Tail 0.8377 | Many 0.5240 | Medium 0.6442 | Few 0.8377 | best_tail 0.8537@160 | rollback=False
2026-08-19 16:02:34,182 - FINAL_A_r200.log - INFO - Round 163 selected clients: [5, 6, 7, 10, 11, 12, 13, 17]
2026-08-19 16:02:53,456 - FINAL_A_r200.log - INFO - Round 163 | Global 0.6902 | Head 0.6484 | Tail 0.7877 | Many 0.6070 | Medium 0.6795 | Few 0.7877 | best_tail 0.8537@160 | rollback=False
2026-08-19 16:02:53,458 - FINAL_A_r200.log - INFO - Round 164 selected clients: [0, 3, 6, 10, 12, 13, 15, 16]
2026-08-19 16:03:12,747 - FINAL_A_r200.log - INFO - Round 164 | Global 0.6899 | Head 0.6429 | Tail 0.7997 | Many 0.6090 | Medium 0.6683 | Few 0.7997 | best_tail 0.8537@160 | rollback=False
2026-08-19 16:03:12,747 - FINAL_A_r200.log - INFO - Round 165 selected clients: [3, 7, 9, 11, 13, 15, 17, 19]
2026-08-19 16:03:32,341 - FINAL_A_r200.log - INFO - Round 165 | Global 0.6865 | Head 0.6403 | Tail 0.7943 | Many 0.5913 | Medium 0.6770 | Few 0.7943 | best_tail 0.8537@160 | rollback=False
2026-08-19 16:03:32,341 - FINAL_A_r200.log - INFO - Round 166 selected clients: [1, 10, 11, 12, 13, 14, 16, 17]
2026-08-19 16:03:51,394 - FINAL_A_r200.log - INFO - Round 166 | Global 0.7040 | Head 0.6737 | Tail 0.7747 | Many 0.6737 | Medium 0.6737 | Few 0.7747 | best_tail 0.8537@160 | rollback=False
2026-08-19 16:03:51,403 - FINAL_A_r200.log - INFO - Round 167 selected clients: [3, 4, 7, 9, 10, 13, 14, 18]
2026-08-19 16:04:10,488 - FINAL_A_r200.log - INFO - Round 167 | Global 0.6978 | Head 0.6604 | Tail 0.7850 | Many 0.6490 | Medium 0.6690 | Few 0.7850 | best_tail 0.8537@160 | rollback=False
2026-08-19 16:04:10,488 - FINAL_A_r200.log - INFO - Round 168 selected clients: [0, 1, 3, 4, 10, 11, 14, 15]
2026-08-19 16:04:29,636 - FINAL_A_r200.log - INFO - Round 168 | Global 0.6875 | Head 0.6529 | Tail 0.7683 | Many 0.6517 | Medium 0.6538 | Few 0.7683 | best_tail 0.8537@160 | rollback=False
2026-08-19 16:04:29,636 - FINAL_A_r200.log - INFO - Round 169 selected clients: [0, 1, 4, 5, 7, 9, 16, 18]
2026-08-19 16:04:48,890 - FINAL_A_r200.log - INFO - Round 169 | Global 0.6837 | Head 0.6347 | Tail 0.7980 | Many 0.5893 | Medium 0.6687 | Few 0.7980 | best_tail 0.8537@160 | rollback=False
2026-08-19 16:04:48,890 - FINAL_A_r200.log - INFO - Round 170 selected clients: [1, 5, 6, 9, 11, 14, 15, 18]
2026-08-19 16:05:09,196 - FINAL_A_r200.log - INFO - Round 170 | Global 0.6597 | Head 0.5974 | Tail 0.8050 | Many 0.5413 | Medium 0.6395 | Few 0.8050 | best_tail 0.8537@160 | rollback=False
2026-08-19 16:05:09,218 - FINAL_A_r200.log - INFO - Global Accuracy: [0.1863, 0.2388, 0.2673, 0.2773, 0.2981, 0.3205, 0.3307, 0.3524, 0.3374, 0.3534, 0.3954, 0.4512, 0.4566, 0.4162, 0.4414, 0.4662, 0.4348, 0.4446, 0.4869, 0.488, 0.5034, 0.5115, 0.5521, 0.5026, 0.5844, 0.5685, 0.5123, 0.5697, 0.5518, 0.5697, 0.5865, 0.5695, 0.5822, 0.5824, 0.5814, 0.6118, 0.6145, 0.6157, 0.621, 0.6194, 0.6167, 0.6317, 0.616, 0.6251, 0.6138, 0.6289, 0.6157, 0.6398, 0.6298, 0.6408, 0.641, 0.6428, 0.6419, 0.6436, 0.6478, 0.6444, 0.6565, 0.6563, 0.6433, 0.645, 0.644, 0.658, 0.6563, 0.6584, 0.6545, 0.6671, 0.6592, 0.6578, 0.6636, 0.6579, 0.6381, 0.6766, 0.6747, 0.6662, 0.6645, 0.6665, 0.6709, 0.6822, 0.6782, 0.6753, 0.6635, 0.6664, 0.6806, 0.6589, 0.6768, 0.6791, 0.6756, 0.6645, 0.6767, 0.6593, 0.6548, 0.6766, 0.6729, 0.6774, 0.6414, 0.6823, 0.6718, 0.6719, 0.6746, 0.6909, 0.6807, 0.6839, 0.6901, 0.6961, 0.6743, 0.6742, 0.6827, 0.6852, 0.6928, 0.67, 0.67, 0.6747, 0.656, 0.6685, 0.686, 0.6882, 0.6847, 0.6836, 0.6662, 0.6906, 0.6882, 0.6866, 0.6665, 0.6998, 0.6699, 0.6918, 0.6948, 0.6738, 0.6875, 0.6811, 0.6778, 0.6829, 0.6807, 0.6754, 0.6686, 0.6683, 0.6626, 0.6851, 0.6887, 0.676, 0.6774, 0.6728, 0.6759, 0.6796, 0.6814, 0.6927, 0.6791, 0.6829, 0.6758, 0.6776, 0.6807, 0.6819, 0.6756, 0.6807, 0.6938, 0.6829, 0.6835, 0.6811, 0.6811, 0.6595, 0.6919, 0.6662, 0.6902, 0.6899, 0.6865, 0.704, 0.6978, 0.6875, 0.6837, 0.6597]
2026-08-19 16:05:09,218 - FINAL_A_r200.log - INFO - Majority Class Accuracy: [0.5483, 0.6357, 0.705, 0.752, 0.735, 0.779, 0.788, 0.757, 0.7583, 0.7657, 0.807, 0.749, 0.727, 0.7447, 0.77, 0.7513, 0.7547, 0.7603, 0.7437, 0.74, 0.719, 0.7217, 0.6763, 0.7263, 0.6333, 0.6883, 0.7447, 0.6677, 0.759, 0.746, 0.714, 0.62, 0.7277, 0.707, 0.7133, 0.593, 0.7097, 0.6143, 0.6503, 0.652, 0.7077, 0.6707, 0.7603, 0.7103, 0.7053, 0.7217, 0.7307, 0.7197, 0.703, 0.7293, 0.6937, 0.6533, 0.6753, 0.6643, 0.6283, 0.68, 0.6993, 0.699, 0.718, 0.6783, 0.594, 0.609, 0.6993, 0.677, 0.6063, 0.6807, 0.627, 0.6107, 0.7297, 0.6323, 0.5713, 0.677, 0.692, 0.6253, 0.6047, 0.6167, 0.628, 0.726, 0.6383, 0.6707, 0.6173, 0.6093, 0.6667, 0.62, 0.632, 0.669, 0.686, 0.613, 0.6247, 0.5813, 0.5193, 0.604, 0.578, 0.6217, 0.6243, 0.6077, 0.616, 0.5753, 0.6203, 0.6897, 0.677, 0.7077, 0.6937, 0.716, 0.5773, 0.6017, 0.592, 0.6487, 0.657, 0.5607, 0.5683, 0.6113, 0.5477, 0.5363, 0.6013, 0.6137, 0.6077, 0.5737, 0.5837, 0.6657, 0.6677, 0.6493, 0.5897, 0.693, 0.6073, 0.6327, 0.6537, 0.558, 0.6403, 0.5913, 0.6287, 0.6197, 0.605, 0.5663, 0.549, 0.5073, 0.4937, 0.568, 0.6143, 0.5483, 0.5557, 0.544, 0.582, 0.5943, 0.5617, 0.6203, 0.5693, 0.5913, 0.5643, 0.5617, 0.578, 0.571, 0.571, 0.5643, 0.6203, 0.5813, 0.6147, 0.5463, 0.5777, 0.4997, 0.6043, 0.524, 0.607, 0.609, 0.5913, 0.6737, 0.649, 0.6517, 0.5893, 0.5413]
2026-08-19 16:05:09,218 - FINAL_A_r200.log - INFO - Medium Class Accuracy: [0.0545, 0.1202, 0.1395, 0.1293, 0.194, 0.217, 0.2357, 0.295, 0.2505, 0.3008, 0.3068, 0.4495, 0.461, 0.4037, 0.4083, 0.4225, 0.4368, 0.4402, 0.4495, 0.4682, 0.532, 0.4647, 0.5182, 0.509, 0.5455, 0.5445, 0.5145, 0.517, 0.5645, 0.546, 0.5543, 0.5182, 0.5925, 0.54, 0.5327, 0.586, 0.6058, 0.5988, 0.6132, 0.5647, 0.598, 0.614, 0.592, 0.5913, 0.6208, 0.5883, 0.5925, 0.5665, 0.59, 0.6085, 0.6055, 0.613, 0.6248, 0.6268, 0.615, 0.6498, 0.617, 0.6452, 0.6382, 0.637, 0.618, 0.633, 0.6328, 0.6298, 0.6532, 0.656, 0.6405, 0.6238, 0.5985, 0.6302, 0.6445, 0.632, 0.6633, 0.6538, 0.6292, 0.645, 0.641, 0.6617, 0.669, 0.6615, 0.6545, 0.6405, 0.6663, 0.651, 0.6653, 0.6607, 0.6673, 0.6515, 0.6705, 0.6375, 0.648, 0.6715, 0.664, 0.644, 0.6535, 0.6753, 0.6502, 0.6783, 0.6535, 0.666, 0.666, 0.6653, 0.6492, 0.663, 0.6767, 0.662, 0.6643, 0.6683, 0.6755, 0.639, 0.6625, 0.6725, 0.6465, 0.6542, 0.6625, 0.6667, 0.6637, 0.681, 0.6815, 0.68, 0.663, 0.664, 0.6593, 0.6727, 0.6585, 0.6623, 0.6855, 0.6518, 0.6715, 0.6765, 0.6518, 0.6587, 0.6707, 0.6482, 0.648, 0.6757, 0.6727, 0.6697, 0.6613, 0.657, 0.6735, 0.6847, 0.684, 0.6605, 0.6775, 0.6737, 0.6607, 0.666, 0.6683, 0.665, 0.674, 0.6715, 0.658, 0.6825, 0.678, 0.6587, 0.6773, 0.691, 0.6615, 0.6338, 0.6695, 0.6442, 0.6795, 0.6683, 0.677, 0.6737, 0.669, 0.6538, 0.6687, 0.6395]
2026-08-19 16:05:09,218 - FINAL_A_r200.log - INFO - Minority Class Accuracy: [0.0, 0.0, 0.0, 0.0, 0.0, 0.0, 0.0, 0.0243, 0.0323, 0.0113, 0.102, 0.1557, 0.1803, 0.1043, 0.157, 0.2393, 0.1123, 0.1347, 0.28, 0.2623, 0.2497, 0.3637, 0.473, 0.2703, 0.5873, 0.4807, 0.277, 0.542, 0.3277, 0.425, 0.502, 0.5873, 0.423, 0.5143, 0.5143, 0.665, 0.531, 0.6397, 0.602, 0.6597, 0.5507, 0.6163, 0.5037, 0.585, 0.513, 0.5903, 0.5317, 0.6577, 0.6097, 0.5953, 0.6357, 0.672, 0.6313, 0.6453, 0.711, 0.6017, 0.6663, 0.6283, 0.5753, 0.6223, 0.7287, 0.7403, 0.6447, 0.678, 0.7043, 0.6683, 0.7163, 0.7503, 0.6843, 0.7203, 0.6963, 0.7357, 0.6727, 0.7237, 0.7713, 0.745, 0.7537, 0.6657, 0.7303, 0.6983, 0.7217, 0.758, 0.7137, 0.7083, 0.737, 0.7137, 0.6763, 0.7333, 0.737, 0.7663, 0.7993, 0.756, 0.7797, 0.7777, 0.6423, 0.7663, 0.7563, 0.76, 0.757, 0.7253, 0.704, 0.685, 0.741, 0.7203, 0.768, 0.763, 0.798, 0.7443, 0.7517, 0.8207, 0.7817, 0.741, 0.777, 0.8197, 0.802, 0.7913, 0.7897, 0.797, 0.7283, 0.7297, 0.7423, 0.754, 0.753, 0.7427, 0.7477, 0.7903, 0.7483, 0.819, 0.756, 0.777, 0.7617, 0.7783, 0.7697, 0.8207, 0.8157, 0.8193, 0.818, 0.8227, 0.7997, 0.829, 0.8043, 0.7857, 0.759, 0.7903, 0.8063, 0.7903, 0.8133, 0.797, 0.7973, 0.8103, 0.7923, 0.8067, 0.8037, 0.7947, 0.7883, 0.8167, 0.7607, 0.8027, 0.8107, 0.8537, 0.8093, 0.8377, 0.7877, 0.7997, 0.7943, 0.7747, 0.785, 0.7683, 0.798, 0.805]
2026-08-19 16:05:09,218 - FINAL_A_r200.log - INFO - === Head-Tail Evaluation ===
2026-08-19 16:05:09,218 - FINAL_A_r200.log - INFO - Head Accuracy: 0.5974
2026-08-19 16:05:09,218 - FINAL_A_r200.log - INFO - Tail Accuracy: 0.8050
2026-08-19 16:05:22,574 - FINAL_A_r200.log - INFO - Round 171 selected clients: [0, 5, 6, 7, 8, 9, 12, 17]
2026-08-19 16:05:44,733 - FINAL_A_r200.log - INFO - Round 171 | Global 0.6931 | Head 0.6429 | Tail 0.8103 | Many 0.6057 | Medium 0.6707 | Few 0.8103 | best_tail 0.8537@160 | rollback=False
2026-08-19 16:05:44,733 - FINAL_A_r200.log - INFO - Round 172 selected clients: [4, 9, 10, 11, 13, 15, 17, 18]
2026-08-19 16:06:06,636 - FINAL_A_r200.log - INFO - Round 172 | Global 0.6917 | Head 0.6560 | Tail 0.7750 | Many 0.6213 | Medium 0.6820 | Few 0.7750 | best_tail 0.8537@160 | rollback=False
2026-08-19 16:06:06,636 - FINAL_A_r200.log - INFO - Round 173 selected clients: [0, 4, 7, 8, 9, 10, 13, 16]
2026-08-19 16:06:27,640 - FINAL_A_r200.log - INFO - Round 173 | Global 0.6894 | Head 0.6500 | Tail 0.7813 | Many 0.6443 | Medium 0.6542 | Few 0.7813 | best_tail 0.8537@160 | rollback=False
2026-08-19 16:06:27,640 - FINAL_A_r200.log - INFO - Round 174 selected clients: [1, 3, 4, 6, 12, 13, 15, 18]
2026-08-19 16:06:49,450 - FINAL_A_r200.log - INFO - Round 174 | Global 0.6698 | Head 0.6194 | Tail 0.7873 | Many 0.5303 | Medium 0.6863 | Few 0.7873 | best_tail 0.8537@160 | rollback=False
2026-08-19 16:06:49,450 - FINAL_A_r200.log - INFO - Round 175 selected clients: [1, 2, 4, 6, 8, 9, 11, 14]
2026-08-19 16:07:10,678 - FINAL_A_r200.log - INFO - Round 175 | Global 0.6827 | Head 0.6374 | Tail 0.7883 | Many 0.5603 | Medium 0.6953 | Few 0.7883 | best_tail 0.8537@160 | rollback=False
2026-08-19 16:07:10,678 - FINAL_A_r200.log - INFO - Round 176 selected clients: [1, 3, 5, 11, 12, 13, 14, 19]
2026-08-19 16:07:31,760 - FINAL_A_r200.log - INFO - Round 176 | Global 0.6803 | Head 0.6217 | Tail 0.8170 | Many 0.5617 | Medium 0.6667 | Few 0.8170 | best_tail 0.8537@160 | rollback=False
2026-08-19 16:07:31,760 - FINAL_A_r200.log - INFO - Round 177 selected clients: [1, 3, 5, 6, 8, 9, 10, 18]
2026-08-19 16:07:53,489 - FINAL_A_r200.log - INFO - Round 177 | Global 0.6756 | Head 0.6127 | Tail 0.8223 | Many 0.5497 | Medium 0.6600 | Few 0.8223 | best_tail 0.8537@160 | rollback=False
2026-08-19 16:07:53,489 - FINAL_A_r200.log - INFO - Round 178 selected clients: [2, 4, 5, 6, 7, 8, 9, 11]
2026-08-19 16:08:14,710 - FINAL_A_r200.log - INFO - Round 178 | Global 0.6870 | Head 0.6316 | Tail 0.8163 | Many 0.5627 | Medium 0.6833 | Few 0.8163 | best_tail 0.8537@160 | rollback=False
2026-08-19 16:08:14,710 - FINAL_A_r200.log - INFO - Round 179 selected clients: [0, 3, 4, 5, 7, 13, 15, 19]
2026-08-19 16:08:36,162 - FINAL_A_r200.log - INFO - Round 179 | Global 0.6841 | Head 0.6296 | Tail 0.8113 | Many 0.5770 | Medium 0.6690 | Few 0.8113 | best_tail 0.8537@160 | rollback=False
2026-08-19 16:08:36,162 - FINAL_A_r200.log - INFO - Round 180 selected clients: [3, 4, 6, 9, 10, 12, 14, 17]
2026-08-19 16:08:57,710 - FINAL_A_r200.log - INFO - Round 180 | Global 0.6934 | Head 0.6436 | Tail 0.8097 | Many 0.5867 | Medium 0.6863 | Few 0.8097 | best_tail 0.8537@160 | rollback=False
2026-08-19 16:08:57,725 - FINAL_A_r200.log - INFO - Global Accuracy: [0.1863, 0.2388, 0.2673, 0.2773, 0.2981, 0.3205, 0.3307, 0.3524, 0.3374, 0.3534, 0.3954, 0.4512, 0.4566, 0.4162, 0.4414, 0.4662, 0.4348, 0.4446, 0.4869, 0.488, 0.5034, 0.5115, 0.5521, 0.5026, 0.5844, 0.5685, 0.5123, 0.5697, 0.5518, 0.5697, 0.5865, 0.5695, 0.5822, 0.5824, 0.5814, 0.6118, 0.6145, 0.6157, 0.621, 0.6194, 0.6167, 0.6317, 0.616, 0.6251, 0.6138, 0.6289, 0.6157, 0.6398, 0.6298, 0.6408, 0.641, 0.6428, 0.6419, 0.6436, 0.6478, 0.6444, 0.6565, 0.6563, 0.6433, 0.645, 0.644, 0.658, 0.6563, 0.6584, 0.6545, 0.6671, 0.6592, 0.6578, 0.6636, 0.6579, 0.6381, 0.6766, 0.6747, 0.6662, 0.6645, 0.6665, 0.6709, 0.6822, 0.6782, 0.6753, 0.6635, 0.6664, 0.6806, 0.6589, 0.6768, 0.6791, 0.6756, 0.6645, 0.6767, 0.6593, 0.6548, 0.6766, 0.6729, 0.6774, 0.6414, 0.6823, 0.6718, 0.6719, 0.6746, 0.6909, 0.6807, 0.6839, 0.6901, 0.6961, 0.6743, 0.6742, 0.6827, 0.6852, 0.6928, 0.67, 0.67, 0.6747, 0.656, 0.6685, 0.686, 0.6882, 0.6847, 0.6836, 0.6662, 0.6906, 0.6882, 0.6866, 0.6665, 0.6998, 0.6699, 0.6918, 0.6948, 0.6738, 0.6875, 0.6811, 0.6778, 0.6829, 0.6807, 0.6754, 0.6686, 0.6683, 0.6626, 0.6851, 0.6887, 0.676, 0.6774, 0.6728, 0.6759, 0.6796, 0.6814, 0.6927, 0.6791, 0.6829, 0.6758, 0.6776, 0.6807, 0.6819, 0.6756, 0.6807, 0.6938, 0.6829, 0.6835, 0.6811, 0.6811, 0.6595, 0.6919, 0.6662, 0.6902, 0.6899, 0.6865, 0.704, 0.6978, 0.6875, 0.6837, 0.6597, 0.6931, 0.6917, 0.6894, 0.6698, 0.6827, 0.6803, 0.6756, 0.687, 0.6841, 0.6934]
2026-08-19 16:08:57,725 - FINAL_A_r200.log - INFO - Majority Class Accuracy: [0.5483, 0.6357, 0.705, 0.752, 0.735, 0.779, 0.788, 0.757, 0.7583, 0.7657, 0.807, 0.749, 0.727, 0.7447, 0.77, 0.7513, 0.7547, 0.7603, 0.7437, 0.74, 0.719, 0.7217, 0.6763, 0.7263, 0.6333, 0.6883, 0.7447, 0.6677, 0.759, 0.746, 0.714, 0.62, 0.7277, 0.707, 0.7133, 0.593, 0.7097, 0.6143, 0.6503, 0.652, 0.7077, 0.6707, 0.7603, 0.7103, 0.7053, 0.7217, 0.7307, 0.7197, 0.703, 0.7293, 0.6937, 0.6533, 0.6753, 0.6643, 0.6283, 0.68, 0.6993, 0.699, 0.718, 0.6783, 0.594, 0.609, 0.6993, 0.677, 0.6063, 0.6807, 0.627, 0.6107, 0.7297, 0.6323, 0.5713, 0.677, 0.692, 0.6253, 0.6047, 0.6167, 0.628, 0.726, 0.6383, 0.6707, 0.6173, 0.6093, 0.6667, 0.62, 0.632, 0.669, 0.686, 0.613, 0.6247, 0.5813, 0.5193, 0.604, 0.578, 0.6217, 0.6243, 0.6077, 0.616, 0.5753, 0.6203, 0.6897, 0.677, 0.7077, 0.6937, 0.716, 0.5773, 0.6017, 0.592, 0.6487, 0.657, 0.5607, 0.5683, 0.6113, 0.5477, 0.5363, 0.6013, 0.6137, 0.6077, 0.5737, 0.5837, 0.6657, 0.6677, 0.6493, 0.5897, 0.693, 0.6073, 0.6327, 0.6537, 0.558, 0.6403, 0.5913, 0.6287, 0.6197, 0.605, 0.5663, 0.549, 0.5073, 0.4937, 0.568, 0.6143, 0.5483, 0.5557, 0.544, 0.582, 0.5943, 0.5617, 0.6203, 0.5693, 0.5913, 0.5643, 0.5617, 0.578, 0.571, 0.571, 0.5643, 0.6203, 0.5813, 0.6147, 0.5463, 0.5777, 0.4997, 0.6043, 0.524, 0.607, 0.609, 0.5913, 0.6737, 0.649, 0.6517, 0.5893, 0.5413, 0.6057, 0.6213, 0.6443, 0.5303, 0.5603, 0.5617, 0.5497, 0.5627, 0.577, 0.5867]
2026-08-19 16:08:57,725 - FINAL_A_r200.log - INFO - Medium Class Accuracy: [0.0545, 0.1202, 0.1395, 0.1293, 0.194, 0.217, 0.2357, 0.295, 0.2505, 0.3008, 0.3068, 0.4495, 0.461, 0.4037, 0.4083, 0.4225, 0.4368, 0.4402, 0.4495, 0.4682, 0.532, 0.4647, 0.5182, 0.509, 0.5455, 0.5445, 0.5145, 0.517, 0.5645, 0.546, 0.5543, 0.5182, 0.5925, 0.54, 0.5327, 0.586, 0.6058, 0.5988, 0.6132, 0.5647, 0.598, 0.614, 0.592, 0.5913, 0.6208, 0.5883, 0.5925, 0.5665, 0.59, 0.6085, 0.6055, 0.613, 0.6248, 0.6268, 0.615, 0.6498, 0.617, 0.6452, 0.6382, 0.637, 0.618, 0.633, 0.6328, 0.6298, 0.6532, 0.656, 0.6405, 0.6238, 0.5985, 0.6302, 0.6445, 0.632, 0.6633, 0.6538, 0.6292, 0.645, 0.641, 0.6617, 0.669, 0.6615, 0.6545, 0.6405, 0.6663, 0.651, 0.6653, 0.6607, 0.6673, 0.6515, 0.6705, 0.6375, 0.648, 0.6715, 0.664, 0.644, 0.6535, 0.6753, 0.6502, 0.6783, 0.6535, 0.666, 0.666, 0.6653, 0.6492, 0.663, 0.6767, 0.662, 0.6643, 0.6683, 0.6755, 0.639, 0.6625, 0.6725, 0.6465, 0.6542, 0.6625, 0.6667, 0.6637, 0.681, 0.6815, 0.68, 0.663, 0.664, 0.6593, 0.6727, 0.6585, 0.6623, 0.6855, 0.6518, 0.6715, 0.6765, 0.6518, 0.6587, 0.6707, 0.6482, 0.648, 0.6757, 0.6727, 0.6697, 0.6613, 0.657, 0.6735, 0.6847, 0.684, 0.6605, 0.6775, 0.6737, 0.6607, 0.666, 0.6683, 0.665, 0.674, 0.6715, 0.658, 0.6825, 0.678, 0.6587, 0.6773, 0.691, 0.6615, 0.6338, 0.6695, 0.6442, 0.6795, 0.6683, 0.677, 0.6737, 0.669, 0.6538, 0.6687, 0.6395, 0.6707, 0.682, 0.6542, 0.6863, 0.6953, 0.6667, 0.66, 0.6833, 0.669, 0.6863]
2026-08-19 16:08:57,725 - FINAL_A_r200.log - INFO - Minority Class Accuracy: [0.0, 0.0, 0.0, 0.0, 0.0, 0.0, 0.0, 0.0243, 0.0323, 0.0113, 0.102, 0.1557, 0.1803, 0.1043, 0.157, 0.2393, 0.1123, 0.1347, 0.28, 0.2623, 0.2497, 0.3637, 0.473, 0.2703, 0.5873, 0.4807, 0.277, 0.542, 0.3277, 0.425, 0.502, 0.5873, 0.423, 0.5143, 0.5143, 0.665, 0.531, 0.6397, 0.602, 0.6597, 0.5507, 0.6163, 0.5037, 0.585, 0.513, 0.5903, 0.5317, 0.6577, 0.6097, 0.5953, 0.6357, 0.672, 0.6313, 0.6453, 0.711, 0.6017, 0.6663, 0.6283, 0.5753, 0.6223, 0.7287, 0.7403, 0.6447, 0.678, 0.7043, 0.6683, 0.7163, 0.7503, 0.6843, 0.7203, 0.6963, 0.7357, 0.6727, 0.7237, 0.7713, 0.745, 0.7537, 0.6657, 0.7303, 0.6983, 0.7217, 0.758, 0.7137, 0.7083, 0.737, 0.7137, 0.6763, 0.7333, 0.737, 0.7663, 0.7993, 0.756, 0.7797, 0.7777, 0.6423, 0.7663, 0.7563, 0.76, 0.757, 0.7253, 0.704, 0.685, 0.741, 0.7203, 0.768, 0.763, 0.798, 0.7443, 0.7517, 0.8207, 0.7817, 0.741, 0.777, 0.8197, 0.802, 0.7913, 0.7897, 0.797, 0.7283, 0.7297, 0.7423, 0.754, 0.753, 0.7427, 0.7477, 0.7903, 0.7483, 0.819, 0.756, 0.777, 0.7617, 0.7783, 0.7697, 0.8207, 0.8157, 0.8193, 0.818, 0.8227, 0.7997, 0.829, 0.8043, 0.7857, 0.759, 0.7903, 0.8063, 0.7903, 0.8133, 0.797, 0.7973, 0.8103, 0.7923, 0.8067, 0.8037, 0.7947, 0.7883, 0.8167, 0.7607, 0.8027, 0.8107, 0.8537, 0.8093, 0.8377, 0.7877, 0.7997, 0.7943, 0.7747, 0.785, 0.7683, 0.798, 0.805, 0.8103, 0.775, 0.7813, 0.7873, 0.7883, 0.817, 0.8223, 0.8163, 0.8113, 0.8097]
2026-08-19 16:08:57,725 - FINAL_A_r200.log - INFO - === Head-Tail Evaluation ===
2026-08-19 16:08:57,725 - FINAL_A_r200.log - INFO - Head Accuracy: 0.6436
2026-08-19 16:08:57,725 - FINAL_A_r200.log - INFO - Tail Accuracy: 0.8097
2026-08-19 16:09:10,949 - FINAL_A_r200.log - INFO - Round 181 selected clients: [0, 7, 11, 13, 14, 15, 16, 18]
2026-08-19 16:09:32,424 - FINAL_A_r200.log - INFO - Round 181 | Global 0.6850 | Head 0.6483 | Tail 0.7707 | Many 0.6047 | Medium 0.6810 | Few 0.7707 | best_tail 0.8537@160 | rollback=False
2026-08-19 16:09:32,424 - FINAL_A_r200.log - INFO - Round 182 selected clients: [2, 5, 8, 9, 14, 16, 17, 18]
2026-08-19 16:09:53,719 - FINAL_A_r200.log - INFO - Round 182 | Global 0.6847 | Head 0.6184 | Tail 0.8393 | Many 0.5363 | Medium 0.6800 | Few 0.8393 | best_tail 0.8537@160 | rollback=False
2026-08-19 16:09:53,719 - FINAL_A_r200.log - INFO - Round 183 selected clients: [1, 3, 6, 7, 8, 12, 18, 19]
2026-08-19 16:10:13,786 - FINAL_A_r200.log - INFO - Round 183 | Global 0.6698 | Head 0.5926 | Tail 0.8500 | Many 0.4957 | Medium 0.6653 | Few 0.8500 | best_tail 0.8537@160 | rollback=False
2026-08-19 16:10:13,786 - FINAL_A_r200.log - INFO - Round 184 selected clients: [0, 1, 6, 8, 9, 11, 15, 18]
2026-08-19 16:10:33,023 - FINAL_A_r200.log - INFO - Round 184 | Global 0.6725 | Head 0.6106 | Tail 0.8170 | Many 0.5297 | Medium 0.6713 | Few 0.8170 | best_tail 0.8537@160 | rollback=False
2026-08-19 16:10:33,023 - FINAL_A_r200.log - INFO - Round 185 selected clients: [0, 7, 8, 10, 12, 13, 15, 19]
2026-08-19 16:10:51,904 - FINAL_A_r200.log - INFO - Round 185 | Global 0.6651 | Head 0.5967 | Tail 0.8247 | Many 0.5393 | Medium 0.6398 | Few 0.8247 | best_tail 0.8537@160 | rollback=False
2026-08-19 16:10:51,904 - FINAL_A_r200.log - INFO - Round 186 selected clients: [2, 6, 7, 9, 10, 11, 14, 17]
2026-08-19 16:11:10,936 - FINAL_A_r200.log - INFO - Round 186 | Global 0.6756 | Head 0.6113 | Tail 0.8257 | Many 0.5373 | Medium 0.6667 | Few 0.8257 | best_tail 0.8537@160 | rollback=False
2026-08-19 16:11:10,936 - FINAL_A_r200.log - INFO - Round 187 selected clients: [0, 1, 5, 7, 8, 9, 17, 19]
2026-08-19 16:11:30,117 - FINAL_A_r200.log - INFO - Round 187 | Global 0.6718 | Head 0.5984 | Tail 0.8430 | Many 0.5090 | Medium 0.6655 | Few 0.8430 | best_tail 0.8537@160 | rollback=False
2026-08-19 16:11:30,117 - FINAL_A_r200.log - INFO - Round 188 selected clients: [0, 4, 6, 12, 14, 15, 18, 19]
2026-08-19 16:11:49,602 - FINAL_A_r200.log - INFO - Round 188 | Global 0.6717 | Head 0.5996 | Tail 0.8400 | Many 0.5453 | Medium 0.6402 | Few 0.8400 | best_tail 0.8537@160 | rollback=False
2026-08-19 16:11:49,602 - FINAL_A_r200.log - INFO - Round 189 selected clients: [0, 2, 7, 8, 9, 16, 17, 19]
2026-08-19 16:12:08,865 - FINAL_A_r200.log - INFO - Round 189 | Global 0.6657 | Head 0.5871 | Tail 0.8490 | Many 0.5033 | Medium 0.6500 | Few 0.8490 | best_tail 0.8537@160 | rollback=False
2026-08-19 16:12:08,865 - FINAL_A_r200.log - INFO - Round 190 selected clients: [1, 2, 4, 7, 8, 10, 12, 17]
2026-08-19 16:12:28,008 - FINAL_A_r200.log - INFO - Round 190 | Global 0.6562 | Head 0.5793 | Tail 0.8357 | Many 0.5150 | Medium 0.6275 | Few 0.8357 | best_tail 0.8537@160 | rollback=False
2026-08-19 16:12:28,024 - FINAL_A_r200.log - INFO - Global Accuracy: [0.1863, 0.2388, 0.2673, 0.2773, 0.2981, 0.3205, 0.3307, 0.3524, 0.3374, 0.3534, 0.3954, 0.4512, 0.4566, 0.4162, 0.4414, 0.4662, 0.4348, 0.4446, 0.4869, 0.488, 0.5034, 0.5115, 0.5521, 0.5026, 0.5844, 0.5685, 0.5123, 0.5697, 0.5518, 0.5697, 0.5865, 0.5695, 0.5822, 0.5824, 0.5814, 0.6118, 0.6145, 0.6157, 0.621, 0.6194, 0.6167, 0.6317, 0.616, 0.6251, 0.6138, 0.6289, 0.6157, 0.6398, 0.6298, 0.6408, 0.641, 0.6428, 0.6419, 0.6436, 0.6478, 0.6444, 0.6565, 0.6563, 0.6433, 0.645, 0.644, 0.658, 0.6563, 0.6584, 0.6545, 0.6671, 0.6592, 0.6578, 0.6636, 0.6579, 0.6381, 0.6766, 0.6747, 0.6662, 0.6645, 0.6665, 0.6709, 0.6822, 0.6782, 0.6753, 0.6635, 0.6664, 0.6806, 0.6589, 0.6768, 0.6791, 0.6756, 0.6645, 0.6767, 0.6593, 0.6548, 0.6766, 0.6729, 0.6774, 0.6414, 0.6823, 0.6718, 0.6719, 0.6746, 0.6909, 0.6807, 0.6839, 0.6901, 0.6961, 0.6743, 0.6742, 0.6827, 0.6852, 0.6928, 0.67, 0.67, 0.6747, 0.656, 0.6685, 0.686, 0.6882, 0.6847, 0.6836, 0.6662, 0.6906, 0.6882, 0.6866, 0.6665, 0.6998, 0.6699, 0.6918, 0.6948, 0.6738, 0.6875, 0.6811, 0.6778, 0.6829, 0.6807, 0.6754, 0.6686, 0.6683, 0.6626, 0.6851, 0.6887, 0.676, 0.6774, 0.6728, 0.6759, 0.6796, 0.6814, 0.6927, 0.6791, 0.6829, 0.6758, 0.6776, 0.6807, 0.6819, 0.6756, 0.6807, 0.6938, 0.6829, 0.6835, 0.6811, 0.6811, 0.6595, 0.6919, 0.6662, 0.6902, 0.6899, 0.6865, 0.704, 0.6978, 0.6875, 0.6837, 0.6597, 0.6931, 0.6917, 0.6894, 0.6698, 0.6827, 0.6803, 0.6756, 0.687, 0.6841, 0.6934, 0.685, 0.6847, 0.6698, 0.6725, 0.6651, 0.6756, 0.6718, 0.6717, 0.6657, 0.6562]
2026-08-19 16:12:28,024 - FINAL_A_r200.log - INFO - Majority Class Accuracy: [0.5483, 0.6357, 0.705, 0.752, 0.735, 0.779, 0.788, 0.757, 0.7583, 0.7657, 0.807, 0.749, 0.727, 0.7447, 0.77, 0.7513, 0.7547, 0.7603, 0.7437, 0.74, 0.719, 0.7217, 0.6763, 0.7263, 0.6333, 0.6883, 0.7447, 0.6677, 0.759, 0.746, 0.714, 0.62, 0.7277, 0.707, 0.7133, 0.593, 0.7097, 0.6143, 0.6503, 0.652, 0.7077, 0.6707, 0.7603, 0.7103, 0.7053, 0.7217, 0.7307, 0.7197, 0.703, 0.7293, 0.6937, 0.6533, 0.6753, 0.6643, 0.6283, 0.68, 0.6993, 0.699, 0.718, 0.6783, 0.594, 0.609, 0.6993, 0.677, 0.6063, 0.6807, 0.627, 0.6107, 0.7297, 0.6323, 0.5713, 0.677, 0.692, 0.6253, 0.6047, 0.6167, 0.628, 0.726, 0.6383, 0.6707, 0.6173, 0.6093, 0.6667, 0.62, 0.632, 0.669, 0.686, 0.613, 0.6247, 0.5813, 0.5193, 0.604, 0.578, 0.6217, 0.6243, 0.6077, 0.616, 0.5753, 0.6203, 0.6897, 0.677, 0.7077, 0.6937, 0.716, 0.5773, 0.6017, 0.592, 0.6487, 0.657, 0.5607, 0.5683, 0.6113, 0.5477, 0.5363, 0.6013, 0.6137, 0.6077, 0.5737, 0.5837, 0.6657, 0.6677, 0.6493, 0.5897, 0.693, 0.6073, 0.6327, 0.6537, 0.558, 0.6403, 0.5913, 0.6287, 0.6197, 0.605, 0.5663, 0.549, 0.5073, 0.4937, 0.568, 0.6143, 0.5483, 0.5557, 0.544, 0.582, 0.5943, 0.5617, 0.6203, 0.5693, 0.5913, 0.5643, 0.5617, 0.578, 0.571, 0.571, 0.5643, 0.6203, 0.5813, 0.6147, 0.5463, 0.5777, 0.4997, 0.6043, 0.524, 0.607, 0.609, 0.5913, 0.6737, 0.649, 0.6517, 0.5893, 0.5413, 0.6057, 0.6213, 0.6443, 0.5303, 0.5603, 0.5617, 0.5497, 0.5627, 0.577, 0.5867, 0.6047, 0.5363, 0.4957, 0.5297, 0.5393, 0.5373, 0.509, 0.5453, 0.5033, 0.515]
2026-08-19 16:12:28,024 - FINAL_A_r200.log - INFO - Medium Class Accuracy: [0.0545, 0.1202, 0.1395, 0.1293, 0.194, 0.217, 0.2357, 0.295, 0.2505, 0.3008, 0.3068, 0.4495, 0.461, 0.4037, 0.4083, 0.4225, 0.4368, 0.4402, 0.4495, 0.4682, 0.532, 0.4647, 0.5182, 0.509, 0.5455, 0.5445, 0.5145, 0.517, 0.5645, 0.546, 0.5543, 0.5182, 0.5925, 0.54, 0.5327, 0.586, 0.6058, 0.5988, 0.6132, 0.5647, 0.598, 0.614, 0.592, 0.5913, 0.6208, 0.5883, 0.5925, 0.5665, 0.59, 0.6085, 0.6055, 0.613, 0.6248, 0.6268, 0.615, 0.6498, 0.617, 0.6452, 0.6382, 0.637, 0.618, 0.633, 0.6328, 0.6298, 0.6532, 0.656, 0.6405, 0.6238, 0.5985, 0.6302, 0.6445, 0.632, 0.6633, 0.6538, 0.6292, 0.645, 0.641, 0.6617, 0.669, 0.6615, 0.6545, 0.6405, 0.6663, 0.651, 0.6653, 0.6607, 0.6673, 0.6515, 0.6705, 0.6375, 0.648, 0.6715, 0.664, 0.644, 0.6535, 0.6753, 0.6502, 0.6783, 0.6535, 0.666, 0.666, 0.6653, 0.6492, 0.663, 0.6767, 0.662, 0.6643, 0.6683, 0.6755, 0.639, 0.6625, 0.6725, 0.6465, 0.6542, 0.6625, 0.6667, 0.6637, 0.681, 0.6815, 0.68, 0.663, 0.664, 0.6593, 0.6727, 0.6585, 0.6623, 0.6855, 0.6518, 0.6715, 0.6765, 0.6518, 0.6587, 0.6707, 0.6482, 0.648, 0.6757, 0.6727, 0.6697, 0.6613, 0.657, 0.6735, 0.6847, 0.684, 0.6605, 0.6775, 0.6737, 0.6607, 0.666, 0.6683, 0.665, 0.674, 0.6715, 0.658, 0.6825, 0.678, 0.6587, 0.6773, 0.691, 0.6615, 0.6338, 0.6695, 0.6442, 0.6795, 0.6683, 0.677, 0.6737, 0.669, 0.6538, 0.6687, 0.6395, 0.6707, 0.682, 0.6542, 0.6863, 0.6953, 0.6667, 0.66, 0.6833, 0.669, 0.6863, 0.681, 0.68, 0.6653, 0.6713, 0.6398, 0.6667, 0.6655, 0.6402, 0.65, 0.6275]
2026-08-19 16:12:28,024 - FINAL_A_r200.log - INFO - Minority Class Accuracy: [0.0, 0.0, 0.0, 0.0, 0.0, 0.0, 0.0, 0.0243, 0.0323, 0.0113, 0.102, 0.1557, 0.1803, 0.1043, 0.157, 0.2393, 0.1123, 0.1347, 0.28, 0.2623, 0.2497, 0.3637, 0.473, 0.2703, 0.5873, 0.4807, 0.277, 0.542, 0.3277, 0.425, 0.502, 0.5873, 0.423, 0.5143, 0.5143, 0.665, 0.531, 0.6397, 0.602, 0.6597, 0.5507, 0.6163, 0.5037, 0.585, 0.513, 0.5903, 0.5317, 0.6577, 0.6097, 0.5953, 0.6357, 0.672, 0.6313, 0.6453, 0.711, 0.6017, 0.6663, 0.6283, 0.5753, 0.6223, 0.7287, 0.7403, 0.6447, 0.678, 0.7043, 0.6683, 0.7163, 0.7503, 0.6843, 0.7203, 0.6963, 0.7357, 0.6727, 0.7237, 0.7713, 0.745, 0.7537, 0.6657, 0.7303, 0.6983, 0.7217, 0.758, 0.7137, 0.7083, 0.737, 0.7137, 0.6763, 0.7333, 0.737, 0.7663, 0.7993, 0.756, 0.7797, 0.7777, 0.6423, 0.7663, 0.7563, 0.76, 0.757, 0.7253, 0.704, 0.685, 0.741, 0.7203, 0.768, 0.763, 0.798, 0.7443, 0.7517, 0.8207, 0.7817, 0.741, 0.777, 0.8197, 0.802, 0.7913, 0.7897, 0.797, 0.7283, 0.7297, 0.7423, 0.754, 0.753, 0.7427, 0.7477, 0.7903, 0.7483, 0.819, 0.756, 0.777, 0.7617, 0.7783, 0.7697, 0.8207, 0.8157, 0.8193, 0.818, 0.8227, 0.7997, 0.829, 0.8043, 0.7857, 0.759, 0.7903, 0.8063, 0.7903, 0.8133, 0.797, 0.7973, 0.8103, 0.7923, 0.8067, 0.8037, 0.7947, 0.7883, 0.8167, 0.7607, 0.8027, 0.8107, 0.8537, 0.8093, 0.8377, 0.7877, 0.7997, 0.7943, 0.7747, 0.785, 0.7683, 0.798, 0.805, 0.8103, 0.775, 0.7813, 0.7873, 0.7883, 0.817, 0.8223, 0.8163, 0.8113, 0.8097, 0.7707, 0.8393, 0.85, 0.817, 0.8247, 0.8257, 0.843, 0.84, 0.849, 0.8357]
2026-08-19 16:12:28,024 - FINAL_A_r200.log - INFO - === Head-Tail Evaluation ===
2026-08-19 16:12:28,024 - FINAL_A_r200.log - INFO - Head Accuracy: 0.5793
2026-08-19 16:12:28,024 - FINAL_A_r200.log - INFO - Tail Accuracy: 0.8357
2026-08-19 16:12:41,375 - FINAL_A_r200.log - INFO - Round 191 selected clients: [0, 1, 4, 5, 9, 10, 11, 12]
2026-08-19 16:13:00,891 - FINAL_A_r200.log - INFO - Round 191 | Global 0.6931 | Head 0.6454 | Tail 0.8043 | Many 0.5970 | Medium 0.6817 | Few 0.8043 | best_tail 0.8537@160 | rollback=False
2026-08-19 16:13:00,891 - FINAL_A_r200.log - INFO - Round 192 selected clients: [0, 3, 7, 8, 9, 11, 15, 17]
2026-08-19 16:13:19,975 - FINAL_A_r200.log - INFO - Round 192 | Global 0.6862 | Head 0.6314 | Tail 0.8140 | Many 0.5657 | Medium 0.6807 | Few 0.8140 | best_tail 0.8537@160 | rollback=False
2026-08-19 16:13:19,975 - FINAL_A_r200.log - INFO - Round 193 selected clients: [1, 4, 5, 8, 10, 11, 13, 15]
2026-08-19 16:13:38,740 - FINAL_A_r200.log - INFO - Round 193 | Global 0.6909 | Head 0.6546 | Tail 0.7757 | Many 0.6253 | Medium 0.6765 | Few 0.7757 | best_tail 0.8537@160 | rollback=False
2026-08-19 16:13:38,740 - FINAL_A_r200.log - INFO - Round 194 selected clients: [4, 9, 10, 11, 12, 13, 16, 18]
2026-08-19 16:13:57,760 - FINAL_A_r200.log - INFO - Round 194 | Global 0.6979 | Head 0.6517 | Tail 0.8057 | Many 0.6470 | Medium 0.6552 | Few 0.8057 | best_tail 0.8537@160 | rollback=False
2026-08-19 16:13:57,760 - FINAL_A_r200.log - INFO - Round 195 selected clients: [2, 3, 4, 8, 10, 13, 14, 18]
2026-08-19 16:14:16,908 - FINAL_A_r200.log - INFO - Round 195 | Global 0.6756 | Head 0.6054 | Tail 0.8393 | Many 0.5317 | Medium 0.6607 | Few 0.8393 | best_tail 0.8537@160 | rollback=False
2026-08-19 16:14:16,908 - FINAL_A_r200.log - INFO - Round 196 selected clients: [1, 3, 5, 9, 14, 16, 18, 19]
2026-08-19 16:14:37,590 - FINAL_A_r200.log - INFO - Round 196 | Global 0.6772 | Head 0.6066 | Tail 0.8420 | Many 0.5303 | Medium 0.6637 | Few 0.8420 | best_tail 0.8537@160 | rollback=False
2026-08-19 16:14:37,590 - FINAL_A_r200.log - INFO - Round 197 selected clients: [0, 2, 6, 8, 10, 11, 15, 18]
2026-08-19 16:14:59,196 - FINAL_A_r200.log - INFO - Round 197 | Global 0.6628 | Head 0.5883 | Tail 0.8367 | Many 0.5023 | Medium 0.6528 | Few 0.8367 | best_tail 0.8537@160 | rollback=False
2026-08-19 16:14:59,196 - FINAL_A_r200.log - INFO - Round 198 selected clients: [2, 3, 4, 5, 6, 9, 12, 16]
2026-08-19 16:15:21,243 - FINAL_A_r200.log - INFO - Round 198 | Global 0.6717 | Head 0.6094 | Tail 0.8170 | Many 0.5060 | Medium 0.6870 | Few 0.8170 | best_tail 0.8537@160 | rollback=False
2026-08-19 16:15:21,243 - FINAL_A_r200.log - INFO - Round 199 selected clients: [1, 2, 3, 6, 9, 13, 14, 18]
2026-08-19 16:15:43,051 - FINAL_A_r200.log - INFO - Round 199 | Global 0.6673 | Head 0.5963 | Tail 0.8330 | Many 0.4850 | Medium 0.6797 | Few 0.8330 | best_tail 0.8537@160 | rollback=False
2026-08-19 16:15:43,051 - FINAL_A_r200.log - INFO - Round 200 selected clients: [1, 3, 8, 10, 13, 14, 17, 19]
2026-08-19 16:16:04,177 - FINAL_A_r200.log - INFO - Round 200 | Global 0.6727 | Head 0.5984 | Tail 0.8460 | Many 0.5200 | Medium 0.6573 | Few 0.8460 | best_tail 0.8537@160 | rollback=False
2026-08-19 16:16:04,203 - FINAL_A_r200.log - INFO - Global Accuracy: [0.1863, 0.2388, 0.2673, 0.2773, 0.2981, 0.3205, 0.3307, 0.3524, 0.3374, 0.3534, 0.3954, 0.4512, 0.4566, 0.4162, 0.4414, 0.4662, 0.4348, 0.4446, 0.4869, 0.488, 0.5034, 0.5115, 0.5521, 0.5026, 0.5844, 0.5685, 0.5123, 0.5697, 0.5518, 0.5697, 0.5865, 0.5695, 0.5822, 0.5824, 0.5814, 0.6118, 0.6145, 0.6157, 0.621, 0.6194, 0.6167, 0.6317, 0.616, 0.6251, 0.6138, 0.6289, 0.6157, 0.6398, 0.6298, 0.6408, 0.641, 0.6428, 0.6419, 0.6436, 0.6478, 0.6444, 0.6565, 0.6563, 0.6433, 0.645, 0.644, 0.658, 0.6563, 0.6584, 0.6545, 0.6671, 0.6592, 0.6578, 0.6636, 0.6579, 0.6381, 0.6766, 0.6747, 0.6662, 0.6645, 0.6665, 0.6709, 0.6822, 0.6782, 0.6753, 0.6635, 0.6664, 0.6806, 0.6589, 0.6768, 0.6791, 0.6756, 0.6645, 0.6767, 0.6593, 0.6548, 0.6766, 0.6729, 0.6774, 0.6414, 0.6823, 0.6718, 0.6719, 0.6746, 0.6909, 0.6807, 0.6839, 0.6901, 0.6961, 0.6743, 0.6742, 0.6827, 0.6852, 0.6928, 0.67, 0.67, 0.6747, 0.656, 0.6685, 0.686, 0.6882, 0.6847, 0.6836, 0.6662, 0.6906, 0.6882, 0.6866, 0.6665, 0.6998, 0.6699, 0.6918, 0.6948, 0.6738, 0.6875, 0.6811, 0.6778, 0.6829, 0.6807, 0.6754, 0.6686, 0.6683, 0.6626, 0.6851, 0.6887, 0.676, 0.6774, 0.6728, 0.6759, 0.6796, 0.6814, 0.6927, 0.6791, 0.6829, 0.6758, 0.6776, 0.6807, 0.6819, 0.6756, 0.6807, 0.6938, 0.6829, 0.6835, 0.6811, 0.6811, 0.6595, 0.6919, 0.6662, 0.6902, 0.6899, 0.6865, 0.704, 0.6978, 0.6875, 0.6837, 0.6597, 0.6931, 0.6917, 0.6894, 0.6698, 0.6827, 0.6803, 0.6756, 0.687, 0.6841, 0.6934, 0.685, 0.6847, 0.6698, 0.6725, 0.6651, 0.6756, 0.6718, 0.6717, 0.6657, 0.6562, 0.6931, 0.6862, 0.6909, 0.6979, 0.6756, 0.6772, 0.6628, 0.6717, 0.6673, 0.6727]
2026-08-19 16:16:04,203 - FINAL_A_r200.log - INFO - Majority Class Accuracy: [0.5483, 0.6357, 0.705, 0.752, 0.735, 0.779, 0.788, 0.757, 0.7583, 0.7657, 0.807, 0.749, 0.727, 0.7447, 0.77, 0.7513, 0.7547, 0.7603, 0.7437, 0.74, 0.719, 0.7217, 0.6763, 0.7263, 0.6333, 0.6883, 0.7447, 0.6677, 0.759, 0.746, 0.714, 0.62, 0.7277, 0.707, 0.7133, 0.593, 0.7097, 0.6143, 0.6503, 0.652, 0.7077, 0.6707, 0.7603, 0.7103, 0.7053, 0.7217, 0.7307, 0.7197, 0.703, 0.7293, 0.6937, 0.6533, 0.6753, 0.6643, 0.6283, 0.68, 0.6993, 0.699, 0.718, 0.6783, 0.594, 0.609, 0.6993, 0.677, 0.6063, 0.6807, 0.627, 0.6107, 0.7297, 0.6323, 0.5713, 0.677, 0.692, 0.6253, 0.6047, 0.6167, 0.628, 0.726, 0.6383, 0.6707, 0.6173, 0.6093, 0.6667, 0.62, 0.632, 0.669, 0.686, 0.613, 0.6247, 0.5813, 0.5193, 0.604, 0.578, 0.6217, 0.6243, 0.6077, 0.616, 0.5753, 0.6203, 0.6897, 0.677, 0.7077, 0.6937, 0.716, 0.5773, 0.6017, 0.592, 0.6487, 0.657, 0.5607, 0.5683, 0.6113, 0.5477, 0.5363, 0.6013, 0.6137, 0.6077, 0.5737, 0.5837, 0.6657, 0.6677, 0.6493, 0.5897, 0.693, 0.6073, 0.6327, 0.6537, 0.558, 0.6403, 0.5913, 0.6287, 0.6197, 0.605, 0.5663, 0.549, 0.5073, 0.4937, 0.568, 0.6143, 0.5483, 0.5557, 0.544, 0.582, 0.5943, 0.5617, 0.6203, 0.5693, 0.5913, 0.5643, 0.5617, 0.578, 0.571, 0.571, 0.5643, 0.6203, 0.5813, 0.6147, 0.5463, 0.5777, 0.4997, 0.6043, 0.524, 0.607, 0.609, 0.5913, 0.6737, 0.649, 0.6517, 0.5893, 0.5413, 0.6057, 0.6213, 0.6443, 0.5303, 0.5603, 0.5617, 0.5497, 0.5627, 0.577, 0.5867, 0.6047, 0.5363, 0.4957, 0.5297, 0.5393, 0.5373, 0.509, 0.5453, 0.5033, 0.515, 0.597, 0.5657, 0.6253, 0.647, 0.5317, 0.5303, 0.5023, 0.506, 0.485, 0.52]
2026-08-19 16:16:04,211 - FINAL_A_r200.log - INFO - Medium Class Accuracy: [0.0545, 0.1202, 0.1395, 0.1293, 0.194, 0.217, 0.2357, 0.295, 0.2505, 0.3008, 0.3068, 0.4495, 0.461, 0.4037, 0.4083, 0.4225, 0.4368, 0.4402, 0.4495, 0.4682, 0.532, 0.4647, 0.5182, 0.509, 0.5455, 0.5445, 0.5145, 0.517, 0.5645, 0.546, 0.5543, 0.5182, 0.5925, 0.54, 0.5327, 0.586, 0.6058, 0.5988, 0.6132, 0.5647, 0.598, 0.614, 0.592, 0.5913, 0.6208, 0.5883, 0.5925, 0.5665, 0.59, 0.6085, 0.6055, 0.613, 0.6248, 0.6268, 0.615, 0.6498, 0.617, 0.6452, 0.6382, 0.637, 0.618, 0.633, 0.6328, 0.6298, 0.6532, 0.656, 0.6405, 0.6238, 0.5985, 0.6302, 0.6445, 0.632, 0.6633, 0.6538, 0.6292, 0.645, 0.641, 0.6617, 0.669, 0.6615, 0.6545, 0.6405, 0.6663, 0.651, 0.6653, 0.6607, 0.6673, 0.6515, 0.6705, 0.6375, 0.648, 0.6715, 0.664, 0.644, 0.6535, 0.6753, 0.6502, 0.6783, 0.6535, 0.666, 0.666, 0.6653, 0.6492, 0.663, 0.6767, 0.662, 0.6643, 0.6683, 0.6755, 0.639, 0.6625, 0.6725, 0.6465, 0.6542, 0.6625, 0.6667, 0.6637, 0.681, 0.6815, 0.68, 0.663, 0.664, 0.6593, 0.6727, 0.6585, 0.6623, 0.6855, 0.6518, 0.6715, 0.6765, 0.6518, 0.6587, 0.6707, 0.6482, 0.648, 0.6757, 0.6727, 0.6697, 0.6613, 0.657, 0.6735, 0.6847, 0.684, 0.6605, 0.6775, 0.6737, 0.6607, 0.666, 0.6683, 0.665, 0.674, 0.6715, 0.658, 0.6825, 0.678, 0.6587, 0.6773, 0.691, 0.6615, 0.6338, 0.6695, 0.6442, 0.6795, 0.6683, 0.677, 0.6737, 0.669, 0.6538, 0.6687, 0.6395, 0.6707, 0.682, 0.6542, 0.6863, 0.6953, 0.6667, 0.66, 0.6833, 0.669, 0.6863, 0.681, 0.68, 0.6653, 0.6713, 0.6398, 0.6667, 0.6655, 0.6402, 0.65, 0.6275, 0.6817, 0.6807, 0.6765, 0.6552, 0.6607, 0.6637, 0.6528, 0.687, 0.6797, 0.6573]
2026-08-19 16:16:04,211 - FINAL_A_r200.log - INFO - Minority Class Accuracy: [0.0, 0.0, 0.0, 0.0, 0.0, 0.0, 0.0, 0.0243, 0.0323, 0.0113, 0.102, 0.1557, 0.1803, 0.1043, 0.157, 0.2393, 0.1123, 0.1347, 0.28, 0.2623, 0.2497, 0.3637, 0.473, 0.2703, 0.5873, 0.4807, 0.277, 0.542, 0.3277, 0.425, 0.502, 0.5873, 0.423, 0.5143, 0.5143, 0.665, 0.531, 0.6397, 0.602, 0.6597, 0.5507, 0.6163, 0.5037, 0.585, 0.513, 0.5903, 0.5317, 0.6577, 0.6097, 0.5953, 0.6357, 0.672, 0.6313, 0.6453, 0.711, 0.6017, 0.6663, 0.6283, 0.5753, 0.6223, 0.7287, 0.7403, 0.6447, 0.678, 0.7043, 0.6683, 0.7163, 0.7503, 0.6843, 0.7203, 0.6963, 0.7357, 0.6727, 0.7237, 0.7713, 0.745, 0.7537, 0.6657, 0.7303, 0.6983, 0.7217, 0.758, 0.7137, 0.7083, 0.737, 0.7137, 0.6763, 0.7333, 0.737, 0.7663, 0.7993, 0.756, 0.7797, 0.7777, 0.6423, 0.7663, 0.7563, 0.76, 0.757, 0.7253, 0.704, 0.685, 0.741, 0.7203, 0.768, 0.763, 0.798, 0.7443, 0.7517, 0.8207, 0.7817, 0.741, 0.777, 0.8197, 0.802, 0.7913, 0.7897, 0.797, 0.7283, 0.7297, 0.7423, 0.754, 0.753, 0.7427, 0.7477, 0.7903, 0.7483, 0.819, 0.756, 0.777, 0.7617, 0.7783, 0.7697, 0.8207, 0.8157, 0.8193, 0.818, 0.8227, 0.7997, 0.829, 0.8043, 0.7857, 0.759, 0.7903, 0.8063, 0.7903, 0.8133, 0.797, 0.7973, 0.8103, 0.7923, 0.8067, 0.8037, 0.7947, 0.7883, 0.8167, 0.7607, 0.8027, 0.8107, 0.8537, 0.8093, 0.8377, 0.7877, 0.7997, 0.7943, 0.7747, 0.785, 0.7683, 0.798, 0.805, 0.8103, 0.775, 0.7813, 0.7873, 0.7883, 0.817, 0.8223, 0.8163, 0.8113, 0.8097, 0.7707, 0.8393, 0.85, 0.817, 0.8247, 0.8257, 0.843, 0.84, 0.849, 0.8357, 0.8043, 0.814, 0.7757, 0.8057, 0.8393, 0.842, 0.8367, 0.817, 0.833, 0.846]
2026-08-19 16:16:04,211 - FINAL_A_r200.log - INFO - === Head-Tail Evaluation ===
2026-08-19 16:16:04,211 - FINAL_A_r200.log - INFO - Head Accuracy: 0.5984
2026-08-19 16:16:04,211 - FINAL_A_r200.log - INFO - Tail Accuracy: 0.8460
2026-08-19 16:16:17,441 - FINAL_A_r200.log - INFO - ========== FINISHED ==========
2026-08-19 16:16:17,441 - FINAL_A_r200.log - INFO - Final Global: 0.6727
2026-08-19 16:16:17,441 - FINAL_A_r200.log - INFO - Final Head: 0.5984
2026-08-19 16:16:17,441 - FINAL_A_r200.log - INFO - Final Tail: 0.8460
2026-08-19 16:16:17,441 - FINAL_A_r200.log - INFO - Best Tail: 0.8537 @ round 160
