2026-08-19 12:36:06,327 - FINAL_S_r200.log - INFO - ========== THESIS FINAL FedLF S/C/A ABLATION ==========\nvariant=s | S=ON | C=OFF | A=OFF\nimb_factor:0.01, non_iid:0.5, rs_alpha:0.5\nlr_local_training:0.1 (fixed FedLF baseline LR)\nnum_rounds:200, local_epochs:10\nbatch_size_local_training:32\nnum_online_clients:8\nS semantic_epsilon:0.75\nC confidence_alpha:0.7, warmup:30\nA server_tail_agg_weight:1.5\nbaseline:AdaptiveLogit+LocalCenters+FedDecorr+FedAvg\nformal_protocol:no_test_rollback\n
2026-08-19 12:36:11,842 - FINAL_S_r200.log - INFO - Global class counts: [5000, 2997, 1796, 1077, 645, 387, 232, 139, 83, 50]
2026-08-19 12:36:11,842 - FINAL_S_r200.log - INFO - Tail classes (<200): [7, 8, 9]
2026-08-19 12:36:11,875 - FINAL_S_r200.log - INFO - Round 1 S-diagnostic | score_mean 0.8248 | selected_tail_fraction 0.0314 | participation_range 0-1
2026-08-19 12:36:11,877 - FINAL_S_r200.log - INFO - Round 1 selected clients: [0, 1, 5, 6, 9, 16, 18, 19]
2026-08-19 12:36:32,178 - FINAL_S_r200.log - INFO - Round 1 | Global 0.1433 | Head 0.2047 | Tail 0.0000 | Many 0.4077 | Medium 0.0525 | Few 0.0000 | best_tail 0.0000@1 | rollback=False
2026-08-19 12:36:32,178 - FINAL_S_r200.log - INFO - Round 2 S-diagnostic | score_mean 0.6611 | selected_tail_fraction 0.0210 | participation_range 0-2
2026-08-19 12:36:32,178 - FINAL_S_r200.log - INFO - Round 2 selected clients: [0, 2, 5, 8, 11, 14, 15, 19]
2026-08-19 12:36:51,893 - FINAL_S_r200.log - INFO - Round 2 | Global 0.2140 | Head 0.3057 | Tail 0.0000 | Many 0.5720 | Medium 0.1060 | Few 0.0000 | best_tail 0.0000@2 | rollback=False
2026-08-19 12:36:51,893 - FINAL_S_r200.log - INFO - Round 3 S-diagnostic | score_mean 0.6546 | selected_tail_fraction 0.0214 | participation_range 0-3
2026-08-19 12:36:51,893 - FINAL_S_r200.log - INFO - Round 3 selected clients: [0, 2, 5, 6, 7, 9, 11, 14]
2026-08-19 12:37:11,343 - FINAL_S_r200.log - INFO - Round 3 | Global 0.2534 | Head 0.3620 | Tail 0.0000 | Many 0.6503 | Medium 0.1457 | Few 0.0000 | best_tail 0.0000@3 | rollback=False
2026-08-19 12:37:11,343 - FINAL_S_r200.log - INFO - Round 4 S-diagnostic | score_mean 0.7797 | selected_tail_fraction 0.0276 | participation_range 0-4
2026-08-19 12:37:11,343 - FINAL_S_r200.log - INFO - Round 4 selected clients: [0, 1, 3, 9, 11, 15, 17, 18]
2026-08-19 12:37:31,268 - FINAL_S_r200.log - INFO - Round 4 | Global 0.2909 | Head 0.4156 | Tail 0.0000 | Many 0.7457 | Medium 0.1680 | Few 0.0000 | best_tail 0.0000@4 | rollback=False
2026-08-19 12:37:31,268 - FINAL_S_r200.log - INFO - Round 5 S-diagnostic | score_mean 0.7359 | selected_tail_fraction 0.0252 | participation_range 0-5
2026-08-19 12:37:31,268 - FINAL_S_r200.log - INFO - Round 5 selected clients: [0, 2, 3, 5, 10, 12, 13, 18]
2026-08-19 12:37:50,906 - FINAL_S_r200.log - INFO - Round 5 | Global 0.3034 | Head 0.4334 | Tail 0.0000 | Many 0.7547 | Medium 0.1925 | Few 0.0000 | best_tail 0.0000@5 | rollback=False
2026-08-19 12:37:50,906 - FINAL_S_r200.log - INFO - Round 6 S-diagnostic | score_mean 0.7678 | selected_tail_fraction 0.0355 | participation_range 1-5
2026-08-19 12:37:50,906 - FINAL_S_r200.log - INFO - Round 6 selected clients: [1, 3, 4, 5, 6, 7, 18, 19]
2026-08-19 12:38:12,626 - FINAL_S_r200.log - INFO - Round 6 | Global 0.3394 | Head 0.4849 | Tail 0.0000 | Many 0.7260 | Medium 0.3040 | Few 0.0000 | best_tail 0.0000@6 | rollback=False
2026-08-19 12:38:12,636 - FINAL_S_r200.log - INFO - Round 7 S-diagnostic | score_mean 0.6827 | selected_tail_fraction 0.0226 | participation_range 1-5
2026-08-19 12:38:12,636 - FINAL_S_r200.log - INFO - Round 7 selected clients: [2, 6, 7, 11, 12, 14, 15, 18]
2026-08-19 12:38:34,696 - FINAL_S_r200.log - INFO - Round 7 | Global 0.3525 | Head 0.5036 | Tail 0.0000 | Many 0.7017 | Medium 0.3550 | Few 0.0000 | best_tail 0.0000@7 | rollback=False
2026-08-19 12:38:34,706 - FINAL_S_r200.log - INFO - Round 8 S-diagnostic | score_mean 0.8508 | selected_tail_fraction 0.0304 | participation_range 1-6
2026-08-19 12:38:34,706 - FINAL_S_r200.log - INFO - Round 8 selected clients: [1, 2, 4, 6, 12, 15, 18, 19]
2026-08-19 12:38:56,930 - FINAL_S_r200.log - INFO - Round 8 | Global 0.3587 | Head 0.5123 | Tail 0.0003 | Many 0.6997 | Medium 0.3718 | Few 0.0003 | best_tail 0.0003@8 | rollback=False
2026-08-19 12:38:56,930 - FINAL_S_r200.log - INFO - Round 9 S-diagnostic | score_mean 0.7214 | selected_tail_fraction 0.0214 | participation_range 1-7
2026-08-19 12:38:56,932 - FINAL_S_r200.log - INFO - Round 9 selected clients: [0, 4, 8, 9, 15, 16, 17, 18]
2026-08-19 12:39:18,807 - FINAL_S_r200.log - INFO - Round 9 | Global 0.3524 | Head 0.5034 | Tail 0.0000 | Many 0.8220 | Medium 0.2645 | Few 0.0000 | best_tail 0.0003@8 | rollback=False
2026-08-19 12:39:18,810 - FINAL_S_r200.log - INFO - Round 10 S-diagnostic | score_mean 0.5842 | selected_tail_fraction 0.0101 | participation_range 1-7
2026-08-19 12:39:18,810 - FINAL_S_r200.log - INFO - Round 10 selected clients: [1, 4, 7, 11, 12, 14, 16, 17]
2026-08-19 12:39:40,180 - FINAL_S_r200.log - INFO - Round 10 | Global 0.3309 | Head 0.4727 | Tail 0.0000 | Many 0.7967 | Medium 0.2298 | Few 0.0000 | best_tail 0.0003@8 | rollback=False
2026-08-19 12:39:40,213 - FINAL_S_r200.log - INFO - Global Accuracy: [0.1433, 0.214, 0.2534, 0.2909, 0.3034, 0.3394, 0.3525, 0.3587, 0.3524, 0.3309]
2026-08-19 12:39:40,213 - FINAL_S_r200.log - INFO - Majority Class Accuracy: [0.4077, 0.572, 0.6503, 0.7457, 0.7547, 0.726, 0.7017, 0.6997, 0.822, 0.7967]
2026-08-19 12:39:40,213 - FINAL_S_r200.log - INFO - Medium Class Accuracy: [0.0525, 0.106, 0.1457, 0.168, 0.1925, 0.304, 0.355, 0.3718, 0.2645, 0.2298]
2026-08-19 12:39:40,213 - FINAL_S_r200.log - INFO - Minority Class Accuracy: [0.0, 0.0, 0.0, 0.0, 0.0, 0.0, 0.0, 0.0003, 0.0, 0.0]
2026-08-19 12:39:40,213 - FINAL_S_r200.log - INFO - === Head-Tail Evaluation ===
2026-08-19 12:39:40,213 - FINAL_S_r200.log - INFO - Head Accuracy: 0.4727
2026-08-19 12:39:40,214 - FINAL_S_r200.log - INFO - Tail Accuracy: 0.0000
2026-08-19 12:39:56,520 - FINAL_S_r200.log - INFO - Round 11 S-diagnostic | score_mean 0.6678 | selected_tail_fraction 0.0292 | participation_range 1-8
2026-08-19 12:39:56,521 - FINAL_S_r200.log - INFO - Round 11 selected clients: [5, 6, 8, 11, 13, 16, 18, 19]
2026-08-19 12:40:18,449 - FINAL_S_r200.log - INFO - Round 11 | Global 0.3917 | Head 0.5460 | Tail 0.0317 | Many 0.8170 | Medium 0.3427 | Few 0.0317 | best_tail 0.0317@11 | rollback=False
2026-08-19 12:40:18,451 - FINAL_S_r200.log - INFO - Round 12 S-diagnostic | score_mean 0.6217 | selected_tail_fraction 0.0123 | participation_range 1-8
2026-08-19 12:40:18,451 - FINAL_S_r200.log - INFO - Round 12 selected clients: [1, 8, 9, 12, 13, 14, 16, 17]
2026-08-19 12:40:40,292 - FINAL_S_r200.log - INFO - Round 12 | Global 0.3532 | Head 0.5016 | Tail 0.0070 | Many 0.8433 | Medium 0.2452 | Few 0.0070 | best_tail 0.0317@11 | rollback=False
2026-08-19 12:40:40,301 - FINAL_S_r200.log - INFO - Round 13 S-diagnostic | score_mean 0.5989 | selected_tail_fraction 0.0179 | participation_range 1-8
2026-08-19 12:40:40,301 - FINAL_S_r200.log - INFO - Round 13 selected clients: [1, 4, 6, 7, 8, 12, 14, 17]
2026-08-19 12:41:02,305 - FINAL_S_r200.log - INFO - Round 13 | Global 0.4000 | Head 0.5471 | Tail 0.0567 | Many 0.7627 | Medium 0.3855 | Few 0.0567 | best_tail 0.0567@13 | rollback=False
2026-08-19 12:41:02,306 - FINAL_S_r200.log - INFO - Round 14 S-diagnostic | score_mean 0.7181 | selected_tail_fraction 0.0256 | participation_range 1-8
2026-08-19 12:41:02,306 - FINAL_S_r200.log - INFO - Round 14 selected clients: [2, 3, 4, 5, 6, 12, 13, 14]
2026-08-19 12:41:24,593 - FINAL_S_r200.log - INFO - Round 14 | Global 0.4232 | Head 0.5911 | Tail 0.0313 | Many 0.7683 | Medium 0.4582 | Few 0.0313 | best_tail 0.0567@13 | rollback=False
2026-08-19 12:41:24,593 - FINAL_S_r200.log - INFO - Round 15 S-diagnostic | score_mean 0.6997 | selected_tail_fraction 0.0312 | participation_range 2-9
2026-08-19 12:41:24,593 - FINAL_S_r200.log - INFO - Round 15 selected clients: [3, 4, 6, 8, 10, 15, 18, 19]
2026-08-19 12:41:45,222 - FINAL_S_r200.log - INFO - Round 15 | Global 0.4301 | Head 0.5933 | Tail 0.0493 | Many 0.7800 | Medium 0.4532 | Few 0.0493 | best_tail 0.0567@13 | rollback=False
2026-08-19 12:41:45,222 - FINAL_S_r200.log - INFO - Round 16 S-diagnostic | score_mean 0.7322 | selected_tail_fraction 0.0276 | participation_range 2-10
2026-08-19 12:41:45,222 - FINAL_S_r200.log - INFO - Round 16 selected clients: [0, 6, 9, 12, 13, 14, 17, 18]
2026-08-19 12:42:05,107 - FINAL_S_r200.log - INFO - Round 16 | Global 0.4342 | Head 0.5877 | Tail 0.0760 | Many 0.7920 | Medium 0.4345 | Few 0.0760 | best_tail 0.0760@16 | rollback=False
2026-08-19 12:42:05,112 - FINAL_S_r200.log - INFO - Round 17 S-diagnostic | score_mean 0.6173 | selected_tail_fraction 0.0163 | participation_range 3-11
2026-08-19 12:42:05,112 - FINAL_S_r200.log - INFO - Round 17 selected clients: [1, 3, 6, 9, 10, 13, 14, 16]
2026-08-19 12:42:25,302 - FINAL_S_r200.log - INFO - Round 17 | Global 0.4148 | Head 0.5563 | Tail 0.0847 | Many 0.8343 | Medium 0.3478 | Few 0.0847 | best_tail 0.0847@17 | rollback=False
2026-08-19 12:42:25,304 - FINAL_S_r200.log - INFO - Round 18 S-diagnostic | score_mean 0.6639 | selected_tail_fraction 0.0141 | participation_range 4-11
2026-08-19 12:42:25,304 - FINAL_S_r200.log - INFO - Round 18 selected clients: [4, 9, 10, 12, 13, 15, 16, 17]
2026-08-19 12:42:45,297 - FINAL_S_r200.log - INFO - Round 18 | Global 0.4330 | Head 0.6076 | Tail 0.0257 | Many 0.8153 | Medium 0.4517 | Few 0.0257 | best_tail 0.0847@17 | rollback=False
2026-08-19 12:42:45,298 - FINAL_S_r200.log - INFO - Round 19 S-diagnostic | score_mean 0.6725 | selected_tail_fraction 0.0115 | participation_range 4-11
2026-08-19 12:42:45,298 - FINAL_S_r200.log - INFO - Round 19 selected clients: [0, 1, 2, 4, 5, 8, 11, 12]
2026-08-19 12:43:05,010 - FINAL_S_r200.log - INFO - Round 19 | Global 0.4268 | Head 0.5951 | Tail 0.0340 | Many 0.8007 | Medium 0.4410 | Few 0.0340 | best_tail 0.0847@17 | rollback=False
2026-08-19 12:43:05,010 - FINAL_S_r200.log - INFO - Round 20 S-diagnostic | score_mean 0.6474 | selected_tail_fraction 0.0300 | participation_range 4-11
2026-08-19 12:43:05,010 - FINAL_S_r200.log - INFO - Round 20 selected clients: [3, 4, 5, 7, 11, 14, 17, 19]
2026-08-19 12:43:24,983 - FINAL_S_r200.log - INFO - Round 20 | Global 0.4569 | Head 0.6139 | Tail 0.0907 | Many 0.7533 | Medium 0.5092 | Few 0.0907 | best_tail 0.0907@20 | rollback=False
2026-08-19 12:43:25,006 - FINAL_S_r200.log - INFO - Global Accuracy: [0.1433, 0.214, 0.2534, 0.2909, 0.3034, 0.3394, 0.3525, 0.3587, 0.3524, 0.3309, 0.3917, 0.3532, 0.4, 0.4232, 0.4301, 0.4342, 0.4148, 0.433, 0.4268, 0.4569]
2026-08-19 12:43:25,006 - FINAL_S_r200.log - INFO - Majority Class Accuracy: [0.4077, 0.572, 0.6503, 0.7457, 0.7547, 0.726, 0.7017, 0.6997, 0.822, 0.7967, 0.817, 0.8433, 0.7627, 0.7683, 0.78, 0.792, 0.8343, 0.8153, 0.8007, 0.7533]
2026-08-19 12:43:25,006 - FINAL_S_r200.log - INFO - Medium Class Accuracy: [0.0525, 0.106, 0.1457, 0.168, 0.1925, 0.304, 0.355, 0.3718, 0.2645, 0.2298, 0.3427, 0.2452, 0.3855, 0.4582, 0.4532, 0.4345, 0.3478, 0.4517, 0.441, 0.5092]
2026-08-19 12:43:25,006 - FINAL_S_r200.log - INFO - Minority Class Accuracy: [0.0, 0.0, 0.0, 0.0, 0.0, 0.0, 0.0, 0.0003, 0.0, 0.0, 0.0317, 0.007, 0.0567, 0.0313, 0.0493, 0.076, 0.0847, 0.0257, 0.034, 0.0907]
2026-08-19 12:43:25,006 - FINAL_S_r200.log - INFO - === Head-Tail Evaluation ===
2026-08-19 12:43:25,006 - FINAL_S_r200.log - INFO - Head Accuracy: 0.6139
2026-08-19 12:43:25,006 - FINAL_S_r200.log - INFO - Tail Accuracy: 0.0907
2026-08-19 12:43:40,817 - FINAL_S_r200.log - INFO - Round 21 S-diagnostic | score_mean 0.6789 | selected_tail_fraction 0.0254 | participation_range 4-11
2026-08-19 12:43:40,817 - FINAL_S_r200.log - INFO - Round 21 selected clients: [3, 4, 7, 14, 15, 16, 17, 18]
2026-08-19 12:44:02,439 - FINAL_S_r200.log - INFO - Round 21 | Global 0.4698 | Head 0.6237 | Tail 0.1107 | Many 0.7793 | Medium 0.5070 | Few 0.1107 | best_tail 0.1107@21 | rollback=False
2026-08-19 12:44:02,441 - FINAL_S_r200.log - INFO - Round 22 S-diagnostic | score_mean 0.6803 | selected_tail_fraction 0.0203 | participation_range 5-12
2026-08-19 12:44:02,441 - FINAL_S_r200.log - INFO - Round 22 selected clients: [0, 3, 4, 5, 10, 12, 14, 19]
2026-08-19 12:44:23,573 - FINAL_S_r200.log - INFO - Round 22 | Global 0.4352 | Head 0.5981 | Tail 0.0550 | Many 0.7573 | Medium 0.4788 | Few 0.0550 | best_tail 0.1107@21 | rollback=False
2026-08-19 12:44:23,578 - FINAL_S_r200.log - INFO - Round 23 S-diagnostic | score_mean 0.7603 | selected_tail_fraction 0.0173 | participation_range 5-13
2026-08-19 12:44:23,578 - FINAL_S_r200.log - INFO - Round 23 selected clients: [1, 2, 4, 7, 9, 12, 15, 19]
2026-08-19 12:44:43,615 - FINAL_S_r200.log - INFO - Round 23 | Global 0.4624 | Head 0.6286 | Tail 0.0747 | Many 0.7533 | Medium 0.5350 | Few 0.0747 | best_tail 0.1107@21 | rollback=False
2026-08-19 12:44:43,615 - FINAL_S_r200.log - INFO - Round 24 S-diagnostic | score_mean 0.7478 | selected_tail_fraction 0.0324 | participation_range 5-13
2026-08-19 12:44:43,615 - FINAL_S_r200.log - INFO - Round 24 selected clients: [3, 5, 6, 9, 11, 12, 14, 17]
2026-08-19 12:45:03,612 - FINAL_S_r200.log - INFO - Round 24 | Global 0.5062 | Head 0.6500 | Tail 0.1707 | Many 0.7743 | Medium 0.5567 | Few 0.1707 | best_tail 0.1707@24 | rollback=False
2026-08-19 12:45:03,612 - FINAL_S_r200.log - INFO - Round 25 S-diagnostic | score_mean 0.6225 | selected_tail_fraction 0.0240 | participation_range 5-14
2026-08-19 12:45:03,620 - FINAL_S_r200.log - INFO - Round 25 selected clients: [0, 3, 4, 7, 11, 13, 17, 19]
2026-08-19 12:45:23,079 - FINAL_S_r200.log - INFO - Round 25 | Global 0.4934 | Head 0.6384 | Tail 0.1550 | Many 0.8063 | Medium 0.5125 | Few 0.1550 | best_tail 0.1707@24 | rollback=False
2026-08-19 12:45:23,081 - FINAL_S_r200.log - INFO - Round 26 S-diagnostic | score_mean 0.5477 | selected_tail_fraction 0.0177 | participation_range 5-14
2026-08-19 12:45:23,081 - FINAL_S_r200.log - INFO - Round 26 selected clients: [1, 6, 7, 8, 13, 14, 16, 17]
2026-08-19 12:45:42,030 - FINAL_S_r200.log - INFO - Round 26 | Global 0.4686 | Head 0.6126 | Tail 0.1327 | Many 0.8163 | Medium 0.4597 | Few 0.1327 | best_tail 0.1707@24 | rollback=False
2026-08-19 12:45:42,030 - FINAL_S_r200.log - INFO - Round 27 S-diagnostic | score_mean 0.5589 | selected_tail_fraction 0.0181 | participation_range 6-14
2026-08-19 12:45:42,030 - FINAL_S_r200.log - INFO - Round 27 selected clients: [5, 7, 8, 9, 10, 13, 16, 17]
2026-08-19 12:46:01,159 - FINAL_S_r200.log - INFO - Round 27 | Global 0.4787 | Head 0.6241 | Tail 0.1393 | Many 0.8290 | Medium 0.4705 | Few 0.1393 | best_tail 0.1707@24 | rollback=False
2026-08-19 12:46:01,159 - FINAL_S_r200.log - INFO - Round 28 S-diagnostic | score_mean 0.6672 | selected_tail_fraction 0.0155 | participation_range 7-15
2026-08-19 12:46:01,169 - FINAL_S_r200.log - INFO - Round 28 selected clients: [0, 2, 4, 6, 7, 9, 10, 12]
2026-08-19 12:46:20,571 - FINAL_S_r200.log - INFO - Round 28 | Global 0.4919 | Head 0.6521 | Tail 0.1180 | Many 0.8173 | Medium 0.5282 | Few 0.1180 | best_tail 0.1707@24 | rollback=False
2026-08-19 12:46:20,571 - FINAL_S_r200.log - INFO - Round 29 S-diagnostic | score_mean 0.6228 | selected_tail_fraction 0.0300 | participation_range 8-16
2026-08-19 12:46:20,571 - FINAL_S_r200.log - INFO - Round 29 selected clients: [3, 4, 5, 6, 7, 10, 14, 17]
2026-08-19 12:46:39,982 - FINAL_S_r200.log - INFO - Round 29 | Global 0.5053 | Head 0.6509 | Tail 0.1657 | Many 0.7873 | Medium 0.5485 | Few 0.1657 | best_tail 0.1707@24 | rollback=False
2026-08-19 12:46:39,982 - FINAL_S_r200.log - INFO - Round 30 S-diagnostic | score_mean 0.7032 | selected_tail_fraction 0.0274 | participation_range 8-16
2026-08-19 12:46:39,982 - FINAL_S_r200.log - INFO - Round 30 selected clients: [0, 6, 11, 14, 15, 16, 17, 19]
2026-08-19 12:47:00,040 - FINAL_S_r200.log - INFO - Round 30 | Global 0.5117 | Head 0.6337 | Tail 0.2270 | Many 0.8370 | Medium 0.4813 | Few 0.2270 | best_tail 0.2270@30 | rollback=False
2026-08-19 12:47:00,058 - FINAL_S_r200.log - INFO - Global Accuracy: [0.1433, 0.214, 0.2534, 0.2909, 0.3034, 0.3394, 0.3525, 0.3587, 0.3524, 0.3309, 0.3917, 0.3532, 0.4, 0.4232, 0.4301, 0.4342, 0.4148, 0.433, 0.4268, 0.4569, 0.4698, 0.4352, 0.4624, 0.5062, 0.4934, 0.4686, 0.4787, 0.4919, 0.5053, 0.5117]
2026-08-19 12:47:00,058 - FINAL_S_r200.log - INFO - Majority Class Accuracy: [0.4077, 0.572, 0.6503, 0.7457, 0.7547, 0.726, 0.7017, 0.6997, 0.822, 0.7967, 0.817, 0.8433, 0.7627, 0.7683, 0.78, 0.792, 0.8343, 0.8153, 0.8007, 0.7533, 0.7793, 0.7573, 0.7533, 0.7743, 0.8063, 0.8163, 0.829, 0.8173, 0.7873, 0.837]
2026-08-19 12:47:00,058 - FINAL_S_r200.log - INFO - Medium Class Accuracy: [0.0525, 0.106, 0.1457, 0.168, 0.1925, 0.304, 0.355, 0.3718, 0.2645, 0.2298, 0.3427, 0.2452, 0.3855, 0.4582, 0.4532, 0.4345, 0.3478, 0.4517, 0.441, 0.5092, 0.507, 0.4788, 0.535, 0.5567, 0.5125, 0.4597, 0.4705, 0.5282, 0.5485, 0.4813]
2026-08-19 12:47:00,058 - FINAL_S_r200.log - INFO - Minority Class Accuracy: [0.0, 0.0, 0.0, 0.0, 0.0, 0.0, 0.0, 0.0003, 0.0, 0.0, 0.0317, 0.007, 0.0567, 0.0313, 0.0493, 0.076, 0.0847, 0.0257, 0.034, 0.0907, 0.1107, 0.055, 0.0747, 0.1707, 0.155, 0.1327, 0.1393, 0.118, 0.1657, 0.227]
2026-08-19 12:47:00,058 - FINAL_S_r200.log - INFO - === Head-Tail Evaluation ===
2026-08-19 12:47:00,058 - FINAL_S_r200.log - INFO - Head Accuracy: 0.6337
2026-08-19 12:47:00,058 - FINAL_S_r200.log - INFO - Tail Accuracy: 0.2270
2026-08-19 12:47:13,286 - FINAL_S_r200.log - INFO - Round 31 S-diagnostic | score_mean 0.5441 | selected_tail_fraction 0.0054 | participation_range 9-16
2026-08-19 12:47:13,286 - FINAL_S_r200.log - INFO - Round 31 selected clients: [1, 2, 7, 8, 10, 12, 13, 16]
2026-08-19 12:47:34,198 - FINAL_S_r200.log - INFO - Round 31 | Global 0.4943 | Head 0.6423 | Tail 0.1490 | Many 0.8233 | Medium 0.5065 | Few 0.1490 | best_tail 0.2270@30 | rollback=False
2026-08-19 12:47:34,199 - FINAL_S_r200.log - INFO - Round 32 S-diagnostic | score_mean 0.7017 | selected_tail_fraction 0.0159 | participation_range 9-16
2026-08-19 12:47:34,199 - FINAL_S_r200.log - INFO - Round 32 selected clients: [0, 1, 5, 7, 12, 13, 15, 19]
2026-08-19 12:47:55,823 - FINAL_S_r200.log - INFO - Round 32 | Global 0.5096 | Head 0.6507 | Tail 0.1803 | Many 0.8010 | Medium 0.5380 | Few 0.1803 | best_tail 0.2270@30 | rollback=False
2026-08-19 12:47:55,823 - FINAL_S_r200.log - INFO - Round 33 S-diagnostic | score_mean 0.6057 | selected_tail_fraction 0.0173 | participation_range 9-17
2026-08-19 12:47:55,823 - FINAL_S_r200.log - INFO - Round 33 selected clients: [1, 4, 8, 11, 13, 16, 17, 18]
2026-08-19 12:48:17,214 - FINAL_S_r200.log - INFO - Round 33 | Global 0.4856 | Head 0.6311 | Tail 0.1460 | Many 0.8120 | Medium 0.4955 | Few 0.1460 | best_tail 0.2270@30 | rollback=False
2026-08-19 12:48:17,223 - FINAL_S_r200.log - INFO - Round 34 S-diagnostic | score_mean 0.6490 | selected_tail_fraction 0.0214 | participation_range 10-17
2026-08-19 12:48:17,223 - FINAL_S_r200.log - INFO - Round 34 selected clients: [1, 8, 9, 10, 14, 15, 17, 18]
2026-08-19 12:48:38,861 - FINAL_S_r200.log - INFO - Round 34 | Global 0.4984 | Head 0.6457 | Tail 0.1547 | Many 0.7840 | Medium 0.5420 | Few 0.1547 | best_tail 0.2270@30 | rollback=False
2026-08-19 12:48:38,861 - FINAL_S_r200.log - INFO - Round 35 S-diagnostic | score_mean 0.6732 | selected_tail_fraction 0.0103 | participation_range 10-17
2026-08-19 12:48:38,861 - FINAL_S_r200.log - INFO - Round 35 selected clients: [0, 1, 6, 9, 11, 12, 13, 16]
2026-08-19 12:49:00,397 - FINAL_S_r200.log - INFO - Round 35 | Global 0.4804 | Head 0.6239 | Tail 0.1457 | Many 0.8207 | Medium 0.4763 | Few 0.1457 | best_tail 0.2270@30 | rollback=False
2026-08-19 12:49:00,398 - FINAL_S_r200.log - INFO - Round 36 S-diagnostic | score_mean 0.6602 | selected_tail_fraction 0.0254 | participation_range 10-18
2026-08-19 12:49:00,398 - FINAL_S_r200.log - INFO - Round 36 selected clients: [1, 6, 7, 8, 9, 13, 18, 19]
2026-08-19 12:49:21,882 - FINAL_S_r200.log - INFO - Round 36 | Global 0.5551 | Head 0.6417 | Tail 0.3530 | Many 0.7783 | Medium 0.5393 | Few 0.3530 | best_tail 0.3530@36 | rollback=False
2026-08-19 12:49:21,890 - FINAL_S_r200.log - INFO - Round 37 S-diagnostic | score_mean 0.7280 | selected_tail_fraction 0.0199 | participation_range 11-18
2026-08-19 12:49:21,890 - FINAL_S_r200.log - INFO - Round 37 selected clients: [1, 2, 3, 5, 9, 10, 12, 14]
2026-08-19 12:49:43,582 - FINAL_S_r200.log - INFO - Round 37 | Global 0.5542 | Head 0.6806 | Tail 0.2593 | Many 0.7857 | Medium 0.6018 | Few 0.2593 | best_tail 0.3530@36 | rollback=False
2026-08-19 12:49:43,582 - FINAL_S_r200.log - INFO - Round 38 S-diagnostic | score_mean 0.7154 | selected_tail_fraction 0.0232 | participation_range 11-19
2026-08-19 12:49:43,582 - FINAL_S_r200.log - INFO - Round 38 selected clients: [0, 2, 5, 7, 8, 12, 15, 17]
2026-08-19 12:50:05,228 - FINAL_S_r200.log - INFO - Round 38 | Global 0.5384 | Head 0.6766 | Tail 0.2160 | Many 0.7893 | Medium 0.5920 | Few 0.2160 | best_tail 0.3530@36 | rollback=False
2026-08-19 12:50:05,228 - FINAL_S_r200.log - INFO - Round 39 S-diagnostic | score_mean 0.6324 | selected_tail_fraction 0.0258 | participation_range 12-19
2026-08-19 12:50:05,228 - FINAL_S_r200.log - INFO - Round 39 selected clients: [0, 3, 6, 7, 10, 11, 15, 17]
2026-08-19 12:50:26,752 - FINAL_S_r200.log - INFO - Round 39 | Global 0.5387 | Head 0.6691 | Tail 0.2343 | Many 0.8050 | Medium 0.5673 | Few 0.2343 | best_tail 0.3530@36 | rollback=False
2026-08-19 12:50:26,753 - FINAL_S_r200.log - INFO - Round 40 S-diagnostic | score_mean 0.6509 | selected_tail_fraction 0.0268 | participation_range 12-20
2026-08-19 12:50:26,753 - FINAL_S_r200.log - INFO - Round 40 selected clients: [2, 3, 6, 7, 8, 14, 16, 18]
2026-08-19 12:50:48,381 - FINAL_S_r200.log - INFO - Round 40 | Global 0.5862 | Head 0.6793 | Tail 0.3690 | Many 0.7790 | Medium 0.6045 | Few 0.3690 | best_tail 0.3690@40 | rollback=False
2026-08-19 12:50:48,401 - FINAL_S_r200.log - INFO - Global Accuracy: [0.1433, 0.214, 0.2534, 0.2909, 0.3034, 0.3394, 0.3525, 0.3587, 0.3524, 0.3309, 0.3917, 0.3532, 0.4, 0.4232, 0.4301, 0.4342, 0.4148, 0.433, 0.4268, 0.4569, 0.4698, 0.4352, 0.4624, 0.5062, 0.4934, 0.4686, 0.4787, 0.4919, 0.5053, 0.5117, 0.4943, 0.5096, 0.4856, 0.4984, 0.4804, 0.5551, 0.5542, 0.5384, 0.5387, 0.5862]
2026-08-19 12:50:48,401 - FINAL_S_r200.log - INFO - Majority Class Accuracy: [0.4077, 0.572, 0.6503, 0.7457, 0.7547, 0.726, 0.7017, 0.6997, 0.822, 0.7967, 0.817, 0.8433, 0.7627, 0.7683, 0.78, 0.792, 0.8343, 0.8153, 0.8007, 0.7533, 0.7793, 0.7573, 0.7533, 0.7743, 0.8063, 0.8163, 0.829, 0.8173, 0.7873, 0.837, 0.8233, 0.801, 0.812, 0.784, 0.8207, 0.7783, 0.7857, 0.7893, 0.805, 0.779]
2026-08-19 12:50:48,401 - FINAL_S_r200.log - INFO - Medium Class Accuracy: [0.0525, 0.106, 0.1457, 0.168, 0.1925, 0.304, 0.355, 0.3718, 0.2645, 0.2298, 0.3427, 0.2452, 0.3855, 0.4582, 0.4532, 0.4345, 0.3478, 0.4517, 0.441, 0.5092, 0.507, 0.4788, 0.535, 0.5567, 0.5125, 0.4597, 0.4705, 0.5282, 0.5485, 0.4813, 0.5065, 0.538, 0.4955, 0.542, 0.4763, 0.5393, 0.6018, 0.592, 0.5673, 0.6045]
2026-08-19 12:50:48,401 - FINAL_S_r200.log - INFO - Minority Class Accuracy: [0.0, 0.0, 0.0, 0.0, 0.0, 0.0, 0.0, 0.0003, 0.0, 0.0, 0.0317, 0.007, 0.0567, 0.0313, 0.0493, 0.076, 0.0847, 0.0257, 0.034, 0.0907, 0.1107, 0.055, 0.0747, 0.1707, 0.155, 0.1327, 0.1393, 0.118, 0.1657, 0.227, 0.149, 0.1803, 0.146, 0.1547, 0.1457, 0.353, 0.2593, 0.216, 0.2343, 0.369]
2026-08-19 12:50:48,401 - FINAL_S_r200.log - INFO - === Head-Tail Evaluation ===
2026-08-19 12:50:48,401 - FINAL_S_r200.log - INFO - Head Accuracy: 0.6793
2026-08-19 12:50:48,402 - FINAL_S_r200.log - INFO - Tail Accuracy: 0.3690
2026-08-19 12:51:01,618 - FINAL_S_r200.log - INFO - Round 41 S-diagnostic | score_mean 0.5659 | selected_tail_fraction 0.0155 | participation_range 13-20
2026-08-19 12:51:01,618 - FINAL_S_r200.log - INFO - Round 41 selected clients: [1, 3, 7, 8, 10, 14, 15, 18]
2026-08-19 12:51:23,604 - FINAL_S_r200.log - INFO - Round 41 | Global 0.5446 | Head 0.6576 | Tail 0.2810 | Many 0.7983 | Medium 0.5520 | Few 0.2810 | best_tail 0.3690@40 | rollback=False
2026-08-19 12:51:23,604 - FINAL_S_r200.log - INFO - Round 42 S-diagnostic | score_mean 0.7851 | selected_tail_fraction 0.0351 | participation_range 14-21
2026-08-19 12:51:23,604 - FINAL_S_r200.log - INFO - Round 42 selected clients: [2, 3, 4, 5, 6, 10, 15, 19]
2026-08-19 12:51:45,842 - FINAL_S_r200.log - INFO - Round 42 | Global 0.6076 | Head 0.6729 | Tail 0.4553 | Many 0.7883 | Medium 0.5863 | Few 0.4553 | best_tail 0.4553@42 | rollback=False
2026-08-19 12:51:45,843 - FINAL_S_r200.log - INFO - Round 43 S-diagnostic | score_mean 0.6218 | selected_tail_fraction 0.0103 | participation_range 14-21
2026-08-19 12:51:45,844 - FINAL_S_r200.log - INFO - Round 43 selected clients: [0, 1, 8, 9, 10, 11, 12, 19]
2026-08-19 12:52:06,157 - FINAL_S_r200.log - INFO - Round 43 | Global 0.5731 | Head 0.6913 | Tail 0.2973 | Many 0.8050 | Medium 0.6060 | Few 0.2973 | best_tail 0.4553@42 | rollback=False
2026-08-19 12:52:06,158 - FINAL_S_r200.log - INFO - Round 44 S-diagnostic | score_mean 0.7157 | selected_tail_fraction 0.0173 | participation_range 14-21
2026-08-19 12:52:06,158 - FINAL_S_r200.log - INFO - Round 44 selected clients: [1, 11, 12, 14, 15, 16, 18, 19]
2026-08-19 12:52:26,117 - FINAL_S_r200.log - INFO - Round 44 | Global 0.5763 | Head 0.6937 | Tail 0.3023 | Many 0.8350 | Medium 0.5877 | Few 0.3023 | best_tail 0.4553@42 | rollback=False
2026-08-19 12:52:26,117 - FINAL_S_r200.log - INFO - Round 45 S-diagnostic | score_mean 0.8155 | selected_tail_fraction 0.0344 | participation_range 15-22
2026-08-19 12:52:26,117 - FINAL_S_r200.log - INFO - Round 45 selected clients: [0, 1, 2, 5, 6, 13, 18, 19]
2026-08-19 12:52:46,017 - FINAL_S_r200.log - INFO - Round 45 | Global 0.5951 | Head 0.6381 | Tail 0.4947 | Many 0.7590 | Medium 0.5475 | Few 0.4947 | best_tail 0.4947@45 | rollback=False
2026-08-19 12:52:46,017 - FINAL_S_r200.log - INFO - Round 46 S-diagnostic | score_mean 0.7279 | selected_tail_fraction 0.0290 | participation_range 15-23
2026-08-19 12:52:46,017 - FINAL_S_r200.log - INFO - Round 46 selected clients: [2, 3, 6, 7, 9, 14, 16, 18]
2026-08-19 12:53:05,767 - FINAL_S_r200.log - INFO - Round 46 | Global 0.5979 | Head 0.6640 | Tail 0.4437 | Many 0.8057 | Medium 0.5577 | Few 0.4437 | best_tail 0.4947@45 | rollback=False
2026-08-19 12:53:05,767 - FINAL_S_r200.log - INFO - Round 47 S-diagnostic | score_mean 0.7781 | selected_tail_fraction 0.0246 | participation_range 15-24
2026-08-19 12:53:05,775 - FINAL_S_r200.log - INFO - Round 47 selected clients: [1, 2, 4, 6, 9, 13, 15, 18]
2026-08-19 12:53:25,740 - FINAL_S_r200.log - INFO - Round 47 | Global 0.5756 | Head 0.6563 | Tail 0.3873 | Many 0.7800 | Medium 0.5635 | Few 0.3873 | best_tail 0.4947@45 | rollback=False
2026-08-19 12:53:25,740 - FINAL_S_r200.log - INFO - Round 48 S-diagnostic | score_mean 0.7537 | selected_tail_fraction 0.0298 | participation_range 16-25
2026-08-19 12:53:25,740 - FINAL_S_r200.log - INFO - Round 48 selected clients: [0, 3, 4, 5, 6, 9, 10, 18]
2026-08-19 12:53:45,590 - FINAL_S_r200.log - INFO - Round 48 | Global 0.6115 | Head 0.6831 | Tail 0.4443 | Many 0.7830 | Medium 0.6082 | Few 0.4443 | best_tail 0.4947@45 | rollback=False
2026-08-19 12:53:45,590 - FINAL_S_r200.log - INFO - Round 49 S-diagnostic | score_mean 0.6606 | selected_tail_fraction 0.0195 | participation_range 16-25
2026-08-19 12:53:45,590 - FINAL_S_r200.log - INFO - Round 49 selected clients: [1, 2, 3, 7, 8, 11, 12, 19]
2026-08-19 12:54:05,081 - FINAL_S_r200.log - INFO - Round 49 | Global 0.5935 | Head 0.6859 | Tail 0.3780 | Many 0.8197 | Medium 0.5855 | Few 0.3780 | best_tail 0.4947@45 | rollback=False
2026-08-19 12:54:05,081 - FINAL_S_r200.log - INFO - Round 50 S-diagnostic | score_mean 0.6950 | selected_tail_fraction 0.0256 | participation_range 16-26
2026-08-19 12:54:05,081 - FINAL_S_r200.log - INFO - Round 50 selected clients: [6, 9, 11, 12, 13, 14, 18, 19]
2026-08-19 12:54:24,645 - FINAL_S_r200.log - INFO - Round 50 | Global 0.6264 | Head 0.6930 | Tail 0.4710 | Many 0.7563 | Medium 0.6455 | Few 0.4710 | best_tail 0.4947@45 | rollback=False
2026-08-19 12:54:24,673 - FINAL_S_r200.log - INFO - Global Accuracy: [0.1433, 0.214, 0.2534, 0.2909, 0.3034, 0.3394, 0.3525, 0.3587, 0.3524, 0.3309, 0.3917, 0.3532, 0.4, 0.4232, 0.4301, 0.4342, 0.4148, 0.433, 0.4268, 0.4569, 0.4698, 0.4352, 0.4624, 0.5062, 0.4934, 0.4686, 0.4787, 0.4919, 0.5053, 0.5117, 0.4943, 0.5096, 0.4856, 0.4984, 0.4804, 0.5551, 0.5542, 0.5384, 0.5387, 0.5862, 0.5446, 0.6076, 0.5731, 0.5763, 0.5951, 0.5979, 0.5756, 0.6115, 0.5935, 0.6264]
2026-08-19 12:54:24,673 - FINAL_S_r200.log - INFO - Majority Class Accuracy: [0.4077, 0.572, 0.6503, 0.7457, 0.7547, 0.726, 0.7017, 0.6997, 0.822, 0.7967, 0.817, 0.8433, 0.7627, 0.7683, 0.78, 0.792, 0.8343, 0.8153, 0.8007, 0.7533, 0.7793, 0.7573, 0.7533, 0.7743, 0.8063, 0.8163, 0.829, 0.8173, 0.7873, 0.837, 0.8233, 0.801, 0.812, 0.784, 0.8207, 0.7783, 0.7857, 0.7893, 0.805, 0.779, 0.7983, 0.7883, 0.805, 0.835, 0.759, 0.8057, 0.78, 0.783, 0.8197, 0.7563]
2026-08-19 12:54:24,673 - FINAL_S_r200.log - INFO - Medium Class Accuracy: [0.0525, 0.106, 0.1457, 0.168, 0.1925, 0.304, 0.355, 0.3718, 0.2645, 0.2298, 0.3427, 0.2452, 0.3855, 0.4582, 0.4532, 0.4345, 0.3478, 0.4517, 0.441, 0.5092, 0.507, 0.4788, 0.535, 0.5567, 0.5125, 0.4597, 0.4705, 0.5282, 0.5485, 0.4813, 0.5065, 0.538, 0.4955, 0.542, 0.4763, 0.5393, 0.6018, 0.592, 0.5673, 0.6045, 0.552, 0.5863, 0.606, 0.5877, 0.5475, 0.5577, 0.5635, 0.6082, 0.5855, 0.6455]
2026-08-19 12:54:24,673 - FINAL_S_r200.log - INFO - Minority Class Accuracy: [0.0, 0.0, 0.0, 0.0, 0.0, 0.0, 0.0, 0.0003, 0.0, 0.0, 0.0317, 0.007, 0.0567, 0.0313, 0.0493, 0.076, 0.0847, 0.0257, 0.034, 0.0907, 0.1107, 0.055, 0.0747, 0.1707, 0.155, 0.1327, 0.1393, 0.118, 0.1657, 0.227, 0.149, 0.1803, 0.146, 0.1547, 0.1457, 0.353, 0.2593, 0.216, 0.2343, 0.369, 0.281, 0.4553, 0.2973, 0.3023, 0.4947, 0.4437, 0.3873, 0.4443, 0.378, 0.471]
2026-08-19 12:54:24,673 - FINAL_S_r200.log - INFO - === Head-Tail Evaluation ===
2026-08-19 12:54:24,673 - FINAL_S_r200.log - INFO - Head Accuracy: 0.6930
2026-08-19 12:54:24,673 - FINAL_S_r200.log - INFO - Tail Accuracy: 0.4710
2026-08-19 12:54:37,454 - FINAL_S_r200.log - INFO - Round 51 S-diagnostic | score_mean 0.7383 | selected_tail_fraction 0.0216 | participation_range 17-26
2026-08-19 12:54:37,454 - FINAL_S_r200.log - INFO - Round 51 selected clients: [1, 2, 5, 9, 10, 12, 14, 19]
2026-08-19 12:54:57,187 - FINAL_S_r200.log - INFO - Round 51 | Global 0.6282 | Head 0.6984 | Tail 0.4643 | Many 0.7803 | Medium 0.6370 | Few 0.4643 | best_tail 0.4947@45 | rollback=False
2026-08-19 12:54:57,187 - FINAL_S_r200.log - INFO - Round 52 S-diagnostic | score_mean 0.7709 | selected_tail_fraction 0.0276 | participation_range 17-26
2026-08-19 12:54:57,187 - FINAL_S_r200.log - INFO - Round 52 selected clients: [4, 9, 11, 12, 16, 17, 18, 19]
2026-08-19 12:55:16,681 - FINAL_S_r200.log - INFO - Round 52 | Global 0.6245 | Head 0.7001 | Tail 0.4480 | Many 0.7980 | Medium 0.6268 | Few 0.4480 | best_tail 0.4947@45 | rollback=False
2026-08-19 12:55:16,681 - FINAL_S_r200.log - INFO - Round 53 S-diagnostic | score_mean 0.5812 | selected_tail_fraction 0.0163 | participation_range 17-26
2026-08-19 12:55:16,681 - FINAL_S_r200.log - INFO - Round 53 selected clients: [1, 3, 7, 8, 9, 11, 13, 19]
2026-08-19 12:55:35,697 - FINAL_S_r200.log - INFO - Round 53 | Global 0.6045 | Head 0.6796 | Tail 0.4293 | Many 0.8220 | Medium 0.5727 | Few 0.4293 | best_tail 0.4947@45 | rollback=False
2026-08-19 12:55:35,697 - FINAL_S_r200.log - INFO - Round 54 S-diagnostic | score_mean 0.6888 | selected_tail_fraction 0.0171 | participation_range 17-27
2026-08-19 12:55:35,699 - FINAL_S_r200.log - INFO - Round 54 selected clients: [1, 2, 7, 8, 12, 15, 16, 17]
2026-08-19 12:55:57,245 - FINAL_S_r200.log - INFO - Round 54 | Global 0.5904 | Head 0.7033 | Tail 0.3270 | Many 0.7940 | Medium 0.6352 | Few 0.3270 | best_tail 0.4947@45 | rollback=False
2026-08-19 12:55:57,245 - FINAL_S_r200.log - INFO - Round 55 S-diagnostic | score_mean 0.7793 | selected_tail_fraction 0.0282 | participation_range 17-27
2026-08-19 12:55:57,245 - FINAL_S_r200.log - INFO - Round 55 selected clients: [3, 6, 9, 11, 12, 15, 16, 17]
2026-08-19 12:56:18,944 - FINAL_S_r200.log - INFO - Round 55 | Global 0.6362 | Head 0.7100 | Tail 0.4640 | Many 0.8077 | Medium 0.6368 | Few 0.4640 | best_tail 0.4947@45 | rollback=False
2026-08-19 12:56:18,954 - FINAL_S_r200.log - INFO - Round 56 S-diagnostic | score_mean 0.6187 | selected_tail_fraction 0.0177 | participation_range 17-27
2026-08-19 12:56:18,954 - FINAL_S_r200.log - INFO - Round 56 selected clients: [0, 5, 7, 11, 14, 15, 16, 17]
2026-08-19 12:56:37,479 - FINAL_S_r200.log - INFO - Round 56 | Global 0.5666 | Head 0.6983 | Tail 0.2593 | Many 0.8427 | Medium 0.5900 | Few 0.2593 | best_tail 0.4947@45 | rollback=False
2026-08-19 12:56:37,489 - FINAL_S_r200.log - INFO - Round 57 S-diagnostic | score_mean 0.5782 | selected_tail_fraction 0.0163 | participation_range 17-27
2026-08-19 12:56:37,489 - FINAL_S_r200.log - INFO - Round 57 selected clients: [3, 8, 9, 11, 13, 14, 16, 19]
2026-08-19 12:56:56,049 - FINAL_S_r200.log - INFO - Round 57 | Global 0.5657 | Head 0.6880 | Tail 0.2803 | Many 0.8517 | Medium 0.5653 | Few 0.2803 | best_tail 0.4947@45 | rollback=False
2026-08-19 12:56:56,049 - FINAL_S_r200.log - INFO - Round 58 S-diagnostic | score_mean 0.7331 | selected_tail_fraction 0.0214 | participation_range 18-28
2026-08-19 12:56:56,049 - FINAL_S_r200.log - INFO - Round 58 selected clients: [1, 2, 3, 10, 12, 13, 15, 19]
2026-08-19 12:57:14,967 - FINAL_S_r200.log - INFO - Round 58 | Global 0.6277 | Head 0.7164 | Tail 0.4207 | Many 0.8203 | Medium 0.6385 | Few 0.4207 | best_tail 0.4947@45 | rollback=False
2026-08-19 12:57:14,967 - FINAL_S_r200.log - INFO - Round 59 S-diagnostic | score_mean 0.7986 | selected_tail_fraction 0.0383 | participation_range 19-29
2026-08-19 12:57:14,967 - FINAL_S_r200.log - INFO - Round 59 selected clients: [1, 2, 6, 10, 16, 17, 18, 19]
2026-08-19 12:57:34,723 - FINAL_S_r200.log - INFO - Round 59 | Global 0.6524 | Head 0.6827 | Tail 0.5817 | Many 0.7660 | Medium 0.6202 | Few 0.5817 | best_tail 0.5817@59 | rollback=False
2026-08-19 12:57:34,723 - FINAL_S_r200.log - INFO - Round 60 S-diagnostic | score_mean 0.6051 | selected_tail_fraction 0.0071 | participation_range 19-30
2026-08-19 12:57:34,723 - FINAL_S_r200.log - INFO - Round 60 selected clients: [0, 1, 2, 8, 13, 14, 15, 16]
2026-08-19 12:57:54,112 - FINAL_S_r200.log - INFO - Round 60 | Global 0.6210 | Head 0.6990 | Tail 0.4390 | Many 0.8137 | Medium 0.6130 | Few 0.4390 | best_tail 0.5817@59 | rollback=False
2026-08-19 12:57:54,131 - FINAL_S_r200.log - INFO - Global Accuracy: [0.1433, 0.214, 0.2534, 0.2909, 0.3034, 0.3394, 0.3525, 0.3587, 0.3524, 0.3309, 0.3917, 0.3532, 0.4, 0.4232, 0.4301, 0.4342, 0.4148, 0.433, 0.4268, 0.4569, 0.4698, 0.4352, 0.4624, 0.5062, 0.4934, 0.4686, 0.4787, 0.4919, 0.5053, 0.5117, 0.4943, 0.5096, 0.4856, 0.4984, 0.4804, 0.5551, 0.5542, 0.5384, 0.5387, 0.5862, 0.5446, 0.6076, 0.5731, 0.5763, 0.5951, 0.5979, 0.5756, 0.6115, 0.5935, 0.6264, 0.6282, 0.6245, 0.6045, 0.5904, 0.6362, 0.5666, 0.5657, 0.6277, 0.6524, 0.621]
2026-08-19 12:57:54,131 - FINAL_S_r200.log - INFO - Majority Class Accuracy: [0.4077, 0.572, 0.6503, 0.7457, 0.7547, 0.726, 0.7017, 0.6997, 0.822, 0.7967, 0.817, 0.8433, 0.7627, 0.7683, 0.78, 0.792, 0.8343, 0.8153, 0.8007, 0.7533, 0.7793, 0.7573, 0.7533, 0.7743, 0.8063, 0.8163, 0.829, 0.8173, 0.7873, 0.837, 0.8233, 0.801, 0.812, 0.784, 0.8207, 0.7783, 0.7857, 0.7893, 0.805, 0.779, 0.7983, 0.7883, 0.805, 0.835, 0.759, 0.8057, 0.78, 0.783, 0.8197, 0.7563, 0.7803, 0.798, 0.822, 0.794, 0.8077, 0.8427, 0.8517, 0.8203, 0.766, 0.8137]
2026-08-19 12:57:54,131 - FINAL_S_r200.log - INFO - Medium Class Accuracy: [0.0525, 0.106, 0.1457, 0.168, 0.1925, 0.304, 0.355, 0.3718, 0.2645, 0.2298, 0.3427, 0.2452, 0.3855, 0.4582, 0.4532, 0.4345, 0.3478, 0.4517, 0.441, 0.5092, 0.507, 0.4788, 0.535, 0.5567, 0.5125, 0.4597, 0.4705, 0.5282, 0.5485, 0.4813, 0.5065, 0.538, 0.4955, 0.542, 0.4763, 0.5393, 0.6018, 0.592, 0.5673, 0.6045, 0.552, 0.5863, 0.606, 0.5877, 0.5475, 0.5577, 0.5635, 0.6082, 0.5855, 0.6455, 0.637, 0.6268, 0.5727, 0.6352, 0.6368, 0.59, 0.5653, 0.6385, 0.6202, 0.613]
2026-08-19 12:57:54,131 - FINAL_S_r200.log - INFO - Minority Class Accuracy: [0.0, 0.0, 0.0, 0.0, 0.0, 0.0, 0.0, 0.0003, 0.0, 0.0, 0.0317, 0.007, 0.0567, 0.0313, 0.0493, 0.076, 0.0847, 0.0257, 0.034, 0.0907, 0.1107, 0.055, 0.0747, 0.1707, 0.155, 0.1327, 0.1393, 0.118, 0.1657, 0.227, 0.149, 0.1803, 0.146, 0.1547, 0.1457, 0.353, 0.2593, 0.216, 0.2343, 0.369, 0.281, 0.4553, 0.2973, 0.3023, 0.4947, 0.4437, 0.3873, 0.4443, 0.378, 0.471, 0.4643, 0.448, 0.4293, 0.327, 0.464, 0.2593, 0.2803, 0.4207, 0.5817, 0.439]
2026-08-19 12:57:54,131 - FINAL_S_r200.log - INFO - === Head-Tail Evaluation ===
2026-08-19 12:57:54,131 - FINAL_S_r200.log - INFO - Head Accuracy: 0.6990
2026-08-19 12:57:54,131 - FINAL_S_r200.log - INFO - Tail Accuracy: 0.4390
2026-08-19 12:58:10,279 - FINAL_S_r200.log - INFO - Round 61 S-diagnostic | score_mean 0.6243 | selected_tail_fraction 0.0193 | participation_range 19-31
2026-08-19 12:58:10,279 - FINAL_S_r200.log - INFO - Round 61 selected clients: [1, 2, 3, 4, 7, 8, 11, 19]
2026-08-19 12:58:29,109 - FINAL_S_r200.log - INFO - Round 61 | Global 0.6124 | Head 0.6933 | Tail 0.4237 | Many 0.8077 | Medium 0.6075 | Few 0.4237 | best_tail 0.5817@59 | rollback=False
2026-08-19 12:58:29,109 - FINAL_S_r200.log - INFO - Round 62 S-diagnostic | score_mean 0.7929 | selected_tail_fraction 0.0290 | participation_range 19-32
2026-08-19 12:58:29,109 - FINAL_S_r200.log - INFO - Round 62 selected clients: [1, 2, 3, 4, 9, 13, 18, 19]
2026-08-19 12:58:48,709 - FINAL_S_r200.log - INFO - Round 62 | Global 0.6419 | Head 0.6880 | Tail 0.5343 | Many 0.7717 | Medium 0.6252 | Few 0.5343 | best_tail 0.5817@59 | rollback=False
2026-08-19 12:58:48,709 - FINAL_S_r200.log - INFO - Round 63 S-diagnostic | score_mean 0.6402 | selected_tail_fraction 0.0179 | participation_range 19-32
2026-08-19 12:58:48,709 - FINAL_S_r200.log - INFO - Round 63 selected clients: [0, 4, 6, 8, 12, 14, 16, 17]
2026-08-19 12:59:07,503 - FINAL_S_r200.log - INFO - Round 63 | Global 0.6234 | Head 0.7163 | Tail 0.4067 | Many 0.8313 | Medium 0.6300 | Few 0.4067 | best_tail 0.5817@59 | rollback=False
2026-08-19 12:59:07,503 - FINAL_S_r200.log - INFO - Round 64 S-diagnostic | score_mean 0.6118 | selected_tail_fraction 0.0193 | participation_range 20-32
2026-08-19 12:59:07,503 - FINAL_S_r200.log - INFO - Round 64 selected clients: [2, 3, 4, 8, 10, 13, 16, 19]
2026-08-19 12:59:25,879 - FINAL_S_r200.log - INFO - Round 64 | Global 0.6221 | Head 0.7109 | Tail 0.4150 | Many 0.8237 | Medium 0.6262 | Few 0.4150 | best_tail 0.5817@59 | rollback=False
2026-08-19 12:59:25,890 - FINAL_S_r200.log - INFO - Round 65 S-diagnostic | score_mean 0.7290 | selected_tail_fraction 0.0210 | participation_range 21-33
2026-08-19 12:59:25,890 - FINAL_S_r200.log - INFO - Round 65 selected clients: [1, 2, 4, 5, 6, 10, 15, 16]
2026-08-19 12:59:44,931 - FINAL_S_r200.log - INFO - Round 65 | Global 0.6358 | Head 0.7210 | Tail 0.4370 | Many 0.8010 | Medium 0.6610 | Few 0.4370 | best_tail 0.5817@59 | rollback=False
2026-08-19 12:59:44,931 - FINAL_S_r200.log - INFO - Round 66 S-diagnostic | score_mean 0.6033 | selected_tail_fraction 0.0185 | participation_range 22-33
2026-08-19 12:59:44,931 - FINAL_S_r200.log - INFO - Round 66 selected clients: [3, 4, 7, 8, 9, 10, 12, 17]
2026-08-19 13:00:04,010 - FINAL_S_r200.log - INFO - Round 66 | Global 0.6097 | Head 0.7090 | Tail 0.3780 | Many 0.8053 | Medium 0.6368 | Few 0.3780 | best_tail 0.5817@59 | rollback=False
2026-08-19 13:00:04,010 - FINAL_S_r200.log - INFO - Round 67 S-diagnostic | score_mean 0.8156 | selected_tail_fraction 0.0407 | participation_range 22-33
2026-08-19 13:00:04,010 - FINAL_S_r200.log - INFO - Round 67 selected clients: [2, 3, 4, 5, 6, 11, 18, 19]
2026-08-19 13:00:23,624 - FINAL_S_r200.log - INFO - Round 67 | Global 0.6623 | Head 0.6977 | Tail 0.5797 | Many 0.7677 | Medium 0.6452 | Few 0.5797 | best_tail 0.5817@59 | rollback=False
2026-08-19 13:00:23,634 - FINAL_S_r200.log - INFO - Round 68 S-diagnostic | score_mean 0.6281 | selected_tail_fraction 0.0252 | participation_range 22-34
2026-08-19 13:00:23,634 - FINAL_S_r200.log - INFO - Round 68 selected clients: [1, 6, 7, 10, 13, 16, 17, 18]
2026-08-19 13:00:42,458 - FINAL_S_r200.log - INFO - Round 68 | Global 0.6586 | Head 0.6949 | Tail 0.5740 | Many 0.8040 | Medium 0.6130 | Few 0.5740 | best_tail 0.5817@59 | rollback=False
2026-08-19 13:00:42,468 - FINAL_S_r200.log - INFO - Round 69 S-diagnostic | score_mean 0.7137 | selected_tail_fraction 0.0196 | participation_range 23-34
2026-08-19 13:00:42,468 - FINAL_S_r200.log - INFO - Round 69 selected clients: [0, 6, 8, 9, 11, 12, 15, 18]
2026-08-19 13:01:01,056 - FINAL_S_r200.log - INFO - Round 69 | Global 0.6631 | Head 0.7091 | Tail 0.5557 | Many 0.7800 | Medium 0.6560 | Few 0.5557 | best_tail 0.5817@59 | rollback=False
2026-08-19 13:01:01,056 - FINAL_S_r200.log - INFO - Round 70 S-diagnostic | score_mean 0.4791 | selected_tail_fraction 0.0081 | participation_range 23-34
2026-08-19 13:01:01,056 - FINAL_S_r200.log - INFO - Round 70 selected clients: [0, 6, 7, 8, 10, 11, 12, 14]
2026-08-19 13:01:19,071 - FINAL_S_r200.log - INFO - Round 70 | Global 0.6065 | Head 0.6919 | Tail 0.4073 | Many 0.8070 | Medium 0.6055 | Few 0.4073 | best_tail 0.5817@59 | rollback=False
2026-08-19 13:01:19,089 - FINAL_S_r200.log - INFO - Global Accuracy: [0.1433, 0.214, 0.2534, 0.2909, 0.3034, 0.3394, 0.3525, 0.3587, 0.3524, 0.3309, 0.3917, 0.3532, 0.4, 0.4232, 0.4301, 0.4342, 0.4148, 0.433, 0.4268, 0.4569, 0.4698, 0.4352, 0.4624, 0.5062, 0.4934, 0.4686, 0.4787, 0.4919, 0.5053, 0.5117, 0.4943, 0.5096, 0.4856, 0.4984, 0.4804, 0.5551, 0.5542, 0.5384, 0.5387, 0.5862, 0.5446, 0.6076, 0.5731, 0.5763, 0.5951, 0.5979, 0.5756, 0.6115, 0.5935, 0.6264, 0.6282, 0.6245, 0.6045, 0.5904, 0.6362, 0.5666, 0.5657, 0.6277, 0.6524, 0.621, 0.6124, 0.6419, 0.6234, 0.6221, 0.6358, 0.6097, 0.6623, 0.6586, 0.6631, 0.6065]
2026-08-19 13:01:19,089 - FINAL_S_r200.log - INFO - Majority Class Accuracy: [0.4077, 0.572, 0.6503, 0.7457, 0.7547, 0.726, 0.7017, 0.6997, 0.822, 0.7967, 0.817, 0.8433, 0.7627, 0.7683, 0.78, 0.792, 0.8343, 0.8153, 0.8007, 0.7533, 0.7793, 0.7573, 0.7533, 0.7743, 0.8063, 0.8163, 0.829, 0.8173, 0.7873, 0.837, 0.8233, 0.801, 0.812, 0.784, 0.8207, 0.7783, 0.7857, 0.7893, 0.805, 0.779, 0.7983, 0.7883, 0.805, 0.835, 0.759, 0.8057, 0.78, 0.783, 0.8197, 0.7563, 0.7803, 0.798, 0.822, 0.794, 0.8077, 0.8427, 0.8517, 0.8203, 0.766, 0.8137, 0.8077, 0.7717, 0.8313, 0.8237, 0.801, 0.8053, 0.7677, 0.804, 0.78, 0.807]
2026-08-19 13:01:19,089 - FINAL_S_r200.log - INFO - Medium Class Accuracy: [0.0525, 0.106, 0.1457, 0.168, 0.1925, 0.304, 0.355, 0.3718, 0.2645, 0.2298, 0.3427, 0.2452, 0.3855, 0.4582, 0.4532, 0.4345, 0.3478, 0.4517, 0.441, 0.5092, 0.507, 0.4788, 0.535, 0.5567, 0.5125, 0.4597, 0.4705, 0.5282, 0.5485, 0.4813, 0.5065, 0.538, 0.4955, 0.542, 0.4763, 0.5393, 0.6018, 0.592, 0.5673, 0.6045, 0.552, 0.5863, 0.606, 0.5877, 0.5475, 0.5577, 0.5635, 0.6082, 0.5855, 0.6455, 0.637, 0.6268, 0.5727, 0.6352, 0.6368, 0.59, 0.5653, 0.6385, 0.6202, 0.613, 0.6075, 0.6252, 0.63, 0.6262, 0.661, 0.6368, 0.6452, 0.613, 0.656, 0.6055]
2026-08-19 13:01:19,089 - FINAL_S_r200.log - INFO - Minority Class Accuracy: [0.0, 0.0, 0.0, 0.0, 0.0, 0.0, 0.0, 0.0003, 0.0, 0.0, 0.0317, 0.007, 0.0567, 0.0313, 0.0493, 0.076, 0.0847, 0.0257, 0.034, 0.0907, 0.1107, 0.055, 0.0747, 0.1707, 0.155, 0.1327, 0.1393, 0.118, 0.1657, 0.227, 0.149, 0.1803, 0.146, 0.1547, 0.1457, 0.353, 0.2593, 0.216, 0.2343, 0.369, 0.281, 0.4553, 0.2973, 0.3023, 0.4947, 0.4437, 0.3873, 0.4443, 0.378, 0.471, 0.4643, 0.448, 0.4293, 0.327, 0.464, 0.2593, 0.2803, 0.4207, 0.5817, 0.439, 0.4237, 0.5343, 0.4067, 0.415, 0.437, 0.378, 0.5797, 0.574, 0.5557, 0.4073]
2026-08-19 13:01:19,089 - FINAL_S_r200.log - INFO - === Head-Tail Evaluation ===
2026-08-19 13:01:19,089 - FINAL_S_r200.log - INFO - Head Accuracy: 0.6919
2026-08-19 13:01:19,089 - FINAL_S_r200.log - INFO - Tail Accuracy: 0.4073
2026-08-19 13:01:35,578 - FINAL_S_r200.log - INFO - Round 71 S-diagnostic | score_mean 0.6629 | selected_tail_fraction 0.0163 | participation_range 23-34
2026-08-19 13:01:35,578 - FINAL_S_r200.log - INFO - Round 71 selected clients: [0, 3, 4, 9, 11, 13, 16, 19]
2026-08-19 13:01:54,153 - FINAL_S_r200.log - INFO - Round 71 | Global 0.6256 | Head 0.7033 | Tail 0.4443 | Many 0.8420 | Medium 0.5992 | Few 0.4443 | best_tail 0.5817@59 | rollback=False
2026-08-19 13:01:54,153 - FINAL_S_r200.log - INFO - Round 72 S-diagnostic | score_mean 0.7091 | selected_tail_fraction 0.0234 | participation_range 23-34
2026-08-19 13:01:54,153 - FINAL_S_r200.log - INFO - Round 72 selected clients: [2, 3, 4, 8, 9, 14, 15, 19]
2026-08-19 13:02:12,994 - FINAL_S_r200.log - INFO - Round 72 | Global 0.6539 | Head 0.7100 | Tail 0.5230 | Many 0.7803 | Medium 0.6573 | Few 0.5230 | best_tail 0.5817@59 | rollback=False
2026-08-19 13:02:12,994 - FINAL_S_r200.log - INFO - Round 73 S-diagnostic | score_mean 0.8502 | selected_tail_fraction 0.0286 | participation_range 24-34
2026-08-19 13:02:12,994 - FINAL_S_r200.log - INFO - Round 73 selected clients: [0, 2, 4, 5, 12, 15, 18, 19]
2026-08-19 13:02:32,455 - FINAL_S_r200.log - INFO - Round 73 | Global 0.6729 | Head 0.7061 | Tail 0.5953 | Many 0.7570 | Medium 0.6680 | Few 0.5953 | best_tail 0.5953@73 | rollback=False
2026-08-19 13:02:32,455 - FINAL_S_r200.log - INFO - Round 74 S-diagnostic | score_mean 0.6721 | selected_tail_fraction 0.0226 | participation_range 25-34
2026-08-19 13:02:32,455 - FINAL_S_r200.log - INFO - Round 74 selected clients: [3, 5, 9, 10, 12, 13, 14, 19]
2026-08-19 13:02:51,137 - FINAL_S_r200.log - INFO - Round 74 | Global 0.6666 | Head 0.7187 | Tail 0.5450 | Many 0.8027 | Medium 0.6558 | Few 0.5450 | best_tail 0.5953@73 | rollback=False
2026-08-19 13:02:51,137 - FINAL_S_r200.log - INFO - Round 75 S-diagnostic | score_mean 0.6053 | selected_tail_fraction 0.0161 | participation_range 25-34
2026-08-19 13:02:51,137 - FINAL_S_r200.log - INFO - Round 75 selected clients: [0, 4, 5, 7, 8, 9, 11, 19]
2026-08-19 13:03:09,700 - FINAL_S_r200.log - INFO - Round 75 | Global 0.6524 | Head 0.7110 | Tail 0.5157 | Many 0.8127 | Medium 0.6348 | Few 0.5157 | best_tail 0.5953@73 | rollback=False
2026-08-19 13:03:09,700 - FINAL_S_r200.log - INFO - Round 76 S-diagnostic | score_mean 0.5533 | selected_tail_fraction 0.0119 | participation_range 26-35
2026-08-19 13:03:09,700 - FINAL_S_r200.log - INFO - Round 76 selected clients: [0, 7, 8, 9, 10, 14, 15, 19]
2026-08-19 13:03:28,286 - FINAL_S_r200.log - INFO - Round 76 | Global 0.6367 | Head 0.7036 | Tail 0.4807 | Many 0.8013 | Medium 0.6302 | Few 0.4807 | best_tail 0.5953@73 | rollback=False
2026-08-19 13:03:28,286 - FINAL_S_r200.log - INFO - Round 77 S-diagnostic | score_mean 0.6712 | selected_tail_fraction 0.0153 | participation_range 26-36
2026-08-19 13:03:28,296 - FINAL_S_r200.log - INFO - Round 77 selected clients: [1, 2, 4, 9, 10, 13, 16, 19]
2026-08-19 13:03:46,432 - FINAL_S_r200.log - INFO - Round 77 | Global 0.6403 | Head 0.7016 | Tail 0.4973 | Many 0.8017 | Medium 0.6265 | Few 0.4973 | best_tail 0.5953@73 | rollback=False
2026-08-19 13:03:46,432 - FINAL_S_r200.log - INFO - Round 78 S-diagnostic | score_mean 0.7314 | selected_tail_fraction 0.0290 | participation_range 26-37
2026-08-19 13:03:46,432 - FINAL_S_r200.log - INFO - Round 78 selected clients: [2, 3, 4, 8, 9, 11, 18, 19]
2026-08-19 13:04:05,621 - FINAL_S_r200.log - INFO - Round 78 | Global 0.6628 | Head 0.7021 | Tail 0.5710 | Many 0.7507 | Medium 0.6657 | Few 0.5710 | best_tail 0.5953@73 | rollback=False
2026-08-19 13:04:05,621 - FINAL_S_r200.log - INFO - Round 79 S-diagnostic | score_mean 0.5872 | selected_tail_fraction 0.0214 | participation_range 27-38
2026-08-19 13:04:05,621 - FINAL_S_r200.log - INFO - Round 79 selected clients: [4, 5, 8, 11, 13, 14, 18, 19]
2026-08-19 13:04:23,720 - FINAL_S_r200.log - INFO - Round 79 | Global 0.6629 | Head 0.7091 | Tail 0.5550 | Many 0.7897 | Medium 0.6488 | Few 0.5550 | best_tail 0.5953@73 | rollback=False
2026-08-19 13:04:23,720 - FINAL_S_r200.log - INFO - Round 80 S-diagnostic | score_mean 0.7061 | selected_tail_fraction 0.0284 | participation_range 27-39
2026-08-19 13:04:23,720 - FINAL_S_r200.log - INFO - Round 80 selected clients: [2, 5, 10, 11, 13, 15, 18, 19]
2026-08-19 13:04:42,249 - FINAL_S_r200.log - INFO - Round 80 | Global 0.6763 | Head 0.7076 | Tail 0.6033 | Many 0.7450 | Medium 0.6795 | Few 0.6033 | best_tail 0.6033@80 | rollback=False
2026-08-19 13:04:42,273 - FINAL_S_r200.log - INFO - Global Accuracy: [0.1433, 0.214, 0.2534, 0.2909, 0.3034, 0.3394, 0.3525, 0.3587, 0.3524, 0.3309, 0.3917, 0.3532, 0.4, 0.4232, 0.4301, 0.4342, 0.4148, 0.433, 0.4268, 0.4569, 0.4698, 0.4352, 0.4624, 0.5062, 0.4934, 0.4686, 0.4787, 0.4919, 0.5053, 0.5117, 0.4943, 0.5096, 0.4856, 0.4984, 0.4804, 0.5551, 0.5542, 0.5384, 0.5387, 0.5862, 0.5446, 0.6076, 0.5731, 0.5763, 0.5951, 0.5979, 0.5756, 0.6115, 0.5935, 0.6264, 0.6282, 0.6245, 0.6045, 0.5904, 0.6362, 0.5666, 0.5657, 0.6277, 0.6524, 0.621, 0.6124, 0.6419, 0.6234, 0.6221, 0.6358, 0.6097, 0.6623, 0.6586, 0.6631, 0.6065, 0.6256, 0.6539, 0.6729, 0.6666, 0.6524, 0.6367, 0.6403, 0.6628, 0.6629, 0.6763]
2026-08-19 13:04:42,273 - FINAL_S_r200.log - INFO - Majority Class Accuracy: [0.4077, 0.572, 0.6503, 0.7457, 0.7547, 0.726, 0.7017, 0.6997, 0.822, 0.7967, 0.817, 0.8433, 0.7627, 0.7683, 0.78, 0.792, 0.8343, 0.8153, 0.8007, 0.7533, 0.7793, 0.7573, 0.7533, 0.7743, 0.8063, 0.8163, 0.829, 0.8173, 0.7873, 0.837, 0.8233, 0.801, 0.812, 0.784, 0.8207, 0.7783, 0.7857, 0.7893, 0.805, 0.779, 0.7983, 0.7883, 0.805, 0.835, 0.759, 0.8057, 0.78, 0.783, 0.8197, 0.7563, 0.7803, 0.798, 0.822, 0.794, 0.8077, 0.8427, 0.8517, 0.8203, 0.766, 0.8137, 0.8077, 0.7717, 0.8313, 0.8237, 0.801, 0.8053, 0.7677, 0.804, 0.78, 0.807, 0.842, 0.7803, 0.757, 0.8027, 0.8127, 0.8013, 0.8017, 0.7507, 0.7897, 0.745]
2026-08-19 13:04:42,273 - FINAL_S_r200.log - INFO - Medium Class Accuracy: [0.0525, 0.106, 0.1457, 0.168, 0.1925, 0.304, 0.355, 0.3718, 0.2645, 0.2298, 0.3427, 0.2452, 0.3855, 0.4582, 0.4532, 0.4345, 0.3478, 0.4517, 0.441, 0.5092, 0.507, 0.4788, 0.535, 0.5567, 0.5125, 0.4597, 0.4705, 0.5282, 0.5485, 0.4813, 0.5065, 0.538, 0.4955, 0.542, 0.4763, 0.5393, 0.6018, 0.592, 0.5673, 0.6045, 0.552, 0.5863, 0.606, 0.5877, 0.5475, 0.5577, 0.5635, 0.6082, 0.5855, 0.6455, 0.637, 0.6268, 0.5727, 0.6352, 0.6368, 0.59, 0.5653, 0.6385, 0.6202, 0.613, 0.6075, 0.6252, 0.63, 0.6262, 0.661, 0.6368, 0.6452, 0.613, 0.656, 0.6055, 0.5992, 0.6573, 0.668, 0.6558, 0.6348, 0.6302, 0.6265, 0.6657, 0.6488, 0.6795]
2026-08-19 13:04:42,273 - FINAL_S_r200.log - INFO - Minority Class Accuracy: [0.0, 0.0, 0.0, 0.0, 0.0, 0.0, 0.0, 0.0003, 0.0, 0.0, 0.0317, 0.007, 0.0567, 0.0313, 0.0493, 0.076, 0.0847, 0.0257, 0.034, 0.0907, 0.1107, 0.055, 0.0747, 0.1707, 0.155, 0.1327, 0.1393, 0.118, 0.1657, 0.227, 0.149, 0.1803, 0.146, 0.1547, 0.1457, 0.353, 0.2593, 0.216, 0.2343, 0.369, 0.281, 0.4553, 0.2973, 0.3023, 0.4947, 0.4437, 0.3873, 0.4443, 0.378, 0.471, 0.4643, 0.448, 0.4293, 0.327, 0.464, 0.2593, 0.2803, 0.4207, 0.5817, 0.439, 0.4237, 0.5343, 0.4067, 0.415, 0.437, 0.378, 0.5797, 0.574, 0.5557, 0.4073, 0.4443, 0.523, 0.5953, 0.545, 0.5157, 0.4807, 0.4973, 0.571, 0.555, 0.6033]
2026-08-19 13:04:42,273 - FINAL_S_r200.log - INFO - === Head-Tail Evaluation ===
2026-08-19 13:04:42,273 - FINAL_S_r200.log - INFO - Head Accuracy: 0.7076
2026-08-19 13:04:42,273 - FINAL_S_r200.log - INFO - Tail Accuracy: 0.6033
2026-08-19 13:04:58,267 - FINAL_S_r200.log - INFO - Round 81 S-diagnostic | score_mean 0.7147 | selected_tail_fraction 0.0278 | participation_range 28-40
2026-08-19 13:04:58,267 - FINAL_S_r200.log - INFO - Round 81 selected clients: [5, 9, 10, 14, 15, 16, 17, 19]
2026-08-19 13:05:17,128 - FINAL_S_r200.log - INFO - Round 81 | Global 0.6812 | Head 0.7263 | Tail 0.5760 | Many 0.7927 | Medium 0.6765 | Few 0.5760 | best_tail 0.6033@80 | rollback=False
2026-08-19 13:05:17,128 - FINAL_S_r200.log - INFO - Round 82 S-diagnostic | score_mean 0.6609 | selected_tail_fraction 0.0238 | participation_range 28-41
2026-08-19 13:05:17,128 - FINAL_S_r200.log - INFO - Round 82 selected clients: [5, 6, 7, 10, 11, 12, 15, 19]
2026-08-19 13:05:35,791 - FINAL_S_r200.log - INFO - Round 82 | Global 0.6826 | Head 0.7224 | Tail 0.5897 | Many 0.7880 | Medium 0.6733 | Few 0.5897 | best_tail 0.6033@80 | rollback=False
2026-08-19 13:05:35,791 - FINAL_S_r200.log - INFO - Round 83 S-diagnostic | score_mean 0.7354 | selected_tail_fraction 0.0306 | participation_range 29-41
2026-08-19 13:05:35,791 - FINAL_S_r200.log - INFO - Round 83 selected clients: [0, 2, 3, 10, 14, 15, 17, 18]
2026-08-19 13:05:54,369 - FINAL_S_r200.log - INFO - Round 83 | Global 0.6809 | Head 0.7140 | Tail 0.6037 | Many 0.7793 | Medium 0.6650 | Few 0.6037 | best_tail 0.6037@83 | rollback=False
2026-08-19 13:05:54,369 - FINAL_S_r200.log - INFO - Round 84 S-diagnostic | score_mean 0.7324 | selected_tail_fraction 0.0242 | participation_range 29-41
2026-08-19 13:05:54,369 - FINAL_S_r200.log - INFO - Round 84 selected clients: [3, 4, 5, 7, 12, 15, 16, 17]
2026-08-19 13:06:14,300 - FINAL_S_r200.log - INFO - Round 84 | Global 0.6565 | Head 0.7194 | Tail 0.5097 | Many 0.8347 | Medium 0.6330 | Few 0.5097 | best_tail 0.6037@83 | rollback=False
2026-08-19 13:06:14,300 - FINAL_S_r200.log - INFO - Round 85 S-diagnostic | score_mean 0.7547 | selected_tail_fraction 0.0395 | participation_range 29-42
2026-08-19 13:06:14,300 - FINAL_S_r200.log - INFO - Round 85 selected clients: [3, 6, 8, 12, 14, 17, 18, 19]
2026-08-19 13:06:34,897 - FINAL_S_r200.log - INFO - Round 85 | Global 0.6838 | Head 0.7150 | Tail 0.6110 | Many 0.7823 | Medium 0.6645 | Few 0.6110 | best_tail 0.6110@85 | rollback=False
2026-08-19 13:06:34,897 - FINAL_S_r200.log - INFO - Round 86 S-diagnostic | score_mean 0.5970 | selected_tail_fraction 0.0153 | participation_range 30-42
2026-08-19 13:06:34,905 - FINAL_S_r200.log - INFO - Round 86 selected clients: [0, 1, 4, 6, 7, 13, 14, 18]
2026-08-19 13:06:55,514 - FINAL_S_r200.log - INFO - Round 86 | Global 0.6543 | Head 0.7007 | Tail 0.5460 | Many 0.8163 | Medium 0.6140 | Few 0.5460 | best_tail 0.6110@85 | rollback=False
2026-08-19 13:06:55,514 - FINAL_S_r200.log - INFO - Round 87 S-diagnostic | score_mean 0.6242 | selected_tail_fraction 0.0155 | participation_range 30-42
2026-08-19 13:06:55,514 - FINAL_S_r200.log - INFO - Round 87 selected clients: [2, 3, 4, 7, 9, 10, 11, 15]
2026-08-19 13:07:16,533 - FINAL_S_r200.log - INFO - Round 87 | Global 0.6628 | Head 0.7257 | Tail 0.5160 | Many 0.8057 | Medium 0.6657 | Few 0.5160 | best_tail 0.6110@85 | rollback=False
2026-08-19 13:07:16,535 - FINAL_S_r200.log - INFO - Round 88 S-diagnostic | score_mean 0.6446 | selected_tail_fraction 0.0218 | participation_range 30-42
2026-08-19 13:07:16,535 - FINAL_S_r200.log - INFO - Round 88 selected clients: [3, 6, 10, 11, 12, 14, 16, 18]
2026-08-19 13:07:37,963 - FINAL_S_r200.log - INFO - Round 88 | Global 0.6720 | Head 0.7234 | Tail 0.5520 | Many 0.7993 | Medium 0.6665 | Few 0.5520 | best_tail 0.6110@85 | rollback=False
2026-08-19 13:07:37,974 - FINAL_S_r200.log - INFO - Round 89 S-diagnostic | score_mean 0.7657 | selected_tail_fraction 0.0256 | participation_range 31-42
2026-08-19 13:07:37,974 - FINAL_S_r200.log - INFO - Round 89 selected clients: [0, 1, 3, 6, 8, 9, 15, 18]
2026-08-19 13:07:59,645 - FINAL_S_r200.log - INFO - Round 89 | Global 0.6840 | Head 0.7050 | Tail 0.6350 | Many 0.7697 | Medium 0.6565 | Few 0.6350 | best_tail 0.6350@89 | rollback=False
2026-08-19 13:07:59,647 - FINAL_S_r200.log - INFO - Round 90 S-diagnostic | score_mean 0.7669 | selected_tail_fraction 0.0250 | participation_range 31-43
2026-08-19 13:07:59,647 - FINAL_S_r200.log - INFO - Round 90 selected clients: [0, 2, 4, 6, 9, 13, 15, 19]
2026-08-19 13:08:21,083 - FINAL_S_r200.log - INFO - Round 90 | Global 0.6797 | Head 0.7129 | Tail 0.6023 | Many 0.7617 | Medium 0.6763 | Few 0.6023 | best_tail 0.6350@89 | rollback=False
2026-08-19 13:08:21,110 - FINAL_S_r200.log - INFO - Global Accuracy: [0.1433, 0.214, 0.2534, 0.2909, 0.3034, 0.3394, 0.3525, 0.3587, 0.3524, 0.3309, 0.3917, 0.3532, 0.4, 0.4232, 0.4301, 0.4342, 0.4148, 0.433, 0.4268, 0.4569, 0.4698, 0.4352, 0.4624, 0.5062, 0.4934, 0.4686, 0.4787, 0.4919, 0.5053, 0.5117, 0.4943, 0.5096, 0.4856, 0.4984, 0.4804, 0.5551, 0.5542, 0.5384, 0.5387, 0.5862, 0.5446, 0.6076, 0.5731, 0.5763, 0.5951, 0.5979, 0.5756, 0.6115, 0.5935, 0.6264, 0.6282, 0.6245, 0.6045, 0.5904, 0.6362, 0.5666, 0.5657, 0.6277, 0.6524, 0.621, 0.6124, 0.6419, 0.6234, 0.6221, 0.6358, 0.6097, 0.6623, 0.6586, 0.6631, 0.6065, 0.6256, 0.6539, 0.6729, 0.6666, 0.6524, 0.6367, 0.6403, 0.6628, 0.6629, 0.6763, 0.6812, 0.6826, 0.6809, 0.6565, 0.6838, 0.6543, 0.6628, 0.672, 0.684, 0.6797]
2026-08-19 13:08:21,110 - FINAL_S_r200.log - INFO - Majority Class Accuracy: [0.4077, 0.572, 0.6503, 0.7457, 0.7547, 0.726, 0.7017, 0.6997, 0.822, 0.7967, 0.817, 0.8433, 0.7627, 0.7683, 0.78, 0.792, 0.8343, 0.8153, 0.8007, 0.7533, 0.7793, 0.7573, 0.7533, 0.7743, 0.8063, 0.8163, 0.829, 0.8173, 0.7873, 0.837, 0.8233, 0.801, 0.812, 0.784, 0.8207, 0.7783, 0.7857, 0.7893, 0.805, 0.779, 0.7983, 0.7883, 0.805, 0.835, 0.759, 0.8057, 0.78, 0.783, 0.8197, 0.7563, 0.7803, 0.798, 0.822, 0.794, 0.8077, 0.8427, 0.8517, 0.8203, 0.766, 0.8137, 0.8077, 0.7717, 0.8313, 0.8237, 0.801, 0.8053, 0.7677, 0.804, 0.78, 0.807, 0.842, 0.7803, 0.757, 0.8027, 0.8127, 0.8013, 0.8017, 0.7507, 0.7897, 0.745, 0.7927, 0.788, 0.7793, 0.8347, 0.7823, 0.8163, 0.8057, 0.7993, 0.7697, 0.7617]
2026-08-19 13:08:21,110 - FINAL_S_r200.log - INFO - Medium Class Accuracy: [0.0525, 0.106, 0.1457, 0.168, 0.1925, 0.304, 0.355, 0.3718, 0.2645, 0.2298, 0.3427, 0.2452, 0.3855, 0.4582, 0.4532, 0.4345, 0.3478, 0.4517, 0.441, 0.5092, 0.507, 0.4788, 0.535, 0.5567, 0.5125, 0.4597, 0.4705, 0.5282, 0.5485, 0.4813, 0.5065, 0.538, 0.4955, 0.542, 0.4763, 0.5393, 0.6018, 0.592, 0.5673, 0.6045, 0.552, 0.5863, 0.606, 0.5877, 0.5475, 0.5577, 0.5635, 0.6082, 0.5855, 0.6455, 0.637, 0.6268, 0.5727, 0.6352, 0.6368, 0.59, 0.5653, 0.6385, 0.6202, 0.613, 0.6075, 0.6252, 0.63, 0.6262, 0.661, 0.6368, 0.6452, 0.613, 0.656, 0.6055, 0.5992, 0.6573, 0.668, 0.6558, 0.6348, 0.6302, 0.6265, 0.6657, 0.6488, 0.6795, 0.6765, 0.6733, 0.665, 0.633, 0.6645, 0.614, 0.6657, 0.6665, 0.6565, 0.6763]
2026-08-19 13:08:21,110 - FINAL_S_r200.log - INFO - Minority Class Accuracy: [0.0, 0.0, 0.0, 0.0, 0.0, 0.0, 0.0, 0.0003, 0.0, 0.0, 0.0317, 0.007, 0.0567, 0.0313, 0.0493, 0.076, 0.0847, 0.0257, 0.034, 0.0907, 0.1107, 0.055, 0.0747, 0.1707, 0.155, 0.1327, 0.1393, 0.118, 0.1657, 0.227, 0.149, 0.1803, 0.146, 0.1547, 0.1457, 0.353, 0.2593, 0.216, 0.2343, 0.369, 0.281, 0.4553, 0.2973, 0.3023, 0.4947, 0.4437, 0.3873, 0.4443, 0.378, 0.471, 0.4643, 0.448, 0.4293, 0.327, 0.464, 0.2593, 0.2803, 0.4207, 0.5817, 0.439, 0.4237, 0.5343, 0.4067, 0.415, 0.437, 0.378, 0.5797, 0.574, 0.5557, 0.4073, 0.4443, 0.523, 0.5953, 0.545, 0.5157, 0.4807, 0.4973, 0.571, 0.555, 0.6033, 0.576, 0.5897, 0.6037, 0.5097, 0.611, 0.546, 0.516, 0.552, 0.635, 0.6023]
2026-08-19 13:08:21,110 - FINAL_S_r200.log - INFO - === Head-Tail Evaluation ===
2026-08-19 13:08:21,110 - FINAL_S_r200.log - INFO - Head Accuracy: 0.7129
2026-08-19 13:08:21,110 - FINAL_S_r200.log - INFO - Tail Accuracy: 0.6023
2026-08-19 13:08:36,929 - FINAL_S_r200.log - INFO - Round 91 S-diagnostic | score_mean 0.8181 | selected_tail_fraction 0.0218 | participation_range 31-43
2026-08-19 13:08:36,929 - FINAL_S_r200.log - INFO - Round 91 selected clients: [2, 3, 4, 5, 9, 12, 15, 16]
2026-08-19 13:08:58,676 - FINAL_S_r200.log - INFO - Round 91 | Global 0.6647 | Head 0.7231 | Tail 0.5283 | Many 0.7873 | Medium 0.6750 | Few 0.5283 | best_tail 0.6350@89 | rollback=False
2026-08-19 13:08:58,676 - FINAL_S_r200.log - INFO - Round 92 S-diagnostic | score_mean 0.6957 | selected_tail_fraction 0.0236 | participation_range 31-43
2026-08-19 13:08:58,676 - FINAL_S_r200.log - INFO - Round 92 selected clients: [3, 4, 6, 8, 12, 14, 15, 18]
2026-08-19 13:09:20,171 - FINAL_S_r200.log - INFO - Round 92 | Global 0.6667 | Head 0.7277 | Tail 0.5243 | Many 0.8027 | Medium 0.6715 | Few 0.5243 | best_tail 0.6350@89 | rollback=False
2026-08-19 13:09:20,171 - FINAL_S_r200.log - INFO - Round 93 S-diagnostic | score_mean 0.6206 | selected_tail_fraction 0.0274 | participation_range 32-43
2026-08-19 13:09:20,171 - FINAL_S_r200.log - INFO - Round 93 selected clients: [4, 6, 7, 8, 9, 10, 17, 18]
2026-08-19 13:09:39,681 - FINAL_S_r200.log - INFO - Round 93 | Global 0.6797 | Head 0.7211 | Tail 0.5830 | Many 0.7860 | Medium 0.6725 | Few 0.5830 | best_tail 0.6350@89 | rollback=False
2026-08-19 13:09:39,681 - FINAL_S_r200.log - INFO - Round 94 S-diagnostic | score_mean 0.7539 | selected_tail_fraction 0.0351 | participation_range 32-44
2026-08-19 13:09:39,681 - FINAL_S_r200.log - INFO - Round 94 selected clients: [6, 7, 12, 13, 15, 17, 18, 19]
2026-08-19 13:10:01,596 - FINAL_S_r200.log - INFO - Round 94 | Global 0.6835 | Head 0.7106 | Tail 0.6203 | Many 0.7543 | Medium 0.6777 | Few 0.6203 | best_tail 0.6350@89 | rollback=False
2026-08-19 13:10:01,596 - FINAL_S_r200.log - INFO - Round 95 S-diagnostic | score_mean 0.5846 | selected_tail_fraction 0.0214 | participation_range 32-44
2026-08-19 13:10:01,596 - FINAL_S_r200.log - INFO - Round 95 selected clients: [0, 2, 3, 7, 10, 11, 13, 17]
2026-08-19 13:10:22,494 - FINAL_S_r200.log - INFO - Round 95 | Global 0.6578 | Head 0.7314 | Tail 0.4860 | Many 0.8143 | Medium 0.6693 | Few 0.4860 | best_tail 0.6350@89 | rollback=False
2026-08-19 13:10:22,494 - FINAL_S_r200.log - INFO - Round 96 S-diagnostic | score_mean 0.6199 | selected_tail_fraction 0.0095 | participation_range 32-44
2026-08-19 13:10:22,494 - FINAL_S_r200.log - INFO - Round 96 selected clients: [0, 1, 7, 8, 11, 12, 15, 18]
2026-08-19 13:10:42,936 - FINAL_S_r200.log - INFO - Round 96 | Global 0.6671 | Head 0.7131 | Tail 0.5597 | Many 0.7983 | Medium 0.6492 | Few 0.5597 | best_tail 0.6350@89 | rollback=False
2026-08-19 13:10:42,936 - FINAL_S_r200.log - INFO - Round 97 S-diagnostic | score_mean 0.6552 | selected_tail_fraction 0.0161 | participation_range 32-44
2026-08-19 13:10:42,936 - FINAL_S_r200.log - INFO - Round 97 selected clients: [1, 3, 4, 6, 7, 10, 12, 15]
2026-08-19 13:11:04,299 - FINAL_S_r200.log - INFO - Round 97 | Global 0.6648 | Head 0.7211 | Tail 0.5333 | Many 0.7980 | Medium 0.6635 | Few 0.5333 | best_tail 0.6350@89 | rollback=False
2026-08-19 13:11:04,299 - FINAL_S_r200.log - INFO - Round 98 S-diagnostic | score_mean 0.7878 | selected_tail_fraction 0.0328 | participation_range 32-44
2026-08-19 13:11:04,299 - FINAL_S_r200.log - INFO - Round 98 selected clients: [2, 3, 4, 7, 9, 15, 17, 18]
2026-08-19 13:11:26,492 - FINAL_S_r200.log - INFO - Round 98 | Global 0.6901 | Head 0.7051 | Tail 0.6550 | Many 0.7487 | Medium 0.6725 | Few 0.6550 | best_tail 0.6550@98 | rollback=False
2026-08-19 13:11:26,493 - FINAL_S_r200.log - INFO - Round 99 S-diagnostic | score_mean 0.7772 | selected_tail_fraction 0.0375 | participation_range 33-45
2026-08-19 13:11:26,494 - FINAL_S_r200.log - INFO - Round 99 selected clients: [3, 4, 5, 11, 16, 17, 18, 19]
2026-08-19 13:11:47,094 - FINAL_S_r200.log - INFO - Round 99 | Global 0.6974 | Head 0.7153 | Tail 0.6557 | Many 0.7993 | Medium 0.6522 | Few 0.6557 | best_tail 0.6557@99 | rollback=False
2026-08-19 13:11:47,104 - FINAL_S_r200.log - INFO - Round 100 S-diagnostic | score_mean 0.7658 | selected_tail_fraction 0.0314 | participation_range 34-46
2026-08-19 13:11:47,104 - FINAL_S_r200.log - INFO - Round 100 selected clients: [0, 4, 5, 8, 12, 17, 18, 19]
2026-08-19 13:12:08,855 - FINAL_S_r200.log - INFO - Round 100 | Global 0.6933 | Head 0.7173 | Tail 0.6373 | Many 0.7810 | Medium 0.6695 | Few 0.6373 | best_tail 0.6557@99 | rollback=False
2026-08-19 13:12:08,873 - FINAL_S_r200.log - INFO - Global Accuracy: [0.1433, 0.214, 0.2534, 0.2909, 0.3034, 0.3394, 0.3525, 0.3587, 0.3524, 0.3309, 0.3917, 0.3532, 0.4, 0.4232, 0.4301, 0.4342, 0.4148, 0.433, 0.4268, 0.4569, 0.4698, 0.4352, 0.4624, 0.5062, 0.4934, 0.4686, 0.4787, 0.4919, 0.5053, 0.5117, 0.4943, 0.5096, 0.4856, 0.4984, 0.4804, 0.5551, 0.5542, 0.5384, 0.5387, 0.5862, 0.5446, 0.6076, 0.5731, 0.5763, 0.5951, 0.5979, 0.5756, 0.6115, 0.5935, 0.6264, 0.6282, 0.6245, 0.6045, 0.5904, 0.6362, 0.5666, 0.5657, 0.6277, 0.6524, 0.621, 0.6124, 0.6419, 0.6234, 0.6221, 0.6358, 0.6097, 0.6623, 0.6586, 0.6631, 0.6065, 0.6256, 0.6539, 0.6729, 0.6666, 0.6524, 0.6367, 0.6403, 0.6628, 0.6629, 0.6763, 0.6812, 0.6826, 0.6809, 0.6565, 0.6838, 0.6543, 0.6628, 0.672, 0.684, 0.6797, 0.6647, 0.6667, 0.6797, 0.6835, 0.6578, 0.6671, 0.6648, 0.6901, 0.6974, 0.6933]
2026-08-19 13:12:08,873 - FINAL_S_r200.log - INFO - Majority Class Accuracy: [0.4077, 0.572, 0.6503, 0.7457, 0.7547, 0.726, 0.7017, 0.6997, 0.822, 0.7967, 0.817, 0.8433, 0.7627, 0.7683, 0.78, 0.792, 0.8343, 0.8153, 0.8007, 0.7533, 0.7793, 0.7573, 0.7533, 0.7743, 0.8063, 0.8163, 0.829, 0.8173, 0.7873, 0.837, 0.8233, 0.801, 0.812, 0.784, 0.8207, 0.7783, 0.7857, 0.7893, 0.805, 0.779, 0.7983, 0.7883, 0.805, 0.835, 0.759, 0.8057, 0.78, 0.783, 0.8197, 0.7563, 0.7803, 0.798, 0.822, 0.794, 0.8077, 0.8427, 0.8517, 0.8203, 0.766, 0.8137, 0.8077, 0.7717, 0.8313, 0.8237, 0.801, 0.8053, 0.7677, 0.804, 0.78, 0.807, 0.842, 0.7803, 0.757, 0.8027, 0.8127, 0.8013, 0.8017, 0.7507, 0.7897, 0.745, 0.7927, 0.788, 0.7793, 0.8347, 0.7823, 0.8163, 0.8057, 0.7993, 0.7697, 0.7617, 0.7873, 0.8027, 0.786, 0.7543, 0.8143, 0.7983, 0.798, 0.7487, 0.7993, 0.781]
2026-08-19 13:12:08,873 - FINAL_S_r200.log - INFO - Medium Class Accuracy: [0.0525, 0.106, 0.1457, 0.168, 0.1925, 0.304, 0.355, 0.3718, 0.2645, 0.2298, 0.3427, 0.2452, 0.3855, 0.4582, 0.4532, 0.4345, 0.3478, 0.4517, 0.441, 0.5092, 0.507, 0.4788, 0.535, 0.5567, 0.5125, 0.4597, 0.4705, 0.5282, 0.5485, 0.4813, 0.5065, 0.538, 0.4955, 0.542, 0.4763, 0.5393, 0.6018, 0.592, 0.5673, 0.6045, 0.552, 0.5863, 0.606, 0.5877, 0.5475, 0.5577, 0.5635, 0.6082, 0.5855, 0.6455, 0.637, 0.6268, 0.5727, 0.6352, 0.6368, 0.59, 0.5653, 0.6385, 0.6202, 0.613, 0.6075, 0.6252, 0.63, 0.6262, 0.661, 0.6368, 0.6452, 0.613, 0.656, 0.6055, 0.5992, 0.6573, 0.668, 0.6558, 0.6348, 0.6302, 0.6265, 0.6657, 0.6488, 0.6795, 0.6765, 0.6733, 0.665, 0.633, 0.6645, 0.614, 0.6657, 0.6665, 0.6565, 0.6763, 0.675, 0.6715, 0.6725, 0.6777, 0.6693, 0.6492, 0.6635, 0.6725, 0.6522, 0.6695]
2026-08-19 13:12:08,873 - FINAL_S_r200.log - INFO - Minority Class Accuracy: [0.0, 0.0, 0.0, 0.0, 0.0, 0.0, 0.0, 0.0003, 0.0, 0.0, 0.0317, 0.007, 0.0567, 0.0313, 0.0493, 0.076, 0.0847, 0.0257, 0.034, 0.0907, 0.1107, 0.055, 0.0747, 0.1707, 0.155, 0.1327, 0.1393, 0.118, 0.1657, 0.227, 0.149, 0.1803, 0.146, 0.1547, 0.1457, 0.353, 0.2593, 0.216, 0.2343, 0.369, 0.281, 0.4553, 0.2973, 0.3023, 0.4947, 0.4437, 0.3873, 0.4443, 0.378, 0.471, 0.4643, 0.448, 0.4293, 0.327, 0.464, 0.2593, 0.2803, 0.4207, 0.5817, 0.439, 0.4237, 0.5343, 0.4067, 0.415, 0.437, 0.378, 0.5797, 0.574, 0.5557, 0.4073, 0.4443, 0.523, 0.5953, 0.545, 0.5157, 0.4807, 0.4973, 0.571, 0.555, 0.6033, 0.576, 0.5897, 0.6037, 0.5097, 0.611, 0.546, 0.516, 0.552, 0.635, 0.6023, 0.5283, 0.5243, 0.583, 0.6203, 0.486, 0.5597, 0.5333, 0.655, 0.6557, 0.6373]
2026-08-19 13:12:08,873 - FINAL_S_r200.log - INFO - === Head-Tail Evaluation ===
2026-08-19 13:12:08,873 - FINAL_S_r200.log - INFO - Head Accuracy: 0.7173
2026-08-19 13:12:08,880 - FINAL_S_r200.log - INFO - Tail Accuracy: 0.6373
2026-08-19 13:12:24,720 - FINAL_S_r200.log - INFO - Round 101 S-diagnostic | score_mean 0.6169 | selected_tail_fraction 0.0129 | participation_range 34-47
2026-08-19 13:12:24,720 - FINAL_S_r200.log - INFO - Round 101 selected clients: [0, 2, 4, 7, 10, 11, 12, 18]
2026-08-19 13:12:45,776 - FINAL_S_r200.log - INFO - Round 101 | Global 0.6848 | Head 0.7266 | Tail 0.5873 | Many 0.7947 | Medium 0.6755 | Few 0.5873 | best_tail 0.6557@99 | rollback=False
2026-08-19 13:12:45,776 - FINAL_S_r200.log - INFO - Round 102 S-diagnostic | score_mean 0.5794 | selected_tail_fraction 0.0179 | participation_range 34-47
2026-08-19 13:12:45,776 - FINAL_S_r200.log - INFO - Round 102 selected clients: [1, 8, 10, 11, 12, 14, 17, 19]
2026-08-19 13:13:06,246 - FINAL_S_r200.log - INFO - Round 102 | Global 0.6720 | Head 0.7183 | Tail 0.5640 | Many 0.8010 | Medium 0.6562 | Few 0.5640 | best_tail 0.6557@99 | rollback=False
2026-08-19 13:13:06,246 - FINAL_S_r200.log - INFO - Round 103 S-diagnostic | score_mean 0.7091 | selected_tail_fraction 0.0252 | participation_range 34-48
2026-08-19 13:13:06,246 - FINAL_S_r200.log - INFO - Round 103 selected clients: [0, 2, 7, 9, 11, 16, 17, 19]
2026-08-19 13:13:27,017 - FINAL_S_r200.log - INFO - Round 103 | Global 0.6783 | Head 0.7233 | Tail 0.5733 | Many 0.7957 | Medium 0.6690 | Few 0.5733 | best_tail 0.6557@99 | rollback=False
2026-08-19 13:13:27,017 - FINAL_S_r200.log - INFO - Round 104 S-diagnostic | score_mean 0.7548 | selected_tail_fraction 0.0339 | participation_range 34-48
2026-08-19 13:13:27,017 - FINAL_S_r200.log - INFO - Round 104 selected clients: [3, 6, 9, 12, 13, 14, 17, 18]
2026-08-19 13:13:47,678 - FINAL_S_r200.log - INFO - Round 104 | Global 0.6964 | Head 0.7263 | Tail 0.6267 | Many 0.7887 | Medium 0.6795 | Few 0.6267 | best_tail 0.6557@99 | rollback=False
2026-08-19 13:13:47,678 - FINAL_S_r200.log - INFO - Round 105 S-diagnostic | score_mean 0.5655 | selected_tail_fraction 0.0155 | participation_range 34-48
2026-08-19 13:13:47,678 - FINAL_S_r200.log - INFO - Round 105 selected clients: [3, 8, 10, 13, 14, 15, 16, 18]
2026-08-19 13:14:09,055 - FINAL_S_r200.log - INFO - Round 105 | Global 0.6691 | Head 0.7190 | Tail 0.5527 | Many 0.8087 | Medium 0.6518 | Few 0.5527 | best_tail 0.6557@99 | rollback=False
2026-08-19 13:14:09,056 - FINAL_S_r200.log - INFO - Round 106 S-diagnostic | score_mean 0.7111 | selected_tail_fraction 0.0240 | participation_range 34-48
2026-08-19 13:14:09,058 - FINAL_S_r200.log - INFO - Round 106 selected clients: [1, 3, 6, 7, 8, 9, 12, 18]
2026-08-19 13:14:30,547 - FINAL_S_r200.log - INFO - Round 106 | Global 0.6922 | Head 0.7146 | Tail 0.6400 | Many 0.7900 | Medium 0.6580 | Few 0.6400 | best_tail 0.6557@99 | rollback=False
2026-08-19 13:14:30,547 - FINAL_S_r200.log - INFO - Round 107 S-diagnostic | score_mean 0.6826 | selected_tail_fraction 0.0234 | participation_range 34-49
2026-08-19 13:14:30,547 - FINAL_S_r200.log - INFO - Round 107 selected clients: [2, 6, 7, 9, 11, 12, 14, 19]
2026-08-19 13:14:52,279 - FINAL_S_r200.log - INFO - Round 107 | Global 0.6987 | Head 0.7161 | Tail 0.6580 | Many 0.7950 | Medium 0.6570 | Few 0.6580 | best_tail 0.6580@107 | rollback=False
2026-08-19 13:14:52,279 - FINAL_S_r200.log - INFO - Round 108 S-diagnostic | score_mean 0.5606 | selected_tail_fraction 0.0115 | participation_range 34-49
2026-08-19 13:14:52,279 - FINAL_S_r200.log - INFO - Round 108 selected clients: [0, 7, 8, 9, 10, 13, 15, 18]
2026-08-19 13:15:13,387 - FINAL_S_r200.log - INFO - Round 108 | Global 0.6778 | Head 0.7206 | Tail 0.5780 | Many 0.8230 | Medium 0.6438 | Few 0.5780 | best_tail 0.6580@107 | rollback=False
2026-08-19 13:15:13,387 - FINAL_S_r200.log - INFO - Round 109 S-diagnostic | score_mean 0.6997 | selected_tail_fraction 0.0228 | participation_range 34-50
2026-08-19 13:15:13,387 - FINAL_S_r200.log - INFO - Round 109 selected clients: [0, 2, 4, 7, 12, 13, 17, 18]
2026-08-19 13:15:34,889 - FINAL_S_r200.log - INFO - Round 109 | Global 0.6777 | Head 0.7313 | Tail 0.5527 | Many 0.8070 | Medium 0.6745 | Few 0.5527 | best_tail 0.6580@107 | rollback=False
2026-08-19 13:15:34,889 - FINAL_S_r200.log - INFO - Round 110 S-diagnostic | score_mean 0.7066 | selected_tail_fraction 0.0276 | participation_range 35-50
2026-08-19 13:15:34,889 - FINAL_S_r200.log - INFO - Round 110 selected clients: [2, 3, 4, 5, 6, 7, 9, 14]
2026-08-19 13:15:54,869 - FINAL_S_r200.log - INFO - Round 110 | Global 0.6886 | Head 0.7160 | Tail 0.6247 | Many 0.7630 | Medium 0.6807 | Few 0.6247 | best_tail 0.6580@107 | rollback=False
2026-08-19 13:15:54,898 - FINAL_S_r200.log - INFO - Global Accuracy: [0.1433, 0.214, 0.2534, 0.2909, 0.3034, 0.3394, 0.3525, 0.3587, 0.3524, 0.3309, 0.3917, 0.3532, 0.4, 0.4232, 0.4301, 0.4342, 0.4148, 0.433, 0.4268, 0.4569, 0.4698, 0.4352, 0.4624, 0.5062, 0.4934, 0.4686, 0.4787, 0.4919, 0.5053, 0.5117, 0.4943, 0.5096, 0.4856, 0.4984, 0.4804, 0.5551, 0.5542, 0.5384, 0.5387, 0.5862, 0.5446, 0.6076, 0.5731, 0.5763, 0.5951, 0.5979, 0.5756, 0.6115, 0.5935, 0.6264, 0.6282, 0.6245, 0.6045, 0.5904, 0.6362, 0.5666, 0.5657, 0.6277, 0.6524, 0.621, 0.6124, 0.6419, 0.6234, 0.6221, 0.6358, 0.6097, 0.6623, 0.6586, 0.6631, 0.6065, 0.6256, 0.6539, 0.6729, 0.6666, 0.6524, 0.6367, 0.6403, 0.6628, 0.6629, 0.6763, 0.6812, 0.6826, 0.6809, 0.6565, 0.6838, 0.6543, 0.6628, 0.672, 0.684, 0.6797, 0.6647, 0.6667, 0.6797, 0.6835, 0.6578, 0.6671, 0.6648, 0.6901, 0.6974, 0.6933, 0.6848, 0.672, 0.6783, 0.6964, 0.6691, 0.6922, 0.6987, 0.6778, 0.6777, 0.6886]
2026-08-19 13:15:54,898 - FINAL_S_r200.log - INFO - Majority Class Accuracy: [0.4077, 0.572, 0.6503, 0.7457, 0.7547, 0.726, 0.7017, 0.6997, 0.822, 0.7967, 0.817, 0.8433, 0.7627, 0.7683, 0.78, 0.792, 0.8343, 0.8153, 0.8007, 0.7533, 0.7793, 0.7573, 0.7533, 0.7743, 0.8063, 0.8163, 0.829, 0.8173, 0.7873, 0.837, 0.8233, 0.801, 0.812, 0.784, 0.8207, 0.7783, 0.7857, 0.7893, 0.805, 0.779, 0.7983, 0.7883, 0.805, 0.835, 0.759, 0.8057, 0.78, 0.783, 0.8197, 0.7563, 0.7803, 0.798, 0.822, 0.794, 0.8077, 0.8427, 0.8517, 0.8203, 0.766, 0.8137, 0.8077, 0.7717, 0.8313, 0.8237, 0.801, 0.8053, 0.7677, 0.804, 0.78, 0.807, 0.842, 0.7803, 0.757, 0.8027, 0.8127, 0.8013, 0.8017, 0.7507, 0.7897, 0.745, 0.7927, 0.788, 0.7793, 0.8347, 0.7823, 0.8163, 0.8057, 0.7993, 0.7697, 0.7617, 0.7873, 0.8027, 0.786, 0.7543, 0.8143, 0.7983, 0.798, 0.7487, 0.7993, 0.781, 0.7947, 0.801, 0.7957, 0.7887, 0.8087, 0.79, 0.795, 0.823, 0.807, 0.763]
2026-08-19 13:15:54,898 - FINAL_S_r200.log - INFO - Medium Class Accuracy: [0.0525, 0.106, 0.1457, 0.168, 0.1925, 0.304, 0.355, 0.3718, 0.2645, 0.2298, 0.3427, 0.2452, 0.3855, 0.4582, 0.4532, 0.4345, 0.3478, 0.4517, 0.441, 0.5092, 0.507, 0.4788, 0.535, 0.5567, 0.5125, 0.4597, 0.4705, 0.5282, 0.5485, 0.4813, 0.5065, 0.538, 0.4955, 0.542, 0.4763, 0.5393, 0.6018, 0.592, 0.5673, 0.6045, 0.552, 0.5863, 0.606, 0.5877, 0.5475, 0.5577, 0.5635, 0.6082, 0.5855, 0.6455, 0.637, 0.6268, 0.5727, 0.6352, 0.6368, 0.59, 0.5653, 0.6385, 0.6202, 0.613, 0.6075, 0.6252, 0.63, 0.6262, 0.661, 0.6368, 0.6452, 0.613, 0.656, 0.6055, 0.5992, 0.6573, 0.668, 0.6558, 0.6348, 0.6302, 0.6265, 0.6657, 0.6488, 0.6795, 0.6765, 0.6733, 0.665, 0.633, 0.6645, 0.614, 0.6657, 0.6665, 0.6565, 0.6763, 0.675, 0.6715, 0.6725, 0.6777, 0.6693, 0.6492, 0.6635, 0.6725, 0.6522, 0.6695, 0.6755, 0.6562, 0.669, 0.6795, 0.6518, 0.658, 0.657, 0.6438, 0.6745, 0.6807]
2026-08-19 13:15:54,898 - FINAL_S_r200.log - INFO - Minority Class Accuracy: [0.0, 0.0, 0.0, 0.0, 0.0, 0.0, 0.0, 0.0003, 0.0, 0.0, 0.0317, 0.007, 0.0567, 0.0313, 0.0493, 0.076, 0.0847, 0.0257, 0.034, 0.0907, 0.1107, 0.055, 0.0747, 0.1707, 0.155, 0.1327, 0.1393, 0.118, 0.1657, 0.227, 0.149, 0.1803, 0.146, 0.1547, 0.1457, 0.353, 0.2593, 0.216, 0.2343, 0.369, 0.281, 0.4553, 0.2973, 0.3023, 0.4947, 0.4437, 0.3873, 0.4443, 0.378, 0.471, 0.4643, 0.448, 0.4293, 0.327, 0.464, 0.2593, 0.2803, 0.4207, 0.5817, 0.439, 0.4237, 0.5343, 0.4067, 0.415, 0.437, 0.378, 0.5797, 0.574, 0.5557, 0.4073, 0.4443, 0.523, 0.5953, 0.545, 0.5157, 0.4807, 0.4973, 0.571, 0.555, 0.6033, 0.576, 0.5897, 0.6037, 0.5097, 0.611, 0.546, 0.516, 0.552, 0.635, 0.6023, 0.5283, 0.5243, 0.583, 0.6203, 0.486, 0.5597, 0.5333, 0.655, 0.6557, 0.6373, 0.5873, 0.564, 0.5733, 0.6267, 0.5527, 0.64, 0.658, 0.578, 0.5527, 0.6247]
2026-08-19 13:15:54,898 - FINAL_S_r200.log - INFO - === Head-Tail Evaluation ===
2026-08-19 13:15:54,898 - FINAL_S_r200.log - INFO - Head Accuracy: 0.7160
2026-08-19 13:15:54,898 - FINAL_S_r200.log - INFO - Tail Accuracy: 0.6247
2026-08-19 13:16:11,123 - FINAL_S_r200.log - INFO - Round 111 S-diagnostic | score_mean 0.7340 | selected_tail_fraction 0.0290 | participation_range 35-51
2026-08-19 13:16:11,123 - FINAL_S_r200.log - INFO - Round 111 selected clients: [2, 3, 7, 11, 12, 16, 17, 18]
2026-08-19 13:16:30,564 - FINAL_S_r200.log - INFO - Round 111 | Global 0.7040 | Head 0.7246 | Tail 0.6560 | Many 0.7817 | Medium 0.6817 | Few 0.6560 | best_tail 0.6580@107 | rollback=False
2026-08-19 13:16:30,564 - FINAL_S_r200.log - INFO - Round 112 S-diagnostic | score_mean 0.6755 | selected_tail_fraction 0.0161 | participation_range 36-51
2026-08-19 13:16:30,568 - FINAL_S_r200.log - INFO - Round 112 selected clients: [0, 1, 5, 8, 9, 11, 16, 19]
2026-08-19 13:16:49,183 - FINAL_S_r200.log - INFO - Round 112 | Global 0.6884 | Head 0.7224 | Tail 0.6090 | Many 0.8080 | Medium 0.6583 | Few 0.6090 | best_tail 0.6580@107 | rollback=False
2026-08-19 13:16:49,183 - FINAL_S_r200.log - INFO - Round 113 S-diagnostic | score_mean 0.7010 | selected_tail_fraction 0.0248 | participation_range 36-51
2026-08-19 13:16:49,183 - FINAL_S_r200.log - INFO - Round 113 selected clients: [1, 2, 4, 6, 11, 14, 15, 17]
2026-08-19 13:17:08,009 - FINAL_S_r200.log - INFO - Round 113 | Global 0.6779 | Head 0.7373 | Tail 0.5393 | Many 0.7947 | Medium 0.6943 | Few 0.5393 | best_tail 0.6580@107 | rollback=False
2026-08-19 13:17:08,013 - FINAL_S_r200.log - INFO - Round 114 S-diagnostic | score_mean 0.6119 | selected_tail_fraction 0.0179 | participation_range 36-52
2026-08-19 13:17:08,013 - FINAL_S_r200.log - INFO - Round 114 selected clients: [0, 6, 10, 11, 12, 14, 16, 17]
2026-08-19 13:17:26,488 - FINAL_S_r200.log - INFO - Round 114 | Global 0.6723 | Head 0.7343 | Tail 0.5277 | Many 0.8273 | Medium 0.6645 | Few 0.5277 | best_tail 0.6580@107 | rollback=False
2026-08-19 13:17:26,494 - FINAL_S_r200.log - INFO - Round 115 S-diagnostic | score_mean 0.5284 | selected_tail_fraction 0.0097 | participation_range 36-52
2026-08-19 13:17:26,494 - FINAL_S_r200.log - INFO - Round 115 selected clients: [0, 4, 8, 10, 11, 14, 15, 19]
2026-08-19 13:17:45,152 - FINAL_S_r200.log - INFO - Round 115 | Global 0.6687 | Head 0.7296 | Tail 0.5267 | Many 0.8367 | Medium 0.6492 | Few 0.5267 | best_tail 0.6580@107 | rollback=False
2026-08-19 13:17:45,154 - FINAL_S_r200.log - INFO - Round 116 S-diagnostic | score_mean 0.6851 | selected_tail_fraction 0.0173 | participation_range 36-53
2026-08-19 13:17:45,154 - FINAL_S_r200.log - INFO - Round 116 selected clients: [0, 1, 6, 7, 10, 12, 15, 18]
2026-08-19 13:18:03,615 - FINAL_S_r200.log - INFO - Round 116 | Global 0.6880 | Head 0.7274 | Tail 0.5960 | Many 0.8133 | Medium 0.6630 | Few 0.5960 | best_tail 0.6580@107 | rollback=False
2026-08-19 13:18:03,615 - FINAL_S_r200.log - INFO - Round 117 S-diagnostic | score_mean 0.8005 | selected_tail_fraction 0.0371 | participation_range 37-53
2026-08-19 13:18:03,615 - FINAL_S_r200.log - INFO - Round 117 selected clients: [1, 2, 3, 5, 6, 7, 15, 17]
2026-08-19 13:18:22,360 - FINAL_S_r200.log - INFO - Round 117 | Global 0.7009 | Head 0.7161 | Tail 0.6653 | Many 0.7533 | Medium 0.6883 | Few 0.6653 | best_tail 0.6653@117 | rollback=False
2026-08-19 13:18:22,360 - FINAL_S_r200.log - INFO - Round 118 S-diagnostic | score_mean 0.6756 | selected_tail_fraction 0.0254 | participation_range 38-53
2026-08-19 13:18:22,360 - FINAL_S_r200.log - INFO - Round 118 selected clients: [0, 2, 3, 4, 5, 6, 7, 8]
2026-08-19 13:18:41,088 - FINAL_S_r200.log - INFO - Round 118 | Global 0.6923 | Head 0.7203 | Tail 0.6270 | Many 0.7820 | Medium 0.6740 | Few 0.6270 | best_tail 0.6653@117 | rollback=False
2026-08-19 13:18:41,088 - FINAL_S_r200.log - INFO - Round 119 S-diagnostic | score_mean 0.7090 | selected_tail_fraction 0.0258 | participation_range 38-54
2026-08-19 13:18:41,088 - FINAL_S_r200.log - INFO - Round 119 selected clients: [5, 7, 8, 9, 12, 16, 17, 18]
2026-08-19 13:19:00,068 - FINAL_S_r200.log - INFO - Round 119 | Global 0.6986 | Head 0.7284 | Tail 0.6290 | Many 0.7817 | Medium 0.6885 | Few 0.6290 | best_tail 0.6653@117 | rollback=False
2026-08-19 13:19:00,068 - FINAL_S_r200.log - INFO - Round 120 S-diagnostic | score_mean 0.5584 | selected_tail_fraction 0.0141 | participation_range 38-54
2026-08-19 13:19:00,068 - FINAL_S_r200.log - INFO - Round 120 selected clients: [0, 3, 4, 6, 8, 10, 14, 16]
2026-08-19 13:19:18,189 - FINAL_S_r200.log - INFO - Round 120 | Global 0.6779 | Head 0.7303 | Tail 0.5557 | Many 0.8233 | Medium 0.6605 | Few 0.5557 | best_tail 0.6653@117 | rollback=False
2026-08-19 13:19:18,208 - FINAL_S_r200.log - INFO - Global Accuracy: [0.1433, 0.214, 0.2534, 0.2909, 0.3034, 0.3394, 0.3525, 0.3587, 0.3524, 0.3309, 0.3917, 0.3532, 0.4, 0.4232, 0.4301, 0.4342, 0.4148, 0.433, 0.4268, 0.4569, 0.4698, 0.4352, 0.4624, 0.5062, 0.4934, 0.4686, 0.4787, 0.4919, 0.5053, 0.5117, 0.4943, 0.5096, 0.4856, 0.4984, 0.4804, 0.5551, 0.5542, 0.5384, 0.5387, 0.5862, 0.5446, 0.6076, 0.5731, 0.5763, 0.5951, 0.5979, 0.5756, 0.6115, 0.5935, 0.6264, 0.6282, 0.6245, 0.6045, 0.5904, 0.6362, 0.5666, 0.5657, 0.6277, 0.6524, 0.621, 0.6124, 0.6419, 0.6234, 0.6221, 0.6358, 0.6097, 0.6623, 0.6586, 0.6631, 0.6065, 0.6256, 0.6539, 0.6729, 0.6666, 0.6524, 0.6367, 0.6403, 0.6628, 0.6629, 0.6763, 0.6812, 0.6826, 0.6809, 0.6565, 0.6838, 0.6543, 0.6628, 0.672, 0.684, 0.6797, 0.6647, 0.6667, 0.6797, 0.6835, 0.6578, 0.6671, 0.6648, 0.6901, 0.6974, 0.6933, 0.6848, 0.672, 0.6783, 0.6964, 0.6691, 0.6922, 0.6987, 0.6778, 0.6777, 0.6886, 0.704, 0.6884, 0.6779, 0.6723, 0.6687, 0.688, 0.7009, 0.6923, 0.6986, 0.6779]
2026-08-19 13:19:18,208 - FINAL_S_r200.log - INFO - Majority Class Accuracy: [0.4077, 0.572, 0.6503, 0.7457, 0.7547, 0.726, 0.7017, 0.6997, 0.822, 0.7967, 0.817, 0.8433, 0.7627, 0.7683, 0.78, 0.792, 0.8343, 0.8153, 0.8007, 0.7533, 0.7793, 0.7573, 0.7533, 0.7743, 0.8063, 0.8163, 0.829, 0.8173, 0.7873, 0.837, 0.8233, 0.801, 0.812, 0.784, 0.8207, 0.7783, 0.7857, 0.7893, 0.805, 0.779, 0.7983, 0.7883, 0.805, 0.835, 0.759, 0.8057, 0.78, 0.783, 0.8197, 0.7563, 0.7803, 0.798, 0.822, 0.794, 0.8077, 0.8427, 0.8517, 0.8203, 0.766, 0.8137, 0.8077, 0.7717, 0.8313, 0.8237, 0.801, 0.8053, 0.7677, 0.804, 0.78, 0.807, 0.842, 0.7803, 0.757, 0.8027, 0.8127, 0.8013, 0.8017, 0.7507, 0.7897, 0.745, 0.7927, 0.788, 0.7793, 0.8347, 0.7823, 0.8163, 0.8057, 0.7993, 0.7697, 0.7617, 0.7873, 0.8027, 0.786, 0.7543, 0.8143, 0.7983, 0.798, 0.7487, 0.7993, 0.781, 0.7947, 0.801, 0.7957, 0.7887, 0.8087, 0.79, 0.795, 0.823, 0.807, 0.763, 0.7817, 0.808, 0.7947, 0.8273, 0.8367, 0.8133, 0.7533, 0.782, 0.7817, 0.8233]
2026-08-19 13:19:18,208 - FINAL_S_r200.log - INFO - Medium Class Accuracy: [0.0525, 0.106, 0.1457, 0.168, 0.1925, 0.304, 0.355, 0.3718, 0.2645, 0.2298, 0.3427, 0.2452, 0.3855, 0.4582, 0.4532, 0.4345, 0.3478, 0.4517, 0.441, 0.5092, 0.507, 0.4788, 0.535, 0.5567, 0.5125, 0.4597, 0.4705, 0.5282, 0.5485, 0.4813, 0.5065, 0.538, 0.4955, 0.542, 0.4763, 0.5393, 0.6018, 0.592, 0.5673, 0.6045, 0.552, 0.5863, 0.606, 0.5877, 0.5475, 0.5577, 0.5635, 0.6082, 0.5855, 0.6455, 0.637, 0.6268, 0.5727, 0.6352, 0.6368, 0.59, 0.5653, 0.6385, 0.6202, 0.613, 0.6075, 0.6252, 0.63, 0.6262, 0.661, 0.6368, 0.6452, 0.613, 0.656, 0.6055, 0.5992, 0.6573, 0.668, 0.6558, 0.6348, 0.6302, 0.6265, 0.6657, 0.6488, 0.6795, 0.6765, 0.6733, 0.665, 0.633, 0.6645, 0.614, 0.6657, 0.6665, 0.6565, 0.6763, 0.675, 0.6715, 0.6725, 0.6777, 0.6693, 0.6492, 0.6635, 0.6725, 0.6522, 0.6695, 0.6755, 0.6562, 0.669, 0.6795, 0.6518, 0.658, 0.657, 0.6438, 0.6745, 0.6807, 0.6817, 0.6583, 0.6943, 0.6645, 0.6492, 0.663, 0.6883, 0.674, 0.6885, 0.6605]
2026-08-19 13:19:18,208 - FINAL_S_r200.log - INFO - Minority Class Accuracy: [0.0, 0.0, 0.0, 0.0, 0.0, 0.0, 0.0, 0.0003, 0.0, 0.0, 0.0317, 0.007, 0.0567, 0.0313, 0.0493, 0.076, 0.0847, 0.0257, 0.034, 0.0907, 0.1107, 0.055, 0.0747, 0.1707, 0.155, 0.1327, 0.1393, 0.118, 0.1657, 0.227, 0.149, 0.1803, 0.146, 0.1547, 0.1457, 0.353, 0.2593, 0.216, 0.2343, 0.369, 0.281, 0.4553, 0.2973, 0.3023, 0.4947, 0.4437, 0.3873, 0.4443, 0.378, 0.471, 0.4643, 0.448, 0.4293, 0.327, 0.464, 0.2593, 0.2803, 0.4207, 0.5817, 0.439, 0.4237, 0.5343, 0.4067, 0.415, 0.437, 0.378, 0.5797, 0.574, 0.5557, 0.4073, 0.4443, 0.523, 0.5953, 0.545, 0.5157, 0.4807, 0.4973, 0.571, 0.555, 0.6033, 0.576, 0.5897, 0.6037, 0.5097, 0.611, 0.546, 0.516, 0.552, 0.635, 0.6023, 0.5283, 0.5243, 0.583, 0.6203, 0.486, 0.5597, 0.5333, 0.655, 0.6557, 0.6373, 0.5873, 0.564, 0.5733, 0.6267, 0.5527, 0.64, 0.658, 0.578, 0.5527, 0.6247, 0.656, 0.609, 0.5393, 0.5277, 0.5267, 0.596, 0.6653, 0.627, 0.629, 0.5557]
2026-08-19 13:19:18,208 - FINAL_S_r200.log - INFO - === Head-Tail Evaluation ===
2026-08-19 13:19:18,208 - FINAL_S_r200.log - INFO - Head Accuracy: 0.7303
2026-08-19 13:19:18,208 - FINAL_S_r200.log - INFO - Tail Accuracy: 0.5557
2026-08-19 13:19:34,509 - FINAL_S_r200.log - INFO - Round 121 S-diagnostic | score_mean 0.7010 | selected_tail_fraction 0.0193 | participation_range 38-55
2026-08-19 13:19:34,509 - FINAL_S_r200.log - INFO - Round 121 selected clients: [0, 2, 5, 10, 12, 14, 16, 19]
2026-08-19 13:19:53,416 - FINAL_S_r200.log - INFO - Round 121 | Global 0.6944 | Head 0.7247 | Tail 0.6237 | Many 0.8147 | Medium 0.6573 | Few 0.6237 | best_tail 0.6653@117 | rollback=False
2026-08-19 13:19:53,416 - FINAL_S_r200.log - INFO - Round 122 S-diagnostic | score_mean 0.6576 | selected_tail_fraction 0.0121 | participation_range 38-56
2026-08-19 13:19:53,416 - FINAL_S_r200.log - INFO - Round 122 selected clients: [0, 6, 8, 9, 10, 12, 15, 16]
2026-08-19 13:20:12,122 - FINAL_S_r200.log - INFO - Round 122 | Global 0.6895 | Head 0.7247 | Tail 0.6073 | Many 0.8140 | Medium 0.6577 | Few 0.6073 | best_tail 0.6653@117 | rollback=False
2026-08-19 13:20:12,124 - FINAL_S_r200.log - INFO - Round 123 S-diagnostic | score_mean 0.7252 | selected_tail_fraction 0.0198 | participation_range 38-57
2026-08-19 13:20:12,124 - FINAL_S_r200.log - INFO - Round 123 selected clients: [0, 1, 6, 10, 12, 15, 16, 17]
2026-08-19 13:20:30,610 - FINAL_S_r200.log - INFO - Round 123 | Global 0.6865 | Head 0.7314 | Tail 0.5817 | Many 0.8080 | Medium 0.6740 | Few 0.5817 | best_tail 0.6653@117 | rollback=False
2026-08-19 13:20:30,613 - FINAL_S_r200.log - INFO - Round 124 S-diagnostic | score_mean 0.5508 | selected_tail_fraction 0.0121 | participation_range 39-57
2026-08-19 13:20:30,613 - FINAL_S_r200.log - INFO - Round 124 selected clients: [0, 1, 7, 9, 10, 11, 13, 17]
2026-08-19 13:20:48,730 - FINAL_S_r200.log - INFO - Round 124 | Global 0.6575 | Head 0.7053 | Tail 0.5460 | Many 0.8193 | Medium 0.6198 | Few 0.5460 | best_tail 0.6653@117 | rollback=False
2026-08-19 13:20:48,730 - FINAL_S_r200.log - INFO - Round 125 S-diagnostic | score_mean 0.6700 | selected_tail_fraction 0.0169 | participation_range 39-58
2026-08-19 13:20:48,730 - FINAL_S_r200.log - INFO - Round 125 selected clients: [2, 8, 9, 10, 12, 14, 15, 18]
2026-08-19 13:21:07,359 - FINAL_S_r200.log - INFO - Round 125 | Global 0.6934 | Head 0.7344 | Tail 0.5977 | Many 0.8010 | Medium 0.6845 | Few 0.5977 | best_tail 0.6653@117 | rollback=False
2026-08-19 13:21:07,360 - FINAL_S_r200.log - INFO - Round 126 S-diagnostic | score_mean 0.7589 | selected_tail_fraction 0.0377 | participation_range 40-58
2026-08-19 13:21:07,361 - FINAL_S_r200.log - INFO - Round 126 selected clients: [3, 5, 6, 9, 10, 13, 18, 19]
2026-08-19 13:21:26,362 - FINAL_S_r200.log - INFO - Round 126 | Global 0.6998 | Head 0.7046 | Tail 0.6887 | Many 0.7583 | Medium 0.6643 | Few 0.6887 | best_tail 0.6887@126 | rollback=False
2026-08-19 13:21:26,362 - FINAL_S_r200.log - INFO - Round 127 S-diagnostic | score_mean 0.6863 | selected_tail_fraction 0.0244 | participation_range 40-58
2026-08-19 13:21:26,362 - FINAL_S_r200.log - INFO - Round 127 selected clients: [0, 3, 4, 5, 9, 11, 14, 17]
2026-08-19 13:21:45,125 - FINAL_S_r200.log - INFO - Round 127 | Global 0.6967 | Head 0.7310 | Tail 0.6167 | Many 0.7940 | Medium 0.6837 | Few 0.6167 | best_tail 0.6887@126 | rollback=False
2026-08-19 13:21:45,125 - FINAL_S_r200.log - INFO - Round 128 S-diagnostic | score_mean 0.7576 | selected_tail_fraction 0.0270 | participation_range 40-59
2026-08-19 13:21:45,125 - FINAL_S_r200.log - INFO - Round 128 selected clients: [2, 3, 5, 8, 11, 12, 15, 18]
2026-08-19 13:22:03,897 - FINAL_S_r200.log - INFO - Round 128 | Global 0.7093 | Head 0.7214 | Tail 0.6810 | Many 0.7630 | Medium 0.6903 | Few 0.6810 | best_tail 0.6887@126 | rollback=False
2026-08-19 13:22:03,897 - FINAL_S_r200.log - INFO - Round 129 S-diagnostic | score_mean 0.7734 | selected_tail_fraction 0.0312 | participation_range 41-60
2026-08-19 13:22:03,897 - FINAL_S_r200.log - INFO - Round 129 selected clients: [2, 3, 9, 11, 12, 13, 17, 18]
2026-08-19 13:22:22,804 - FINAL_S_r200.log - INFO - Round 129 | Global 0.7055 | Head 0.7176 | Tail 0.6773 | Many 0.7630 | Medium 0.6835 | Few 0.6773 | best_tail 0.6887@126 | rollback=False
2026-08-19 13:22:22,804 - FINAL_S_r200.log - INFO - Round 130 S-diagnostic | score_mean 0.5698 | selected_tail_fraction 0.0163 | participation_range 41-60
2026-08-19 13:22:22,804 - FINAL_S_r200.log - INFO - Round 130 selected clients: [0, 3, 7, 9, 10, 11, 14, 19]
2026-08-19 13:22:41,310 - FINAL_S_r200.log - INFO - Round 130 | Global 0.7010 | Head 0.7256 | Tail 0.6437 | Many 0.7957 | Medium 0.6730 | Few 0.6437 | best_tail 0.6887@126 | rollback=False
2026-08-19 13:22:41,328 - FINAL_S_r200.log - INFO - Global Accuracy: [0.1433, 0.214, 0.2534, 0.2909, 0.3034, 0.3394, 0.3525, 0.3587, 0.3524, 0.3309, 0.3917, 0.3532, 0.4, 0.4232, 0.4301, 0.4342, 0.4148, 0.433, 0.4268, 0.4569, 0.4698, 0.4352, 0.4624, 0.5062, 0.4934, 0.4686, 0.4787, 0.4919, 0.5053, 0.5117, 0.4943, 0.5096, 0.4856, 0.4984, 0.4804, 0.5551, 0.5542, 0.5384, 0.5387, 0.5862, 0.5446, 0.6076, 0.5731, 0.5763, 0.5951, 0.5979, 0.5756, 0.6115, 0.5935, 0.6264, 0.6282, 0.6245, 0.6045, 0.5904, 0.6362, 0.5666, 0.5657, 0.6277, 0.6524, 0.621, 0.6124, 0.6419, 0.6234, 0.6221, 0.6358, 0.6097, 0.6623, 0.6586, 0.6631, 0.6065, 0.6256, 0.6539, 0.6729, 0.6666, 0.6524, 0.6367, 0.6403, 0.6628, 0.6629, 0.6763, 0.6812, 0.6826, 0.6809, 0.6565, 0.6838, 0.6543, 0.6628, 0.672, 0.684, 0.6797, 0.6647, 0.6667, 0.6797, 0.6835, 0.6578, 0.6671, 0.6648, 0.6901, 0.6974, 0.6933, 0.6848, 0.672, 0.6783, 0.6964, 0.6691, 0.6922, 0.6987, 0.6778, 0.6777, 0.6886, 0.704, 0.6884, 0.6779, 0.6723, 0.6687, 0.688, 0.7009, 0.6923, 0.6986, 0.6779, 0.6944, 0.6895, 0.6865, 0.6575, 0.6934, 0.6998, 0.6967, 0.7093, 0.7055, 0.701]
2026-08-19 13:22:41,328 - FINAL_S_r200.log - INFO - Majority Class Accuracy: [0.4077, 0.572, 0.6503, 0.7457, 0.7547, 0.726, 0.7017, 0.6997, 0.822, 0.7967, 0.817, 0.8433, 0.7627, 0.7683, 0.78, 0.792, 0.8343, 0.8153, 0.8007, 0.7533, 0.7793, 0.7573, 0.7533, 0.7743, 0.8063, 0.8163, 0.829, 0.8173, 0.7873, 0.837, 0.8233, 0.801, 0.812, 0.784, 0.8207, 0.7783, 0.7857, 0.7893, 0.805, 0.779, 0.7983, 0.7883, 0.805, 0.835, 0.759, 0.8057, 0.78, 0.783, 0.8197, 0.7563, 0.7803, 0.798, 0.822, 0.794, 0.8077, 0.8427, 0.8517, 0.8203, 0.766, 0.8137, 0.8077, 0.7717, 0.8313, 0.8237, 0.801, 0.8053, 0.7677, 0.804, 0.78, 0.807, 0.842, 0.7803, 0.757, 0.8027, 0.8127, 0.8013, 0.8017, 0.7507, 0.7897, 0.745, 0.7927, 0.788, 0.7793, 0.8347, 0.7823, 0.8163, 0.8057, 0.7993, 0.7697, 0.7617, 0.7873, 0.8027, 0.786, 0.7543, 0.8143, 0.7983, 0.798, 0.7487, 0.7993, 0.781, 0.7947, 0.801, 0.7957, 0.7887, 0.8087, 0.79, 0.795, 0.823, 0.807, 0.763, 0.7817, 0.808, 0.7947, 0.8273, 0.8367, 0.8133, 0.7533, 0.782, 0.7817, 0.8233, 0.8147, 0.814, 0.808, 0.8193, 0.801, 0.7583, 0.794, 0.763, 0.763, 0.7957]
2026-08-19 13:22:41,328 - FINAL_S_r200.log - INFO - Medium Class Accuracy: [0.0525, 0.106, 0.1457, 0.168, 0.1925, 0.304, 0.355, 0.3718, 0.2645, 0.2298, 0.3427, 0.2452, 0.3855, 0.4582, 0.4532, 0.4345, 0.3478, 0.4517, 0.441, 0.5092, 0.507, 0.4788, 0.535, 0.5567, 0.5125, 0.4597, 0.4705, 0.5282, 0.5485, 0.4813, 0.5065, 0.538, 0.4955, 0.542, 0.4763, 0.5393, 0.6018, 0.592, 0.5673, 0.6045, 0.552, 0.5863, 0.606, 0.5877, 0.5475, 0.5577, 0.5635, 0.6082, 0.5855, 0.6455, 0.637, 0.6268, 0.5727, 0.6352, 0.6368, 0.59, 0.5653, 0.6385, 0.6202, 0.613, 0.6075, 0.6252, 0.63, 0.6262, 0.661, 0.6368, 0.6452, 0.613, 0.656, 0.6055, 0.5992, 0.6573, 0.668, 0.6558, 0.6348, 0.6302, 0.6265, 0.6657, 0.6488, 0.6795, 0.6765, 0.6733, 0.665, 0.633, 0.6645, 0.614, 0.6657, 0.6665, 0.6565, 0.6763, 0.675, 0.6715, 0.6725, 0.6777, 0.6693, 0.6492, 0.6635, 0.6725, 0.6522, 0.6695, 0.6755, 0.6562, 0.669, 0.6795, 0.6518, 0.658, 0.657, 0.6438, 0.6745, 0.6807, 0.6817, 0.6583, 0.6943, 0.6645, 0.6492, 0.663, 0.6883, 0.674, 0.6885, 0.6605, 0.6573, 0.6577, 0.674, 0.6198, 0.6845, 0.6643, 0.6837, 0.6903, 0.6835, 0.673]
2026-08-19 13:22:41,328 - FINAL_S_r200.log - INFO - Minority Class Accuracy: [0.0, 0.0, 0.0, 0.0, 0.0, 0.0, 0.0, 0.0003, 0.0, 0.0, 0.0317, 0.007, 0.0567, 0.0313, 0.0493, 0.076, 0.0847, 0.0257, 0.034, 0.0907, 0.1107, 0.055, 0.0747, 0.1707, 0.155, 0.1327, 0.1393, 0.118, 0.1657, 0.227, 0.149, 0.1803, 0.146, 0.1547, 0.1457, 0.353, 0.2593, 0.216, 0.2343, 0.369, 0.281, 0.4553, 0.2973, 0.3023, 0.4947, 0.4437, 0.3873, 0.4443, 0.378, 0.471, 0.4643, 0.448, 0.4293, 0.327, 0.464, 0.2593, 0.2803, 0.4207, 0.5817, 0.439, 0.4237, 0.5343, 0.4067, 0.415, 0.437, 0.378, 0.5797, 0.574, 0.5557, 0.4073, 0.4443, 0.523, 0.5953, 0.545, 0.5157, 0.4807, 0.4973, 0.571, 0.555, 0.6033, 0.576, 0.5897, 0.6037, 0.5097, 0.611, 0.546, 0.516, 0.552, 0.635, 0.6023, 0.5283, 0.5243, 0.583, 0.6203, 0.486, 0.5597, 0.5333, 0.655, 0.6557, 0.6373, 0.5873, 0.564, 0.5733, 0.6267, 0.5527, 0.64, 0.658, 0.578, 0.5527, 0.6247, 0.656, 0.609, 0.5393, 0.5277, 0.5267, 0.596, 0.6653, 0.627, 0.629, 0.5557, 0.6237, 0.6073, 0.5817, 0.546, 0.5977, 0.6887, 0.6167, 0.681, 0.6773, 0.6437]
2026-08-19 13:22:41,328 - FINAL_S_r200.log - INFO - === Head-Tail Evaluation ===
2026-08-19 13:22:41,328 - FINAL_S_r200.log - INFO - Head Accuracy: 0.7256
2026-08-19 13:22:41,328 - FINAL_S_r200.log - INFO - Tail Accuracy: 0.6437
2026-08-19 13:22:57,815 - FINAL_S_r200.log - INFO - Round 131 S-diagnostic | score_mean 0.6177 | selected_tail_fraction 0.0149 | participation_range 42-60
2026-08-19 13:22:57,815 - FINAL_S_r200.log - INFO - Round 131 selected clients: [1, 2, 6, 8, 10, 13, 15, 16]
2026-08-19 13:23:16,294 - FINAL_S_r200.log - INFO - Round 131 | Global 0.6881 | Head 0.7294 | Tail 0.5917 | Many 0.7857 | Medium 0.6873 | Few 0.5917 | best_tail 0.6887@126 | rollback=False
2026-08-19 13:23:16,294 - FINAL_S_r200.log - INFO - Round 132 S-diagnostic | score_mean 0.5966 | selected_tail_fraction 0.0121 | participation_range 42-60
2026-08-19 13:23:16,294 - FINAL_S_r200.log - INFO - Round 132 selected clients: [0, 1, 8, 9, 11, 14, 16, 17]
2026-08-19 13:23:34,834 - FINAL_S_r200.log - INFO - Round 132 | Global 0.6825 | Head 0.7306 | Tail 0.5703 | Many 0.8247 | Medium 0.6600 | Few 0.5703 | best_tail 0.6887@126 | rollback=False
2026-08-19 13:23:34,834 - FINAL_S_r200.log - INFO - Round 133 S-diagnostic | score_mean 0.7621 | selected_tail_fraction 0.0274 | participation_range 42-61
2026-08-19 13:23:34,834 - FINAL_S_r200.log - INFO - Round 133 selected clients: [1, 2, 3, 4, 6, 10, 12, 19]
2026-08-19 13:23:53,830 - FINAL_S_r200.log - INFO - Round 133 | Global 0.7004 | Head 0.7257 | Tail 0.6413 | Many 0.7657 | Medium 0.6957 | Few 0.6413 | best_tail 0.6887@126 | rollback=False
2026-08-19 13:23:53,831 - FINAL_S_r200.log - INFO - Round 134 S-diagnostic | score_mean 0.6563 | selected_tail_fraction 0.0220 | participation_range 42-62
2026-08-19 13:23:53,831 - FINAL_S_r200.log - INFO - Round 134 selected clients: [7, 8, 9, 12, 14, 15, 17, 19]
2026-08-19 13:24:12,638 - FINAL_S_r200.log - INFO - Round 134 | Global 0.7073 | Head 0.7241 | Tail 0.6680 | Many 0.7703 | Medium 0.6895 | Few 0.6680 | best_tail 0.6887@126 | rollback=False
2026-08-19 13:24:12,638 - FINAL_S_r200.log - INFO - Round 135 S-diagnostic | score_mean 0.8555 | selected_tail_fraction 0.0373 | participation_range 42-63
2026-08-19 13:24:12,638 - FINAL_S_r200.log - INFO - Round 135 selected clients: [1, 2, 3, 6, 12, 16, 17, 19]
2026-08-19 13:24:31,961 - FINAL_S_r200.log - INFO - Round 135 | Global 0.7055 | Head 0.7120 | Tail 0.6903 | Many 0.7523 | Medium 0.6817 | Few 0.6903 | best_tail 0.6903@135 | rollback=False
2026-08-19 13:24:31,961 - FINAL_S_r200.log - INFO - Round 136 S-diagnostic | score_mean 0.7860 | selected_tail_fraction 0.0264 | participation_range 43-64
2026-08-19 13:24:31,961 - FINAL_S_r200.log - INFO - Round 136 selected clients: [0, 3, 5, 9, 12, 13, 15, 17]
2026-08-19 13:24:51,051 - FINAL_S_r200.log - INFO - Round 136 | Global 0.6994 | Head 0.7239 | Tail 0.6423 | Many 0.7660 | Medium 0.6923 | Few 0.6423 | best_tail 0.6903@135 | rollback=False
2026-08-19 13:24:51,051 - FINAL_S_r200.log - INFO - Round 137 S-diagnostic | score_mean 0.7803 | selected_tail_fraction 0.0298 | participation_range 43-65
2026-08-19 13:24:51,051 - FINAL_S_r200.log - INFO - Round 137 selected clients: [0, 6, 7, 9, 12, 15, 17, 19]
2026-08-19 13:25:09,726 - FINAL_S_r200.log - INFO - Round 137 | Global 0.7116 | Head 0.7274 | Tail 0.6747 | Many 0.7870 | Medium 0.6827 | Few 0.6747 | best_tail 0.6903@135 | rollback=False
2026-08-19 13:25:09,726 - FINAL_S_r200.log - INFO - Round 138 S-diagnostic | score_mean 0.7018 | selected_tail_fraction 0.0292 | participation_range 43-65
2026-08-19 13:25:09,726 - FINAL_S_r200.log - INFO - Round 138 selected clients: [1, 2, 3, 4, 7, 14, 17, 19]
2026-08-19 13:25:28,897 - FINAL_S_r200.log - INFO - Round 138 | Global 0.7033 | Head 0.7287 | Tail 0.6440 | Many 0.7917 | Medium 0.6815 | Few 0.6440 | best_tail 0.6903@135 | rollback=False
2026-08-19 13:25:28,897 - FINAL_S_r200.log - INFO - Round 139 S-diagnostic | score_mean 0.5841 | selected_tail_fraction 0.0133 | participation_range 44-66
2026-08-19 13:25:28,897 - FINAL_S_r200.log - INFO - Round 139 selected clients: [0, 2, 6, 8, 11, 12, 13, 14]
2026-08-19 13:25:47,158 - FINAL_S_r200.log - INFO - Round 139 | Global 0.6937 | Head 0.7379 | Tail 0.5907 | Many 0.8133 | Medium 0.6813 | Few 0.5907 | best_tail 0.6903@135 | rollback=False
2026-08-19 13:25:47,158 - FINAL_S_r200.log - INFO - Round 140 S-diagnostic | score_mean 0.6885 | selected_tail_fraction 0.0238 | participation_range 44-67
2026-08-19 13:25:47,158 - FINAL_S_r200.log - INFO - Round 140 selected clients: [3, 4, 11, 12, 14, 16, 17, 18]
2026-08-19 13:26:08,110 - FINAL_S_r200.log - INFO - Round 140 | Global 0.6961 | Head 0.7293 | Tail 0.6187 | Many 0.8200 | Medium 0.6613 | Few 0.6187 | best_tail 0.6903@135 | rollback=False
2026-08-19 13:26:08,128 - FINAL_S_r200.log - INFO - Global Accuracy: [0.1433, 0.214, 0.2534, 0.2909, 0.3034, 0.3394, 0.3525, 0.3587, 0.3524, 0.3309, 0.3917, 0.3532, 0.4, 0.4232, 0.4301, 0.4342, 0.4148, 0.433, 0.4268, 0.4569, 0.4698, 0.4352, 0.4624, 0.5062, 0.4934, 0.4686, 0.4787, 0.4919, 0.5053, 0.5117, 0.4943, 0.5096, 0.4856, 0.4984, 0.4804, 0.5551, 0.5542, 0.5384, 0.5387, 0.5862, 0.5446, 0.6076, 0.5731, 0.5763, 0.5951, 0.5979, 0.5756, 0.6115, 0.5935, 0.6264, 0.6282, 0.6245, 0.6045, 0.5904, 0.6362, 0.5666, 0.5657, 0.6277, 0.6524, 0.621, 0.6124, 0.6419, 0.6234, 0.6221, 0.6358, 0.6097, 0.6623, 0.6586, 0.6631, 0.6065, 0.6256, 0.6539, 0.6729, 0.6666, 0.6524, 0.6367, 0.6403, 0.6628, 0.6629, 0.6763, 0.6812, 0.6826, 0.6809, 0.6565, 0.6838, 0.6543, 0.6628, 0.672, 0.684, 0.6797, 0.6647, 0.6667, 0.6797, 0.6835, 0.6578, 0.6671, 0.6648, 0.6901, 0.6974, 0.6933, 0.6848, 0.672, 0.6783, 0.6964, 0.6691, 0.6922, 0.6987, 0.6778, 0.6777, 0.6886, 0.704, 0.6884, 0.6779, 0.6723, 0.6687, 0.688, 0.7009, 0.6923, 0.6986, 0.6779, 0.6944, 0.6895, 0.6865, 0.6575, 0.6934, 0.6998, 0.6967, 0.7093, 0.7055, 0.701, 0.6881, 0.6825, 0.7004, 0.7073, 0.7055, 0.6994, 0.7116, 0.7033, 0.6937, 0.6961]
2026-08-19 13:26:08,128 - FINAL_S_r200.log - INFO - Majority Class Accuracy: [0.4077, 0.572, 0.6503, 0.7457, 0.7547, 0.726, 0.7017, 0.6997, 0.822, 0.7967, 0.817, 0.8433, 0.7627, 0.7683, 0.78, 0.792, 0.8343, 0.8153, 0.8007, 0.7533, 0.7793, 0.7573, 0.7533, 0.7743, 0.8063, 0.8163, 0.829, 0.8173, 0.7873, 0.837, 0.8233, 0.801, 0.812, 0.784, 0.8207, 0.7783, 0.7857, 0.7893, 0.805, 0.779, 0.7983, 0.7883, 0.805, 0.835, 0.759, 0.8057, 0.78, 0.783, 0.8197, 0.7563, 0.7803, 0.798, 0.822, 0.794, 0.8077, 0.8427, 0.8517, 0.8203, 0.766, 0.8137, 0.8077, 0.7717, 0.8313, 0.8237, 0.801, 0.8053, 0.7677, 0.804, 0.78, 0.807, 0.842, 0.7803, 0.757, 0.8027, 0.8127, 0.8013, 0.8017, 0.7507, 0.7897, 0.745, 0.7927, 0.788, 0.7793, 0.8347, 0.7823, 0.8163, 0.8057, 0.7993, 0.7697, 0.7617, 0.7873, 0.8027, 0.786, 0.7543, 0.8143, 0.7983, 0.798, 0.7487, 0.7993, 0.781, 0.7947, 0.801, 0.7957, 0.7887, 0.8087, 0.79, 0.795, 0.823, 0.807, 0.763, 0.7817, 0.808, 0.7947, 0.8273, 0.8367, 0.8133, 0.7533, 0.782, 0.7817, 0.8233, 0.8147, 0.814, 0.808, 0.8193, 0.801, 0.7583, 0.794, 0.763, 0.763, 0.7957, 0.7857, 0.8247, 0.7657, 0.7703, 0.7523, 0.766, 0.787, 0.7917, 0.8133, 0.82]
2026-08-19 13:26:08,128 - FINAL_S_r200.log - INFO - Medium Class Accuracy: [0.0525, 0.106, 0.1457, 0.168, 0.1925, 0.304, 0.355, 0.3718, 0.2645, 0.2298, 0.3427, 0.2452, 0.3855, 0.4582, 0.4532, 0.4345, 0.3478, 0.4517, 0.441, 0.5092, 0.507, 0.4788, 0.535, 0.5567, 0.5125, 0.4597, 0.4705, 0.5282, 0.5485, 0.4813, 0.5065, 0.538, 0.4955, 0.542, 0.4763, 0.5393, 0.6018, 0.592, 0.5673, 0.6045, 0.552, 0.5863, 0.606, 0.5877, 0.5475, 0.5577, 0.5635, 0.6082, 0.5855, 0.6455, 0.637, 0.6268, 0.5727, 0.6352, 0.6368, 0.59, 0.5653, 0.6385, 0.6202, 0.613, 0.6075, 0.6252, 0.63, 0.6262, 0.661, 0.6368, 0.6452, 0.613, 0.656, 0.6055, 0.5992, 0.6573, 0.668, 0.6558, 0.6348, 0.6302, 0.6265, 0.6657, 0.6488, 0.6795, 0.6765, 0.6733, 0.665, 0.633, 0.6645, 0.614, 0.6657, 0.6665, 0.6565, 0.6763, 0.675, 0.6715, 0.6725, 0.6777, 0.6693, 0.6492, 0.6635, 0.6725, 0.6522, 0.6695, 0.6755, 0.6562, 0.669, 0.6795, 0.6518, 0.658, 0.657, 0.6438, 0.6745, 0.6807, 0.6817, 0.6583, 0.6943, 0.6645, 0.6492, 0.663, 0.6883, 0.674, 0.6885, 0.6605, 0.6573, 0.6577, 0.674, 0.6198, 0.6845, 0.6643, 0.6837, 0.6903, 0.6835, 0.673, 0.6873, 0.66, 0.6957, 0.6895, 0.6817, 0.6923, 0.6827, 0.6815, 0.6813, 0.6613]
2026-08-19 13:26:08,128 - FINAL_S_r200.log - INFO - Minority Class Accuracy: [0.0, 0.0, 0.0, 0.0, 0.0, 0.0, 0.0, 0.0003, 0.0, 0.0, 0.0317, 0.007, 0.0567, 0.0313, 0.0493, 0.076, 0.0847, 0.0257, 0.034, 0.0907, 0.1107, 0.055, 0.0747, 0.1707, 0.155, 0.1327, 0.1393, 0.118, 0.1657, 0.227, 0.149, 0.1803, 0.146, 0.1547, 0.1457, 0.353, 0.2593, 0.216, 0.2343, 0.369, 0.281, 0.4553, 0.2973, 0.3023, 0.4947, 0.4437, 0.3873, 0.4443, 0.378, 0.471, 0.4643, 0.448, 0.4293, 0.327, 0.464, 0.2593, 0.2803, 0.4207, 0.5817, 0.439, 0.4237, 0.5343, 0.4067, 0.415, 0.437, 0.378, 0.5797, 0.574, 0.5557, 0.4073, 0.4443, 0.523, 0.5953, 0.545, 0.5157, 0.4807, 0.4973, 0.571, 0.555, 0.6033, 0.576, 0.5897, 0.6037, 0.5097, 0.611, 0.546, 0.516, 0.552, 0.635, 0.6023, 0.5283, 0.5243, 0.583, 0.6203, 0.486, 0.5597, 0.5333, 0.655, 0.6557, 0.6373, 0.5873, 0.564, 0.5733, 0.6267, 0.5527, 0.64, 0.658, 0.578, 0.5527, 0.6247, 0.656, 0.609, 0.5393, 0.5277, 0.5267, 0.596, 0.6653, 0.627, 0.629, 0.5557, 0.6237, 0.6073, 0.5817, 0.546, 0.5977, 0.6887, 0.6167, 0.681, 0.6773, 0.6437, 0.5917, 0.5703, 0.6413, 0.668, 0.6903, 0.6423, 0.6747, 0.644, 0.5907, 0.6187]
2026-08-19 13:26:08,128 - FINAL_S_r200.log - INFO - === Head-Tail Evaluation ===
2026-08-19 13:26:08,128 - FINAL_S_r200.log - INFO - Head Accuracy: 0.7293
2026-08-19 13:26:08,128 - FINAL_S_r200.log - INFO - Tail Accuracy: 0.6187
2026-08-19 13:26:24,315 - FINAL_S_r200.log - INFO - Round 141 S-diagnostic | score_mean 0.7793 | selected_tail_fraction 0.0349 | participation_range 44-67
2026-08-19 13:26:24,315 - FINAL_S_r200.log - INFO - Round 141 selected clients: [1, 4, 6, 13, 15, 17, 18, 19]
2026-08-19 13:26:45,916 - FINAL_S_r200.log - INFO - Round 141 | Global 0.7031 | Head 0.6954 | Tail 0.7210 | Many 0.7180 | Medium 0.6785 | Few 0.7210 | best_tail 0.7210@141 | rollback=False
2026-08-19 13:26:45,916 - FINAL_S_r200.log - INFO - Round 142 S-diagnostic | score_mean 0.7470 | selected_tail_fraction 0.0171 | participation_range 44-67
2026-08-19 13:26:45,916 - FINAL_S_r200.log - INFO - Round 142 selected clients: [0, 1, 2, 7, 9, 15, 16, 19]
2026-08-19 13:27:07,407 - FINAL_S_r200.log - INFO - Round 142 | Global 0.7027 | Head 0.7141 | Tail 0.6760 | Many 0.7767 | Medium 0.6673 | Few 0.6760 | best_tail 0.7210@141 | rollback=False
2026-08-19 13:27:07,410 - FINAL_S_r200.log - INFO - Round 143 S-diagnostic | score_mean 0.7006 | selected_tail_fraction 0.0254 | participation_range 44-67
2026-08-19 13:27:07,410 - FINAL_S_r200.log - INFO - Round 143 selected clients: [1, 3, 8, 13, 15, 16, 17, 18]
2026-08-19 13:27:28,564 - FINAL_S_r200.log - INFO - Round 143 | Global 0.7074 | Head 0.7154 | Tail 0.6887 | Many 0.7720 | Medium 0.6730 | Few 0.6887 | best_tail 0.7210@141 | rollback=False
2026-08-19 13:27:28,564 - FINAL_S_r200.log - INFO - Round 144 S-diagnostic | score_mean 0.6191 | selected_tail_fraction 0.0151 | participation_range 44-68
2026-08-19 13:27:28,564 - FINAL_S_r200.log - INFO - Round 144 selected clients: [2, 6, 7, 8, 10, 12, 15, 16]
2026-08-19 13:27:49,878 - FINAL_S_r200.log - INFO - Round 144 | Global 0.7055 | Head 0.7353 | Tail 0.6360 | Many 0.8020 | Medium 0.6853 | Few 0.6360 | best_tail 0.7210@141 | rollback=False
2026-08-19 13:27:49,887 - FINAL_S_r200.log - INFO - Round 145 S-diagnostic | score_mean 0.7064 | selected_tail_fraction 0.0230 | participation_range 44-69
2026-08-19 13:27:49,887 - FINAL_S_r200.log - INFO - Round 145 selected clients: [2, 4, 6, 7, 12, 14, 15, 19]
2026-08-19 13:28:11,267 - FINAL_S_r200.log - INFO - Round 145 | Global 0.6982 | Head 0.7179 | Tail 0.6523 | Many 0.7873 | Medium 0.6657 | Few 0.6523 | best_tail 0.7210@141 | rollback=False
2026-08-19 13:28:11,267 - FINAL_S_r200.log - INFO - Round 146 S-diagnostic | score_mean 0.5466 | selected_tail_fraction 0.0153 | participation_range 44-69
2026-08-19 13:28:11,277 - FINAL_S_r200.log - INFO - Round 146 selected clients: [0, 6, 8, 10, 11, 14, 16, 18]
2026-08-19 13:28:31,681 - FINAL_S_r200.log - INFO - Round 146 | Global 0.6990 | Head 0.7224 | Tail 0.6443 | Many 0.8080 | Medium 0.6583 | Few 0.6443 | best_tail 0.7210@141 | rollback=False
2026-08-19 13:28:31,691 - FINAL_S_r200.log - INFO - Round 147 S-diagnostic | score_mean 0.5614 | selected_tail_fraction 0.0115 | participation_range 44-69
2026-08-19 13:28:31,691 - FINAL_S_r200.log - INFO - Round 147 selected clients: [0, 1, 2, 3, 7, 10, 11, 13]
2026-08-19 13:28:51,642 - FINAL_S_r200.log - INFO - Round 147 | Global 0.6876 | Head 0.7283 | Tail 0.5927 | Many 0.8200 | Medium 0.6595 | Few 0.5927 | best_tail 0.7210@141 | rollback=False
2026-08-19 13:28:51,642 - FINAL_S_r200.log - INFO - Round 148 S-diagnostic | score_mean 0.7149 | selected_tail_fraction 0.0199 | participation_range 44-69
2026-08-19 13:28:51,652 - FINAL_S_r200.log - INFO - Round 148 selected clients: [0, 1, 4, 9, 11, 16, 17, 19]
2026-08-19 13:29:13,139 - FINAL_S_r200.log - INFO - Round 148 | Global 0.6980 | Head 0.7254 | Tail 0.6340 | Many 0.8137 | Medium 0.6593 | Few 0.6340 | best_tail 0.7210@141 | rollback=False
2026-08-19 13:29:13,139 - FINAL_S_r200.log - INFO - Round 149 S-diagnostic | score_mean 0.7217 | selected_tail_fraction 0.0292 | participation_range 45-69
2026-08-19 13:29:13,139 - FINAL_S_r200.log - INFO - Round 149 selected clients: [1, 2, 3, 5, 8, 10, 15, 17]
2026-08-19 13:29:34,037 - FINAL_S_r200.log - INFO - Round 149 | Global 0.7046 | Head 0.7249 | Tail 0.6573 | Many 0.7683 | Medium 0.6923 | Few 0.6573 | best_tail 0.7210@141 | rollback=False
2026-08-19 13:29:34,047 - FINAL_S_r200.log - INFO - Round 150 S-diagnostic | score_mean 0.6811 | selected_tail_fraction 0.0183 | participation_range 45-70
2026-08-19 13:29:34,047 - FINAL_S_r200.log - INFO - Round 150 selected clients: [3, 4, 7, 8, 9, 12, 15, 19]
2026-08-19 13:29:55,392 - FINAL_S_r200.log - INFO - Round 150 | Global 0.7097 | Head 0.7283 | Tail 0.6663 | Many 0.7823 | Medium 0.6877 | Few 0.6663 | best_tail 0.7210@141 | rollback=False
2026-08-19 13:29:55,419 - FINAL_S_r200.log - INFO - Global Accuracy: [0.1433, 0.214, 0.2534, 0.2909, 0.3034, 0.3394, 0.3525, 0.3587, 0.3524, 0.3309, 0.3917, 0.3532, 0.4, 0.4232, 0.4301, 0.4342, 0.4148, 0.433, 0.4268, 0.4569, 0.4698, 0.4352, 0.4624, 0.5062, 0.4934, 0.4686, 0.4787, 0.4919, 0.5053, 0.5117, 0.4943, 0.5096, 0.4856, 0.4984, 0.4804, 0.5551, 0.5542, 0.5384, 0.5387, 0.5862, 0.5446, 0.6076, 0.5731, 0.5763, 0.5951, 0.5979, 0.5756, 0.6115, 0.5935, 0.6264, 0.6282, 0.6245, 0.6045, 0.5904, 0.6362, 0.5666, 0.5657, 0.6277, 0.6524, 0.621, 0.6124, 0.6419, 0.6234, 0.6221, 0.6358, 0.6097, 0.6623, 0.6586, 0.6631, 0.6065, 0.6256, 0.6539, 0.6729, 0.6666, 0.6524, 0.6367, 0.6403, 0.6628, 0.6629, 0.6763, 0.6812, 0.6826, 0.6809, 0.6565, 0.6838, 0.6543, 0.6628, 0.672, 0.684, 0.6797, 0.6647, 0.6667, 0.6797, 0.6835, 0.6578, 0.6671, 0.6648, 0.6901, 0.6974, 0.6933, 0.6848, 0.672, 0.6783, 0.6964, 0.6691, 0.6922, 0.6987, 0.6778, 0.6777, 0.6886, 0.704, 0.6884, 0.6779, 0.6723, 0.6687, 0.688, 0.7009, 0.6923, 0.6986, 0.6779, 0.6944, 0.6895, 0.6865, 0.6575, 0.6934, 0.6998, 0.6967, 0.7093, 0.7055, 0.701, 0.6881, 0.6825, 0.7004, 0.7073, 0.7055, 0.6994, 0.7116, 0.7033, 0.6937, 0.6961, 0.7031, 0.7027, 0.7074, 0.7055, 0.6982, 0.699, 0.6876, 0.698, 0.7046, 0.7097]
2026-08-19 13:29:55,419 - FINAL_S_r200.log - INFO - Majority Class Accuracy: [0.4077, 0.572, 0.6503, 0.7457, 0.7547, 0.726, 0.7017, 0.6997, 0.822, 0.7967, 0.817, 0.8433, 0.7627, 0.7683, 0.78, 0.792, 0.8343, 0.8153, 0.8007, 0.7533, 0.7793, 0.7573, 0.7533, 0.7743, 0.8063, 0.8163, 0.829, 0.8173, 0.7873, 0.837, 0.8233, 0.801, 0.812, 0.784, 0.8207, 0.7783, 0.7857, 0.7893, 0.805, 0.779, 0.7983, 0.7883, 0.805, 0.835, 0.759, 0.8057, 0.78, 0.783, 0.8197, 0.7563, 0.7803, 0.798, 0.822, 0.794, 0.8077, 0.8427, 0.8517, 0.8203, 0.766, 0.8137, 0.8077, 0.7717, 0.8313, 0.8237, 0.801, 0.8053, 0.7677, 0.804, 0.78, 0.807, 0.842, 0.7803, 0.757, 0.8027, 0.8127, 0.8013, 0.8017, 0.7507, 0.7897, 0.745, 0.7927, 0.788, 0.7793, 0.8347, 0.7823, 0.8163, 0.8057, 0.7993, 0.7697, 0.7617, 0.7873, 0.8027, 0.786, 0.7543, 0.8143, 0.7983, 0.798, 0.7487, 0.7993, 0.781, 0.7947, 0.801, 0.7957, 0.7887, 0.8087, 0.79, 0.795, 0.823, 0.807, 0.763, 0.7817, 0.808, 0.7947, 0.8273, 0.8367, 0.8133, 0.7533, 0.782, 0.7817, 0.8233, 0.8147, 0.814, 0.808, 0.8193, 0.801, 0.7583, 0.794, 0.763, 0.763, 0.7957, 0.7857, 0.8247, 0.7657, 0.7703, 0.7523, 0.766, 0.787, 0.7917, 0.8133, 0.82, 0.718, 0.7767, 0.772, 0.802, 0.7873, 0.808, 0.82, 0.8137, 0.7683, 0.7823]
2026-08-19 13:29:55,419 - FINAL_S_r200.log - INFO - Medium Class Accuracy: [0.0525, 0.106, 0.1457, 0.168, 0.1925, 0.304, 0.355, 0.3718, 0.2645, 0.2298, 0.3427, 0.2452, 0.3855, 0.4582, 0.4532, 0.4345, 0.3478, 0.4517, 0.441, 0.5092, 0.507, 0.4788, 0.535, 0.5567, 0.5125, 0.4597, 0.4705, 0.5282, 0.5485, 0.4813, 0.5065, 0.538, 0.4955, 0.542, 0.4763, 0.5393, 0.6018, 0.592, 0.5673, 0.6045, 0.552, 0.5863, 0.606, 0.5877, 0.5475, 0.5577, 0.5635, 0.6082, 0.5855, 0.6455, 0.637, 0.6268, 0.5727, 0.6352, 0.6368, 0.59, 0.5653, 0.6385, 0.6202, 0.613, 0.6075, 0.6252, 0.63, 0.6262, 0.661, 0.6368, 0.6452, 0.613, 0.656, 0.6055, 0.5992, 0.6573, 0.668, 0.6558, 0.6348, 0.6302, 0.6265, 0.6657, 0.6488, 0.6795, 0.6765, 0.6733, 0.665, 0.633, 0.6645, 0.614, 0.6657, 0.6665, 0.6565, 0.6763, 0.675, 0.6715, 0.6725, 0.6777, 0.6693, 0.6492, 0.6635, 0.6725, 0.6522, 0.6695, 0.6755, 0.6562, 0.669, 0.6795, 0.6518, 0.658, 0.657, 0.6438, 0.6745, 0.6807, 0.6817, 0.6583, 0.6943, 0.6645, 0.6492, 0.663, 0.6883, 0.674, 0.6885, 0.6605, 0.6573, 0.6577, 0.674, 0.6198, 0.6845, 0.6643, 0.6837, 0.6903, 0.6835, 0.673, 0.6873, 0.66, 0.6957, 0.6895, 0.6817, 0.6923, 0.6827, 0.6815, 0.6813, 0.6613, 0.6785, 0.6673, 0.673, 0.6853, 0.6657, 0.6583, 0.6595, 0.6593, 0.6923, 0.6877]
2026-08-19 13:29:55,419 - FINAL_S_r200.log - INFO - Minority Class Accuracy: [0.0, 0.0, 0.0, 0.0, 0.0, 0.0, 0.0, 0.0003, 0.0, 0.0, 0.0317, 0.007, 0.0567, 0.0313, 0.0493, 0.076, 0.0847, 0.0257, 0.034, 0.0907, 0.1107, 0.055, 0.0747, 0.1707, 0.155, 0.1327, 0.1393, 0.118, 0.1657, 0.227, 0.149, 0.1803, 0.146, 0.1547, 0.1457, 0.353, 0.2593, 0.216, 0.2343, 0.369, 0.281, 0.4553, 0.2973, 0.3023, 0.4947, 0.4437, 0.3873, 0.4443, 0.378, 0.471, 0.4643, 0.448, 0.4293, 0.327, 0.464, 0.2593, 0.2803, 0.4207, 0.5817, 0.439, 0.4237, 0.5343, 0.4067, 0.415, 0.437, 0.378, 0.5797, 0.574, 0.5557, 0.4073, 0.4443, 0.523, 0.5953, 0.545, 0.5157, 0.4807, 0.4973, 0.571, 0.555, 0.6033, 0.576, 0.5897, 0.6037, 0.5097, 0.611, 0.546, 0.516, 0.552, 0.635, 0.6023, 0.5283, 0.5243, 0.583, 0.6203, 0.486, 0.5597, 0.5333, 0.655, 0.6557, 0.6373, 0.5873, 0.564, 0.5733, 0.6267, 0.5527, 0.64, 0.658, 0.578, 0.5527, 0.6247, 0.656, 0.609, 0.5393, 0.5277, 0.5267, 0.596, 0.6653, 0.627, 0.629, 0.5557, 0.6237, 0.6073, 0.5817, 0.546, 0.5977, 0.6887, 0.6167, 0.681, 0.6773, 0.6437, 0.5917, 0.5703, 0.6413, 0.668, 0.6903, 0.6423, 0.6747, 0.644, 0.5907, 0.6187, 0.721, 0.676, 0.6887, 0.636, 0.6523, 0.6443, 0.5927, 0.634, 0.6573, 0.6663]
2026-08-19 13:29:55,419 - FINAL_S_r200.log - INFO - === Head-Tail Evaluation ===
2026-08-19 13:29:55,420 - FINAL_S_r200.log - INFO - Head Accuracy: 0.7283
2026-08-19 13:29:55,420 - FINAL_S_r200.log - INFO - Tail Accuracy: 0.6663
2026-08-19 13:30:11,810 - FINAL_S_r200.log - INFO - Round 151 S-diagnostic | score_mean 0.7868 | selected_tail_fraction 0.0298 | participation_range 45-71
2026-08-19 13:30:11,810 - FINAL_S_r200.log - INFO - Round 151 selected clients: [6, 9, 12, 13, 15, 16, 17, 19]
2026-08-19 13:30:33,318 - FINAL_S_r200.log - INFO - Round 151 | Global 0.7139 | Head 0.7237 | Tail 0.6910 | Many 0.7697 | Medium 0.6893 | Few 0.6910 | best_tail 0.7210@141 | rollback=False
2026-08-19 13:30:33,318 - FINAL_S_r200.log - INFO - Round 152 S-diagnostic | score_mean 0.8041 | selected_tail_fraction 0.0371 | participation_range 46-72
2026-08-19 13:30:33,318 - FINAL_S_r200.log - INFO - Round 152 selected clients: [0, 2, 5, 6, 10, 12, 17, 19]
2026-08-19 13:30:54,886 - FINAL_S_r200.log - INFO - Round 152 | Global 0.7108 | Head 0.7050 | Tail 0.7243 | Many 0.7360 | Medium 0.6817 | Few 0.7243 | best_tail 0.7243@152 | rollback=False
2026-08-19 13:30:54,886 - FINAL_S_r200.log - INFO - Round 153 S-diagnostic | score_mean 0.7232 | selected_tail_fraction 0.0234 | participation_range 46-73
2026-08-19 13:30:54,886 - FINAL_S_r200.log - INFO - Round 153 selected clients: [2, 3, 12, 13, 14, 15, 16, 17]
2026-08-19 13:31:15,844 - FINAL_S_r200.log - INFO - Round 153 | Global 0.7081 | Head 0.7269 | Tail 0.6643 | Many 0.7750 | Medium 0.6907 | Few 0.6643 | best_tail 0.7243@152 | rollback=False
2026-08-19 13:31:15,844 - FINAL_S_r200.log - INFO - Round 154 S-diagnostic | score_mean 0.7035 | selected_tail_fraction 0.0256 | participation_range 46-73
2026-08-19 13:31:15,844 - FINAL_S_r200.log - INFO - Round 154 selected clients: [0, 1, 4, 6, 8, 16, 17, 19]
2026-08-19 13:31:37,185 - FINAL_S_r200.log - INFO - Round 154 | Global 0.7088 | Head 0.7249 | Tail 0.6713 | Many 0.7907 | Medium 0.6755 | Few 0.6713 | best_tail 0.7243@152 | rollback=False
2026-08-19 13:31:37,196 - FINAL_S_r200.log - INFO - Round 155 S-diagnostic | score_mean 0.7271 | selected_tail_fraction 0.0232 | participation_range 47-74
2026-08-19 13:31:37,196 - FINAL_S_r200.log - INFO - Round 155 selected clients: [2, 5, 12, 13, 14, 15, 16, 17]
2026-08-19 13:31:58,440 - FINAL_S_r200.log - INFO - Round 155 | Global 0.7029 | Head 0.7219 | Tail 0.6587 | Many 0.7763 | Medium 0.6810 | Few 0.6587 | best_tail 0.7243@152 | rollback=False
2026-08-19 13:31:58,440 - FINAL_S_r200.log - INFO - Round 156 S-diagnostic | score_mean 0.6532 | selected_tail_fraction 0.0105 | participation_range 47-75
2026-08-19 13:31:58,440 - FINAL_S_r200.log - INFO - Round 156 selected clients: [1, 3, 4, 7, 8, 9, 12, 15]
2026-08-19 13:32:19,232 - FINAL_S_r200.log - INFO - Round 156 | Global 0.6938 | Head 0.7406 | Tail 0.5847 | Many 0.8057 | Medium 0.6917 | Few 0.5847 | best_tail 0.7243@152 | rollback=False
2026-08-19 13:32:19,232 - FINAL_S_r200.log - INFO - Round 157 S-diagnostic | score_mean 0.7624 | selected_tail_fraction 0.0256 | participation_range 47-75
2026-08-19 13:32:19,232 - FINAL_S_r200.log - INFO - Round 157 selected clients: [1, 3, 4, 6, 9, 13, 15, 18]
2026-08-19 13:32:40,300 - FINAL_S_r200.log - INFO - Round 157 | Global 0.7104 | Head 0.7340 | Tail 0.6553 | Many 0.7883 | Medium 0.6933 | Few 0.6553 | best_tail 0.7243@152 | rollback=False
2026-08-19 13:32:40,302 - FINAL_S_r200.log - INFO - Round 158 S-diagnostic | score_mean 0.7051 | selected_tail_fraction 0.0248 | participation_range 47-75
2026-08-19 13:32:40,302 - FINAL_S_r200.log - INFO - Round 158 selected clients: [2, 4, 9, 13, 14, 16, 17, 18]
2026-08-19 13:33:01,863 - FINAL_S_r200.log - INFO - Round 158 | Global 0.7031 | Head 0.7371 | Tail 0.6237 | Many 0.7953 | Medium 0.6935 | Few 0.6237 | best_tail 0.7243@152 | rollback=False
2026-08-19 13:33:01,863 - FINAL_S_r200.log - INFO - Round 159 S-diagnostic | score_mean 0.7368 | selected_tail_fraction 0.0171 | participation_range 47-75
2026-08-19 13:33:01,863 - FINAL_S_r200.log - INFO - Round 159 selected clients: [0, 1, 2, 6, 7, 9, 15, 16]
2026-08-19 13:33:23,511 - FINAL_S_r200.log - INFO - Round 159 | Global 0.7102 | Head 0.7244 | Tail 0.6770 | Many 0.7633 | Medium 0.6953 | Few 0.6770 | best_tail 0.7243@152 | rollback=False
2026-08-19 13:33:23,511 - FINAL_S_r200.log - INFO - Round 160 S-diagnostic | score_mean 0.7001 | selected_tail_fraction 0.0274 | participation_range 47-75
2026-08-19 13:33:23,511 - FINAL_S_r200.log - INFO - Round 160 selected clients: [0, 4, 6, 9, 11, 13, 17, 18]
2026-08-19 13:33:44,840 - FINAL_S_r200.log - INFO - Round 160 | Global 0.6953 | Head 0.7207 | Tail 0.6360 | Many 0.7733 | Medium 0.6813 | Few 0.6360 | best_tail 0.7243@152 | rollback=False
2026-08-19 13:33:44,867 - FINAL_S_r200.log - INFO - Global Accuracy: [0.1433, 0.214, 0.2534, 0.2909, 0.3034, 0.3394, 0.3525, 0.3587, 0.3524, 0.3309, 0.3917, 0.3532, 0.4, 0.4232, 0.4301, 0.4342, 0.4148, 0.433, 0.4268, 0.4569, 0.4698, 0.4352, 0.4624, 0.5062, 0.4934, 0.4686, 0.4787, 0.4919, 0.5053, 0.5117, 0.4943, 0.5096, 0.4856, 0.4984, 0.4804, 0.5551, 0.5542, 0.5384, 0.5387, 0.5862, 0.5446, 0.6076, 0.5731, 0.5763, 0.5951, 0.5979, 0.5756, 0.6115, 0.5935, 0.6264, 0.6282, 0.6245, 0.6045, 0.5904, 0.6362, 0.5666, 0.5657, 0.6277, 0.6524, 0.621, 0.6124, 0.6419, 0.6234, 0.6221, 0.6358, 0.6097, 0.6623, 0.6586, 0.6631, 0.6065, 0.6256, 0.6539, 0.6729, 0.6666, 0.6524, 0.6367, 0.6403, 0.6628, 0.6629, 0.6763, 0.6812, 0.6826, 0.6809, 0.6565, 0.6838, 0.6543, 0.6628, 0.672, 0.684, 0.6797, 0.6647, 0.6667, 0.6797, 0.6835, 0.6578, 0.6671, 0.6648, 0.6901, 0.6974, 0.6933, 0.6848, 0.672, 0.6783, 0.6964, 0.6691, 0.6922, 0.6987, 0.6778, 0.6777, 0.6886, 0.704, 0.6884, 0.6779, 0.6723, 0.6687, 0.688, 0.7009, 0.6923, 0.6986, 0.6779, 0.6944, 0.6895, 0.6865, 0.6575, 0.6934, 0.6998, 0.6967, 0.7093, 0.7055, 0.701, 0.6881, 0.6825, 0.7004, 0.7073, 0.7055, 0.6994, 0.7116, 0.7033, 0.6937, 0.6961, 0.7031, 0.7027, 0.7074, 0.7055, 0.6982, 0.699, 0.6876, 0.698, 0.7046, 0.7097, 0.7139, 0.7108, 0.7081, 0.7088, 0.7029, 0.6938, 0.7104, 0.7031, 0.7102, 0.6953]
2026-08-19 13:33:44,867 - FINAL_S_r200.log - INFO - Majority Class Accuracy: [0.4077, 0.572, 0.6503, 0.7457, 0.7547, 0.726, 0.7017, 0.6997, 0.822, 0.7967, 0.817, 0.8433, 0.7627, 0.7683, 0.78, 0.792, 0.8343, 0.8153, 0.8007, 0.7533, 0.7793, 0.7573, 0.7533, 0.7743, 0.8063, 0.8163, 0.829, 0.8173, 0.7873, 0.837, 0.8233, 0.801, 0.812, 0.784, 0.8207, 0.7783, 0.7857, 0.7893, 0.805, 0.779, 0.7983, 0.7883, 0.805, 0.835, 0.759, 0.8057, 0.78, 0.783, 0.8197, 0.7563, 0.7803, 0.798, 0.822, 0.794, 0.8077, 0.8427, 0.8517, 0.8203, 0.766, 0.8137, 0.8077, 0.7717, 0.8313, 0.8237, 0.801, 0.8053, 0.7677, 0.804, 0.78, 0.807, 0.842, 0.7803, 0.757, 0.8027, 0.8127, 0.8013, 0.8017, 0.7507, 0.7897, 0.745, 0.7927, 0.788, 0.7793, 0.8347, 0.7823, 0.8163, 0.8057, 0.7993, 0.7697, 0.7617, 0.7873, 0.8027, 0.786, 0.7543, 0.8143, 0.7983, 0.798, 0.7487, 0.7993, 0.781, 0.7947, 0.801, 0.7957, 0.7887, 0.8087, 0.79, 0.795, 0.823, 0.807, 0.763, 0.7817, 0.808, 0.7947, 0.8273, 0.8367, 0.8133, 0.7533, 0.782, 0.7817, 0.8233, 0.8147, 0.814, 0.808, 0.8193, 0.801, 0.7583, 0.794, 0.763, 0.763, 0.7957, 0.7857, 0.8247, 0.7657, 0.7703, 0.7523, 0.766, 0.787, 0.7917, 0.8133, 0.82, 0.718, 0.7767, 0.772, 0.802, 0.7873, 0.808, 0.82, 0.8137, 0.7683, 0.7823, 0.7697, 0.736, 0.775, 0.7907, 0.7763, 0.8057, 0.7883, 0.7953, 0.7633, 0.7733]
2026-08-19 13:33:44,867 - FINAL_S_r200.log - INFO - Medium Class Accuracy: [0.0525, 0.106, 0.1457, 0.168, 0.1925, 0.304, 0.355, 0.3718, 0.2645, 0.2298, 0.3427, 0.2452, 0.3855, 0.4582, 0.4532, 0.4345, 0.3478, 0.4517, 0.441, 0.5092, 0.507, 0.4788, 0.535, 0.5567, 0.5125, 0.4597, 0.4705, 0.5282, 0.5485, 0.4813, 0.5065, 0.538, 0.4955, 0.542, 0.4763, 0.5393, 0.6018, 0.592, 0.5673, 0.6045, 0.552, 0.5863, 0.606, 0.5877, 0.5475, 0.5577, 0.5635, 0.6082, 0.5855, 0.6455, 0.637, 0.6268, 0.5727, 0.6352, 0.6368, 0.59, 0.5653, 0.6385, 0.6202, 0.613, 0.6075, 0.6252, 0.63, 0.6262, 0.661, 0.6368, 0.6452, 0.613, 0.656, 0.6055, 0.5992, 0.6573, 0.668, 0.6558, 0.6348, 0.6302, 0.6265, 0.6657, 0.6488, 0.6795, 0.6765, 0.6733, 0.665, 0.633, 0.6645, 0.614, 0.6657, 0.6665, 0.6565, 0.6763, 0.675, 0.6715, 0.6725, 0.6777, 0.6693, 0.6492, 0.6635, 0.6725, 0.6522, 0.6695, 0.6755, 0.6562, 0.669, 0.6795, 0.6518, 0.658, 0.657, 0.6438, 0.6745, 0.6807, 0.6817, 0.6583, 0.6943, 0.6645, 0.6492, 0.663, 0.6883, 0.674, 0.6885, 0.6605, 0.6573, 0.6577, 0.674, 0.6198, 0.6845, 0.6643, 0.6837, 0.6903, 0.6835, 0.673, 0.6873, 0.66, 0.6957, 0.6895, 0.6817, 0.6923, 0.6827, 0.6815, 0.6813, 0.6613, 0.6785, 0.6673, 0.673, 0.6853, 0.6657, 0.6583, 0.6595, 0.6593, 0.6923, 0.6877, 0.6893, 0.6817, 0.6907, 0.6755, 0.681, 0.6917, 0.6933, 0.6935, 0.6953, 0.6813]
2026-08-19 13:33:44,867 - FINAL_S_r200.log - INFO - Minority Class Accuracy: [0.0, 0.0, 0.0, 0.0, 0.0, 0.0, 0.0, 0.0003, 0.0, 0.0, 0.0317, 0.007, 0.0567, 0.0313, 0.0493, 0.076, 0.0847, 0.0257, 0.034, 0.0907, 0.1107, 0.055, 0.0747, 0.1707, 0.155, 0.1327, 0.1393, 0.118, 0.1657, 0.227, 0.149, 0.1803, 0.146, 0.1547, 0.1457, 0.353, 0.2593, 0.216, 0.2343, 0.369, 0.281, 0.4553, 0.2973, 0.3023, 0.4947, 0.4437, 0.3873, 0.4443, 0.378, 0.471, 0.4643, 0.448, 0.4293, 0.327, 0.464, 0.2593, 0.2803, 0.4207, 0.5817, 0.439, 0.4237, 0.5343, 0.4067, 0.415, 0.437, 0.378, 0.5797, 0.574, 0.5557, 0.4073, 0.4443, 0.523, 0.5953, 0.545, 0.5157, 0.4807, 0.4973, 0.571, 0.555, 0.6033, 0.576, 0.5897, 0.6037, 0.5097, 0.611, 0.546, 0.516, 0.552, 0.635, 0.6023, 0.5283, 0.5243, 0.583, 0.6203, 0.486, 0.5597, 0.5333, 0.655, 0.6557, 0.6373, 0.5873, 0.564, 0.5733, 0.6267, 0.5527, 0.64, 0.658, 0.578, 0.5527, 0.6247, 0.656, 0.609, 0.5393, 0.5277, 0.5267, 0.596, 0.6653, 0.627, 0.629, 0.5557, 0.6237, 0.6073, 0.5817, 0.546, 0.5977, 0.6887, 0.6167, 0.681, 0.6773, 0.6437, 0.5917, 0.5703, 0.6413, 0.668, 0.6903, 0.6423, 0.6747, 0.644, 0.5907, 0.6187, 0.721, 0.676, 0.6887, 0.636, 0.6523, 0.6443, 0.5927, 0.634, 0.6573, 0.6663, 0.691, 0.7243, 0.6643, 0.6713, 0.6587, 0.5847, 0.6553, 0.6237, 0.677, 0.636]
2026-08-19 13:33:44,867 - FINAL_S_r200.log - INFO - === Head-Tail Evaluation ===
2026-08-19 13:33:44,867 - FINAL_S_r200.log - INFO - Head Accuracy: 0.7207
2026-08-19 13:33:44,867 - FINAL_S_r200.log - INFO - Tail Accuracy: 0.6360
2026-08-19 13:34:00,846 - FINAL_S_r200.log - INFO - Round 161 S-diagnostic | score_mean 0.6553 | selected_tail_fraction 0.0171 | participation_range 47-75
2026-08-19 13:34:00,846 - FINAL_S_r200.log - INFO - Round 161 selected clients: [1, 2, 7, 9, 10, 13, 15, 19]
2026-08-19 13:34:21,994 - FINAL_S_r200.log - INFO - Round 161 | Global 0.7139 | Head 0.7214 | Tail 0.6963 | Many 0.7657 | Medium 0.6883 | Few 0.6963 | best_tail 0.7243@152 | rollback=False
2026-08-19 13:34:21,994 - FINAL_S_r200.log - INFO - Round 162 S-diagnostic | score_mean 0.7236 | selected_tail_fraction 0.0292 | participation_range 47-75
2026-08-19 13:34:21,994 - FINAL_S_r200.log - INFO - Round 162 selected clients: [7, 9, 14, 15, 16, 17, 18, 19]
2026-08-19 13:34:42,355 - FINAL_S_r200.log - INFO - Round 162 | Global 0.7168 | Head 0.7087 | Tail 0.7357 | Many 0.7333 | Medium 0.6903 | Few 0.7357 | best_tail 0.7357@162 | rollback=False
2026-08-19 13:34:42,357 - FINAL_S_r200.log - INFO - Round 163 S-diagnostic | score_mean 0.5364 | selected_tail_fraction 0.0018 | participation_range 47-75
2026-08-19 13:34:42,357 - FINAL_S_r200.log - INFO - Round 163 selected clients: [0, 1, 4, 7, 8, 14, 15, 16]
2026-08-19 13:35:02,836 - FINAL_S_r200.log - INFO - Round 163 | Global 0.6965 | Head 0.7260 | Tail 0.6277 | Many 0.8157 | Medium 0.6587 | Few 0.6277 | best_tail 0.7357@162 | rollback=False
2026-08-19 13:35:02,836 - FINAL_S_r200.log - INFO - Round 164 S-diagnostic | score_mean 0.7274 | selected_tail_fraction 0.0310 | participation_range 47-76
2026-08-19 13:35:02,836 - FINAL_S_r200.log - INFO - Round 164 selected clients: [2, 4, 6, 12, 13, 14, 17, 19]
2026-08-19 13:35:23,887 - FINAL_S_r200.log - INFO - Round 164 | Global 0.7099 | Head 0.7294 | Tail 0.6643 | Many 0.7840 | Medium 0.6885 | Few 0.6643 | best_tail 0.7357@162 | rollback=False
2026-08-19 13:35:23,887 - FINAL_S_r200.log - INFO - Round 165 S-diagnostic | score_mean 0.6883 | selected_tail_fraction 0.0193 | participation_range 47-76
2026-08-19 13:35:23,887 - FINAL_S_r200.log - INFO - Round 165 selected clients: [0, 4, 9, 10, 13, 15, 18, 19]
2026-08-19 13:35:44,710 - FINAL_S_r200.log - INFO - Round 165 | Global 0.7122 | Head 0.7261 | Tail 0.6797 | Many 0.7950 | Medium 0.6745 | Few 0.6797 | best_tail 0.7357@162 | rollback=False
2026-08-19 13:35:44,719 - FINAL_S_r200.log - INFO - Round 166 S-diagnostic | score_mean 0.6433 | selected_tail_fraction 0.0147 | participation_range 48-77
2026-08-19 13:35:44,719 - FINAL_S_r200.log - INFO - Round 166 selected clients: [1, 3, 5, 7, 9, 11, 12, 14]
2026-08-19 13:36:03,623 - FINAL_S_r200.log - INFO - Round 166 | Global 0.7117 | Head 0.7404 | Tail 0.6447 | Many 0.8010 | Medium 0.6950 | Few 0.6447 | best_tail 0.7357@162 | rollback=False
2026-08-19 13:36:03,623 - FINAL_S_r200.log - INFO - Round 167 S-diagnostic | score_mean 0.5911 | selected_tail_fraction 0.0230 | participation_range 48-77
2026-08-19 13:36:03,623 - FINAL_S_r200.log - INFO - Round 167 selected clients: [0, 2, 8, 10, 11, 14, 17, 19]
2026-08-19 13:36:21,614 - FINAL_S_r200.log - INFO - Round 167 | Global 0.7138 | Head 0.7317 | Tail 0.6720 | Many 0.7917 | Medium 0.6867 | Few 0.6720 | best_tail 0.7357@162 | rollback=False
2026-08-19 13:36:21,617 - FINAL_S_r200.log - INFO - Round 168 S-diagnostic | score_mean 0.7406 | selected_tail_fraction 0.0312 | participation_range 49-77
2026-08-19 13:36:21,617 - FINAL_S_r200.log - INFO - Round 168 selected clients: [0, 1, 4, 5, 6, 8, 17, 18]
2026-08-19 13:36:40,746 - FINAL_S_r200.log - INFO - Round 168 | Global 0.7113 | Head 0.7240 | Tail 0.6817 | Many 0.7840 | Medium 0.6790 | Few 0.6817 | best_tail 0.7357@162 | rollback=False
2026-08-19 13:36:40,746 - FINAL_S_r200.log - INFO - Round 169 S-diagnostic | score_mean 0.5403 | selected_tail_fraction 0.0177 | participation_range 49-77
2026-08-19 13:36:40,746 - FINAL_S_r200.log - INFO - Round 169 selected clients: [0, 6, 7, 10, 11, 13, 16, 17]
2026-08-19 13:36:58,556 - FINAL_S_r200.log - INFO - Round 169 | Global 0.7008 | Head 0.7297 | Tail 0.6333 | Many 0.8233 | Medium 0.6595 | Few 0.6333 | best_tail 0.7357@162 | rollback=False
2026-08-19 13:36:58,566 - FINAL_S_r200.log - INFO - Round 170 S-diagnostic | score_mean 0.5804 | selected_tail_fraction 0.0141 | participation_range 49-77
2026-08-19 13:36:58,566 - FINAL_S_r200.log - INFO - Round 170 selected clients: [0, 1, 3, 7, 8, 10, 16, 19]
2026-08-19 13:37:16,896 - FINAL_S_r200.log - INFO - Round 170 | Global 0.6966 | Head 0.7016 | Tail 0.6850 | Many 0.8103 | Medium 0.6200 | Few 0.6850 | best_tail 0.7357@162 | rollback=False
2026-08-19 13:37:16,913 - FINAL_S_r200.log - INFO - Global Accuracy: [0.1433, 0.214, 0.2534, 0.2909, 0.3034, 0.3394, 0.3525, 0.3587, 0.3524, 0.3309, 0.3917, 0.3532, 0.4, 0.4232, 0.4301, 0.4342, 0.4148, 0.433, 0.4268, 0.4569, 0.4698, 0.4352, 0.4624, 0.5062, 0.4934, 0.4686, 0.4787, 0.4919, 0.5053, 0.5117, 0.4943, 0.5096, 0.4856, 0.4984, 0.4804, 0.5551, 0.5542, 0.5384, 0.5387, 0.5862, 0.5446, 0.6076, 0.5731, 0.5763, 0.5951, 0.5979, 0.5756, 0.6115, 0.5935, 0.6264, 0.6282, 0.6245, 0.6045, 0.5904, 0.6362, 0.5666, 0.5657, 0.6277, 0.6524, 0.621, 0.6124, 0.6419, 0.6234, 0.6221, 0.6358, 0.6097, 0.6623, 0.6586, 0.6631, 0.6065, 0.6256, 0.6539, 0.6729, 0.6666, 0.6524, 0.6367, 0.6403, 0.6628, 0.6629, 0.6763, 0.6812, 0.6826, 0.6809, 0.6565, 0.6838, 0.6543, 0.6628, 0.672, 0.684, 0.6797, 0.6647, 0.6667, 0.6797, 0.6835, 0.6578, 0.6671, 0.6648, 0.6901, 0.6974, 0.6933, 0.6848, 0.672, 0.6783, 0.6964, 0.6691, 0.6922, 0.6987, 0.6778, 0.6777, 0.6886, 0.704, 0.6884, 0.6779, 0.6723, 0.6687, 0.688, 0.7009, 0.6923, 0.6986, 0.6779, 0.6944, 0.6895, 0.6865, 0.6575, 0.6934, 0.6998, 0.6967, 0.7093, 0.7055, 0.701, 0.6881, 0.6825, 0.7004, 0.7073, 0.7055, 0.6994, 0.7116, 0.7033, 0.6937, 0.6961, 0.7031, 0.7027, 0.7074, 0.7055, 0.6982, 0.699, 0.6876, 0.698, 0.7046, 0.7097, 0.7139, 0.7108, 0.7081, 0.7088, 0.7029, 0.6938, 0.7104, 0.7031, 0.7102, 0.6953, 0.7139, 0.7168, 0.6965, 0.7099, 0.7122, 0.7117, 0.7138, 0.7113, 0.7008, 0.6966]
2026-08-19 13:37:16,913 - FINAL_S_r200.log - INFO - Majority Class Accuracy: [0.4077, 0.572, 0.6503, 0.7457, 0.7547, 0.726, 0.7017, 0.6997, 0.822, 0.7967, 0.817, 0.8433, 0.7627, 0.7683, 0.78, 0.792, 0.8343, 0.8153, 0.8007, 0.7533, 0.7793, 0.7573, 0.7533, 0.7743, 0.8063, 0.8163, 0.829, 0.8173, 0.7873, 0.837, 0.8233, 0.801, 0.812, 0.784, 0.8207, 0.7783, 0.7857, 0.7893, 0.805, 0.779, 0.7983, 0.7883, 0.805, 0.835, 0.759, 0.8057, 0.78, 0.783, 0.8197, 0.7563, 0.7803, 0.798, 0.822, 0.794, 0.8077, 0.8427, 0.8517, 0.8203, 0.766, 0.8137, 0.8077, 0.7717, 0.8313, 0.8237, 0.801, 0.8053, 0.7677, 0.804, 0.78, 0.807, 0.842, 0.7803, 0.757, 0.8027, 0.8127, 0.8013, 0.8017, 0.7507, 0.7897, 0.745, 0.7927, 0.788, 0.7793, 0.8347, 0.7823, 0.8163, 0.8057, 0.7993, 0.7697, 0.7617, 0.7873, 0.8027, 0.786, 0.7543, 0.8143, 0.7983, 0.798, 0.7487, 0.7993, 0.781, 0.7947, 0.801, 0.7957, 0.7887, 0.8087, 0.79, 0.795, 0.823, 0.807, 0.763, 0.7817, 0.808, 0.7947, 0.8273, 0.8367, 0.8133, 0.7533, 0.782, 0.7817, 0.8233, 0.8147, 0.814, 0.808, 0.8193, 0.801, 0.7583, 0.794, 0.763, 0.763, 0.7957, 0.7857, 0.8247, 0.7657, 0.7703, 0.7523, 0.766, 0.787, 0.7917, 0.8133, 0.82, 0.718, 0.7767, 0.772, 0.802, 0.7873, 0.808, 0.82, 0.8137, 0.7683, 0.7823, 0.7697, 0.736, 0.775, 0.7907, 0.7763, 0.8057, 0.7883, 0.7953, 0.7633, 0.7733, 0.7657, 0.7333, 0.8157, 0.784, 0.795, 0.801, 0.7917, 0.784, 0.8233, 0.8103]
2026-08-19 13:37:16,913 - FINAL_S_r200.log - INFO - Medium Class Accuracy: [0.0525, 0.106, 0.1457, 0.168, 0.1925, 0.304, 0.355, 0.3718, 0.2645, 0.2298, 0.3427, 0.2452, 0.3855, 0.4582, 0.4532, 0.4345, 0.3478, 0.4517, 0.441, 0.5092, 0.507, 0.4788, 0.535, 0.5567, 0.5125, 0.4597, 0.4705, 0.5282, 0.5485, 0.4813, 0.5065, 0.538, 0.4955, 0.542, 0.4763, 0.5393, 0.6018, 0.592, 0.5673, 0.6045, 0.552, 0.5863, 0.606, 0.5877, 0.5475, 0.5577, 0.5635, 0.6082, 0.5855, 0.6455, 0.637, 0.6268, 0.5727, 0.6352, 0.6368, 0.59, 0.5653, 0.6385, 0.6202, 0.613, 0.6075, 0.6252, 0.63, 0.6262, 0.661, 0.6368, 0.6452, 0.613, 0.656, 0.6055, 0.5992, 0.6573, 0.668, 0.6558, 0.6348, 0.6302, 0.6265, 0.6657, 0.6488, 0.6795, 0.6765, 0.6733, 0.665, 0.633, 0.6645, 0.614, 0.6657, 0.6665, 0.6565, 0.6763, 0.675, 0.6715, 0.6725, 0.6777, 0.6693, 0.6492, 0.6635, 0.6725, 0.6522, 0.6695, 0.6755, 0.6562, 0.669, 0.6795, 0.6518, 0.658, 0.657, 0.6438, 0.6745, 0.6807, 0.6817, 0.6583, 0.6943, 0.6645, 0.6492, 0.663, 0.6883, 0.674, 0.6885, 0.6605, 0.6573, 0.6577, 0.674, 0.6198, 0.6845, 0.6643, 0.6837, 0.6903, 0.6835, 0.673, 0.6873, 0.66, 0.6957, 0.6895, 0.6817, 0.6923, 0.6827, 0.6815, 0.6813, 0.6613, 0.6785, 0.6673, 0.673, 0.6853, 0.6657, 0.6583, 0.6595, 0.6593, 0.6923, 0.6877, 0.6893, 0.6817, 0.6907, 0.6755, 0.681, 0.6917, 0.6933, 0.6935, 0.6953, 0.6813, 0.6883, 0.6903, 0.6587, 0.6885, 0.6745, 0.695, 0.6867, 0.679, 0.6595, 0.62]
2026-08-19 13:37:16,913 - FINAL_S_r200.log - INFO - Minority Class Accuracy: [0.0, 0.0, 0.0, 0.0, 0.0, 0.0, 0.0, 0.0003, 0.0, 0.0, 0.0317, 0.007, 0.0567, 0.0313, 0.0493, 0.076, 0.0847, 0.0257, 0.034, 0.0907, 0.1107, 0.055, 0.0747, 0.1707, 0.155, 0.1327, 0.1393, 0.118, 0.1657, 0.227, 0.149, 0.1803, 0.146, 0.1547, 0.1457, 0.353, 0.2593, 0.216, 0.2343, 0.369, 0.281, 0.4553, 0.2973, 0.3023, 0.4947, 0.4437, 0.3873, 0.4443, 0.378, 0.471, 0.4643, 0.448, 0.4293, 0.327, 0.464, 0.2593, 0.2803, 0.4207, 0.5817, 0.439, 0.4237, 0.5343, 0.4067, 0.415, 0.437, 0.378, 0.5797, 0.574, 0.5557, 0.4073, 0.4443, 0.523, 0.5953, 0.545, 0.5157, 0.4807, 0.4973, 0.571, 0.555, 0.6033, 0.576, 0.5897, 0.6037, 0.5097, 0.611, 0.546, 0.516, 0.552, 0.635, 0.6023, 0.5283, 0.5243, 0.583, 0.6203, 0.486, 0.5597, 0.5333, 0.655, 0.6557, 0.6373, 0.5873, 0.564, 0.5733, 0.6267, 0.5527, 0.64, 0.658, 0.578, 0.5527, 0.6247, 0.656, 0.609, 0.5393, 0.5277, 0.5267, 0.596, 0.6653, 0.627, 0.629, 0.5557, 0.6237, 0.6073, 0.5817, 0.546, 0.5977, 0.6887, 0.6167, 0.681, 0.6773, 0.6437, 0.5917, 0.5703, 0.6413, 0.668, 0.6903, 0.6423, 0.6747, 0.644, 0.5907, 0.6187, 0.721, 0.676, 0.6887, 0.636, 0.6523, 0.6443, 0.5927, 0.634, 0.6573, 0.6663, 0.691, 0.7243, 0.6643, 0.6713, 0.6587, 0.5847, 0.6553, 0.6237, 0.677, 0.636, 0.6963, 0.7357, 0.6277, 0.6643, 0.6797, 0.6447, 0.672, 0.6817, 0.6333, 0.685]
2026-08-19 13:37:16,913 - FINAL_S_r200.log - INFO - === Head-Tail Evaluation ===
2026-08-19 13:37:16,913 - FINAL_S_r200.log - INFO - Head Accuracy: 0.7016
2026-08-19 13:37:16,913 - FINAL_S_r200.log - INFO - Tail Accuracy: 0.6850
2026-08-19 13:37:33,564 - FINAL_S_r200.log - INFO - Round 171 S-diagnostic | score_mean 0.6679 | selected_tail_fraction 0.0252 | participation_range 50-77
2026-08-19 13:37:33,564 - FINAL_S_r200.log - INFO - Round 171 selected clients: [1, 5, 10, 11, 13, 15, 17, 18]
2026-08-19 13:37:52,306 - FINAL_S_r200.log - INFO - Round 171 | Global 0.7078 | Head 0.7260 | Tail 0.6653 | Many 0.7967 | Medium 0.6730 | Few 0.6653 | best_tail 0.7357@162 | rollback=False
2026-08-19 13:37:52,316 - FINAL_S_r200.log - INFO - Round 172 S-diagnostic | score_mean 0.6740 | selected_tail_fraction 0.0117 | participation_range 50-78
2026-08-19 13:37:52,316 - FINAL_S_r200.log - INFO - Round 172 selected clients: [0, 4, 9, 10, 12, 13, 15, 18]
2026-08-19 13:38:11,215 - FINAL_S_r200.log - INFO - Round 172 | Global 0.7111 | Head 0.7379 | Tail 0.6487 | Many 0.8123 | Medium 0.6820 | Few 0.6487 | best_tail 0.7357@162 | rollback=False
2026-08-19 13:38:11,216 - FINAL_S_r200.log - INFO - Round 173 S-diagnostic | score_mean 0.7706 | selected_tail_fraction 0.0308 | participation_range 51-78
2026-08-19 13:38:11,216 - FINAL_S_r200.log - INFO - Round 173 selected clients: [1, 2, 4, 5, 8, 15, 17, 19]
2026-08-19 13:38:30,685 - FINAL_S_r200.log - INFO - Round 173 | Global 0.7100 | Head 0.7056 | Tail 0.7203 | Many 0.7020 | Medium 0.7083 | Few 0.7203 | best_tail 0.7357@162 | rollback=False
2026-08-19 13:38:30,686 - FINAL_S_r200.log - INFO - Round 174 S-diagnostic | score_mean 0.5328 | selected_tail_fraction 0.0075 | participation_range 51-78
2026-08-19 13:38:30,686 - FINAL_S_r200.log - INFO - Round 174 selected clients: [2, 4, 8, 9, 10, 11, 13, 16]
2026-08-19 13:38:48,918 - FINAL_S_r200.log - INFO - Round 174 | Global 0.7075 | Head 0.7423 | Tail 0.6263 | Many 0.8103 | Medium 0.6913 | Few 0.6263 | best_tail 0.7357@162 | rollback=False
2026-08-19 13:38:48,918 - FINAL_S_r200.log - INFO - Round 175 S-diagnostic | score_mean 0.7364 | selected_tail_fraction 0.0282 | participation_range 52-79
2026-08-19 13:38:48,918 - FINAL_S_r200.log - INFO - Round 175 selected clients: [1, 3, 5, 6, 11, 12, 13, 19]
2026-08-19 13:39:07,898 - FINAL_S_r200.log - INFO - Round 175 | Global 0.7196 | Head 0.7276 | Tail 0.7010 | Many 0.7653 | Medium 0.6993 | Few 0.7010 | best_tail 0.7357@162 | rollback=False
2026-08-19 13:39:07,898 - FINAL_S_r200.log - INFO - Round 176 S-diagnostic | score_mean 0.5924 | selected_tail_fraction 0.0073 | participation_range 52-80
2026-08-19 13:39:07,898 - FINAL_S_r200.log - INFO - Round 176 selected clients: [2, 4, 7, 10, 11, 12, 15, 16]
2026-08-19 13:39:26,467 - FINAL_S_r200.log - INFO - Round 176 | Global 0.7077 | Head 0.7409 | Tail 0.6303 | Many 0.8093 | Medium 0.6895 | Few 0.6303 | best_tail 0.7357@162 | rollback=False
2026-08-19 13:39:26,467 - FINAL_S_r200.log - INFO - Round 177 S-diagnostic | score_mean 0.6451 | selected_tail_fraction 0.0278 | participation_range 53-80
2026-08-19 13:39:26,467 - FINAL_S_r200.log - INFO - Round 177 selected clients: [5, 6, 7, 8, 9, 10, 15, 17]
2026-08-19 13:39:45,010 - FINAL_S_r200.log - INFO - Round 177 | Global 0.7072 | Head 0.7259 | Tail 0.6637 | Many 0.7543 | Medium 0.7045 | Few 0.6637 | best_tail 0.7357@162 | rollback=False
2026-08-19 13:39:45,020 - FINAL_S_r200.log - INFO - Round 178 S-diagnostic | score_mean 0.8042 | selected_tail_fraction 0.0258 | participation_range 54-80
2026-08-19 13:39:45,020 - FINAL_S_r200.log - INFO - Round 178 selected clients: [0, 1, 4, 5, 6, 9, 15, 19]
2026-08-19 13:40:03,947 - FINAL_S_r200.log - INFO - Round 178 | Global 0.7076 | Head 0.7030 | Tail 0.7183 | Many 0.7173 | Medium 0.6923 | Few 0.7183 | best_tail 0.7357@162 | rollback=False
2026-08-19 13:40:03,947 - FINAL_S_r200.log - INFO - Round 179 S-diagnostic | score_mean 0.7029 | selected_tail_fraction 0.0183 | participation_range 54-81
2026-08-19 13:40:03,947 - FINAL_S_r200.log - INFO - Round 179 selected clients: [3, 9, 10, 12, 13, 15, 16, 19]
2026-08-19 13:40:23,099 - FINAL_S_r200.log - INFO - Round 179 | Global 0.7111 | Head 0.6920 | Tail 0.7557 | Many 0.7003 | Medium 0.6857 | Few 0.7557 | best_tail 0.7557@179 | rollback=False
2026-08-19 13:40:23,099 - FINAL_S_r200.log - INFO - Round 180 S-diagnostic | score_mean 0.6080 | selected_tail_fraction 0.0103 | participation_range 54-81
2026-08-19 13:40:23,099 - FINAL_S_r200.log - INFO - Round 180 selected clients: [0, 3, 8, 9, 11, 13, 15, 16]
2026-08-19 13:40:41,260 - FINAL_S_r200.log - INFO - Round 180 | Global 0.7083 | Head 0.6981 | Tail 0.7320 | Many 0.7257 | Medium 0.6775 | Few 0.7320 | best_tail 0.7557@179 | rollback=False
2026-08-19 13:40:41,286 - FINAL_S_r200.log - INFO - Global Accuracy: [0.1433, 0.214, 0.2534, 0.2909, 0.3034, 0.3394, 0.3525, 0.3587, 0.3524, 0.3309, 0.3917, 0.3532, 0.4, 0.4232, 0.4301, 0.4342, 0.4148, 0.433, 0.4268, 0.4569, 0.4698, 0.4352, 0.4624, 0.5062, 0.4934, 0.4686, 0.4787, 0.4919, 0.5053, 0.5117, 0.4943, 0.5096, 0.4856, 0.4984, 0.4804, 0.5551, 0.5542, 0.5384, 0.5387, 0.5862, 0.5446, 0.6076, 0.5731, 0.5763, 0.5951, 0.5979, 0.5756, 0.6115, 0.5935, 0.6264, 0.6282, 0.6245, 0.6045, 0.5904, 0.6362, 0.5666, 0.5657, 0.6277, 0.6524, 0.621, 0.6124, 0.6419, 0.6234, 0.6221, 0.6358, 0.6097, 0.6623, 0.6586, 0.6631, 0.6065, 0.6256, 0.6539, 0.6729, 0.6666, 0.6524, 0.6367, 0.6403, 0.6628, 0.6629, 0.6763, 0.6812, 0.6826, 0.6809, 0.6565, 0.6838, 0.6543, 0.6628, 0.672, 0.684, 0.6797, 0.6647, 0.6667, 0.6797, 0.6835, 0.6578, 0.6671, 0.6648, 0.6901, 0.6974, 0.6933, 0.6848, 0.672, 0.6783, 0.6964, 0.6691, 0.6922, 0.6987, 0.6778, 0.6777, 0.6886, 0.704, 0.6884, 0.6779, 0.6723, 0.6687, 0.688, 0.7009, 0.6923, 0.6986, 0.6779, 0.6944, 0.6895, 0.6865, 0.6575, 0.6934, 0.6998, 0.6967, 0.7093, 0.7055, 0.701, 0.6881, 0.6825, 0.7004, 0.7073, 0.7055, 0.6994, 0.7116, 0.7033, 0.6937, 0.6961, 0.7031, 0.7027, 0.7074, 0.7055, 0.6982, 0.699, 0.6876, 0.698, 0.7046, 0.7097, 0.7139, 0.7108, 0.7081, 0.7088, 0.7029, 0.6938, 0.7104, 0.7031, 0.7102, 0.6953, 0.7139, 0.7168, 0.6965, 0.7099, 0.7122, 0.7117, 0.7138, 0.7113, 0.7008, 0.6966, 0.7078, 0.7111, 0.71, 0.7075, 0.7196, 0.7077, 0.7072, 0.7076, 0.7111, 0.7083]
2026-08-19 13:40:41,287 - FINAL_S_r200.log - INFO - Majority Class Accuracy: [0.4077, 0.572, 0.6503, 0.7457, 0.7547, 0.726, 0.7017, 0.6997, 0.822, 0.7967, 0.817, 0.8433, 0.7627, 0.7683, 0.78, 0.792, 0.8343, 0.8153, 0.8007, 0.7533, 0.7793, 0.7573, 0.7533, 0.7743, 0.8063, 0.8163, 0.829, 0.8173, 0.7873, 0.837, 0.8233, 0.801, 0.812, 0.784, 0.8207, 0.7783, 0.7857, 0.7893, 0.805, 0.779, 0.7983, 0.7883, 0.805, 0.835, 0.759, 0.8057, 0.78, 0.783, 0.8197, 0.7563, 0.7803, 0.798, 0.822, 0.794, 0.8077, 0.8427, 0.8517, 0.8203, 0.766, 0.8137, 0.8077, 0.7717, 0.8313, 0.8237, 0.801, 0.8053, 0.7677, 0.804, 0.78, 0.807, 0.842, 0.7803, 0.757, 0.8027, 0.8127, 0.8013, 0.8017, 0.7507, 0.7897, 0.745, 0.7927, 0.788, 0.7793, 0.8347, 0.7823, 0.8163, 0.8057, 0.7993, 0.7697, 0.7617, 0.7873, 0.8027, 0.786, 0.7543, 0.8143, 0.7983, 0.798, 0.7487, 0.7993, 0.781, 0.7947, 0.801, 0.7957, 0.7887, 0.8087, 0.79, 0.795, 0.823, 0.807, 0.763, 0.7817, 0.808, 0.7947, 0.8273, 0.8367, 0.8133, 0.7533, 0.782, 0.7817, 0.8233, 0.8147, 0.814, 0.808, 0.8193, 0.801, 0.7583, 0.794, 0.763, 0.763, 0.7957, 0.7857, 0.8247, 0.7657, 0.7703, 0.7523, 0.766, 0.787, 0.7917, 0.8133, 0.82, 0.718, 0.7767, 0.772, 0.802, 0.7873, 0.808, 0.82, 0.8137, 0.7683, 0.7823, 0.7697, 0.736, 0.775, 0.7907, 0.7763, 0.8057, 0.7883, 0.7953, 0.7633, 0.7733, 0.7657, 0.7333, 0.8157, 0.784, 0.795, 0.801, 0.7917, 0.784, 0.8233, 0.8103, 0.7967, 0.8123, 0.702, 0.8103, 0.7653, 0.8093, 0.7543, 0.7173, 0.7003, 0.7257]
2026-08-19 13:40:41,287 - FINAL_S_r200.log - INFO - Medium Class Accuracy: [0.0525, 0.106, 0.1457, 0.168, 0.1925, 0.304, 0.355, 0.3718, 0.2645, 0.2298, 0.3427, 0.2452, 0.3855, 0.4582, 0.4532, 0.4345, 0.3478, 0.4517, 0.441, 0.5092, 0.507, 0.4788, 0.535, 0.5567, 0.5125, 0.4597, 0.4705, 0.5282, 0.5485, 0.4813, 0.5065, 0.538, 0.4955, 0.542, 0.4763, 0.5393, 0.6018, 0.592, 0.5673, 0.6045, 0.552, 0.5863, 0.606, 0.5877, 0.5475, 0.5577, 0.5635, 0.6082, 0.5855, 0.6455, 0.637, 0.6268, 0.5727, 0.6352, 0.6368, 0.59, 0.5653, 0.6385, 0.6202, 0.613, 0.6075, 0.6252, 0.63, 0.6262, 0.661, 0.6368, 0.6452, 0.613, 0.656, 0.6055, 0.5992, 0.6573, 0.668, 0.6558, 0.6348, 0.6302, 0.6265, 0.6657, 0.6488, 0.6795, 0.6765, 0.6733, 0.665, 0.633, 0.6645, 0.614, 0.6657, 0.6665, 0.6565, 0.6763, 0.675, 0.6715, 0.6725, 0.6777, 0.6693, 0.6492, 0.6635, 0.6725, 0.6522, 0.6695, 0.6755, 0.6562, 0.669, 0.6795, 0.6518, 0.658, 0.657, 0.6438, 0.6745, 0.6807, 0.6817, 0.6583, 0.6943, 0.6645, 0.6492, 0.663, 0.6883, 0.674, 0.6885, 0.6605, 0.6573, 0.6577, 0.674, 0.6198, 0.6845, 0.6643, 0.6837, 0.6903, 0.6835, 0.673, 0.6873, 0.66, 0.6957, 0.6895, 0.6817, 0.6923, 0.6827, 0.6815, 0.6813, 0.6613, 0.6785, 0.6673, 0.673, 0.6853, 0.6657, 0.6583, 0.6595, 0.6593, 0.6923, 0.6877, 0.6893, 0.6817, 0.6907, 0.6755, 0.681, 0.6917, 0.6933, 0.6935, 0.6953, 0.6813, 0.6883, 0.6903, 0.6587, 0.6885, 0.6745, 0.695, 0.6867, 0.679, 0.6595, 0.62, 0.673, 0.682, 0.7083, 0.6913, 0.6993, 0.6895, 0.7045, 0.6923, 0.6857, 0.6775]
2026-08-19 13:40:41,287 - FINAL_S_r200.log - INFO - Minority Class Accuracy: [0.0, 0.0, 0.0, 0.0, 0.0, 0.0, 0.0, 0.0003, 0.0, 0.0, 0.0317, 0.007, 0.0567, 0.0313, 0.0493, 0.076, 0.0847, 0.0257, 0.034, 0.0907, 0.1107, 0.055, 0.0747, 0.1707, 0.155, 0.1327, 0.1393, 0.118, 0.1657, 0.227, 0.149, 0.1803, 0.146, 0.1547, 0.1457, 0.353, 0.2593, 0.216, 0.2343, 0.369, 0.281, 0.4553, 0.2973, 0.3023, 0.4947, 0.4437, 0.3873, 0.4443, 0.378, 0.471, 0.4643, 0.448, 0.4293, 0.327, 0.464, 0.2593, 0.2803, 0.4207, 0.5817, 0.439, 0.4237, 0.5343, 0.4067, 0.415, 0.437, 0.378, 0.5797, 0.574, 0.5557, 0.4073, 0.4443, 0.523, 0.5953, 0.545, 0.5157, 0.4807, 0.4973, 0.571, 0.555, 0.6033, 0.576, 0.5897, 0.6037, 0.5097, 0.611, 0.546, 0.516, 0.552, 0.635, 0.6023, 0.5283, 0.5243, 0.583, 0.6203, 0.486, 0.5597, 0.5333, 0.655, 0.6557, 0.6373, 0.5873, 0.564, 0.5733, 0.6267, 0.5527, 0.64, 0.658, 0.578, 0.5527, 0.6247, 0.656, 0.609, 0.5393, 0.5277, 0.5267, 0.596, 0.6653, 0.627, 0.629, 0.5557, 0.6237, 0.6073, 0.5817, 0.546, 0.5977, 0.6887, 0.6167, 0.681, 0.6773, 0.6437, 0.5917, 0.5703, 0.6413, 0.668, 0.6903, 0.6423, 0.6747, 0.644, 0.5907, 0.6187, 0.721, 0.676, 0.6887, 0.636, 0.6523, 0.6443, 0.5927, 0.634, 0.6573, 0.6663, 0.691, 0.7243, 0.6643, 0.6713, 0.6587, 0.5847, 0.6553, 0.6237, 0.677, 0.636, 0.6963, 0.7357, 0.6277, 0.6643, 0.6797, 0.6447, 0.672, 0.6817, 0.6333, 0.685, 0.6653, 0.6487, 0.7203, 0.6263, 0.701, 0.6303, 0.6637, 0.7183, 0.7557, 0.732]
2026-08-19 13:40:41,287 - FINAL_S_r200.log - INFO - === Head-Tail Evaluation ===
2026-08-19 13:40:41,288 - FINAL_S_r200.log - INFO - Head Accuracy: 0.6981
2026-08-19 13:40:41,288 - FINAL_S_r200.log - INFO - Tail Accuracy: 0.7320
2026-08-19 13:40:57,743 - FINAL_S_r200.log - INFO - Round 181 S-diagnostic | score_mean 0.7230 | selected_tail_fraction 0.0226 | participation_range 54-82
2026-08-19 13:40:57,743 - FINAL_S_r200.log - INFO - Round 181 selected clients: [2, 4, 6, 12, 13, 14, 15, 18]
2026-08-19 13:41:16,541 - FINAL_S_r200.log - INFO - Round 181 | Global 0.7169 | Head 0.7327 | Tail 0.6800 | Many 0.7847 | Medium 0.6937 | Few 0.6800 | best_tail 0.7557@179 | rollback=False
2026-08-19 13:41:16,541 - FINAL_S_r200.log - INFO - Round 182 S-diagnostic | score_mean 0.7939 | selected_tail_fraction 0.0395 | participation_range 54-83
2026-08-19 13:41:16,541 - FINAL_S_r200.log - INFO - Round 182 selected clients: [3, 6, 8, 12, 16, 17, 18, 19]
2026-08-19 13:41:35,511 - FINAL_S_r200.log - INFO - Round 182 | Global 0.7221 | Head 0.7060 | Tail 0.7597 | Many 0.7343 | Medium 0.6847 | Few 0.7597 | best_tail 0.7597@182 | rollback=False
2026-08-19 13:41:35,511 - FINAL_S_r200.log - INFO - Round 183 S-diagnostic | score_mean 0.6463 | selected_tail_fraction 0.0171 | participation_range 54-83
2026-08-19 13:41:35,511 - FINAL_S_r200.log - INFO - Round 183 selected clients: [0, 2, 7, 8, 9, 14, 15, 19]
2026-08-19 13:41:53,742 - FINAL_S_r200.log - INFO - Round 183 | Global 0.7154 | Head 0.7216 | Tail 0.7010 | Many 0.7690 | Medium 0.6860 | Few 0.7010 | best_tail 0.7597@182 | rollback=False
2026-08-19 13:41:53,742 - FINAL_S_r200.log - INFO - Round 184 S-diagnostic | score_mean 0.6018 | selected_tail_fraction 0.0226 | participation_range 54-83
2026-08-19 13:41:53,742 - FINAL_S_r200.log - INFO - Round 184 selected clients: [2, 8, 11, 13, 14, 16, 17, 18]
2026-08-19 13:42:12,436 - FINAL_S_r200.log - INFO - Round 184 | Global 0.7095 | Head 0.7304 | Tail 0.6607 | Many 0.7870 | Medium 0.6880 | Few 0.6607 | best_tail 0.7597@182 | rollback=False
2026-08-19 13:42:12,436 - FINAL_S_r200.log - INFO - Round 185 S-diagnostic | score_mean 0.6561 | selected_tail_fraction 0.0173 | participation_range 54-84
2026-08-19 13:42:12,436 - FINAL_S_r200.log - INFO - Round 185 selected clients: [0, 10, 11, 12, 14, 15, 18, 19]
2026-08-19 13:42:31,876 - FINAL_S_r200.log - INFO - Round 185 | Global 0.7166 | Head 0.7189 | Tail 0.7113 | Many 0.7677 | Medium 0.6823 | Few 0.7113 | best_tail 0.7597@182 | rollback=False
2026-08-19 13:42:31,876 - FINAL_S_r200.log - INFO - Round 186 S-diagnostic | score_mean 0.8051 | selected_tail_fraction 0.0387 | participation_range 55-84
2026-08-19 13:42:31,876 - FINAL_S_r200.log - INFO - Round 186 selected clients: [2, 5, 6, 9, 10, 16, 17, 18]
2026-08-19 13:42:50,895 - FINAL_S_r200.log - INFO - Round 186 | Global 0.7151 | Head 0.7041 | Tail 0.7407 | Many 0.7153 | Medium 0.6957 | Few 0.7407 | best_tail 0.7597@182 | rollback=False
2026-08-19 13:42:50,896 - FINAL_S_r200.log - INFO - Round 187 S-diagnostic | score_mean 0.6486 | selected_tail_fraction 0.0200 | participation_range 56-85
2026-08-19 13:42:50,897 - FINAL_S_r200.log - INFO - Round 187 selected clients: [1, 5, 9, 10, 11, 14, 15, 17]
2026-08-19 13:43:09,487 - FINAL_S_r200.log - INFO - Round 187 | Global 0.7113 | Head 0.7351 | Tail 0.6557 | Many 0.7950 | Medium 0.6903 | Few 0.6557 | best_tail 0.7597@182 | rollback=False
2026-08-19 13:43:09,487 - FINAL_S_r200.log - INFO - Round 188 S-diagnostic | score_mean 0.7100 | selected_tail_fraction 0.0270 | participation_range 56-86
2026-08-19 13:43:09,487 - FINAL_S_r200.log - INFO - Round 188 selected clients: [1, 10, 13, 15, 16, 17, 18, 19]
2026-08-19 13:43:28,122 - FINAL_S_r200.log - INFO - Round 188 | Global 0.7165 | Head 0.7154 | Tail 0.7190 | Many 0.7693 | Medium 0.6750 | Few 0.7190 | best_tail 0.7597@182 | rollback=False
2026-08-19 13:43:28,122 - FINAL_S_r200.log - INFO - Round 189 S-diagnostic | score_mean 0.7487 | selected_tail_fraction 0.0322 | participation_range 57-86
2026-08-19 13:43:28,122 - FINAL_S_r200.log - INFO - Round 189 selected clients: [3, 4, 5, 6, 9, 13, 16, 17]
2026-08-19 13:43:46,880 - FINAL_S_r200.log - INFO - Round 189 | Global 0.7130 | Head 0.7271 | Tail 0.6800 | Many 0.7887 | Medium 0.6810 | Few 0.6800 | best_tail 0.7597@182 | rollback=False
2026-08-19 13:43:46,880 - FINAL_S_r200.log - INFO - Round 190 S-diagnostic | score_mean 0.7338 | selected_tail_fraction 0.0220 | participation_range 58-86
2026-08-19 13:43:46,880 - FINAL_S_r200.log - INFO - Round 190 selected clients: [1, 4, 5, 6, 11, 12, 16, 19]
2026-08-19 13:44:05,722 - FINAL_S_r200.log - INFO - Round 190 | Global 0.7128 | Head 0.7239 | Tail 0.6870 | Many 0.7800 | Medium 0.6817 | Few 0.6870 | best_tail 0.7597@182 | rollback=False
2026-08-19 13:44:05,746 - FINAL_S_r200.log - INFO - Global Accuracy: [0.1433, 0.214, 0.2534, 0.2909, 0.3034, 0.3394, 0.3525, 0.3587, 0.3524, 0.3309, 0.3917, 0.3532, 0.4, 0.4232, 0.4301, 0.4342, 0.4148, 0.433, 0.4268, 0.4569, 0.4698, 0.4352, 0.4624, 0.5062, 0.4934, 0.4686, 0.4787, 0.4919, 0.5053, 0.5117, 0.4943, 0.5096, 0.4856, 0.4984, 0.4804, 0.5551, 0.5542, 0.5384, 0.5387, 0.5862, 0.5446, 0.6076, 0.5731, 0.5763, 0.5951, 0.5979, 0.5756, 0.6115, 0.5935, 0.6264, 0.6282, 0.6245, 0.6045, 0.5904, 0.6362, 0.5666, 0.5657, 0.6277, 0.6524, 0.621, 0.6124, 0.6419, 0.6234, 0.6221, 0.6358, 0.6097, 0.6623, 0.6586, 0.6631, 0.6065, 0.6256, 0.6539, 0.6729, 0.6666, 0.6524, 0.6367, 0.6403, 0.6628, 0.6629, 0.6763, 0.6812, 0.6826, 0.6809, 0.6565, 0.6838, 0.6543, 0.6628, 0.672, 0.684, 0.6797, 0.6647, 0.6667, 0.6797, 0.6835, 0.6578, 0.6671, 0.6648, 0.6901, 0.6974, 0.6933, 0.6848, 0.672, 0.6783, 0.6964, 0.6691, 0.6922, 0.6987, 0.6778, 0.6777, 0.6886, 0.704, 0.6884, 0.6779, 0.6723, 0.6687, 0.688, 0.7009, 0.6923, 0.6986, 0.6779, 0.6944, 0.6895, 0.6865, 0.6575, 0.6934, 0.6998, 0.6967, 0.7093, 0.7055, 0.701, 0.6881, 0.6825, 0.7004, 0.7073, 0.7055, 0.6994, 0.7116, 0.7033, 0.6937, 0.6961, 0.7031, 0.7027, 0.7074, 0.7055, 0.6982, 0.699, 0.6876, 0.698, 0.7046, 0.7097, 0.7139, 0.7108, 0.7081, 0.7088, 0.7029, 0.6938, 0.7104, 0.7031, 0.7102, 0.6953, 0.7139, 0.7168, 0.6965, 0.7099, 0.7122, 0.7117, 0.7138, 0.7113, 0.7008, 0.6966, 0.7078, 0.7111, 0.71, 0.7075, 0.7196, 0.7077, 0.7072, 0.7076, 0.7111, 0.7083, 0.7169, 0.7221, 0.7154, 0.7095, 0.7166, 0.7151, 0.7113, 0.7165, 0.713, 0.7128]
2026-08-19 13:44:05,746 - FINAL_S_r200.log - INFO - Majority Class Accuracy: [0.4077, 0.572, 0.6503, 0.7457, 0.7547, 0.726, 0.7017, 0.6997, 0.822, 0.7967, 0.817, 0.8433, 0.7627, 0.7683, 0.78, 0.792, 0.8343, 0.8153, 0.8007, 0.7533, 0.7793, 0.7573, 0.7533, 0.7743, 0.8063, 0.8163, 0.829, 0.8173, 0.7873, 0.837, 0.8233, 0.801, 0.812, 0.784, 0.8207, 0.7783, 0.7857, 0.7893, 0.805, 0.779, 0.7983, 0.7883, 0.805, 0.835, 0.759, 0.8057, 0.78, 0.783, 0.8197, 0.7563, 0.7803, 0.798, 0.822, 0.794, 0.8077, 0.8427, 0.8517, 0.8203, 0.766, 0.8137, 0.8077, 0.7717, 0.8313, 0.8237, 0.801, 0.8053, 0.7677, 0.804, 0.78, 0.807, 0.842, 0.7803, 0.757, 0.8027, 0.8127, 0.8013, 0.8017, 0.7507, 0.7897, 0.745, 0.7927, 0.788, 0.7793, 0.8347, 0.7823, 0.8163, 0.8057, 0.7993, 0.7697, 0.7617, 0.7873, 0.8027, 0.786, 0.7543, 0.8143, 0.7983, 0.798, 0.7487, 0.7993, 0.781, 0.7947, 0.801, 0.7957, 0.7887, 0.8087, 0.79, 0.795, 0.823, 0.807, 0.763, 0.7817, 0.808, 0.7947, 0.8273, 0.8367, 0.8133, 0.7533, 0.782, 0.7817, 0.8233, 0.8147, 0.814, 0.808, 0.8193, 0.801, 0.7583, 0.794, 0.763, 0.763, 0.7957, 0.7857, 0.8247, 0.7657, 0.7703, 0.7523, 0.766, 0.787, 0.7917, 0.8133, 0.82, 0.718, 0.7767, 0.772, 0.802, 0.7873, 0.808, 0.82, 0.8137, 0.7683, 0.7823, 0.7697, 0.736, 0.775, 0.7907, 0.7763, 0.8057, 0.7883, 0.7953, 0.7633, 0.7733, 0.7657, 0.7333, 0.8157, 0.784, 0.795, 0.801, 0.7917, 0.784, 0.8233, 0.8103, 0.7967, 0.8123, 0.702, 0.8103, 0.7653, 0.8093, 0.7543, 0.7173, 0.7003, 0.7257, 0.7847, 0.7343, 0.769, 0.787, 0.7677, 0.7153, 0.795, 0.7693, 0.7887, 0.78]
2026-08-19 13:44:05,747 - FINAL_S_r200.log - INFO - Medium Class Accuracy: [0.0525, 0.106, 0.1457, 0.168, 0.1925, 0.304, 0.355, 0.3718, 0.2645, 0.2298, 0.3427, 0.2452, 0.3855, 0.4582, 0.4532, 0.4345, 0.3478, 0.4517, 0.441, 0.5092, 0.507, 0.4788, 0.535, 0.5567, 0.5125, 0.4597, 0.4705, 0.5282, 0.5485, 0.4813, 0.5065, 0.538, 0.4955, 0.542, 0.4763, 0.5393, 0.6018, 0.592, 0.5673, 0.6045, 0.552, 0.5863, 0.606, 0.5877, 0.5475, 0.5577, 0.5635, 0.6082, 0.5855, 0.6455, 0.637, 0.6268, 0.5727, 0.6352, 0.6368, 0.59, 0.5653, 0.6385, 0.6202, 0.613, 0.6075, 0.6252, 0.63, 0.6262, 0.661, 0.6368, 0.6452, 0.613, 0.656, 0.6055, 0.5992, 0.6573, 0.668, 0.6558, 0.6348, 0.6302, 0.6265, 0.6657, 0.6488, 0.6795, 0.6765, 0.6733, 0.665, 0.633, 0.6645, 0.614, 0.6657, 0.6665, 0.6565, 0.6763, 0.675, 0.6715, 0.6725, 0.6777, 0.6693, 0.6492, 0.6635, 0.6725, 0.6522, 0.6695, 0.6755, 0.6562, 0.669, 0.6795, 0.6518, 0.658, 0.657, 0.6438, 0.6745, 0.6807, 0.6817, 0.6583, 0.6943, 0.6645, 0.6492, 0.663, 0.6883, 0.674, 0.6885, 0.6605, 0.6573, 0.6577, 0.674, 0.6198, 0.6845, 0.6643, 0.6837, 0.6903, 0.6835, 0.673, 0.6873, 0.66, 0.6957, 0.6895, 0.6817, 0.6923, 0.6827, 0.6815, 0.6813, 0.6613, 0.6785, 0.6673, 0.673, 0.6853, 0.6657, 0.6583, 0.6595, 0.6593, 0.6923, 0.6877, 0.6893, 0.6817, 0.6907, 0.6755, 0.681, 0.6917, 0.6933, 0.6935, 0.6953, 0.6813, 0.6883, 0.6903, 0.6587, 0.6885, 0.6745, 0.695, 0.6867, 0.679, 0.6595, 0.62, 0.673, 0.682, 0.7083, 0.6913, 0.6993, 0.6895, 0.7045, 0.6923, 0.6857, 0.6775, 0.6937, 0.6847, 0.686, 0.688, 0.6823, 0.6957, 0.6903, 0.675, 0.681, 0.6817]
2026-08-19 13:44:05,747 - FINAL_S_r200.log - INFO - Minority Class Accuracy: [0.0, 0.0, 0.0, 0.0, 0.0, 0.0, 0.0, 0.0003, 0.0, 0.0, 0.0317, 0.007, 0.0567, 0.0313, 0.0493, 0.076, 0.0847, 0.0257, 0.034, 0.0907, 0.1107, 0.055, 0.0747, 0.1707, 0.155, 0.1327, 0.1393, 0.118, 0.1657, 0.227, 0.149, 0.1803, 0.146, 0.1547, 0.1457, 0.353, 0.2593, 0.216, 0.2343, 0.369, 0.281, 0.4553, 0.2973, 0.3023, 0.4947, 0.4437, 0.3873, 0.4443, 0.378, 0.471, 0.4643, 0.448, 0.4293, 0.327, 0.464, 0.2593, 0.2803, 0.4207, 0.5817, 0.439, 0.4237, 0.5343, 0.4067, 0.415, 0.437, 0.378, 0.5797, 0.574, 0.5557, 0.4073, 0.4443, 0.523, 0.5953, 0.545, 0.5157, 0.4807, 0.4973, 0.571, 0.555, 0.6033, 0.576, 0.5897, 0.6037, 0.5097, 0.611, 0.546, 0.516, 0.552, 0.635, 0.6023, 0.5283, 0.5243, 0.583, 0.6203, 0.486, 0.5597, 0.5333, 0.655, 0.6557, 0.6373, 0.5873, 0.564, 0.5733, 0.6267, 0.5527, 0.64, 0.658, 0.578, 0.5527, 0.6247, 0.656, 0.609, 0.5393, 0.5277, 0.5267, 0.596, 0.6653, 0.627, 0.629, 0.5557, 0.6237, 0.6073, 0.5817, 0.546, 0.5977, 0.6887, 0.6167, 0.681, 0.6773, 0.6437, 0.5917, 0.5703, 0.6413, 0.668, 0.6903, 0.6423, 0.6747, 0.644, 0.5907, 0.6187, 0.721, 0.676, 0.6887, 0.636, 0.6523, 0.6443, 0.5927, 0.634, 0.6573, 0.6663, 0.691, 0.7243, 0.6643, 0.6713, 0.6587, 0.5847, 0.6553, 0.6237, 0.677, 0.636, 0.6963, 0.7357, 0.6277, 0.6643, 0.6797, 0.6447, 0.672, 0.6817, 0.6333, 0.685, 0.6653, 0.6487, 0.7203, 0.6263, 0.701, 0.6303, 0.6637, 0.7183, 0.7557, 0.732, 0.68, 0.7597, 0.701, 0.6607, 0.7113, 0.7407, 0.6557, 0.719, 0.68, 0.687]
2026-08-19 13:44:05,747 - FINAL_S_r200.log - INFO - === Head-Tail Evaluation ===
2026-08-19 13:44:05,747 - FINAL_S_r200.log - INFO - Head Accuracy: 0.7239
2026-08-19 13:44:05,747 - FINAL_S_r200.log - INFO - Tail Accuracy: 0.6870
2026-08-19 13:44:21,855 - FINAL_S_r200.log - INFO - Round 191 S-diagnostic | score_mean 0.6796 | selected_tail_fraction 0.0242 | participation_range 58-86
2026-08-19 13:44:21,855 - FINAL_S_r200.log - INFO - Round 191 selected clients: [0, 3, 4, 7, 12, 13, 17, 19]
2026-08-19 13:44:40,532 - FINAL_S_r200.log - INFO - Round 191 | Global 0.7046 | Head 0.7197 | Tail 0.6693 | Many 0.7703 | Medium 0.6817 | Few 0.6693 | best_tail 0.7597@182 | rollback=False
2026-08-19 13:44:40,532 - FINAL_S_r200.log - INFO - Round 192 S-diagnostic | score_mean 0.8291 | selected_tail_fraction 0.0385 | participation_range 58-87
2026-08-19 13:44:40,532 - FINAL_S_r200.log - INFO - Round 192 selected clients: [1, 2, 6, 12, 14, 17, 18, 19]
2026-08-19 13:45:00,009 - FINAL_S_r200.log - INFO - Round 192 | Global 0.7212 | Head 0.7077 | Tail 0.7527 | Many 0.7197 | Medium 0.6987 | Few 0.7527 | best_tail 0.7597@182 | rollback=False
2026-08-19 13:45:00,009 - FINAL_S_r200.log - INFO - Round 193 S-diagnostic | score_mean 0.6265 | selected_tail_fraction 0.0218 | participation_range 59-87
2026-08-19 13:45:00,009 - FINAL_S_r200.log - INFO - Round 193 selected clients: [0, 1, 5, 6, 8, 10, 11, 19]
2026-08-19 13:45:18,766 - FINAL_S_r200.log - INFO - Round 193 | Global 0.7085 | Head 0.7011 | Tail 0.7257 | Many 0.7420 | Medium 0.6705 | Few 0.7257 | best_tail 0.7597@182 | rollback=False
2026-08-19 13:45:18,766 - FINAL_S_r200.log - INFO - Round 194 S-diagnostic | score_mean 0.7756 | selected_tail_fraction 0.0308 | participation_range 59-87
2026-08-19 13:45:18,766 - FINAL_S_r200.log - INFO - Round 194 selected clients: [2, 3, 9, 11, 14, 15, 18, 19]
2026-08-19 13:45:37,777 - FINAL_S_r200.log - INFO - Round 194 | Global 0.7213 | Head 0.7133 | Tail 0.7400 | Many 0.7500 | Medium 0.6857 | Few 0.7400 | best_tail 0.7597@182 | rollback=False
2026-08-19 13:45:37,777 - FINAL_S_r200.log - INFO - Round 195 S-diagnostic | score_mean 0.7045 | selected_tail_fraction 0.0205 | participation_range 60-88
2026-08-19 13:45:37,777 - FINAL_S_r200.log - INFO - Round 195 selected clients: [1, 2, 4, 5, 7, 11, 15, 18]
2026-08-19 13:45:58,356 - FINAL_S_r200.log - INFO - Round 195 | Global 0.7157 | Head 0.7154 | Tail 0.7163 | Many 0.7443 | Medium 0.6937 | Few 0.7163 | best_tail 0.7597@182 | rollback=False
2026-08-19 13:45:58,358 - FINAL_S_r200.log - INFO - Round 196 S-diagnostic | score_mean 0.6302 | selected_tail_fraction 0.0202 | participation_range 60-88
2026-08-19 13:45:58,358 - FINAL_S_r200.log - INFO - Round 196 selected clients: [0, 6, 8, 9, 10, 11, 12, 17]
2026-08-19 13:46:19,404 - FINAL_S_r200.log - INFO - Round 196 | Global 0.7082 | Head 0.7240 | Tail 0.6713 | Many 0.7740 | Medium 0.6865 | Few 0.6713 | best_tail 0.7597@182 | rollback=False
2026-08-19 13:46:19,404 - FINAL_S_r200.log - INFO - Round 197 S-diagnostic | score_mean 0.8031 | selected_tail_fraction 0.0445 | participation_range 60-88
2026-08-19 13:46:19,404 - FINAL_S_r200.log - INFO - Round 197 selected clients: [2, 3, 4, 6, 7, 17, 18, 19]
2026-08-19 13:46:40,922 - FINAL_S_r200.log - INFO - Round 197 | Global 0.7125 | Head 0.6949 | Tail 0.7537 | Many 0.7000 | Medium 0.6910 | Few 0.7537 | best_tail 0.7597@182 | rollback=False
2026-08-19 13:46:40,933 - FINAL_S_r200.log - INFO - Round 198 S-diagnostic | score_mean 0.6258 | selected_tail_fraction 0.0232 | participation_range 61-89
2026-08-19 13:46:40,933 - FINAL_S_r200.log - INFO - Round 198 selected clients: [4, 5, 6, 8, 10, 14, 15, 18]
2026-08-19 13:47:02,076 - FINAL_S_r200.log - INFO - Round 198 | Global 0.7160 | Head 0.7194 | Tail 0.7080 | Many 0.7410 | Medium 0.7033 | Few 0.7080 | best_tail 0.7597@182 | rollback=False
2026-08-19 13:47:02,076 - FINAL_S_r200.log - INFO - Round 199 S-diagnostic | score_mean 0.8089 | selected_tail_fraction 0.0296 | participation_range 62-90
2026-08-19 13:47:02,076 - FINAL_S_r200.log - INFO - Round 199 selected clients: [1, 3, 5, 12, 14, 15, 18, 19]
2026-08-19 13:47:24,147 - FINAL_S_r200.log - INFO - Round 199 | Global 0.7247 | Head 0.7233 | Tail 0.7280 | Many 0.7713 | Medium 0.6873 | Few 0.7280 | best_tail 0.7597@182 | rollback=False
2026-08-19 13:47:24,147 - FINAL_S_r200.log - INFO - Round 200 S-diagnostic | score_mean 0.6693 | selected_tail_fraction 0.0260 | participation_range 62-91
2026-08-19 13:47:24,147 - FINAL_S_r200.log - INFO - Round 200 selected clients: [3, 7, 12, 13, 14, 15, 17, 19]
2026-08-19 13:47:45,076 - FINAL_S_r200.log - INFO - Round 200 | Global 0.7043 | Head 0.7163 | Tail 0.6763 | Many 0.7537 | Medium 0.6883 | Few 0.6763 | best_tail 0.7597@182 | rollback=False
2026-08-19 13:47:45,104 - FINAL_S_r200.log - INFO - Global Accuracy: [0.1433, 0.214, 0.2534, 0.2909, 0.3034, 0.3394, 0.3525, 0.3587, 0.3524, 0.3309, 0.3917, 0.3532, 0.4, 0.4232, 0.4301, 0.4342, 0.4148, 0.433, 0.4268, 0.4569, 0.4698, 0.4352, 0.4624, 0.5062, 0.4934, 0.4686, 0.4787, 0.4919, 0.5053, 0.5117, 0.4943, 0.5096, 0.4856, 0.4984, 0.4804, 0.5551, 0.5542, 0.5384, 0.5387, 0.5862, 0.5446, 0.6076, 0.5731, 0.5763, 0.5951, 0.5979, 0.5756, 0.6115, 0.5935, 0.6264, 0.6282, 0.6245, 0.6045, 0.5904, 0.6362, 0.5666, 0.5657, 0.6277, 0.6524, 0.621, 0.6124, 0.6419, 0.6234, 0.6221, 0.6358, 0.6097, 0.6623, 0.6586, 0.6631, 0.6065, 0.6256, 0.6539, 0.6729, 0.6666, 0.6524, 0.6367, 0.6403, 0.6628, 0.6629, 0.6763, 0.6812, 0.6826, 0.6809, 0.6565, 0.6838, 0.6543, 0.6628, 0.672, 0.684, 0.6797, 0.6647, 0.6667, 0.6797, 0.6835, 0.6578, 0.6671, 0.6648, 0.6901, 0.6974, 0.6933, 0.6848, 0.672, 0.6783, 0.6964, 0.6691, 0.6922, 0.6987, 0.6778, 0.6777, 0.6886, 0.704, 0.6884, 0.6779, 0.6723, 0.6687, 0.688, 0.7009, 0.6923, 0.6986, 0.6779, 0.6944, 0.6895, 0.6865, 0.6575, 0.6934, 0.6998, 0.6967, 0.7093, 0.7055, 0.701, 0.6881, 0.6825, 0.7004, 0.7073, 0.7055, 0.6994, 0.7116, 0.7033, 0.6937, 0.6961, 0.7031, 0.7027, 0.7074, 0.7055, 0.6982, 0.699, 0.6876, 0.698, 0.7046, 0.7097, 0.7139, 0.7108, 0.7081, 0.7088, 0.7029, 0.6938, 0.7104, 0.7031, 0.7102, 0.6953, 0.7139, 0.7168, 0.6965, 0.7099, 0.7122, 0.7117, 0.7138, 0.7113, 0.7008, 0.6966, 0.7078, 0.7111, 0.71, 0.7075, 0.7196, 0.7077, 0.7072, 0.7076, 0.7111, 0.7083, 0.7169, 0.7221, 0.7154, 0.7095, 0.7166, 0.7151, 0.7113, 0.7165, 0.713, 0.7128, 0.7046, 0.7212, 0.7085, 0.7213, 0.7157, 0.7082, 0.7125, 0.716, 0.7247, 0.7043]
2026-08-19 13:47:45,105 - FINAL_S_r200.log - INFO - Majority Class Accuracy: [0.4077, 0.572, 0.6503, 0.7457, 0.7547, 0.726, 0.7017, 0.6997, 0.822, 0.7967, 0.817, 0.8433, 0.7627, 0.7683, 0.78, 0.792, 0.8343, 0.8153, 0.8007, 0.7533, 0.7793, 0.7573, 0.7533, 0.7743, 0.8063, 0.8163, 0.829, 0.8173, 0.7873, 0.837, 0.8233, 0.801, 0.812, 0.784, 0.8207, 0.7783, 0.7857, 0.7893, 0.805, 0.779, 0.7983, 0.7883, 0.805, 0.835, 0.759, 0.8057, 0.78, 0.783, 0.8197, 0.7563, 0.7803, 0.798, 0.822, 0.794, 0.8077, 0.8427, 0.8517, 0.8203, 0.766, 0.8137, 0.8077, 0.7717, 0.8313, 0.8237, 0.801, 0.8053, 0.7677, 0.804, 0.78, 0.807, 0.842, 0.7803, 0.757, 0.8027, 0.8127, 0.8013, 0.8017, 0.7507, 0.7897, 0.745, 0.7927, 0.788, 0.7793, 0.8347, 0.7823, 0.8163, 0.8057, 0.7993, 0.7697, 0.7617, 0.7873, 0.8027, 0.786, 0.7543, 0.8143, 0.7983, 0.798, 0.7487, 0.7993, 0.781, 0.7947, 0.801, 0.7957, 0.7887, 0.8087, 0.79, 0.795, 0.823, 0.807, 0.763, 0.7817, 0.808, 0.7947, 0.8273, 0.8367, 0.8133, 0.7533, 0.782, 0.7817, 0.8233, 0.8147, 0.814, 0.808, 0.8193, 0.801, 0.7583, 0.794, 0.763, 0.763, 0.7957, 0.7857, 0.8247, 0.7657, 0.7703, 0.7523, 0.766, 0.787, 0.7917, 0.8133, 0.82, 0.718, 0.7767, 0.772, 0.802, 0.7873, 0.808, 0.82, 0.8137, 0.7683, 0.7823, 0.7697, 0.736, 0.775, 0.7907, 0.7763, 0.8057, 0.7883, 0.7953, 0.7633, 0.7733, 0.7657, 0.7333, 0.8157, 0.784, 0.795, 0.801, 0.7917, 0.784, 0.8233, 0.8103, 0.7967, 0.8123, 0.702, 0.8103, 0.7653, 0.8093, 0.7543, 0.7173, 0.7003, 0.7257, 0.7847, 0.7343, 0.769, 0.787, 0.7677, 0.7153, 0.795, 0.7693, 0.7887, 0.78, 0.7703, 0.7197, 0.742, 0.75, 0.7443, 0.774, 0.7, 0.741, 0.7713, 0.7537]
2026-08-19 13:47:45,105 - FINAL_S_r200.log - INFO - Medium Class Accuracy: [0.0525, 0.106, 0.1457, 0.168, 0.1925, 0.304, 0.355, 0.3718, 0.2645, 0.2298, 0.3427, 0.2452, 0.3855, 0.4582, 0.4532, 0.4345, 0.3478, 0.4517, 0.441, 0.5092, 0.507, 0.4788, 0.535, 0.5567, 0.5125, 0.4597, 0.4705, 0.5282, 0.5485, 0.4813, 0.5065, 0.538, 0.4955, 0.542, 0.4763, 0.5393, 0.6018, 0.592, 0.5673, 0.6045, 0.552, 0.5863, 0.606, 0.5877, 0.5475, 0.5577, 0.5635, 0.6082, 0.5855, 0.6455, 0.637, 0.6268, 0.5727, 0.6352, 0.6368, 0.59, 0.5653, 0.6385, 0.6202, 0.613, 0.6075, 0.6252, 0.63, 0.6262, 0.661, 0.6368, 0.6452, 0.613, 0.656, 0.6055, 0.5992, 0.6573, 0.668, 0.6558, 0.6348, 0.6302, 0.6265, 0.6657, 0.6488, 0.6795, 0.6765, 0.6733, 0.665, 0.633, 0.6645, 0.614, 0.6657, 0.6665, 0.6565, 0.6763, 0.675, 0.6715, 0.6725, 0.6777, 0.6693, 0.6492, 0.6635, 0.6725, 0.6522, 0.6695, 0.6755, 0.6562, 0.669, 0.6795, 0.6518, 0.658, 0.657, 0.6438, 0.6745, 0.6807, 0.6817, 0.6583, 0.6943, 0.6645, 0.6492, 0.663, 0.6883, 0.674, 0.6885, 0.6605, 0.6573, 0.6577, 0.674, 0.6198, 0.6845, 0.6643, 0.6837, 0.6903, 0.6835, 0.673, 0.6873, 0.66, 0.6957, 0.6895, 0.6817, 0.6923, 0.6827, 0.6815, 0.6813, 0.6613, 0.6785, 0.6673, 0.673, 0.6853, 0.6657, 0.6583, 0.6595, 0.6593, 0.6923, 0.6877, 0.6893, 0.6817, 0.6907, 0.6755, 0.681, 0.6917, 0.6933, 0.6935, 0.6953, 0.6813, 0.6883, 0.6903, 0.6587, 0.6885, 0.6745, 0.695, 0.6867, 0.679, 0.6595, 0.62, 0.673, 0.682, 0.7083, 0.6913, 0.6993, 0.6895, 0.7045, 0.6923, 0.6857, 0.6775, 0.6937, 0.6847, 0.686, 0.688, 0.6823, 0.6957, 0.6903, 0.675, 0.681, 0.6817, 0.6817, 0.6987, 0.6705, 0.6857, 0.6937, 0.6865, 0.691, 0.7033, 0.6873, 0.6883]
2026-08-19 13:47:45,106 - FINAL_S_r200.log - INFO - Minority Class Accuracy: [0.0, 0.0, 0.0, 0.0, 0.0, 0.0, 0.0, 0.0003, 0.0, 0.0, 0.0317, 0.007, 0.0567, 0.0313, 0.0493, 0.076, 0.0847, 0.0257, 0.034, 0.0907, 0.1107, 0.055, 0.0747, 0.1707, 0.155, 0.1327, 0.1393, 0.118, 0.1657, 0.227, 0.149, 0.1803, 0.146, 0.1547, 0.1457, 0.353, 0.2593, 0.216, 0.2343, 0.369, 0.281, 0.4553, 0.2973, 0.3023, 0.4947, 0.4437, 0.3873, 0.4443, 0.378, 0.471, 0.4643, 0.448, 0.4293, 0.327, 0.464, 0.2593, 0.2803, 0.4207, 0.5817, 0.439, 0.4237, 0.5343, 0.4067, 0.415, 0.437, 0.378, 0.5797, 0.574, 0.5557, 0.4073, 0.4443, 0.523, 0.5953, 0.545, 0.5157, 0.4807, 0.4973, 0.571, 0.555, 0.6033, 0.576, 0.5897, 0.6037, 0.5097, 0.611, 0.546, 0.516, 0.552, 0.635, 0.6023, 0.5283, 0.5243, 0.583, 0.6203, 0.486, 0.5597, 0.5333, 0.655, 0.6557, 0.6373, 0.5873, 0.564, 0.5733, 0.6267, 0.5527, 0.64, 0.658, 0.578, 0.5527, 0.6247, 0.656, 0.609, 0.5393, 0.5277, 0.5267, 0.596, 0.6653, 0.627, 0.629, 0.5557, 0.6237, 0.6073, 0.5817, 0.546, 0.5977, 0.6887, 0.6167, 0.681, 0.6773, 0.6437, 0.5917, 0.5703, 0.6413, 0.668, 0.6903, 0.6423, 0.6747, 0.644, 0.5907, 0.6187, 0.721, 0.676, 0.6887, 0.636, 0.6523, 0.6443, 0.5927, 0.634, 0.6573, 0.6663, 0.691, 0.7243, 0.6643, 0.6713, 0.6587, 0.5847, 0.6553, 0.6237, 0.677, 0.636, 0.6963, 0.7357, 0.6277, 0.6643, 0.6797, 0.6447, 0.672, 0.6817, 0.6333, 0.685, 0.6653, 0.6487, 0.7203, 0.6263, 0.701, 0.6303, 0.6637, 0.7183, 0.7557, 0.732, 0.68, 0.7597, 0.701, 0.6607, 0.7113, 0.7407, 0.6557, 0.719, 0.68, 0.687, 0.6693, 0.7527, 0.7257, 0.74, 0.7163, 0.6713, 0.7537, 0.708, 0.728, 0.6763]
2026-08-19 13:47:45,106 - FINAL_S_r200.log - INFO - === Head-Tail Evaluation ===
2026-08-19 13:47:45,106 - FINAL_S_r200.log - INFO - Head Accuracy: 0.7163
2026-08-19 13:47:45,107 - FINAL_S_r200.log - INFO - Tail Accuracy: 0.6763
2026-08-19 13:48:01,294 - FINAL_S_r200.log - INFO - ========== FINISHED ==========
2026-08-19 13:48:01,294 - FINAL_S_r200.log - INFO - Final Global: 0.7043
2026-08-19 13:48:01,294 - FINAL_S_r200.log - INFO - Final Head: 0.7163
2026-08-19 13:48:01,294 - FINAL_S_r200.log - INFO - Final Tail: 0.6763
2026-08-19 13:48:01,294 - FINAL_S_r200.log - INFO - Best Tail: 0.7597 @ round 182
