2026-08-19 18:46:42,413 - FINAL_CA_r200.log - INFO - ========== THESIS FINAL FedLF S/C/A ABLATION ==========\nvariant=ca | S=OFF | C=ON | A=ON\nimb_factor:0.01, non_iid:0.5, rs_alpha:0.5\nlr_local_training:0.1 (fixed FedLF baseline LR)\nnum_rounds:200, local_epochs:10\nbatch_size_local_training:32\nnum_online_clients:8\nS semantic_epsilon:0.75\nC confidence_alpha:0.7, warmup:30\nA server_tail_agg_weight:1.5\nbaseline:AdaptiveLogit+LocalCenters+FedDecorr+FedAvg\nformal_protocol:no_test_rollback\n
2026-08-19 18:46:47,801 - FINAL_CA_r200.log - INFO - Global class counts: [5000, 2997, 1796, 1077, 645, 387, 232, 139, 83, 50]
2026-08-19 18:46:47,802 - FINAL_CA_r200.log - INFO - Tail classes (<200): [7, 8, 9]
2026-08-19 18:46:47,830 - FINAL_CA_r200.log - INFO - Round 1 selected clients: [0, 1, 3, 5, 8, 11, 15, 17]
2026-08-19 18:47:09,087 - FINAL_CA_r200.log - INFO - Round 1 | Global 0.2053 | Head 0.2933 | Tail 0.0000 | Many 0.6147 | Medium 0.0522 | Few 0.0000 | best_tail 0.0000@1 | rollback=False
2026-08-19 18:47:09,087 - FINAL_CA_r200.log - INFO - Round 2 selected clients: [4, 5, 7, 12, 14, 15, 16, 19]
2026-08-19 18:47:30,278 - FINAL_CA_r200.log - INFO - Round 2 | Global 0.2198 | Head 0.3140 | Tail 0.0000 | Many 0.6750 | Medium 0.0432 | Few 0.0000 | best_tail 0.0000@2 | rollback=False
2026-08-19 18:47:30,278 - FINAL_CA_r200.log - INFO - Round 3 selected clients: [0, 2, 5, 7, 10, 12, 16, 18]
2026-08-19 18:47:51,083 - FINAL_CA_r200.log - INFO - Round 3 | Global 0.2526 | Head 0.3609 | Tail 0.0000 | Many 0.7453 | Medium 0.0725 | Few 0.0000 | best_tail 0.0000@3 | rollback=False
2026-08-19 18:47:51,083 - FINAL_CA_r200.log - INFO - Round 4 selected clients: [0, 4, 6, 8, 9, 11, 17, 18]
2026-08-19 18:48:12,565 - FINAL_CA_r200.log - INFO - Round 4 | Global 0.2643 | Head 0.3776 | Tail 0.0000 | Many 0.6947 | Medium 0.1398 | Few 0.0000 | best_tail 0.0000@4 | rollback=False
2026-08-19 18:48:12,565 - FINAL_CA_r200.log - INFO - Round 5 selected clients: [0, 2, 5, 9, 10, 12, 16, 19]
2026-08-19 18:48:32,204 - FINAL_CA_r200.log - INFO - Round 5 | Global 0.2913 | Head 0.4161 | Tail 0.0000 | Many 0.7327 | Medium 0.1787 | Few 0.0000 | best_tail 0.0000@5 | rollback=False
2026-08-19 18:48:32,204 - FINAL_CA_r200.log - INFO - Round 6 selected clients: [1, 3, 4, 5, 9, 10, 15, 16]
2026-08-19 18:48:51,508 - FINAL_CA_r200.log - INFO - Round 6 | Global 0.3127 | Head 0.4467 | Tail 0.0000 | Many 0.7950 | Medium 0.1855 | Few 0.0000 | best_tail 0.0000@6 | rollback=False
2026-08-19 18:48:51,508 - FINAL_CA_r200.log - INFO - Round 7 selected clients: [2, 3, 5, 9, 10, 12, 13, 16]
2026-08-19 18:49:10,673 - FINAL_CA_r200.log - INFO - Round 7 | Global 0.3402 | Head 0.4854 | Tail 0.0013 | Many 0.7747 | Medium 0.2685 | Few 0.0013 | best_tail 0.0013@7 | rollback=False
2026-08-19 18:49:10,673 - FINAL_CA_r200.log - INFO - Round 8 selected clients: [1, 3, 5, 7, 11, 15, 17, 18]
2026-08-19 18:49:30,206 - FINAL_CA_r200.log - INFO - Round 8 | Global 0.3651 | Head 0.5099 | Tail 0.0273 | Many 0.7633 | Medium 0.3197 | Few 0.0273 | best_tail 0.0273@8 | rollback=False
2026-08-19 18:49:30,206 - FINAL_CA_r200.log - INFO - Round 9 selected clients: [0, 4, 7, 8, 9, 11, 13, 17]
2026-08-19 18:49:49,148 - FINAL_CA_r200.log - INFO - Round 9 | Global 0.3479 | Head 0.4691 | Tail 0.0650 | Many 0.7400 | Medium 0.2660 | Few 0.0650 | best_tail 0.0650@9 | rollback=False
2026-08-19 18:49:49,148 - FINAL_CA_r200.log - INFO - Round 10 selected clients: [1, 2, 4, 5, 7, 9, 15, 16]
2026-08-19 18:50:08,660 - FINAL_CA_r200.log - INFO - Round 10 | Global 0.3668 | Head 0.5219 | Tail 0.0050 | Many 0.8017 | Medium 0.3120 | Few 0.0050 | best_tail 0.0650@9 | rollback=False
2026-08-19 18:50:08,696 - FINAL_CA_r200.log - INFO - Global Accuracy: [0.2053, 0.2198, 0.2526, 0.2643, 0.2913, 0.3127, 0.3402, 0.3651, 0.3479, 0.3668]
2026-08-19 18:50:08,696 - FINAL_CA_r200.log - INFO - Majority Class Accuracy: [0.6147, 0.675, 0.7453, 0.6947, 0.7327, 0.795, 0.7747, 0.7633, 0.74, 0.8017]
2026-08-19 18:50:08,696 - FINAL_CA_r200.log - INFO - Medium Class Accuracy: [0.0522, 0.0432, 0.0725, 0.1398, 0.1787, 0.1855, 0.2685, 0.3197, 0.266, 0.312]
2026-08-19 18:50:08,696 - FINAL_CA_r200.log - INFO - Minority Class Accuracy: [0.0, 0.0, 0.0, 0.0, 0.0, 0.0, 0.0013, 0.0273, 0.065, 0.005]
2026-08-19 18:50:08,696 - FINAL_CA_r200.log - INFO - === Head-Tail Evaluation ===
2026-08-19 18:50:08,696 - FINAL_CA_r200.log - INFO - Head Accuracy: 0.5219
2026-08-19 18:50:08,697 - FINAL_CA_r200.log - INFO - Tail Accuracy: 0.0050
2026-08-19 18:50:24,956 - FINAL_CA_r200.log - INFO - Round 11 selected clients: [1, 2, 4, 6, 12, 13, 16, 17]
2026-08-19 18:50:44,580 - FINAL_CA_r200.log - INFO - Round 11 | Global 0.4293 | Head 0.5414 | Tail 0.1677 | Many 0.7980 | Medium 0.3490 | Few 0.1677 | best_tail 0.1677@11 | rollback=False
2026-08-19 18:50:44,580 - FINAL_CA_r200.log - INFO - Round 12 selected clients: [3, 6, 8, 9, 11, 14, 17, 18]
2026-08-19 18:51:04,172 - FINAL_CA_r200.log - INFO - Round 12 | Global 0.4528 | Head 0.5750 | Tail 0.1677 | Many 0.7783 | Medium 0.4225 | Few 0.1677 | best_tail 0.1677@12 | rollback=False
2026-08-19 18:51:04,172 - FINAL_CA_r200.log - INFO - Round 13 selected clients: [2, 6, 8, 9, 12, 13, 14, 19]
2026-08-19 18:51:23,666 - FINAL_CA_r200.log - INFO - Round 13 | Global 0.4691 | Head 0.5870 | Tail 0.1940 | Many 0.7477 | Medium 0.4665 | Few 0.1940 | best_tail 0.1940@13 | rollback=False
2026-08-19 18:51:23,666 - FINAL_CA_r200.log - INFO - Round 14 selected clients: [1, 4, 5, 9, 10, 11, 12, 19]
2026-08-19 18:51:43,327 - FINAL_CA_r200.log - INFO - Round 14 | Global 0.4360 | Head 0.5679 | Tail 0.1283 | Many 0.7337 | Medium 0.4435 | Few 0.1283 | best_tail 0.1940@13 | rollback=False
2026-08-19 18:51:43,327 - FINAL_CA_r200.log - INFO - Round 15 selected clients: [4, 5, 7, 12, 13, 14, 16, 19]
2026-08-19 18:52:02,571 - FINAL_CA_r200.log - INFO - Round 15 | Global 0.4293 | Head 0.5469 | Tail 0.1550 | Many 0.7430 | Medium 0.3997 | Few 0.1550 | best_tail 0.1940@13 | rollback=False
2026-08-19 18:52:02,571 - FINAL_CA_r200.log - INFO - Round 16 selected clients: [1, 4, 6, 9, 11, 13, 14, 18]
2026-08-19 18:52:21,887 - FINAL_CA_r200.log - INFO - Round 16 | Global 0.4570 | Head 0.5739 | Tail 0.1843 | Many 0.7580 | Medium 0.4358 | Few 0.1843 | best_tail 0.1940@13 | rollback=False
2026-08-19 18:52:21,897 - FINAL_CA_r200.log - INFO - Round 17 selected clients: [4, 6, 7, 9, 11, 12, 14, 16]
2026-08-19 18:52:41,139 - FINAL_CA_r200.log - INFO - Round 17 | Global 0.4479 | Head 0.5616 | Tail 0.1827 | Many 0.7363 | Medium 0.4305 | Few 0.1827 | best_tail 0.1940@13 | rollback=False
2026-08-19 18:52:41,139 - FINAL_CA_r200.log - INFO - Round 18 selected clients: [1, 3, 4, 7, 8, 9, 12, 18]
2026-08-19 18:53:02,185 - FINAL_CA_r200.log - INFO - Round 18 | Global 0.4619 | Head 0.5931 | Tail 0.1557 | Many 0.7713 | Medium 0.4595 | Few 0.1557 | best_tail 0.1940@13 | rollback=False
2026-08-19 18:53:02,185 - FINAL_CA_r200.log - INFO - Round 19 selected clients: [1, 6, 7, 8, 9, 10, 11, 19]
2026-08-19 18:53:23,455 - FINAL_CA_r200.log - INFO - Round 19 | Global 0.4907 | Head 0.5800 | Tail 0.2823 | Many 0.7460 | Medium 0.4555 | Few 0.2823 | best_tail 0.2823@19 | rollback=False
2026-08-19 18:53:23,455 - FINAL_CA_r200.log - INFO - Round 20 selected clients: [3, 4, 6, 10, 11, 13, 14, 17]
2026-08-19 18:53:44,899 - FINAL_CA_r200.log - INFO - Round 20 | Global 0.4824 | Head 0.5891 | Tail 0.2333 | Many 0.7630 | Medium 0.4587 | Few 0.2333 | best_tail 0.2823@19 | rollback=False
2026-08-19 18:53:44,927 - FINAL_CA_r200.log - INFO - Global Accuracy: [0.2053, 0.2198, 0.2526, 0.2643, 0.2913, 0.3127, 0.3402, 0.3651, 0.3479, 0.3668, 0.4293, 0.4528, 0.4691, 0.436, 0.4293, 0.457, 0.4479, 0.4619, 0.4907, 0.4824]
2026-08-19 18:53:44,927 - FINAL_CA_r200.log - INFO - Majority Class Accuracy: [0.6147, 0.675, 0.7453, 0.6947, 0.7327, 0.795, 0.7747, 0.7633, 0.74, 0.8017, 0.798, 0.7783, 0.7477, 0.7337, 0.743, 0.758, 0.7363, 0.7713, 0.746, 0.763]
2026-08-19 18:53:44,927 - FINAL_CA_r200.log - INFO - Medium Class Accuracy: [0.0522, 0.0432, 0.0725, 0.1398, 0.1787, 0.1855, 0.2685, 0.3197, 0.266, 0.312, 0.349, 0.4225, 0.4665, 0.4435, 0.3997, 0.4358, 0.4305, 0.4595, 0.4555, 0.4587]
2026-08-19 18:53:44,927 - FINAL_CA_r200.log - INFO - Minority Class Accuracy: [0.0, 0.0, 0.0, 0.0, 0.0, 0.0, 0.0013, 0.0273, 0.065, 0.005, 0.1677, 0.1677, 0.194, 0.1283, 0.155, 0.1843, 0.1827, 0.1557, 0.2823, 0.2333]
2026-08-19 18:53:44,935 - FINAL_CA_r200.log - INFO - === Head-Tail Evaluation ===
2026-08-19 18:53:44,935 - FINAL_CA_r200.log - INFO - Head Accuracy: 0.5891
2026-08-19 18:53:44,935 - FINAL_CA_r200.log - INFO - Tail Accuracy: 0.2333
2026-08-19 18:53:57,951 - FINAL_CA_r200.log - INFO - Round 21 selected clients: [3, 4, 13, 14, 15, 17, 18, 19]
2026-08-19 18:54:20,016 - FINAL_CA_r200.log - INFO - Round 21 | Global 0.5171 | Head 0.5970 | Tail 0.3307 | Many 0.7247 | Medium 0.5012 | Few 0.3307 | best_tail 0.3307@21 | rollback=False
2026-08-19 18:54:20,016 - FINAL_CA_r200.log - INFO - Round 22 selected clients: [4, 5, 8, 10, 16, 17, 18, 19]
2026-08-19 18:54:41,932 - FINAL_CA_r200.log - INFO - Round 22 | Global 0.5358 | Head 0.5817 | Tail 0.4287 | Many 0.7447 | Medium 0.4595 | Few 0.4287 | best_tail 0.4287@22 | rollback=False
2026-08-19 18:54:41,932 - FINAL_CA_r200.log - INFO - Round 23 selected clients: [1, 2, 3, 6, 8, 13, 15, 19]
2026-08-19 18:55:03,792 - FINAL_CA_r200.log - INFO - Round 23 | Global 0.5657 | Head 0.5949 | Tail 0.4977 | Many 0.6690 | Medium 0.5393 | Few 0.4977 | best_tail 0.4977@23 | rollback=False
2026-08-19 18:55:03,792 - FINAL_CA_r200.log - INFO - Round 24 selected clients: [3, 4, 5, 8, 10, 13, 14, 17]
2026-08-19 18:55:25,248 - FINAL_CA_r200.log - INFO - Round 24 | Global 0.5165 | Head 0.6220 | Tail 0.2703 | Many 0.7730 | Medium 0.5088 | Few 0.2703 | best_tail 0.4977@23 | rollback=False
2026-08-19 18:55:25,248 - FINAL_CA_r200.log - INFO - Round 25 selected clients: [2, 3, 6, 9, 10, 12, 15, 18]
2026-08-19 18:55:47,335 - FINAL_CA_r200.log - INFO - Round 25 | Global 0.5677 | Head 0.6013 | Tail 0.4893 | Many 0.6580 | Medium 0.5587 | Few 0.4893 | best_tail 0.4977@23 | rollback=False
2026-08-19 18:55:47,335 - FINAL_CA_r200.log - INFO - Round 26 selected clients: [1, 2, 5, 6, 7, 8, 12, 16]
2026-08-19 18:56:08,976 - FINAL_CA_r200.log - INFO - Round 26 | Global 0.5745 | Head 0.6296 | Tail 0.4460 | Many 0.7323 | Medium 0.5525 | Few 0.4460 | best_tail 0.4977@23 | rollback=False
2026-08-19 18:56:08,976 - FINAL_CA_r200.log - INFO - Round 27 selected clients: [5, 6, 8, 10, 12, 13, 14, 17]
2026-08-19 18:56:30,342 - FINAL_CA_r200.log - INFO - Round 27 | Global 0.5397 | Head 0.6237 | Tail 0.3437 | Many 0.7327 | Medium 0.5420 | Few 0.3437 | best_tail 0.4977@23 | rollback=False
2026-08-19 18:56:30,342 - FINAL_CA_r200.log - INFO - Round 28 selected clients: [1, 3, 5, 6, 7, 8, 14, 19]
2026-08-19 18:56:51,650 - FINAL_CA_r200.log - INFO - Round 28 | Global 0.5686 | Head 0.6087 | Tail 0.4750 | Many 0.6787 | Medium 0.5563 | Few 0.4750 | best_tail 0.4977@23 | rollback=False
2026-08-19 18:56:51,650 - FINAL_CA_r200.log - INFO - Round 29 selected clients: [3, 4, 5, 8, 12, 14, 15, 16]
2026-08-19 18:57:13,281 - FINAL_CA_r200.log - INFO - Round 29 | Global 0.5597 | Head 0.6390 | Tail 0.3747 | Many 0.7240 | Medium 0.5753 | Few 0.3747 | best_tail 0.4977@23 | rollback=False
2026-08-19 18:57:13,281 - FINAL_CA_r200.log - INFO - Round 30 selected clients: [5, 6, 11, 13, 14, 15, 16, 19]
2026-08-19 18:57:33,949 - FINAL_CA_r200.log - INFO - Round 30 | Global 0.5717 | Head 0.6261 | Tail 0.4447 | Many 0.6740 | Medium 0.5903 | Few 0.4447 | best_tail 0.4977@23 | rollback=False
2026-08-19 18:57:33,973 - FINAL_CA_r200.log - INFO - Global Accuracy: [0.2053, 0.2198, 0.2526, 0.2643, 0.2913, 0.3127, 0.3402, 0.3651, 0.3479, 0.3668, 0.4293, 0.4528, 0.4691, 0.436, 0.4293, 0.457, 0.4479, 0.4619, 0.4907, 0.4824, 0.5171, 0.5358, 0.5657, 0.5165, 0.5677, 0.5745, 0.5397, 0.5686, 0.5597, 0.5717]
2026-08-19 18:57:33,973 - FINAL_CA_r200.log - INFO - Majority Class Accuracy: [0.6147, 0.675, 0.7453, 0.6947, 0.7327, 0.795, 0.7747, 0.7633, 0.74, 0.8017, 0.798, 0.7783, 0.7477, 0.7337, 0.743, 0.758, 0.7363, 0.7713, 0.746, 0.763, 0.7247, 0.7447, 0.669, 0.773, 0.658, 0.7323, 0.7327, 0.6787, 0.724, 0.674]
2026-08-19 18:57:33,974 - FINAL_CA_r200.log - INFO - Medium Class Accuracy: [0.0522, 0.0432, 0.0725, 0.1398, 0.1787, 0.1855, 0.2685, 0.3197, 0.266, 0.312, 0.349, 0.4225, 0.4665, 0.4435, 0.3997, 0.4358, 0.4305, 0.4595, 0.4555, 0.4587, 0.5012, 0.4595, 0.5393, 0.5088, 0.5587, 0.5525, 0.542, 0.5563, 0.5753, 0.5903]
2026-08-19 18:57:33,974 - FINAL_CA_r200.log - INFO - Minority Class Accuracy: [0.0, 0.0, 0.0, 0.0, 0.0, 0.0, 0.0013, 0.0273, 0.065, 0.005, 0.1677, 0.1677, 0.194, 0.1283, 0.155, 0.1843, 0.1827, 0.1557, 0.2823, 0.2333, 0.3307, 0.4287, 0.4977, 0.2703, 0.4893, 0.446, 0.3437, 0.475, 0.3747, 0.4447]
2026-08-19 18:57:33,974 - FINAL_CA_r200.log - INFO - === Head-Tail Evaluation ===
2026-08-19 18:57:33,974 - FINAL_CA_r200.log - INFO - Head Accuracy: 0.6261
2026-08-19 18:57:33,974 - FINAL_CA_r200.log - INFO - Tail Accuracy: 0.4447
2026-08-19 18:57:46,890 - FINAL_CA_r200.log - INFO - Round 31 selected clients: [1, 4, 6, 7, 9, 11, 14, 19]
2026-08-19 18:58:07,554 - FINAL_CA_r200.log - INFO - Round 31 | Global 0.5912 | Head 0.6003 | Tail 0.5700 | Many 0.6873 | Medium 0.5350 | Few 0.5700 | best_tail 0.5700@31 | rollback=False
2026-08-19 18:58:07,554 - FINAL_CA_r200.log - INFO - Round 32 selected clients: [0, 1, 5, 6, 7, 9, 12, 19]
2026-08-19 18:58:28,097 - FINAL_CA_r200.log - INFO - Round 32 | Global 0.5927 | Head 0.5923 | Tail 0.5937 | Many 0.6530 | Medium 0.5467 | Few 0.5937 | best_tail 0.5937@32 | rollback=False
2026-08-19 18:58:28,097 - FINAL_CA_r200.log - INFO - Round 33 selected clients: [3, 5, 7, 11, 14, 15, 16, 17]
2026-08-19 18:58:48,319 - FINAL_CA_r200.log - INFO - Round 33 | Global 0.5984 | Head 0.6381 | Tail 0.5057 | Many 0.7070 | Medium 0.5865 | Few 0.5057 | best_tail 0.5937@32 | rollback=False
2026-08-19 18:58:48,330 - FINAL_CA_r200.log - INFO - Round 34 selected clients: [6, 8, 9, 10, 13, 14, 16, 18]
2026-08-19 18:59:09,112 - FINAL_CA_r200.log - INFO - Round 34 | Global 0.6072 | Head 0.6184 | Tail 0.5810 | Many 0.6760 | Medium 0.5753 | Few 0.5810 | best_tail 0.5937@32 | rollback=False
2026-08-19 18:59:09,121 - FINAL_CA_r200.log - INFO - Round 35 selected clients: [0, 4, 5, 8, 10, 12, 13, 19]
2026-08-19 18:59:31,097 - FINAL_CA_r200.log - INFO - Round 35 | Global 0.5889 | Head 0.6197 | Tail 0.5170 | Many 0.7387 | Medium 0.5305 | Few 0.5170 | best_tail 0.5937@32 | rollback=False
2026-08-19 18:59:31,097 - FINAL_CA_r200.log - INFO - Round 36 selected clients: [1, 2, 3, 6, 7, 8, 10, 18]
2026-08-19 18:59:53,129 - FINAL_CA_r200.log - INFO - Round 36 | Global 0.5981 | Head 0.5579 | Tail 0.6920 | Many 0.5463 | Medium 0.5665 | Few 0.6920 | best_tail 0.6920@36 | rollback=False
2026-08-19 18:59:53,129 - FINAL_CA_r200.log - INFO - Round 37 selected clients: [1, 3, 7, 9, 10, 11, 15, 17]
2026-08-19 19:00:14,991 - FINAL_CA_r200.log - INFO - Round 37 | Global 0.6016 | Head 0.6134 | Tail 0.5740 | Many 0.6430 | Medium 0.5913 | Few 0.5740 | best_tail 0.6920@36 | rollback=False
2026-08-19 19:00:14,991 - FINAL_CA_r200.log - INFO - Round 38 selected clients: [1, 2, 6, 9, 12, 13, 14, 18]
2026-08-19 19:00:36,992 - FINAL_CA_r200.log - INFO - Round 38 | Global 0.6127 | Head 0.6094 | Tail 0.6203 | Many 0.6350 | Medium 0.5903 | Few 0.6203 | best_tail 0.6920@36 | rollback=False
2026-08-19 19:00:36,992 - FINAL_CA_r200.log - INFO - Round 39 selected clients: [0, 2, 3, 11, 12, 13, 15, 19]
2026-08-19 19:00:59,207 - FINAL_CA_r200.log - INFO - Round 39 | Global 0.6013 | Head 0.6276 | Tail 0.5400 | Many 0.6607 | Medium 0.6028 | Few 0.5400 | best_tail 0.6920@36 | rollback=False
2026-08-19 19:00:59,207 - FINAL_CA_r200.log - INFO - Round 40 selected clients: [3, 7, 9, 11, 13, 14, 15, 19]
2026-08-19 19:01:21,093 - FINAL_CA_r200.log - INFO - Round 40 | Global 0.6264 | Head 0.6301 | Tail 0.6177 | Many 0.6637 | Medium 0.6050 | Few 0.6177 | best_tail 0.6920@36 | rollback=False
2026-08-19 19:01:21,117 - FINAL_CA_r200.log - INFO - Global Accuracy: [0.2053, 0.2198, 0.2526, 0.2643, 0.2913, 0.3127, 0.3402, 0.3651, 0.3479, 0.3668, 0.4293, 0.4528, 0.4691, 0.436, 0.4293, 0.457, 0.4479, 0.4619, 0.4907, 0.4824, 0.5171, 0.5358, 0.5657, 0.5165, 0.5677, 0.5745, 0.5397, 0.5686, 0.5597, 0.5717, 0.5912, 0.5927, 0.5984, 0.6072, 0.5889, 0.5981, 0.6016, 0.6127, 0.6013, 0.6264]
2026-08-19 19:01:21,117 - FINAL_CA_r200.log - INFO - Majority Class Accuracy: [0.6147, 0.675, 0.7453, 0.6947, 0.7327, 0.795, 0.7747, 0.7633, 0.74, 0.8017, 0.798, 0.7783, 0.7477, 0.7337, 0.743, 0.758, 0.7363, 0.7713, 0.746, 0.763, 0.7247, 0.7447, 0.669, 0.773, 0.658, 0.7323, 0.7327, 0.6787, 0.724, 0.674, 0.6873, 0.653, 0.707, 0.676, 0.7387, 0.5463, 0.643, 0.635, 0.6607, 0.6637]
2026-08-19 19:01:21,117 - FINAL_CA_r200.log - INFO - Medium Class Accuracy: [0.0522, 0.0432, 0.0725, 0.1398, 0.1787, 0.1855, 0.2685, 0.3197, 0.266, 0.312, 0.349, 0.4225, 0.4665, 0.4435, 0.3997, 0.4358, 0.4305, 0.4595, 0.4555, 0.4587, 0.5012, 0.4595, 0.5393, 0.5088, 0.5587, 0.5525, 0.542, 0.5563, 0.5753, 0.5903, 0.535, 0.5467, 0.5865, 0.5753, 0.5305, 0.5665, 0.5913, 0.5903, 0.6028, 0.605]
2026-08-19 19:01:21,117 - FINAL_CA_r200.log - INFO - Minority Class Accuracy: [0.0, 0.0, 0.0, 0.0, 0.0, 0.0, 0.0013, 0.0273, 0.065, 0.005, 0.1677, 0.1677, 0.194, 0.1283, 0.155, 0.1843, 0.1827, 0.1557, 0.2823, 0.2333, 0.3307, 0.4287, 0.4977, 0.2703, 0.4893, 0.446, 0.3437, 0.475, 0.3747, 0.4447, 0.57, 0.5937, 0.5057, 0.581, 0.517, 0.692, 0.574, 0.6203, 0.54, 0.6177]
2026-08-19 19:01:21,117 - FINAL_CA_r200.log - INFO - === Head-Tail Evaluation ===
2026-08-19 19:01:21,117 - FINAL_CA_r200.log - INFO - Head Accuracy: 0.6301
2026-08-19 19:01:21,117 - FINAL_CA_r200.log - INFO - Tail Accuracy: 0.6177
2026-08-19 19:01:34,826 - FINAL_CA_r200.log - INFO - Round 41 selected clients: [1, 5, 6, 7, 10, 11, 14, 15]
2026-08-19 19:01:56,576 - FINAL_CA_r200.log - INFO - Round 41 | Global 0.6166 | Head 0.6387 | Tail 0.5650 | Many 0.6787 | Medium 0.6088 | Few 0.5650 | best_tail 0.6920@36 | rollback=False
2026-08-19 19:01:56,576 - FINAL_CA_r200.log - INFO - Round 42 selected clients: [1, 3, 7, 9, 12, 14, 15, 19]
2026-08-19 19:02:18,806 - FINAL_CA_r200.log - INFO - Round 42 | Global 0.6262 | Head 0.6359 | Tail 0.6037 | Many 0.6723 | Medium 0.6085 | Few 0.6037 | best_tail 0.6920@36 | rollback=False
2026-08-19 19:02:18,806 - FINAL_CA_r200.log - INFO - Round 43 selected clients: [0, 4, 6, 7, 9, 11, 12, 14]
2026-08-19 19:02:41,325 - FINAL_CA_r200.log - INFO - Round 43 | Global 0.6093 | Head 0.6579 | Tail 0.4960 | Many 0.7660 | Medium 0.5767 | Few 0.4960 | best_tail 0.6920@36 | rollback=False
2026-08-19 19:02:41,325 - FINAL_CA_r200.log - INFO - Round 44 selected clients: [2, 6, 8, 10, 12, 13, 15, 17]
2026-08-19 19:03:04,312 - FINAL_CA_r200.log - INFO - Round 44 | Global 0.6270 | Head 0.6380 | Tail 0.6013 | Many 0.6660 | Medium 0.6170 | Few 0.6013 | best_tail 0.6920@36 | rollback=False
2026-08-19 19:03:04,312 - FINAL_CA_r200.log - INFO - Round 45 selected clients: [0, 1, 4, 5, 6, 11, 12, 17]
2026-08-19 19:03:27,569 - FINAL_CA_r200.log - INFO - Round 45 | Global 0.6044 | Head 0.6597 | Tail 0.4753 | Many 0.7587 | Medium 0.5855 | Few 0.4753 | best_tail 0.6920@36 | rollback=False
2026-08-19 19:03:27,569 - FINAL_CA_r200.log - INFO - Round 46 selected clients: [2, 3, 6, 7, 10, 12, 14, 16]
2026-08-19 19:03:50,403 - FINAL_CA_r200.log - INFO - Round 46 | Global 0.6345 | Head 0.6516 | Tail 0.5947 | Many 0.7093 | Medium 0.6082 | Few 0.5947 | best_tail 0.6920@36 | rollback=False
2026-08-19 19:03:50,403 - FINAL_CA_r200.log - INFO - Round 47 selected clients: [1, 4, 8, 10, 11, 13, 15, 18]
2026-08-19 19:04:12,981 - FINAL_CA_r200.log - INFO - Round 47 | Global 0.6227 | Head 0.6523 | Tail 0.5537 | Many 0.7110 | Medium 0.6082 | Few 0.5537 | best_tail 0.6920@36 | rollback=False
2026-08-19 19:04:12,981 - FINAL_CA_r200.log - INFO - Round 48 selected clients: [0, 3, 4, 6, 7, 8, 16, 17]
2026-08-19 19:04:36,278 - FINAL_CA_r200.log - INFO - Round 48 | Global 0.6283 | Head 0.6491 | Tail 0.5797 | Many 0.7333 | Medium 0.5860 | Few 0.5797 | best_tail 0.6920@36 | rollback=False
2026-08-19 19:04:36,278 - FINAL_CA_r200.log - INFO - Round 49 selected clients: [0, 4, 5, 7, 10, 15, 17, 18]
2026-08-19 19:04:59,427 - FINAL_CA_r200.log - INFO - Round 49 | Global 0.6285 | Head 0.6301 | Tail 0.6247 | Many 0.6627 | Medium 0.6058 | Few 0.6247 | best_tail 0.6920@36 | rollback=False
2026-08-19 19:04:59,427 - FINAL_CA_r200.log - INFO - Round 50 selected clients: [0, 2, 6, 11, 12, 13, 14, 17]
2026-08-19 19:05:22,196 - FINAL_CA_r200.log - INFO - Round 50 | Global 0.6315 | Head 0.6516 | Tail 0.5847 | Many 0.7393 | Medium 0.5857 | Few 0.5847 | best_tail 0.6920@36 | rollback=False
2026-08-19 19:05:22,224 - FINAL_CA_r200.log - INFO - Global Accuracy: [0.2053, 0.2198, 0.2526, 0.2643, 0.2913, 0.3127, 0.3402, 0.3651, 0.3479, 0.3668, 0.4293, 0.4528, 0.4691, 0.436, 0.4293, 0.457, 0.4479, 0.4619, 0.4907, 0.4824, 0.5171, 0.5358, 0.5657, 0.5165, 0.5677, 0.5745, 0.5397, 0.5686, 0.5597, 0.5717, 0.5912, 0.5927, 0.5984, 0.6072, 0.5889, 0.5981, 0.6016, 0.6127, 0.6013, 0.6264, 0.6166, 0.6262, 0.6093, 0.627, 0.6044, 0.6345, 0.6227, 0.6283, 0.6285, 0.6315]
2026-08-19 19:05:22,224 - FINAL_CA_r200.log - INFO - Majority Class Accuracy: [0.6147, 0.675, 0.7453, 0.6947, 0.7327, 0.795, 0.7747, 0.7633, 0.74, 0.8017, 0.798, 0.7783, 0.7477, 0.7337, 0.743, 0.758, 0.7363, 0.7713, 0.746, 0.763, 0.7247, 0.7447, 0.669, 0.773, 0.658, 0.7323, 0.7327, 0.6787, 0.724, 0.674, 0.6873, 0.653, 0.707, 0.676, 0.7387, 0.5463, 0.643, 0.635, 0.6607, 0.6637, 0.6787, 0.6723, 0.766, 0.666, 0.7587, 0.7093, 0.711, 0.7333, 0.6627, 0.7393]
2026-08-19 19:05:22,224 - FINAL_CA_r200.log - INFO - Medium Class Accuracy: [0.0522, 0.0432, 0.0725, 0.1398, 0.1787, 0.1855, 0.2685, 0.3197, 0.266, 0.312, 0.349, 0.4225, 0.4665, 0.4435, 0.3997, 0.4358, 0.4305, 0.4595, 0.4555, 0.4587, 0.5012, 0.4595, 0.5393, 0.5088, 0.5587, 0.5525, 0.542, 0.5563, 0.5753, 0.5903, 0.535, 0.5467, 0.5865, 0.5753, 0.5305, 0.5665, 0.5913, 0.5903, 0.6028, 0.605, 0.6088, 0.6085, 0.5767, 0.617, 0.5855, 0.6082, 0.6082, 0.586, 0.6058, 0.5857]
2026-08-19 19:05:22,224 - FINAL_CA_r200.log - INFO - Minority Class Accuracy: [0.0, 0.0, 0.0, 0.0, 0.0, 0.0, 0.0013, 0.0273, 0.065, 0.005, 0.1677, 0.1677, 0.194, 0.1283, 0.155, 0.1843, 0.1827, 0.1557, 0.2823, 0.2333, 0.3307, 0.4287, 0.4977, 0.2703, 0.4893, 0.446, 0.3437, 0.475, 0.3747, 0.4447, 0.57, 0.5937, 0.5057, 0.581, 0.517, 0.692, 0.574, 0.6203, 0.54, 0.6177, 0.565, 0.6037, 0.496, 0.6013, 0.4753, 0.5947, 0.5537, 0.5797, 0.6247, 0.5847]
2026-08-19 19:05:22,224 - FINAL_CA_r200.log - INFO - === Head-Tail Evaluation ===
2026-08-19 19:05:22,224 - FINAL_CA_r200.log - INFO - Head Accuracy: 0.6516
2026-08-19 19:05:22,224 - FINAL_CA_r200.log - INFO - Tail Accuracy: 0.5847
2026-08-19 19:05:35,115 - FINAL_CA_r200.log - INFO - Round 51 selected clients: [0, 1, 9, 11, 13, 16, 17, 19]
2026-08-19 19:05:58,171 - FINAL_CA_r200.log - INFO - Round 51 | Global 0.6441 | Head 0.6281 | Tail 0.6813 | Many 0.6697 | Medium 0.5970 | Few 0.6813 | best_tail 0.6920@36 | rollback=False
2026-08-19 19:05:58,171 - FINAL_CA_r200.log - INFO - Round 52 selected clients: [0, 3, 6, 8, 12, 15, 17, 19]
2026-08-19 19:06:21,525 - FINAL_CA_r200.log - INFO - Round 52 | Global 0.6284 | Head 0.6057 | Tail 0.6813 | Many 0.5837 | Medium 0.6222 | Few 0.6813 | best_tail 0.6920@36 | rollback=False
2026-08-19 19:06:21,525 - FINAL_CA_r200.log - INFO - Round 53 selected clients: [1, 6, 7, 8, 9, 11, 12, 15]
2026-08-19 19:06:43,453 - FINAL_CA_r200.log - INFO - Round 53 | Global 0.6447 | Head 0.6440 | Tail 0.6463 | Many 0.6590 | Medium 0.6328 | Few 0.6463 | best_tail 0.6920@36 | rollback=False
2026-08-19 19:06:43,453 - FINAL_CA_r200.log - INFO - Round 54 selected clients: [3, 9, 11, 12, 13, 14, 16, 18]
2026-08-19 19:07:03,860 - FINAL_CA_r200.log - INFO - Round 54 | Global 0.6398 | Head 0.6486 | Tail 0.6193 | Many 0.7233 | Medium 0.5925 | Few 0.6193 | best_tail 0.6920@36 | rollback=False
2026-08-19 19:07:03,860 - FINAL_CA_r200.log - INFO - Round 55 selected clients: [3, 6, 9, 13, 14, 16, 17, 19]
2026-08-19 19:07:24,561 - FINAL_CA_r200.log - INFO - Round 55 | Global 0.6382 | Head 0.6221 | Tail 0.6757 | Many 0.6537 | Medium 0.5985 | Few 0.6757 | best_tail 0.6920@36 | rollback=False
2026-08-19 19:07:24,561 - FINAL_CA_r200.log - INFO - Round 56 selected clients: [0, 4, 5, 10, 14, 15, 17, 19]
2026-08-19 19:07:45,244 - FINAL_CA_r200.log - INFO - Round 56 | Global 0.6486 | Head 0.6416 | Tail 0.6650 | Many 0.6673 | Medium 0.6222 | Few 0.6650 | best_tail 0.6920@36 | rollback=False
2026-08-19 19:07:45,244 - FINAL_CA_r200.log - INFO - Round 57 selected clients: [0, 3, 4, 8, 9, 10, 15, 18]
2026-08-19 19:08:05,762 - FINAL_CA_r200.log - INFO - Round 57 | Global 0.6478 | Head 0.6343 | Tail 0.6793 | Many 0.6327 | Medium 0.6355 | Few 0.6793 | best_tail 0.6920@36 | rollback=False
2026-08-19 19:08:05,762 - FINAL_CA_r200.log - INFO - Round 58 selected clients: [2, 7, 8, 11, 12, 13, 14, 15]
2026-08-19 19:08:25,759 - FINAL_CA_r200.log - INFO - Round 58 | Global 0.6395 | Head 0.6604 | Tail 0.5907 | Many 0.6860 | Medium 0.6412 | Few 0.5907 | best_tail 0.6920@36 | rollback=False
2026-08-19 19:08:25,759 - FINAL_CA_r200.log - INFO - Round 59 selected clients: [0, 5, 6, 8, 13, 15, 16, 17]
2026-08-19 19:08:46,033 - FINAL_CA_r200.log - INFO - Round 59 | Global 0.6554 | Head 0.6653 | Tail 0.6323 | Many 0.7103 | Medium 0.6315 | Few 0.6323 | best_tail 0.6920@36 | rollback=False
2026-08-19 19:08:46,033 - FINAL_CA_r200.log - INFO - Round 60 selected clients: [0, 2, 3, 4, 8, 11, 13, 15]
2026-08-19 19:09:06,406 - FINAL_CA_r200.log - INFO - Round 60 | Global 0.6417 | Head 0.6657 | Tail 0.5857 | Many 0.7063 | Medium 0.6352 | Few 0.5857 | best_tail 0.6920@36 | rollback=False
2026-08-19 19:09:06,433 - FINAL_CA_r200.log - INFO - Global Accuracy: [0.2053, 0.2198, 0.2526, 0.2643, 0.2913, 0.3127, 0.3402, 0.3651, 0.3479, 0.3668, 0.4293, 0.4528, 0.4691, 0.436, 0.4293, 0.457, 0.4479, 0.4619, 0.4907, 0.4824, 0.5171, 0.5358, 0.5657, 0.5165, 0.5677, 0.5745, 0.5397, 0.5686, 0.5597, 0.5717, 0.5912, 0.5927, 0.5984, 0.6072, 0.5889, 0.5981, 0.6016, 0.6127, 0.6013, 0.6264, 0.6166, 0.6262, 0.6093, 0.627, 0.6044, 0.6345, 0.6227, 0.6283, 0.6285, 0.6315, 0.6441, 0.6284, 0.6447, 0.6398, 0.6382, 0.6486, 0.6478, 0.6395, 0.6554, 0.6417]
2026-08-19 19:09:06,433 - FINAL_CA_r200.log - INFO - Majority Class Accuracy: [0.6147, 0.675, 0.7453, 0.6947, 0.7327, 0.795, 0.7747, 0.7633, 0.74, 0.8017, 0.798, 0.7783, 0.7477, 0.7337, 0.743, 0.758, 0.7363, 0.7713, 0.746, 0.763, 0.7247, 0.7447, 0.669, 0.773, 0.658, 0.7323, 0.7327, 0.6787, 0.724, 0.674, 0.6873, 0.653, 0.707, 0.676, 0.7387, 0.5463, 0.643, 0.635, 0.6607, 0.6637, 0.6787, 0.6723, 0.766, 0.666, 0.7587, 0.7093, 0.711, 0.7333, 0.6627, 0.7393, 0.6697, 0.5837, 0.659, 0.7233, 0.6537, 0.6673, 0.6327, 0.686, 0.7103, 0.7063]
2026-08-19 19:09:06,433 - FINAL_CA_r200.log - INFO - Medium Class Accuracy: [0.0522, 0.0432, 0.0725, 0.1398, 0.1787, 0.1855, 0.2685, 0.3197, 0.266, 0.312, 0.349, 0.4225, 0.4665, 0.4435, 0.3997, 0.4358, 0.4305, 0.4595, 0.4555, 0.4587, 0.5012, 0.4595, 0.5393, 0.5088, 0.5587, 0.5525, 0.542, 0.5563, 0.5753, 0.5903, 0.535, 0.5467, 0.5865, 0.5753, 0.5305, 0.5665, 0.5913, 0.5903, 0.6028, 0.605, 0.6088, 0.6085, 0.5767, 0.617, 0.5855, 0.6082, 0.6082, 0.586, 0.6058, 0.5857, 0.597, 0.6222, 0.6328, 0.5925, 0.5985, 0.6222, 0.6355, 0.6412, 0.6315, 0.6352]
2026-08-19 19:09:06,433 - FINAL_CA_r200.log - INFO - Minority Class Accuracy: [0.0, 0.0, 0.0, 0.0, 0.0, 0.0, 0.0013, 0.0273, 0.065, 0.005, 0.1677, 0.1677, 0.194, 0.1283, 0.155, 0.1843, 0.1827, 0.1557, 0.2823, 0.2333, 0.3307, 0.4287, 0.4977, 0.2703, 0.4893, 0.446, 0.3437, 0.475, 0.3747, 0.4447, 0.57, 0.5937, 0.5057, 0.581, 0.517, 0.692, 0.574, 0.6203, 0.54, 0.6177, 0.565, 0.6037, 0.496, 0.6013, 0.4753, 0.5947, 0.5537, 0.5797, 0.6247, 0.5847, 0.6813, 0.6813, 0.6463, 0.6193, 0.6757, 0.665, 0.6793, 0.5907, 0.6323, 0.5857]
2026-08-19 19:09:06,433 - FINAL_CA_r200.log - INFO - === Head-Tail Evaluation ===
2026-08-19 19:09:06,433 - FINAL_CA_r200.log - INFO - Head Accuracy: 0.6657
2026-08-19 19:09:06,433 - FINAL_CA_r200.log - INFO - Tail Accuracy: 0.5857
2026-08-19 19:09:19,477 - FINAL_CA_r200.log - INFO - Round 61 selected clients: [0, 1, 3, 6, 10, 13, 15, 19]
2026-08-19 19:09:40,123 - FINAL_CA_r200.log - INFO - Round 61 | Global 0.6465 | Head 0.6407 | Tail 0.6600 | Many 0.6540 | Medium 0.6308 | Few 0.6600 | best_tail 0.6920@36 | rollback=False
2026-08-19 19:09:40,123 - FINAL_CA_r200.log - INFO - Round 62 selected clients: [1, 2, 5, 6, 10, 12, 17, 18]
2026-08-19 19:10:00,598 - FINAL_CA_r200.log - INFO - Round 62 | Global 0.6501 | Head 0.6264 | Tail 0.7053 | Many 0.6077 | Medium 0.6405 | Few 0.7053 | best_tail 0.7053@62 | rollback=False
2026-08-19 19:10:00,598 - FINAL_CA_r200.log - INFO - Round 63 selected clients: [3, 4, 7, 8, 9, 11, 13, 16]
2026-08-19 19:10:20,357 - FINAL_CA_r200.log - INFO - Round 63 | Global 0.6498 | Head 0.6693 | Tail 0.6043 | Many 0.7090 | Medium 0.6395 | Few 0.6043 | best_tail 0.7053@62 | rollback=False
2026-08-19 19:10:20,357 - FINAL_CA_r200.log - INFO - Round 64 selected clients: [1, 2, 4, 9, 11, 12, 13, 18]
2026-08-19 19:10:40,534 - FINAL_CA_r200.log - INFO - Round 64 | Global 0.6556 | Head 0.6590 | Tail 0.6477 | Many 0.6900 | Medium 0.6358 | Few 0.6477 | best_tail 0.7053@62 | rollback=False
2026-08-19 19:10:40,534 - FINAL_CA_r200.log - INFO - Round 65 selected clients: [3, 4, 6, 8, 9, 11, 17, 19]
2026-08-19 19:11:01,950 - FINAL_CA_r200.log - INFO - Round 65 | Global 0.6487 | Head 0.6167 | Tail 0.7233 | Many 0.5753 | Medium 0.6478 | Few 0.7233 | best_tail 0.7233@65 | rollback=False
2026-08-19 19:11:01,950 - FINAL_CA_r200.log - INFO - Round 66 selected clients: [3, 4, 5, 7, 8, 12, 15, 16]
2026-08-19 19:11:25,146 - FINAL_CA_r200.log - INFO - Round 66 | Global 0.6581 | Head 0.6569 | Tail 0.6610 | Many 0.6690 | Medium 0.6478 | Few 0.6610 | best_tail 0.7233@65 | rollback=False
2026-08-19 19:11:25,149 - FINAL_CA_r200.log - INFO - Round 67 selected clients: [3, 5, 6, 8, 10, 13, 17, 18]
2026-08-19 19:11:48,676 - FINAL_CA_r200.log - INFO - Round 67 | Global 0.6645 | Head 0.6421 | Tail 0.7167 | Many 0.6560 | Medium 0.6318 | Few 0.7167 | best_tail 0.7233@65 | rollback=False
2026-08-19 19:11:48,678 - FINAL_CA_r200.log - INFO - Round 68 selected clients: [1, 5, 7, 8, 11, 12, 18, 19]
2026-08-19 19:12:11,629 - FINAL_CA_r200.log - INFO - Round 68 | Global 0.6402 | Head 0.6149 | Tail 0.6993 | Many 0.6063 | Medium 0.6212 | Few 0.6993 | best_tail 0.7233@65 | rollback=False
2026-08-19 19:12:11,629 - FINAL_CA_r200.log - INFO - Round 69 selected clients: [0, 7, 8, 12, 13, 15, 16, 17]
2026-08-19 19:12:34,141 - FINAL_CA_r200.log - INFO - Round 69 | Global 0.6606 | Head 0.6480 | Tail 0.6900 | Many 0.6887 | Medium 0.6175 | Few 0.6900 | best_tail 0.7233@65 | rollback=False
2026-08-19 19:12:34,141 - FINAL_CA_r200.log - INFO - Round 70 selected clients: [3, 4, 5, 10, 12, 15, 17, 19]
2026-08-19 19:12:57,672 - FINAL_CA_r200.log - INFO - Round 70 | Global 0.6577 | Head 0.6407 | Tail 0.6973 | Many 0.6323 | Medium 0.6470 | Few 0.6973 | best_tail 0.7233@65 | rollback=False
2026-08-19 19:12:57,698 - FINAL_CA_r200.log - INFO - Global Accuracy: [0.2053, 0.2198, 0.2526, 0.2643, 0.2913, 0.3127, 0.3402, 0.3651, 0.3479, 0.3668, 0.4293, 0.4528, 0.4691, 0.436, 0.4293, 0.457, 0.4479, 0.4619, 0.4907, 0.4824, 0.5171, 0.5358, 0.5657, 0.5165, 0.5677, 0.5745, 0.5397, 0.5686, 0.5597, 0.5717, 0.5912, 0.5927, 0.5984, 0.6072, 0.5889, 0.5981, 0.6016, 0.6127, 0.6013, 0.6264, 0.6166, 0.6262, 0.6093, 0.627, 0.6044, 0.6345, 0.6227, 0.6283, 0.6285, 0.6315, 0.6441, 0.6284, 0.6447, 0.6398, 0.6382, 0.6486, 0.6478, 0.6395, 0.6554, 0.6417, 0.6465, 0.6501, 0.6498, 0.6556, 0.6487, 0.6581, 0.6645, 0.6402, 0.6606, 0.6577]
2026-08-19 19:12:57,698 - FINAL_CA_r200.log - INFO - Majority Class Accuracy: [0.6147, 0.675, 0.7453, 0.6947, 0.7327, 0.795, 0.7747, 0.7633, 0.74, 0.8017, 0.798, 0.7783, 0.7477, 0.7337, 0.743, 0.758, 0.7363, 0.7713, 0.746, 0.763, 0.7247, 0.7447, 0.669, 0.773, 0.658, 0.7323, 0.7327, 0.6787, 0.724, 0.674, 0.6873, 0.653, 0.707, 0.676, 0.7387, 0.5463, 0.643, 0.635, 0.6607, 0.6637, 0.6787, 0.6723, 0.766, 0.666, 0.7587, 0.7093, 0.711, 0.7333, 0.6627, 0.7393, 0.6697, 0.5837, 0.659, 0.7233, 0.6537, 0.6673, 0.6327, 0.686, 0.7103, 0.7063, 0.654, 0.6077, 0.709, 0.69, 0.5753, 0.669, 0.656, 0.6063, 0.6887, 0.6323]
2026-08-19 19:12:57,698 - FINAL_CA_r200.log - INFO - Medium Class Accuracy: [0.0522, 0.0432, 0.0725, 0.1398, 0.1787, 0.1855, 0.2685, 0.3197, 0.266, 0.312, 0.349, 0.4225, 0.4665, 0.4435, 0.3997, 0.4358, 0.4305, 0.4595, 0.4555, 0.4587, 0.5012, 0.4595, 0.5393, 0.5088, 0.5587, 0.5525, 0.542, 0.5563, 0.5753, 0.5903, 0.535, 0.5467, 0.5865, 0.5753, 0.5305, 0.5665, 0.5913, 0.5903, 0.6028, 0.605, 0.6088, 0.6085, 0.5767, 0.617, 0.5855, 0.6082, 0.6082, 0.586, 0.6058, 0.5857, 0.597, 0.6222, 0.6328, 0.5925, 0.5985, 0.6222, 0.6355, 0.6412, 0.6315, 0.6352, 0.6308, 0.6405, 0.6395, 0.6358, 0.6478, 0.6478, 0.6318, 0.6212, 0.6175, 0.647]
2026-08-19 19:12:57,698 - FINAL_CA_r200.log - INFO - Minority Class Accuracy: [0.0, 0.0, 0.0, 0.0, 0.0, 0.0, 0.0013, 0.0273, 0.065, 0.005, 0.1677, 0.1677, 0.194, 0.1283, 0.155, 0.1843, 0.1827, 0.1557, 0.2823, 0.2333, 0.3307, 0.4287, 0.4977, 0.2703, 0.4893, 0.446, 0.3437, 0.475, 0.3747, 0.4447, 0.57, 0.5937, 0.5057, 0.581, 0.517, 0.692, 0.574, 0.6203, 0.54, 0.6177, 0.565, 0.6037, 0.496, 0.6013, 0.4753, 0.5947, 0.5537, 0.5797, 0.6247, 0.5847, 0.6813, 0.6813, 0.6463, 0.6193, 0.6757, 0.665, 0.6793, 0.5907, 0.6323, 0.5857, 0.66, 0.7053, 0.6043, 0.6477, 0.7233, 0.661, 0.7167, 0.6993, 0.69, 0.6973]
2026-08-19 19:12:57,698 - FINAL_CA_r200.log - INFO - === Head-Tail Evaluation ===
2026-08-19 19:12:57,698 - FINAL_CA_r200.log - INFO - Head Accuracy: 0.6407
2026-08-19 19:12:57,698 - FINAL_CA_r200.log - INFO - Tail Accuracy: 0.6973
2026-08-19 19:13:10,815 - FINAL_CA_r200.log - INFO - Round 71 selected clients: [0, 2, 6, 7, 11, 13, 16, 19]
2026-08-19 19:13:34,021 - FINAL_CA_r200.log - INFO - Round 71 | Global 0.6687 | Head 0.6403 | Tail 0.7350 | Many 0.6317 | Medium 0.6468 | Few 0.7350 | best_tail 0.7350@71 | rollback=False
2026-08-19 19:13:34,021 - FINAL_CA_r200.log - INFO - Round 72 selected clients: [2, 3, 10, 13, 15, 16, 17, 18]
2026-08-19 19:13:57,242 - FINAL_CA_r200.log - INFO - Round 72 | Global 0.6654 | Head 0.6297 | Tail 0.7487 | Many 0.6040 | Medium 0.6490 | Few 0.7487 | best_tail 0.7487@72 | rollback=False
2026-08-19 19:13:57,242 - FINAL_CA_r200.log - INFO - Round 73 selected clients: [1, 4, 5, 8, 9, 11, 12, 13]
2026-08-19 19:14:20,112 - FINAL_CA_r200.log - INFO - Round 73 | Global 0.6772 | Head 0.6859 | Tail 0.6570 | Many 0.7260 | Medium 0.6558 | Few 0.6570 | best_tail 0.7487@72 | rollback=False
2026-08-19 19:14:20,112 - FINAL_CA_r200.log - INFO - Round 74 selected clients: [4, 5, 6, 7, 9, 15, 17, 19]
2026-08-19 19:14:43,564 - FINAL_CA_r200.log - INFO - Round 74 | Global 0.6594 | Head 0.6304 | Tail 0.7270 | Many 0.5907 | Medium 0.6603 | Few 0.7270 | best_tail 0.7487@72 | rollback=False
2026-08-19 19:14:43,564 - FINAL_CA_r200.log - INFO - Round 75 selected clients: [0, 3, 8, 12, 16, 17, 18, 19]
2026-08-19 19:15:06,748 - FINAL_CA_r200.log - INFO - Round 75 | Global 0.6428 | Head 0.5894 | Tail 0.7673 | Many 0.5330 | Medium 0.6318 | Few 0.7673 | best_tail 0.7673@75 | rollback=False
2026-08-19 19:15:06,748 - FINAL_CA_r200.log - INFO - Round 76 selected clients: [1, 3, 5, 8, 10, 12, 15, 18]
2026-08-19 19:15:29,030 - FINAL_CA_r200.log - INFO - Round 76 | Global 0.6656 | Head 0.6363 | Tail 0.7340 | Many 0.6173 | Medium 0.6505 | Few 0.7340 | best_tail 0.7673@75 | rollback=False
2026-08-19 19:15:29,030 - FINAL_CA_r200.log - INFO - Round 77 selected clients: [1, 2, 3, 7, 10, 11, 17, 18]
2026-08-19 19:15:49,241 - FINAL_CA_r200.log - INFO - Round 77 | Global 0.6691 | Head 0.6321 | Tail 0.7553 | Many 0.5997 | Medium 0.6565 | Few 0.7553 | best_tail 0.7673@75 | rollback=False
2026-08-19 19:15:49,241 - FINAL_CA_r200.log - INFO - Round 78 selected clients: [3, 4, 5, 8, 11, 12, 13, 14]
2026-08-19 19:16:09,280 - FINAL_CA_r200.log - INFO - Round 78 | Global 0.6713 | Head 0.6739 | Tail 0.6653 | Many 0.7097 | Medium 0.6470 | Few 0.6653 | best_tail 0.7673@75 | rollback=False
2026-08-19 19:16:09,280 - FINAL_CA_r200.log - INFO - Round 79 selected clients: [2, 4, 9, 10, 13, 15, 17, 18]
2026-08-19 19:16:29,762 - FINAL_CA_r200.log - INFO - Round 79 | Global 0.6678 | Head 0.6546 | Tail 0.6987 | Many 0.6390 | Medium 0.6663 | Few 0.6987 | best_tail 0.7673@75 | rollback=False
2026-08-19 19:16:29,762 - FINAL_CA_r200.log - INFO - Round 80 selected clients: [5, 7, 8, 11, 13, 14, 15, 18]
2026-08-19 19:16:49,943 - FINAL_CA_r200.log - INFO - Round 80 | Global 0.6688 | Head 0.6616 | Tail 0.6857 | Many 0.6587 | Medium 0.6637 | Few 0.6857 | best_tail 0.7673@75 | rollback=False
2026-08-19 19:16:49,976 - FINAL_CA_r200.log - INFO - Global Accuracy: [0.2053, 0.2198, 0.2526, 0.2643, 0.2913, 0.3127, 0.3402, 0.3651, 0.3479, 0.3668, 0.4293, 0.4528, 0.4691, 0.436, 0.4293, 0.457, 0.4479, 0.4619, 0.4907, 0.4824, 0.5171, 0.5358, 0.5657, 0.5165, 0.5677, 0.5745, 0.5397, 0.5686, 0.5597, 0.5717, 0.5912, 0.5927, 0.5984, 0.6072, 0.5889, 0.5981, 0.6016, 0.6127, 0.6013, 0.6264, 0.6166, 0.6262, 0.6093, 0.627, 0.6044, 0.6345, 0.6227, 0.6283, 0.6285, 0.6315, 0.6441, 0.6284, 0.6447, 0.6398, 0.6382, 0.6486, 0.6478, 0.6395, 0.6554, 0.6417, 0.6465, 0.6501, 0.6498, 0.6556, 0.6487, 0.6581, 0.6645, 0.6402, 0.6606, 0.6577, 0.6687, 0.6654, 0.6772, 0.6594, 0.6428, 0.6656, 0.6691, 0.6713, 0.6678, 0.6688]
2026-08-19 19:16:49,976 - FINAL_CA_r200.log - INFO - Majority Class Accuracy: [0.6147, 0.675, 0.7453, 0.6947, 0.7327, 0.795, 0.7747, 0.7633, 0.74, 0.8017, 0.798, 0.7783, 0.7477, 0.7337, 0.743, 0.758, 0.7363, 0.7713, 0.746, 0.763, 0.7247, 0.7447, 0.669, 0.773, 0.658, 0.7323, 0.7327, 0.6787, 0.724, 0.674, 0.6873, 0.653, 0.707, 0.676, 0.7387, 0.5463, 0.643, 0.635, 0.6607, 0.6637, 0.6787, 0.6723, 0.766, 0.666, 0.7587, 0.7093, 0.711, 0.7333, 0.6627, 0.7393, 0.6697, 0.5837, 0.659, 0.7233, 0.6537, 0.6673, 0.6327, 0.686, 0.7103, 0.7063, 0.654, 0.6077, 0.709, 0.69, 0.5753, 0.669, 0.656, 0.6063, 0.6887, 0.6323, 0.6317, 0.604, 0.726, 0.5907, 0.533, 0.6173, 0.5997, 0.7097, 0.639, 0.6587]
2026-08-19 19:16:49,976 - FINAL_CA_r200.log - INFO - Medium Class Accuracy: [0.0522, 0.0432, 0.0725, 0.1398, 0.1787, 0.1855, 0.2685, 0.3197, 0.266, 0.312, 0.349, 0.4225, 0.4665, 0.4435, 0.3997, 0.4358, 0.4305, 0.4595, 0.4555, 0.4587, 0.5012, 0.4595, 0.5393, 0.5088, 0.5587, 0.5525, 0.542, 0.5563, 0.5753, 0.5903, 0.535, 0.5467, 0.5865, 0.5753, 0.5305, 0.5665, 0.5913, 0.5903, 0.6028, 0.605, 0.6088, 0.6085, 0.5767, 0.617, 0.5855, 0.6082, 0.6082, 0.586, 0.6058, 0.5857, 0.597, 0.6222, 0.6328, 0.5925, 0.5985, 0.6222, 0.6355, 0.6412, 0.6315, 0.6352, 0.6308, 0.6405, 0.6395, 0.6358, 0.6478, 0.6478, 0.6318, 0.6212, 0.6175, 0.647, 0.6468, 0.649, 0.6558, 0.6603, 0.6318, 0.6505, 0.6565, 0.647, 0.6663, 0.6637]
2026-08-19 19:16:49,976 - FINAL_CA_r200.log - INFO - Minority Class Accuracy: [0.0, 0.0, 0.0, 0.0, 0.0, 0.0, 0.0013, 0.0273, 0.065, 0.005, 0.1677, 0.1677, 0.194, 0.1283, 0.155, 0.1843, 0.1827, 0.1557, 0.2823, 0.2333, 0.3307, 0.4287, 0.4977, 0.2703, 0.4893, 0.446, 0.3437, 0.475, 0.3747, 0.4447, 0.57, 0.5937, 0.5057, 0.581, 0.517, 0.692, 0.574, 0.6203, 0.54, 0.6177, 0.565, 0.6037, 0.496, 0.6013, 0.4753, 0.5947, 0.5537, 0.5797, 0.6247, 0.5847, 0.6813, 0.6813, 0.6463, 0.6193, 0.6757, 0.665, 0.6793, 0.5907, 0.6323, 0.5857, 0.66, 0.7053, 0.6043, 0.6477, 0.7233, 0.661, 0.7167, 0.6993, 0.69, 0.6973, 0.735, 0.7487, 0.657, 0.727, 0.7673, 0.734, 0.7553, 0.6653, 0.6987, 0.6857]
2026-08-19 19:16:49,976 - FINAL_CA_r200.log - INFO - === Head-Tail Evaluation ===
2026-08-19 19:16:49,976 - FINAL_CA_r200.log - INFO - Head Accuracy: 0.6616
2026-08-19 19:16:49,976 - FINAL_CA_r200.log - INFO - Tail Accuracy: 0.6857
2026-08-19 19:17:03,207 - FINAL_CA_r200.log - INFO - Round 81 selected clients: [5, 8, 9, 10, 14, 15, 17, 19]
2026-08-19 19:17:24,077 - FINAL_CA_r200.log - INFO - Round 81 | Global 0.6688 | Head 0.6401 | Tail 0.7357 | Many 0.6207 | Medium 0.6548 | Few 0.7357 | best_tail 0.7673@75 | rollback=False
2026-08-19 19:17:24,077 - FINAL_CA_r200.log - INFO - Round 82 selected clients: [0, 2, 9, 12, 13, 15, 16, 19]
2026-08-19 19:17:44,829 - FINAL_CA_r200.log - INFO - Round 82 | Global 0.6589 | Head 0.6170 | Tail 0.7567 | Many 0.5920 | Medium 0.6358 | Few 0.7567 | best_tail 0.7673@75 | rollback=False
2026-08-19 19:17:44,829 - FINAL_CA_r200.log - INFO - Round 83 selected clients: [3, 4, 5, 6, 7, 11, 14, 15]
2026-08-19 19:18:05,390 - FINAL_CA_r200.log - INFO - Round 83 | Global 0.6784 | Head 0.6627 | Tail 0.7150 | Many 0.6560 | Medium 0.6677 | Few 0.7150 | best_tail 0.7673@75 | rollback=False
2026-08-19 19:18:05,390 - FINAL_CA_r200.log - INFO - Round 84 selected clients: [3, 4, 5, 6, 13, 14, 15, 18]
2026-08-19 19:18:26,029 - FINAL_CA_r200.log - INFO - Round 84 | Global 0.6737 | Head 0.6479 | Tail 0.7340 | Many 0.6443 | Medium 0.6505 | Few 0.7340 | best_tail 0.7673@75 | rollback=False
2026-08-19 19:18:26,029 - FINAL_CA_r200.log - INFO - Round 85 selected clients: [0, 5, 6, 9, 12, 15, 16, 18]
2026-08-19 19:18:47,021 - FINAL_CA_r200.log - INFO - Round 85 | Global 0.6720 | Head 0.6356 | Tail 0.7570 | Many 0.6267 | Medium 0.6422 | Few 0.7570 | best_tail 0.7673@75 | rollback=False
2026-08-19 19:18:47,021 - FINAL_CA_r200.log - INFO - Round 86 selected clients: [0, 2, 3, 6, 8, 11, 13, 16]
2026-08-19 19:19:07,272 - FINAL_CA_r200.log - INFO - Round 86 | Global 0.6724 | Head 0.6427 | Tail 0.7417 | Many 0.6300 | Medium 0.6522 | Few 0.7417 | best_tail 0.7673@75 | rollback=False
2026-08-19 19:19:07,272 - FINAL_CA_r200.log - INFO - Round 87 selected clients: [3, 4, 6, 8, 9, 11, 13, 15]
2026-08-19 19:19:27,875 - FINAL_CA_r200.log - INFO - Round 87 | Global 0.6625 | Head 0.6544 | Tail 0.6813 | Many 0.6607 | Medium 0.6498 | Few 0.6813 | best_tail 0.7673@75 | rollback=False
2026-08-19 19:19:27,875 - FINAL_CA_r200.log - INFO - Round 88 selected clients: [0, 1, 2, 7, 13, 15, 16, 18]
2026-08-19 19:19:48,799 - FINAL_CA_r200.log - INFO - Round 88 | Global 0.6666 | Head 0.6420 | Tail 0.7240 | Many 0.6243 | Medium 0.6552 | Few 0.7240 | best_tail 0.7673@75 | rollback=False
2026-08-19 19:19:48,799 - FINAL_CA_r200.log - INFO - Round 89 selected clients: [2, 4, 5, 7, 9, 10, 15, 18]
2026-08-19 19:20:12,094 - FINAL_CA_r200.log - INFO - Round 89 | Global 0.6719 | Head 0.6396 | Tail 0.7473 | Many 0.6057 | Medium 0.6650 | Few 0.7473 | best_tail 0.7673@75 | rollback=False
2026-08-19 19:20:12,094 - FINAL_CA_r200.log - INFO - Round 90 selected clients: [0, 2, 7, 10, 12, 14, 17, 19]
2026-08-19 19:20:35,016 - FINAL_CA_r200.log - INFO - Round 90 | Global 0.6682 | Head 0.6300 | Tail 0.7573 | Many 0.5990 | Medium 0.6532 | Few 0.7573 | best_tail 0.7673@75 | rollback=False
2026-08-19 19:20:35,032 - FINAL_CA_r200.log - INFO - Global Accuracy: [0.2053, 0.2198, 0.2526, 0.2643, 0.2913, 0.3127, 0.3402, 0.3651, 0.3479, 0.3668, 0.4293, 0.4528, 0.4691, 0.436, 0.4293, 0.457, 0.4479, 0.4619, 0.4907, 0.4824, 0.5171, 0.5358, 0.5657, 0.5165, 0.5677, 0.5745, 0.5397, 0.5686, 0.5597, 0.5717, 0.5912, 0.5927, 0.5984, 0.6072, 0.5889, 0.5981, 0.6016, 0.6127, 0.6013, 0.6264, 0.6166, 0.6262, 0.6093, 0.627, 0.6044, 0.6345, 0.6227, 0.6283, 0.6285, 0.6315, 0.6441, 0.6284, 0.6447, 0.6398, 0.6382, 0.6486, 0.6478, 0.6395, 0.6554, 0.6417, 0.6465, 0.6501, 0.6498, 0.6556, 0.6487, 0.6581, 0.6645, 0.6402, 0.6606, 0.6577, 0.6687, 0.6654, 0.6772, 0.6594, 0.6428, 0.6656, 0.6691, 0.6713, 0.6678, 0.6688, 0.6688, 0.6589, 0.6784, 0.6737, 0.672, 0.6724, 0.6625, 0.6666, 0.6719, 0.6682]
2026-08-19 19:20:35,032 - FINAL_CA_r200.log - INFO - Majority Class Accuracy: [0.6147, 0.675, 0.7453, 0.6947, 0.7327, 0.795, 0.7747, 0.7633, 0.74, 0.8017, 0.798, 0.7783, 0.7477, 0.7337, 0.743, 0.758, 0.7363, 0.7713, 0.746, 0.763, 0.7247, 0.7447, 0.669, 0.773, 0.658, 0.7323, 0.7327, 0.6787, 0.724, 0.674, 0.6873, 0.653, 0.707, 0.676, 0.7387, 0.5463, 0.643, 0.635, 0.6607, 0.6637, 0.6787, 0.6723, 0.766, 0.666, 0.7587, 0.7093, 0.711, 0.7333, 0.6627, 0.7393, 0.6697, 0.5837, 0.659, 0.7233, 0.6537, 0.6673, 0.6327, 0.686, 0.7103, 0.7063, 0.654, 0.6077, 0.709, 0.69, 0.5753, 0.669, 0.656, 0.6063, 0.6887, 0.6323, 0.6317, 0.604, 0.726, 0.5907, 0.533, 0.6173, 0.5997, 0.7097, 0.639, 0.6587, 0.6207, 0.592, 0.656, 0.6443, 0.6267, 0.63, 0.6607, 0.6243, 0.6057, 0.599]
2026-08-19 19:20:35,032 - FINAL_CA_r200.log - INFO - Medium Class Accuracy: [0.0522, 0.0432, 0.0725, 0.1398, 0.1787, 0.1855, 0.2685, 0.3197, 0.266, 0.312, 0.349, 0.4225, 0.4665, 0.4435, 0.3997, 0.4358, 0.4305, 0.4595, 0.4555, 0.4587, 0.5012, 0.4595, 0.5393, 0.5088, 0.5587, 0.5525, 0.542, 0.5563, 0.5753, 0.5903, 0.535, 0.5467, 0.5865, 0.5753, 0.5305, 0.5665, 0.5913, 0.5903, 0.6028, 0.605, 0.6088, 0.6085, 0.5767, 0.617, 0.5855, 0.6082, 0.6082, 0.586, 0.6058, 0.5857, 0.597, 0.6222, 0.6328, 0.5925, 0.5985, 0.6222, 0.6355, 0.6412, 0.6315, 0.6352, 0.6308, 0.6405, 0.6395, 0.6358, 0.6478, 0.6478, 0.6318, 0.6212, 0.6175, 0.647, 0.6468, 0.649, 0.6558, 0.6603, 0.6318, 0.6505, 0.6565, 0.647, 0.6663, 0.6637, 0.6548, 0.6358, 0.6677, 0.6505, 0.6422, 0.6522, 0.6498, 0.6552, 0.665, 0.6532]
2026-08-19 19:20:35,032 - FINAL_CA_r200.log - INFO - Minority Class Accuracy: [0.0, 0.0, 0.0, 0.0, 0.0, 0.0, 0.0013, 0.0273, 0.065, 0.005, 0.1677, 0.1677, 0.194, 0.1283, 0.155, 0.1843, 0.1827, 0.1557, 0.2823, 0.2333, 0.3307, 0.4287, 0.4977, 0.2703, 0.4893, 0.446, 0.3437, 0.475, 0.3747, 0.4447, 0.57, 0.5937, 0.5057, 0.581, 0.517, 0.692, 0.574, 0.6203, 0.54, 0.6177, 0.565, 0.6037, 0.496, 0.6013, 0.4753, 0.5947, 0.5537, 0.5797, 0.6247, 0.5847, 0.6813, 0.6813, 0.6463, 0.6193, 0.6757, 0.665, 0.6793, 0.5907, 0.6323, 0.5857, 0.66, 0.7053, 0.6043, 0.6477, 0.7233, 0.661, 0.7167, 0.6993, 0.69, 0.6973, 0.735, 0.7487, 0.657, 0.727, 0.7673, 0.734, 0.7553, 0.6653, 0.6987, 0.6857, 0.7357, 0.7567, 0.715, 0.734, 0.757, 0.7417, 0.6813, 0.724, 0.7473, 0.7573]
2026-08-19 19:20:35,032 - FINAL_CA_r200.log - INFO - === Head-Tail Evaluation ===
2026-08-19 19:20:35,032 - FINAL_CA_r200.log - INFO - Head Accuracy: 0.6300
2026-08-19 19:20:35,032 - FINAL_CA_r200.log - INFO - Tail Accuracy: 0.7573
2026-08-19 19:20:48,144 - FINAL_CA_r200.log - INFO - Round 91 selected clients: [1, 4, 5, 6, 7, 8, 17, 18]
2026-08-19 19:21:11,568 - FINAL_CA_r200.log - INFO - Round 91 | Global 0.6621 | Head 0.6194 | Tail 0.7617 | Many 0.5690 | Medium 0.6573 | Few 0.7617 | best_tail 0.7673@75 | rollback=False
2026-08-19 19:21:11,578 - FINAL_CA_r200.log - INFO - Round 92 selected clients: [4, 5, 7, 9, 11, 15, 17, 19]
2026-08-19 19:21:35,009 - FINAL_CA_r200.log - INFO - Round 92 | Global 0.6744 | Head 0.6430 | Tail 0.7477 | Many 0.6070 | Medium 0.6700 | Few 0.7477 | best_tail 0.7673@75 | rollback=False
2026-08-19 19:21:35,009 - FINAL_CA_r200.log - INFO - Round 93 selected clients: [0, 1, 6, 8, 9, 15, 17, 18]
2026-08-19 19:21:58,251 - FINAL_CA_r200.log - INFO - Round 93 | Global 0.6636 | Head 0.6253 | Tail 0.7530 | Many 0.5833 | Medium 0.6567 | Few 0.7530 | best_tail 0.7673@75 | rollback=False
2026-08-19 19:21:58,251 - FINAL_CA_r200.log - INFO - Round 94 selected clients: [3, 4, 6, 9, 10, 16, 18, 19]
2026-08-19 19:22:21,815 - FINAL_CA_r200.log - INFO - Round 94 | Global 0.6713 | Head 0.6193 | Tail 0.7927 | Many 0.5737 | Medium 0.6535 | Few 0.7927 | best_tail 0.7927@94 | rollback=False
2026-08-19 19:22:21,815 - FINAL_CA_r200.log - INFO - Round 95 selected clients: [1, 4, 5, 7, 9, 12, 16, 17]
2026-08-19 19:22:44,905 - FINAL_CA_r200.log - INFO - Round 95 | Global 0.6752 | Head 0.6677 | Tail 0.6927 | Many 0.6833 | Medium 0.6560 | Few 0.6927 | best_tail 0.7927@94 | rollback=False
2026-08-19 19:22:44,905 - FINAL_CA_r200.log - INFO - Round 96 selected clients: [2, 3, 6, 9, 11, 14, 15, 17]
2026-08-19 19:23:08,326 - FINAL_CA_r200.log - INFO - Round 96 | Global 0.6797 | Head 0.6569 | Tail 0.7330 | Many 0.6287 | Medium 0.6780 | Few 0.7330 | best_tail 0.7927@94 | rollback=False
2026-08-19 19:23:08,326 - FINAL_CA_r200.log - INFO - Round 97 selected clients: [1, 2, 4, 6, 9, 10, 12, 19]
2026-08-19 19:23:31,814 - FINAL_CA_r200.log - INFO - Round 97 | Global 0.6790 | Head 0.6477 | Tail 0.7520 | Many 0.6173 | Medium 0.6705 | Few 0.7520 | best_tail 0.7927@94 | rollback=False
2026-08-19 19:23:31,814 - FINAL_CA_r200.log - INFO - Round 98 selected clients: [2, 4, 7, 10, 14, 15, 17, 19]
2026-08-19 19:23:54,601 - FINAL_CA_r200.log - INFO - Round 98 | Global 0.6725 | Head 0.6317 | Tail 0.7677 | Many 0.5870 | Medium 0.6653 | Few 0.7677 | best_tail 0.7927@94 | rollback=False
2026-08-19 19:23:54,601 - FINAL_CA_r200.log - INFO - Round 99 selected clients: [0, 3, 4, 9, 13, 14, 16, 19]
2026-08-19 19:24:17,089 - FINAL_CA_r200.log - INFO - Round 99 | Global 0.6683 | Head 0.6267 | Tail 0.7653 | Many 0.6043 | Medium 0.6435 | Few 0.7653 | best_tail 0.7927@94 | rollback=False
2026-08-19 19:24:17,089 - FINAL_CA_r200.log - INFO - Round 100 selected clients: [0, 4, 6, 7, 10, 11, 12, 17]
2026-08-19 19:24:36,932 - FINAL_CA_r200.log - INFO - Round 100 | Global 0.6854 | Head 0.6720 | Tail 0.7167 | Many 0.7007 | Medium 0.6505 | Few 0.7167 | best_tail 0.7927@94 | rollback=False
2026-08-19 19:24:36,954 - FINAL_CA_r200.log - INFO - Global Accuracy: [0.2053, 0.2198, 0.2526, 0.2643, 0.2913, 0.3127, 0.3402, 0.3651, 0.3479, 0.3668, 0.4293, 0.4528, 0.4691, 0.436, 0.4293, 0.457, 0.4479, 0.4619, 0.4907, 0.4824, 0.5171, 0.5358, 0.5657, 0.5165, 0.5677, 0.5745, 0.5397, 0.5686, 0.5597, 0.5717, 0.5912, 0.5927, 0.5984, 0.6072, 0.5889, 0.5981, 0.6016, 0.6127, 0.6013, 0.6264, 0.6166, 0.6262, 0.6093, 0.627, 0.6044, 0.6345, 0.6227, 0.6283, 0.6285, 0.6315, 0.6441, 0.6284, 0.6447, 0.6398, 0.6382, 0.6486, 0.6478, 0.6395, 0.6554, 0.6417, 0.6465, 0.6501, 0.6498, 0.6556, 0.6487, 0.6581, 0.6645, 0.6402, 0.6606, 0.6577, 0.6687, 0.6654, 0.6772, 0.6594, 0.6428, 0.6656, 0.6691, 0.6713, 0.6678, 0.6688, 0.6688, 0.6589, 0.6784, 0.6737, 0.672, 0.6724, 0.6625, 0.6666, 0.6719, 0.6682, 0.6621, 0.6744, 0.6636, 0.6713, 0.6752, 0.6797, 0.679, 0.6725, 0.6683, 0.6854]
2026-08-19 19:24:36,954 - FINAL_CA_r200.log - INFO - Majority Class Accuracy: [0.6147, 0.675, 0.7453, 0.6947, 0.7327, 0.795, 0.7747, 0.7633, 0.74, 0.8017, 0.798, 0.7783, 0.7477, 0.7337, 0.743, 0.758, 0.7363, 0.7713, 0.746, 0.763, 0.7247, 0.7447, 0.669, 0.773, 0.658, 0.7323, 0.7327, 0.6787, 0.724, 0.674, 0.6873, 0.653, 0.707, 0.676, 0.7387, 0.5463, 0.643, 0.635, 0.6607, 0.6637, 0.6787, 0.6723, 0.766, 0.666, 0.7587, 0.7093, 0.711, 0.7333, 0.6627, 0.7393, 0.6697, 0.5837, 0.659, 0.7233, 0.6537, 0.6673, 0.6327, 0.686, 0.7103, 0.7063, 0.654, 0.6077, 0.709, 0.69, 0.5753, 0.669, 0.656, 0.6063, 0.6887, 0.6323, 0.6317, 0.604, 0.726, 0.5907, 0.533, 0.6173, 0.5997, 0.7097, 0.639, 0.6587, 0.6207, 0.592, 0.656, 0.6443, 0.6267, 0.63, 0.6607, 0.6243, 0.6057, 0.599, 0.569, 0.607, 0.5833, 0.5737, 0.6833, 0.6287, 0.6173, 0.587, 0.6043, 0.7007]
2026-08-19 19:24:36,954 - FINAL_CA_r200.log - INFO - Medium Class Accuracy: [0.0522, 0.0432, 0.0725, 0.1398, 0.1787, 0.1855, 0.2685, 0.3197, 0.266, 0.312, 0.349, 0.4225, 0.4665, 0.4435, 0.3997, 0.4358, 0.4305, 0.4595, 0.4555, 0.4587, 0.5012, 0.4595, 0.5393, 0.5088, 0.5587, 0.5525, 0.542, 0.5563, 0.5753, 0.5903, 0.535, 0.5467, 0.5865, 0.5753, 0.5305, 0.5665, 0.5913, 0.5903, 0.6028, 0.605, 0.6088, 0.6085, 0.5767, 0.617, 0.5855, 0.6082, 0.6082, 0.586, 0.6058, 0.5857, 0.597, 0.6222, 0.6328, 0.5925, 0.5985, 0.6222, 0.6355, 0.6412, 0.6315, 0.6352, 0.6308, 0.6405, 0.6395, 0.6358, 0.6478, 0.6478, 0.6318, 0.6212, 0.6175, 0.647, 0.6468, 0.649, 0.6558, 0.6603, 0.6318, 0.6505, 0.6565, 0.647, 0.6663, 0.6637, 0.6548, 0.6358, 0.6677, 0.6505, 0.6422, 0.6522, 0.6498, 0.6552, 0.665, 0.6532, 0.6573, 0.67, 0.6567, 0.6535, 0.656, 0.678, 0.6705, 0.6653, 0.6435, 0.6505]
2026-08-19 19:24:36,954 - FINAL_CA_r200.log - INFO - Minority Class Accuracy: [0.0, 0.0, 0.0, 0.0, 0.0, 0.0, 0.0013, 0.0273, 0.065, 0.005, 0.1677, 0.1677, 0.194, 0.1283, 0.155, 0.1843, 0.1827, 0.1557, 0.2823, 0.2333, 0.3307, 0.4287, 0.4977, 0.2703, 0.4893, 0.446, 0.3437, 0.475, 0.3747, 0.4447, 0.57, 0.5937, 0.5057, 0.581, 0.517, 0.692, 0.574, 0.6203, 0.54, 0.6177, 0.565, 0.6037, 0.496, 0.6013, 0.4753, 0.5947, 0.5537, 0.5797, 0.6247, 0.5847, 0.6813, 0.6813, 0.6463, 0.6193, 0.6757, 0.665, 0.6793, 0.5907, 0.6323, 0.5857, 0.66, 0.7053, 0.6043, 0.6477, 0.7233, 0.661, 0.7167, 0.6993, 0.69, 0.6973, 0.735, 0.7487, 0.657, 0.727, 0.7673, 0.734, 0.7553, 0.6653, 0.6987, 0.6857, 0.7357, 0.7567, 0.715, 0.734, 0.757, 0.7417, 0.6813, 0.724, 0.7473, 0.7573, 0.7617, 0.7477, 0.753, 0.7927, 0.6927, 0.733, 0.752, 0.7677, 0.7653, 0.7167]
2026-08-19 19:24:36,954 - FINAL_CA_r200.log - INFO - === Head-Tail Evaluation ===
2026-08-19 19:24:36,954 - FINAL_CA_r200.log - INFO - Head Accuracy: 0.6720
2026-08-19 19:24:36,954 - FINAL_CA_r200.log - INFO - Tail Accuracy: 0.7167
2026-08-19 19:24:50,011 - FINAL_CA_r200.log - INFO - Round 101 selected clients: [0, 8, 9, 10, 11, 14, 15, 17]
2026-08-19 19:25:10,051 - FINAL_CA_r200.log - INFO - Round 101 | Global 0.6706 | Head 0.6731 | Tail 0.6647 | Many 0.6877 | Medium 0.6623 | Few 0.6647 | best_tail 0.7927@94 | rollback=False
2026-08-19 19:25:10,051 - FINAL_CA_r200.log - INFO - Round 102 selected clients: [1, 5, 8, 10, 12, 13, 16, 17]
2026-08-19 19:25:29,877 - FINAL_CA_r200.log - INFO - Round 102 | Global 0.6757 | Head 0.6767 | Tail 0.6733 | Many 0.7060 | Medium 0.6548 | Few 0.6733 | best_tail 0.7927@94 | rollback=False
2026-08-19 19:25:29,877 - FINAL_CA_r200.log - INFO - Round 103 selected clients: [0, 4, 7, 9, 10, 11, 12, 19]
2026-08-19 19:25:49,777 - FINAL_CA_r200.log - INFO - Round 103 | Global 0.6850 | Head 0.6659 | Tail 0.7297 | Many 0.6897 | Medium 0.6480 | Few 0.7297 | best_tail 0.7927@94 | rollback=False
2026-08-19 19:25:49,777 - FINAL_CA_r200.log - INFO - Round 104 selected clients: [4, 5, 8, 10, 12, 13, 15, 16]
2026-08-19 19:26:09,685 - FINAL_CA_r200.log - INFO - Round 104 | Global 0.6850 | Head 0.6807 | Tail 0.6950 | Many 0.7163 | Medium 0.6540 | Few 0.6950 | best_tail 0.7927@94 | rollback=False
2026-08-19 19:26:09,685 - FINAL_CA_r200.log - INFO - Round 105 selected clients: [3, 4, 7, 9, 12, 15, 18, 19]
2026-08-19 19:26:30,303 - FINAL_CA_r200.log - INFO - Round 105 | Global 0.6729 | Head 0.6263 | Tail 0.7817 | Many 0.5760 | Medium 0.6640 | Few 0.7817 | best_tail 0.7927@94 | rollback=False
2026-08-19 19:26:30,303 - FINAL_CA_r200.log - INFO - Round 106 selected clients: [1, 3, 6, 7, 11, 15, 16, 18]
2026-08-19 19:26:50,444 - FINAL_CA_r200.log - INFO - Round 106 | Global 0.6768 | Head 0.6333 | Tail 0.7783 | Many 0.5920 | Medium 0.6643 | Few 0.7783 | best_tail 0.7927@94 | rollback=False
2026-08-19 19:26:50,444 - FINAL_CA_r200.log - INFO - Round 107 selected clients: [1, 2, 6, 8, 9, 12, 17, 19]
2026-08-19 19:27:11,000 - FINAL_CA_r200.log - INFO - Round 107 | Global 0.6715 | Head 0.6189 | Tail 0.7943 | Many 0.5513 | Medium 0.6695 | Few 0.7943 | best_tail 0.7943@107 | rollback=False
2026-08-19 19:27:11,000 - FINAL_CA_r200.log - INFO - Round 108 selected clients: [1, 6, 7, 8, 11, 13, 14, 17]
2026-08-19 19:27:30,904 - FINAL_CA_r200.log - INFO - Round 108 | Global 0.6859 | Head 0.6696 | Tail 0.7240 | Many 0.6613 | Medium 0.6757 | Few 0.7240 | best_tail 0.7943@107 | rollback=False
2026-08-19 19:27:30,904 - FINAL_CA_r200.log - INFO - Round 109 selected clients: [0, 2, 4, 7, 8, 9, 12, 16]
2026-08-19 19:27:50,983 - FINAL_CA_r200.log - INFO - Round 109 | Global 0.6896 | Head 0.6679 | Tail 0.7403 | Many 0.6620 | Medium 0.6723 | Few 0.7403 | best_tail 0.7943@107 | rollback=False
2026-08-19 19:27:50,983 - FINAL_CA_r200.log - INFO - Round 110 selected clients: [2, 3, 7, 8, 12, 16, 18, 19]
2026-08-19 19:28:11,220 - FINAL_CA_r200.log - INFO - Round 110 | Global 0.6723 | Head 0.6194 | Tail 0.7957 | Many 0.5607 | Medium 0.6635 | Few 0.7957 | best_tail 0.7957@110 | rollback=False
2026-08-19 19:28:11,247 - FINAL_CA_r200.log - INFO - Global Accuracy: [0.2053, 0.2198, 0.2526, 0.2643, 0.2913, 0.3127, 0.3402, 0.3651, 0.3479, 0.3668, 0.4293, 0.4528, 0.4691, 0.436, 0.4293, 0.457, 0.4479, 0.4619, 0.4907, 0.4824, 0.5171, 0.5358, 0.5657, 0.5165, 0.5677, 0.5745, 0.5397, 0.5686, 0.5597, 0.5717, 0.5912, 0.5927, 0.5984, 0.6072, 0.5889, 0.5981, 0.6016, 0.6127, 0.6013, 0.6264, 0.6166, 0.6262, 0.6093, 0.627, 0.6044, 0.6345, 0.6227, 0.6283, 0.6285, 0.6315, 0.6441, 0.6284, 0.6447, 0.6398, 0.6382, 0.6486, 0.6478, 0.6395, 0.6554, 0.6417, 0.6465, 0.6501, 0.6498, 0.6556, 0.6487, 0.6581, 0.6645, 0.6402, 0.6606, 0.6577, 0.6687, 0.6654, 0.6772, 0.6594, 0.6428, 0.6656, 0.6691, 0.6713, 0.6678, 0.6688, 0.6688, 0.6589, 0.6784, 0.6737, 0.672, 0.6724, 0.6625, 0.6666, 0.6719, 0.6682, 0.6621, 0.6744, 0.6636, 0.6713, 0.6752, 0.6797, 0.679, 0.6725, 0.6683, 0.6854, 0.6706, 0.6757, 0.685, 0.685, 0.6729, 0.6768, 0.6715, 0.6859, 0.6896, 0.6723]
2026-08-19 19:28:11,247 - FINAL_CA_r200.log - INFO - Majority Class Accuracy: [0.6147, 0.675, 0.7453, 0.6947, 0.7327, 0.795, 0.7747, 0.7633, 0.74, 0.8017, 0.798, 0.7783, 0.7477, 0.7337, 0.743, 0.758, 0.7363, 0.7713, 0.746, 0.763, 0.7247, 0.7447, 0.669, 0.773, 0.658, 0.7323, 0.7327, 0.6787, 0.724, 0.674, 0.6873, 0.653, 0.707, 0.676, 0.7387, 0.5463, 0.643, 0.635, 0.6607, 0.6637, 0.6787, 0.6723, 0.766, 0.666, 0.7587, 0.7093, 0.711, 0.7333, 0.6627, 0.7393, 0.6697, 0.5837, 0.659, 0.7233, 0.6537, 0.6673, 0.6327, 0.686, 0.7103, 0.7063, 0.654, 0.6077, 0.709, 0.69, 0.5753, 0.669, 0.656, 0.6063, 0.6887, 0.6323, 0.6317, 0.604, 0.726, 0.5907, 0.533, 0.6173, 0.5997, 0.7097, 0.639, 0.6587, 0.6207, 0.592, 0.656, 0.6443, 0.6267, 0.63, 0.6607, 0.6243, 0.6057, 0.599, 0.569, 0.607, 0.5833, 0.5737, 0.6833, 0.6287, 0.6173, 0.587, 0.6043, 0.7007, 0.6877, 0.706, 0.6897, 0.7163, 0.576, 0.592, 0.5513, 0.6613, 0.662, 0.5607]
2026-08-19 19:28:11,247 - FINAL_CA_r200.log - INFO - Medium Class Accuracy: [0.0522, 0.0432, 0.0725, 0.1398, 0.1787, 0.1855, 0.2685, 0.3197, 0.266, 0.312, 0.349, 0.4225, 0.4665, 0.4435, 0.3997, 0.4358, 0.4305, 0.4595, 0.4555, 0.4587, 0.5012, 0.4595, 0.5393, 0.5088, 0.5587, 0.5525, 0.542, 0.5563, 0.5753, 0.5903, 0.535, 0.5467, 0.5865, 0.5753, 0.5305, 0.5665, 0.5913, 0.5903, 0.6028, 0.605, 0.6088, 0.6085, 0.5767, 0.617, 0.5855, 0.6082, 0.6082, 0.586, 0.6058, 0.5857, 0.597, 0.6222, 0.6328, 0.5925, 0.5985, 0.6222, 0.6355, 0.6412, 0.6315, 0.6352, 0.6308, 0.6405, 0.6395, 0.6358, 0.6478, 0.6478, 0.6318, 0.6212, 0.6175, 0.647, 0.6468, 0.649, 0.6558, 0.6603, 0.6318, 0.6505, 0.6565, 0.647, 0.6663, 0.6637, 0.6548, 0.6358, 0.6677, 0.6505, 0.6422, 0.6522, 0.6498, 0.6552, 0.665, 0.6532, 0.6573, 0.67, 0.6567, 0.6535, 0.656, 0.678, 0.6705, 0.6653, 0.6435, 0.6505, 0.6623, 0.6548, 0.648, 0.654, 0.664, 0.6643, 0.6695, 0.6757, 0.6723, 0.6635]
2026-08-19 19:28:11,247 - FINAL_CA_r200.log - INFO - Minority Class Accuracy: [0.0, 0.0, 0.0, 0.0, 0.0, 0.0, 0.0013, 0.0273, 0.065, 0.005, 0.1677, 0.1677, 0.194, 0.1283, 0.155, 0.1843, 0.1827, 0.1557, 0.2823, 0.2333, 0.3307, 0.4287, 0.4977, 0.2703, 0.4893, 0.446, 0.3437, 0.475, 0.3747, 0.4447, 0.57, 0.5937, 0.5057, 0.581, 0.517, 0.692, 0.574, 0.6203, 0.54, 0.6177, 0.565, 0.6037, 0.496, 0.6013, 0.4753, 0.5947, 0.5537, 0.5797, 0.6247, 0.5847, 0.6813, 0.6813, 0.6463, 0.6193, 0.6757, 0.665, 0.6793, 0.5907, 0.6323, 0.5857, 0.66, 0.7053, 0.6043, 0.6477, 0.7233, 0.661, 0.7167, 0.6993, 0.69, 0.6973, 0.735, 0.7487, 0.657, 0.727, 0.7673, 0.734, 0.7553, 0.6653, 0.6987, 0.6857, 0.7357, 0.7567, 0.715, 0.734, 0.757, 0.7417, 0.6813, 0.724, 0.7473, 0.7573, 0.7617, 0.7477, 0.753, 0.7927, 0.6927, 0.733, 0.752, 0.7677, 0.7653, 0.7167, 0.6647, 0.6733, 0.7297, 0.695, 0.7817, 0.7783, 0.7943, 0.724, 0.7403, 0.7957]
2026-08-19 19:28:11,247 - FINAL_CA_r200.log - INFO - === Head-Tail Evaluation ===
2026-08-19 19:28:11,247 - FINAL_CA_r200.log - INFO - Head Accuracy: 0.6194
2026-08-19 19:28:11,247 - FINAL_CA_r200.log - INFO - Tail Accuracy: 0.7957
2026-08-19 19:28:24,491 - FINAL_CA_r200.log - INFO - Round 111 selected clients: [5, 6, 7, 10, 11, 15, 16, 18]
2026-08-19 19:28:45,165 - FINAL_CA_r200.log - INFO - Round 111 | Global 0.6758 | Head 0.6366 | Tail 0.7673 | Many 0.5927 | Medium 0.6695 | Few 0.7673 | best_tail 0.7957@110 | rollback=False
2026-08-19 19:28:45,165 - FINAL_CA_r200.log - INFO - Round 112 selected clients: [0, 4, 6, 7, 9, 13, 15, 16]
2026-08-19 19:29:07,990 - FINAL_CA_r200.log - INFO - Round 112 | Global 0.6788 | Head 0.6543 | Tail 0.7360 | Many 0.6510 | Medium 0.6567 | Few 0.7360 | best_tail 0.7957@110 | rollback=False
2026-08-19 19:29:07,990 - FINAL_CA_r200.log - INFO - Round 113 selected clients: [1, 3, 5, 7, 13, 15, 18, 19]
2026-08-19 19:29:31,125 - FINAL_CA_r200.log - INFO - Round 113 | Global 0.6773 | Head 0.6281 | Tail 0.7920 | Many 0.5957 | Medium 0.6525 | Few 0.7920 | best_tail 0.7957@110 | rollback=False
2026-08-19 19:29:31,125 - FINAL_CA_r200.log - INFO - Round 114 selected clients: [0, 3, 6, 12, 15, 17, 18, 19]
2026-08-19 19:29:55,032 - FINAL_CA_r200.log - INFO - Round 114 | Global 0.6556 | Head 0.5963 | Tail 0.7940 | Many 0.5150 | Medium 0.6573 | Few 0.7940 | best_tail 0.7957@110 | rollback=False
2026-08-19 19:29:55,032 - FINAL_CA_r200.log - INFO - Round 115 selected clients: [0, 2, 7, 8, 9, 12, 13, 16]
2026-08-19 19:30:17,946 - FINAL_CA_r200.log - INFO - Round 115 | Global 0.6785 | Head 0.6466 | Tail 0.7530 | Many 0.6080 | Medium 0.6755 | Few 0.7530 | best_tail 0.7957@110 | rollback=False
2026-08-19 19:30:17,946 - FINAL_CA_r200.log - INFO - Round 116 selected clients: [0, 6, 7, 8, 9, 11, 12, 19]
2026-08-19 19:30:41,188 - FINAL_CA_r200.log - INFO - Round 116 | Global 0.6773 | Head 0.6324 | Tail 0.7820 | Many 0.6033 | Medium 0.6542 | Few 0.7820 | best_tail 0.7957@110 | rollback=False
2026-08-19 19:30:41,188 - FINAL_CA_r200.log - INFO - Round 117 selected clients: [4, 5, 6, 10, 11, 12, 18, 19]
2026-08-19 19:31:04,732 - FINAL_CA_r200.log - INFO - Round 117 | Global 0.6787 | Head 0.6297 | Tail 0.7930 | Many 0.5850 | Medium 0.6633 | Few 0.7930 | best_tail 0.7957@110 | rollback=False
2026-08-19 19:31:04,732 - FINAL_CA_r200.log - INFO - Round 118 selected clients: [1, 2, 4, 8, 10, 12, 15, 18]
2026-08-19 19:31:28,137 - FINAL_CA_r200.log - INFO - Round 118 | Global 0.6851 | Head 0.6474 | Tail 0.7730 | Many 0.6117 | Medium 0.6743 | Few 0.7730 | best_tail 0.7957@110 | rollback=False
2026-08-19 19:31:28,137 - FINAL_CA_r200.log - INFO - Round 119 selected clients: [1, 2, 3, 4, 5, 6, 11, 13]
2026-08-19 19:31:51,734 - FINAL_CA_r200.log - INFO - Round 119 | Global 0.6616 | Head 0.6211 | Tail 0.7560 | Many 0.5643 | Medium 0.6637 | Few 0.7560 | best_tail 0.7957@110 | rollback=False
2026-08-19 19:31:51,734 - FINAL_CA_r200.log - INFO - Round 120 selected clients: [5, 7, 8, 10, 11, 13, 15, 16]
2026-08-19 19:32:14,370 - FINAL_CA_r200.log - INFO - Round 120 | Global 0.6881 | Head 0.6729 | Tail 0.7237 | Many 0.6730 | Medium 0.6727 | Few 0.7237 | best_tail 0.7957@110 | rollback=False
2026-08-19 19:32:14,402 - FINAL_CA_r200.log - INFO - Global Accuracy: [0.2053, 0.2198, 0.2526, 0.2643, 0.2913, 0.3127, 0.3402, 0.3651, 0.3479, 0.3668, 0.4293, 0.4528, 0.4691, 0.436, 0.4293, 0.457, 0.4479, 0.4619, 0.4907, 0.4824, 0.5171, 0.5358, 0.5657, 0.5165, 0.5677, 0.5745, 0.5397, 0.5686, 0.5597, 0.5717, 0.5912, 0.5927, 0.5984, 0.6072, 0.5889, 0.5981, 0.6016, 0.6127, 0.6013, 0.6264, 0.6166, 0.6262, 0.6093, 0.627, 0.6044, 0.6345, 0.6227, 0.6283, 0.6285, 0.6315, 0.6441, 0.6284, 0.6447, 0.6398, 0.6382, 0.6486, 0.6478, 0.6395, 0.6554, 0.6417, 0.6465, 0.6501, 0.6498, 0.6556, 0.6487, 0.6581, 0.6645, 0.6402, 0.6606, 0.6577, 0.6687, 0.6654, 0.6772, 0.6594, 0.6428, 0.6656, 0.6691, 0.6713, 0.6678, 0.6688, 0.6688, 0.6589, 0.6784, 0.6737, 0.672, 0.6724, 0.6625, 0.6666, 0.6719, 0.6682, 0.6621, 0.6744, 0.6636, 0.6713, 0.6752, 0.6797, 0.679, 0.6725, 0.6683, 0.6854, 0.6706, 0.6757, 0.685, 0.685, 0.6729, 0.6768, 0.6715, 0.6859, 0.6896, 0.6723, 0.6758, 0.6788, 0.6773, 0.6556, 0.6785, 0.6773, 0.6787, 0.6851, 0.6616, 0.6881]
2026-08-19 19:32:14,402 - FINAL_CA_r200.log - INFO - Majority Class Accuracy: [0.6147, 0.675, 0.7453, 0.6947, 0.7327, 0.795, 0.7747, 0.7633, 0.74, 0.8017, 0.798, 0.7783, 0.7477, 0.7337, 0.743, 0.758, 0.7363, 0.7713, 0.746, 0.763, 0.7247, 0.7447, 0.669, 0.773, 0.658, 0.7323, 0.7327, 0.6787, 0.724, 0.674, 0.6873, 0.653, 0.707, 0.676, 0.7387, 0.5463, 0.643, 0.635, 0.6607, 0.6637, 0.6787, 0.6723, 0.766, 0.666, 0.7587, 0.7093, 0.711, 0.7333, 0.6627, 0.7393, 0.6697, 0.5837, 0.659, 0.7233, 0.6537, 0.6673, 0.6327, 0.686, 0.7103, 0.7063, 0.654, 0.6077, 0.709, 0.69, 0.5753, 0.669, 0.656, 0.6063, 0.6887, 0.6323, 0.6317, 0.604, 0.726, 0.5907, 0.533, 0.6173, 0.5997, 0.7097, 0.639, 0.6587, 0.6207, 0.592, 0.656, 0.6443, 0.6267, 0.63, 0.6607, 0.6243, 0.6057, 0.599, 0.569, 0.607, 0.5833, 0.5737, 0.6833, 0.6287, 0.6173, 0.587, 0.6043, 0.7007, 0.6877, 0.706, 0.6897, 0.7163, 0.576, 0.592, 0.5513, 0.6613, 0.662, 0.5607, 0.5927, 0.651, 0.5957, 0.515, 0.608, 0.6033, 0.585, 0.6117, 0.5643, 0.673]
2026-08-19 19:32:14,402 - FINAL_CA_r200.log - INFO - Medium Class Accuracy: [0.0522, 0.0432, 0.0725, 0.1398, 0.1787, 0.1855, 0.2685, 0.3197, 0.266, 0.312, 0.349, 0.4225, 0.4665, 0.4435, 0.3997, 0.4358, 0.4305, 0.4595, 0.4555, 0.4587, 0.5012, 0.4595, 0.5393, 0.5088, 0.5587, 0.5525, 0.542, 0.5563, 0.5753, 0.5903, 0.535, 0.5467, 0.5865, 0.5753, 0.5305, 0.5665, 0.5913, 0.5903, 0.6028, 0.605, 0.6088, 0.6085, 0.5767, 0.617, 0.5855, 0.6082, 0.6082, 0.586, 0.6058, 0.5857, 0.597, 0.6222, 0.6328, 0.5925, 0.5985, 0.6222, 0.6355, 0.6412, 0.6315, 0.6352, 0.6308, 0.6405, 0.6395, 0.6358, 0.6478, 0.6478, 0.6318, 0.6212, 0.6175, 0.647, 0.6468, 0.649, 0.6558, 0.6603, 0.6318, 0.6505, 0.6565, 0.647, 0.6663, 0.6637, 0.6548, 0.6358, 0.6677, 0.6505, 0.6422, 0.6522, 0.6498, 0.6552, 0.665, 0.6532, 0.6573, 0.67, 0.6567, 0.6535, 0.656, 0.678, 0.6705, 0.6653, 0.6435, 0.6505, 0.6623, 0.6548, 0.648, 0.654, 0.664, 0.6643, 0.6695, 0.6757, 0.6723, 0.6635, 0.6695, 0.6567, 0.6525, 0.6573, 0.6755, 0.6542, 0.6633, 0.6743, 0.6637, 0.6727]
2026-08-19 19:32:14,402 - FINAL_CA_r200.log - INFO - Minority Class Accuracy: [0.0, 0.0, 0.0, 0.0, 0.0, 0.0, 0.0013, 0.0273, 0.065, 0.005, 0.1677, 0.1677, 0.194, 0.1283, 0.155, 0.1843, 0.1827, 0.1557, 0.2823, 0.2333, 0.3307, 0.4287, 0.4977, 0.2703, 0.4893, 0.446, 0.3437, 0.475, 0.3747, 0.4447, 0.57, 0.5937, 0.5057, 0.581, 0.517, 0.692, 0.574, 0.6203, 0.54, 0.6177, 0.565, 0.6037, 0.496, 0.6013, 0.4753, 0.5947, 0.5537, 0.5797, 0.6247, 0.5847, 0.6813, 0.6813, 0.6463, 0.6193, 0.6757, 0.665, 0.6793, 0.5907, 0.6323, 0.5857, 0.66, 0.7053, 0.6043, 0.6477, 0.7233, 0.661, 0.7167, 0.6993, 0.69, 0.6973, 0.735, 0.7487, 0.657, 0.727, 0.7673, 0.734, 0.7553, 0.6653, 0.6987, 0.6857, 0.7357, 0.7567, 0.715, 0.734, 0.757, 0.7417, 0.6813, 0.724, 0.7473, 0.7573, 0.7617, 0.7477, 0.753, 0.7927, 0.6927, 0.733, 0.752, 0.7677, 0.7653, 0.7167, 0.6647, 0.6733, 0.7297, 0.695, 0.7817, 0.7783, 0.7943, 0.724, 0.7403, 0.7957, 0.7673, 0.736, 0.792, 0.794, 0.753, 0.782, 0.793, 0.773, 0.756, 0.7237]
2026-08-19 19:32:14,402 - FINAL_CA_r200.log - INFO - === Head-Tail Evaluation ===
2026-08-19 19:32:14,402 - FINAL_CA_r200.log - INFO - Head Accuracy: 0.6729
2026-08-19 19:32:14,402 - FINAL_CA_r200.log - INFO - Tail Accuracy: 0.7237
2026-08-19 19:32:27,844 - FINAL_CA_r200.log - INFO - Round 121 selected clients: [0, 3, 4, 5, 7, 16, 17, 18]
2026-08-19 19:32:51,727 - FINAL_CA_r200.log - INFO - Round 121 | Global 0.6864 | Head 0.6491 | Tail 0.7733 | Many 0.6290 | Medium 0.6643 | Few 0.7733 | best_tail 0.7957@110 | rollback=False
2026-08-19 19:32:51,727 - FINAL_CA_r200.log - INFO - Round 122 selected clients: [0, 1, 4, 12, 13, 14, 17, 18]
2026-08-19 19:33:14,804 - FINAL_CA_r200.log - INFO - Round 122 | Global 0.6845 | Head 0.6560 | Tail 0.7510 | Many 0.6783 | Medium 0.6392 | Few 0.7510 | best_tail 0.7957@110 | rollback=False
2026-08-19 19:33:14,804 - FINAL_CA_r200.log - INFO - Round 123 selected clients: [2, 10, 13, 14, 15, 16, 17, 19]
2026-08-19 19:33:35,395 - FINAL_CA_r200.log - INFO - Round 123 | Global 0.6870 | Head 0.6424 | Tail 0.7910 | Many 0.6077 | Medium 0.6685 | Few 0.7910 | best_tail 0.7957@110 | rollback=False
2026-08-19 19:33:35,395 - FINAL_CA_r200.log - INFO - Round 124 selected clients: [4, 8, 9, 10, 12, 13, 14, 16]
2026-08-19 19:33:55,432 - FINAL_CA_r200.log - INFO - Round 124 | Global 0.6973 | Head 0.6813 | Tail 0.7347 | Many 0.6923 | Medium 0.6730 | Few 0.7347 | best_tail 0.7957@110 | rollback=False
2026-08-19 19:33:55,432 - FINAL_CA_r200.log - INFO - Round 125 selected clients: [1, 4, 5, 8, 12, 13, 17, 19]
2026-08-19 19:34:15,810 - FINAL_CA_r200.log - INFO - Round 125 | Global 0.6667 | Head 0.6277 | Tail 0.7577 | Many 0.5957 | Medium 0.6518 | Few 0.7577 | best_tail 0.7957@110 | rollback=False
2026-08-19 19:34:15,810 - FINAL_CA_r200.log - INFO - Round 126 selected clients: [2, 8, 9, 12, 13, 14, 15, 16]
2026-08-19 19:34:36,210 - FINAL_CA_r200.log - INFO - Round 126 | Global 0.6907 | Head 0.6494 | Tail 0.7870 | Many 0.6340 | Medium 0.6610 | Few 0.7870 | best_tail 0.7957@110 | rollback=False
2026-08-19 19:34:36,210 - FINAL_CA_r200.log - INFO - Round 127 selected clients: [4, 5, 7, 11, 15, 16, 17, 18]
2026-08-19 19:34:56,788 - FINAL_CA_r200.log - INFO - Round 127 | Global 0.6964 | Head 0.6654 | Tail 0.7687 | Many 0.6387 | Medium 0.6855 | Few 0.7687 | best_tail 0.7957@110 | rollback=False
2026-08-19 19:34:56,788 - FINAL_CA_r200.log - INFO - Round 128 selected clients: [3, 6, 8, 10, 12, 15, 17, 19]
2026-08-19 19:35:17,506 - FINAL_CA_r200.log - INFO - Round 128 | Global 0.6784 | Head 0.6273 | Tail 0.7977 | Many 0.5633 | Medium 0.6753 | Few 0.7977 | best_tail 0.7977@128 | rollback=False
2026-08-19 19:35:17,506 - FINAL_CA_r200.log - INFO - Round 129 selected clients: [4, 6, 7, 10, 11, 15, 16, 17]
2026-08-19 19:35:37,802 - FINAL_CA_r200.log - INFO - Round 129 | Global 0.6905 | Head 0.6674 | Tail 0.7443 | Many 0.6417 | Medium 0.6867 | Few 0.7443 | best_tail 0.7977@128 | rollback=False
2026-08-19 19:35:37,802 - FINAL_CA_r200.log - INFO - Round 130 selected clients: [0, 3, 6, 9, 10, 14, 15, 17]
2026-08-19 19:35:58,463 - FINAL_CA_r200.log - INFO - Round 130 | Global 0.6857 | Head 0.6564 | Tail 0.7540 | Many 0.6280 | Medium 0.6777 | Few 0.7540 | best_tail 0.7977@128 | rollback=False
2026-08-19 19:35:58,478 - FINAL_CA_r200.log - INFO - Global Accuracy: [0.2053, 0.2198, 0.2526, 0.2643, 0.2913, 0.3127, 0.3402, 0.3651, 0.3479, 0.3668, 0.4293, 0.4528, 0.4691, 0.436, 0.4293, 0.457, 0.4479, 0.4619, 0.4907, 0.4824, 0.5171, 0.5358, 0.5657, 0.5165, 0.5677, 0.5745, 0.5397, 0.5686, 0.5597, 0.5717, 0.5912, 0.5927, 0.5984, 0.6072, 0.5889, 0.5981, 0.6016, 0.6127, 0.6013, 0.6264, 0.6166, 0.6262, 0.6093, 0.627, 0.6044, 0.6345, 0.6227, 0.6283, 0.6285, 0.6315, 0.6441, 0.6284, 0.6447, 0.6398, 0.6382, 0.6486, 0.6478, 0.6395, 0.6554, 0.6417, 0.6465, 0.6501, 0.6498, 0.6556, 0.6487, 0.6581, 0.6645, 0.6402, 0.6606, 0.6577, 0.6687, 0.6654, 0.6772, 0.6594, 0.6428, 0.6656, 0.6691, 0.6713, 0.6678, 0.6688, 0.6688, 0.6589, 0.6784, 0.6737, 0.672, 0.6724, 0.6625, 0.6666, 0.6719, 0.6682, 0.6621, 0.6744, 0.6636, 0.6713, 0.6752, 0.6797, 0.679, 0.6725, 0.6683, 0.6854, 0.6706, 0.6757, 0.685, 0.685, 0.6729, 0.6768, 0.6715, 0.6859, 0.6896, 0.6723, 0.6758, 0.6788, 0.6773, 0.6556, 0.6785, 0.6773, 0.6787, 0.6851, 0.6616, 0.6881, 0.6864, 0.6845, 0.687, 0.6973, 0.6667, 0.6907, 0.6964, 0.6784, 0.6905, 0.6857]
2026-08-19 19:35:58,478 - FINAL_CA_r200.log - INFO - Majority Class Accuracy: [0.6147, 0.675, 0.7453, 0.6947, 0.7327, 0.795, 0.7747, 0.7633, 0.74, 0.8017, 0.798, 0.7783, 0.7477, 0.7337, 0.743, 0.758, 0.7363, 0.7713, 0.746, 0.763, 0.7247, 0.7447, 0.669, 0.773, 0.658, 0.7323, 0.7327, 0.6787, 0.724, 0.674, 0.6873, 0.653, 0.707, 0.676, 0.7387, 0.5463, 0.643, 0.635, 0.6607, 0.6637, 0.6787, 0.6723, 0.766, 0.666, 0.7587, 0.7093, 0.711, 0.7333, 0.6627, 0.7393, 0.6697, 0.5837, 0.659, 0.7233, 0.6537, 0.6673, 0.6327, 0.686, 0.7103, 0.7063, 0.654, 0.6077, 0.709, 0.69, 0.5753, 0.669, 0.656, 0.6063, 0.6887, 0.6323, 0.6317, 0.604, 0.726, 0.5907, 0.533, 0.6173, 0.5997, 0.7097, 0.639, 0.6587, 0.6207, 0.592, 0.656, 0.6443, 0.6267, 0.63, 0.6607, 0.6243, 0.6057, 0.599, 0.569, 0.607, 0.5833, 0.5737, 0.6833, 0.6287, 0.6173, 0.587, 0.6043, 0.7007, 0.6877, 0.706, 0.6897, 0.7163, 0.576, 0.592, 0.5513, 0.6613, 0.662, 0.5607, 0.5927, 0.651, 0.5957, 0.515, 0.608, 0.6033, 0.585, 0.6117, 0.5643, 0.673, 0.629, 0.6783, 0.6077, 0.6923, 0.5957, 0.634, 0.6387, 0.5633, 0.6417, 0.628]
2026-08-19 19:35:58,478 - FINAL_CA_r200.log - INFO - Medium Class Accuracy: [0.0522, 0.0432, 0.0725, 0.1398, 0.1787, 0.1855, 0.2685, 0.3197, 0.266, 0.312, 0.349, 0.4225, 0.4665, 0.4435, 0.3997, 0.4358, 0.4305, 0.4595, 0.4555, 0.4587, 0.5012, 0.4595, 0.5393, 0.5088, 0.5587, 0.5525, 0.542, 0.5563, 0.5753, 0.5903, 0.535, 0.5467, 0.5865, 0.5753, 0.5305, 0.5665, 0.5913, 0.5903, 0.6028, 0.605, 0.6088, 0.6085, 0.5767, 0.617, 0.5855, 0.6082, 0.6082, 0.586, 0.6058, 0.5857, 0.597, 0.6222, 0.6328, 0.5925, 0.5985, 0.6222, 0.6355, 0.6412, 0.6315, 0.6352, 0.6308, 0.6405, 0.6395, 0.6358, 0.6478, 0.6478, 0.6318, 0.6212, 0.6175, 0.647, 0.6468, 0.649, 0.6558, 0.6603, 0.6318, 0.6505, 0.6565, 0.647, 0.6663, 0.6637, 0.6548, 0.6358, 0.6677, 0.6505, 0.6422, 0.6522, 0.6498, 0.6552, 0.665, 0.6532, 0.6573, 0.67, 0.6567, 0.6535, 0.656, 0.678, 0.6705, 0.6653, 0.6435, 0.6505, 0.6623, 0.6548, 0.648, 0.654, 0.664, 0.6643, 0.6695, 0.6757, 0.6723, 0.6635, 0.6695, 0.6567, 0.6525, 0.6573, 0.6755, 0.6542, 0.6633, 0.6743, 0.6637, 0.6727, 0.6643, 0.6392, 0.6685, 0.673, 0.6518, 0.661, 0.6855, 0.6753, 0.6867, 0.6777]
2026-08-19 19:35:58,478 - FINAL_CA_r200.log - INFO - Minority Class Accuracy: [0.0, 0.0, 0.0, 0.0, 0.0, 0.0, 0.0013, 0.0273, 0.065, 0.005, 0.1677, 0.1677, 0.194, 0.1283, 0.155, 0.1843, 0.1827, 0.1557, 0.2823, 0.2333, 0.3307, 0.4287, 0.4977, 0.2703, 0.4893, 0.446, 0.3437, 0.475, 0.3747, 0.4447, 0.57, 0.5937, 0.5057, 0.581, 0.517, 0.692, 0.574, 0.6203, 0.54, 0.6177, 0.565, 0.6037, 0.496, 0.6013, 0.4753, 0.5947, 0.5537, 0.5797, 0.6247, 0.5847, 0.6813, 0.6813, 0.6463, 0.6193, 0.6757, 0.665, 0.6793, 0.5907, 0.6323, 0.5857, 0.66, 0.7053, 0.6043, 0.6477, 0.7233, 0.661, 0.7167, 0.6993, 0.69, 0.6973, 0.735, 0.7487, 0.657, 0.727, 0.7673, 0.734, 0.7553, 0.6653, 0.6987, 0.6857, 0.7357, 0.7567, 0.715, 0.734, 0.757, 0.7417, 0.6813, 0.724, 0.7473, 0.7573, 0.7617, 0.7477, 0.753, 0.7927, 0.6927, 0.733, 0.752, 0.7677, 0.7653, 0.7167, 0.6647, 0.6733, 0.7297, 0.695, 0.7817, 0.7783, 0.7943, 0.724, 0.7403, 0.7957, 0.7673, 0.736, 0.792, 0.794, 0.753, 0.782, 0.793, 0.773, 0.756, 0.7237, 0.7733, 0.751, 0.791, 0.7347, 0.7577, 0.787, 0.7687, 0.7977, 0.7443, 0.754]
2026-08-19 19:35:58,478 - FINAL_CA_r200.log - INFO - === Head-Tail Evaluation ===
2026-08-19 19:35:58,478 - FINAL_CA_r200.log - INFO - Head Accuracy: 0.6564
2026-08-19 19:35:58,478 - FINAL_CA_r200.log - INFO - Tail Accuracy: 0.7540
2026-08-19 19:36:11,769 - FINAL_CA_r200.log - INFO - Round 131 selected clients: [0, 3, 7, 8, 9, 12, 14, 18]
2026-08-19 19:36:32,509 - FINAL_CA_r200.log - INFO - Round 131 | Global 0.6885 | Head 0.6491 | Tail 0.7803 | Many 0.6357 | Medium 0.6593 | Few 0.7803 | best_tail 0.7977@128 | rollback=False
2026-08-19 19:36:32,509 - FINAL_CA_r200.log - INFO - Round 132 selected clients: [1, 5, 7, 10, 12, 13, 15, 19]
2026-08-19 19:36:52,881 - FINAL_CA_r200.log - INFO - Round 132 | Global 0.6828 | Head 0.6440 | Tail 0.7733 | Many 0.6207 | Medium 0.6615 | Few 0.7733 | best_tail 0.7977@128 | rollback=False
2026-08-19 19:36:52,881 - FINAL_CA_r200.log - INFO - Round 133 selected clients: [0, 1, 7, 8, 9, 11, 15, 16]
2026-08-19 19:37:12,787 - FINAL_CA_r200.log - INFO - Round 133 | Global 0.6871 | Head 0.6553 | Tail 0.7613 | Many 0.6440 | Medium 0.6637 | Few 0.7613 | best_tail 0.7977@128 | rollback=False
2026-08-19 19:37:12,787 - FINAL_CA_r200.log - INFO - Round 134 selected clients: [2, 3, 7, 8, 10, 16, 18, 19]
2026-08-19 19:37:32,838 - FINAL_CA_r200.log - INFO - Round 134 | Global 0.6761 | Head 0.6129 | Tail 0.8237 | Many 0.5480 | Medium 0.6615 | Few 0.8237 | best_tail 0.8237@134 | rollback=False
2026-08-19 19:37:32,838 - FINAL_CA_r200.log - INFO - Round 135 selected clients: [0, 6, 9, 12, 13, 14, 16, 19]
2026-08-19 19:37:55,290 - FINAL_CA_r200.log - INFO - Round 135 | Global 0.6744 | Head 0.6190 | Tail 0.8037 | Many 0.5597 | Medium 0.6635 | Few 0.8037 | best_tail 0.8237@134 | rollback=False
2026-08-19 19:37:55,290 - FINAL_CA_r200.log - INFO - Round 136 selected clients: [2, 3, 5, 6, 10, 13, 15, 18]
2026-08-19 19:38:18,545 - FINAL_CA_r200.log - INFO - Round 136 | Global 0.6683 | Head 0.6127 | Tail 0.7980 | Many 0.5233 | Medium 0.6797 | Few 0.7980 | best_tail 0.8237@134 | rollback=False
2026-08-19 19:38:18,545 - FINAL_CA_r200.log - INFO - Round 137 selected clients: [1, 2, 3, 5, 9, 10, 13, 19]
2026-08-19 19:38:41,622 - FINAL_CA_r200.log - INFO - Round 137 | Global 0.6618 | Head 0.6000 | Tail 0.8060 | Many 0.5137 | Medium 0.6647 | Few 0.8060 | best_tail 0.8237@134 | rollback=False
2026-08-19 19:38:41,622 - FINAL_CA_r200.log - INFO - Round 138 selected clients: [0, 1, 5, 7, 8, 12, 16, 18]
2026-08-19 19:39:04,327 - FINAL_CA_r200.log - INFO - Round 138 | Global 0.6848 | Head 0.6283 | Tail 0.8167 | Many 0.5737 | Medium 0.6693 | Few 0.8167 | best_tail 0.8237@134 | rollback=False
2026-08-19 19:39:04,327 - FINAL_CA_r200.log - INFO - Round 139 selected clients: [4, 5, 6, 10, 11, 12, 14, 18]
2026-08-19 19:39:27,099 - FINAL_CA_r200.log - INFO - Round 139 | Global 0.6931 | Head 0.6507 | Tail 0.7920 | Many 0.6190 | Medium 0.6745 | Few 0.7920 | best_tail 0.8237@134 | rollback=False
2026-08-19 19:39:27,099 - FINAL_CA_r200.log - INFO - Round 140 selected clients: [2, 6, 8, 12, 14, 15, 16, 19]
2026-08-19 19:39:50,173 - FINAL_CA_r200.log - INFO - Round 140 | Global 0.6730 | Head 0.6071 | Tail 0.8267 | Many 0.5530 | Medium 0.6478 | Few 0.8267 | best_tail 0.8267@140 | rollback=False
2026-08-19 19:39:50,190 - FINAL_CA_r200.log - INFO - Global Accuracy: [0.2053, 0.2198, 0.2526, 0.2643, 0.2913, 0.3127, 0.3402, 0.3651, 0.3479, 0.3668, 0.4293, 0.4528, 0.4691, 0.436, 0.4293, 0.457, 0.4479, 0.4619, 0.4907, 0.4824, 0.5171, 0.5358, 0.5657, 0.5165, 0.5677, 0.5745, 0.5397, 0.5686, 0.5597, 0.5717, 0.5912, 0.5927, 0.5984, 0.6072, 0.5889, 0.5981, 0.6016, 0.6127, 0.6013, 0.6264, 0.6166, 0.6262, 0.6093, 0.627, 0.6044, 0.6345, 0.6227, 0.6283, 0.6285, 0.6315, 0.6441, 0.6284, 0.6447, 0.6398, 0.6382, 0.6486, 0.6478, 0.6395, 0.6554, 0.6417, 0.6465, 0.6501, 0.6498, 0.6556, 0.6487, 0.6581, 0.6645, 0.6402, 0.6606, 0.6577, 0.6687, 0.6654, 0.6772, 0.6594, 0.6428, 0.6656, 0.6691, 0.6713, 0.6678, 0.6688, 0.6688, 0.6589, 0.6784, 0.6737, 0.672, 0.6724, 0.6625, 0.6666, 0.6719, 0.6682, 0.6621, 0.6744, 0.6636, 0.6713, 0.6752, 0.6797, 0.679, 0.6725, 0.6683, 0.6854, 0.6706, 0.6757, 0.685, 0.685, 0.6729, 0.6768, 0.6715, 0.6859, 0.6896, 0.6723, 0.6758, 0.6788, 0.6773, 0.6556, 0.6785, 0.6773, 0.6787, 0.6851, 0.6616, 0.6881, 0.6864, 0.6845, 0.687, 0.6973, 0.6667, 0.6907, 0.6964, 0.6784, 0.6905, 0.6857, 0.6885, 0.6828, 0.6871, 0.6761, 0.6744, 0.6683, 0.6618, 0.6848, 0.6931, 0.673]
2026-08-19 19:39:50,190 - FINAL_CA_r200.log - INFO - Majority Class Accuracy: [0.6147, 0.675, 0.7453, 0.6947, 0.7327, 0.795, 0.7747, 0.7633, 0.74, 0.8017, 0.798, 0.7783, 0.7477, 0.7337, 0.743, 0.758, 0.7363, 0.7713, 0.746, 0.763, 0.7247, 0.7447, 0.669, 0.773, 0.658, 0.7323, 0.7327, 0.6787, 0.724, 0.674, 0.6873, 0.653, 0.707, 0.676, 0.7387, 0.5463, 0.643, 0.635, 0.6607, 0.6637, 0.6787, 0.6723, 0.766, 0.666, 0.7587, 0.7093, 0.711, 0.7333, 0.6627, 0.7393, 0.6697, 0.5837, 0.659, 0.7233, 0.6537, 0.6673, 0.6327, 0.686, 0.7103, 0.7063, 0.654, 0.6077, 0.709, 0.69, 0.5753, 0.669, 0.656, 0.6063, 0.6887, 0.6323, 0.6317, 0.604, 0.726, 0.5907, 0.533, 0.6173, 0.5997, 0.7097, 0.639, 0.6587, 0.6207, 0.592, 0.656, 0.6443, 0.6267, 0.63, 0.6607, 0.6243, 0.6057, 0.599, 0.569, 0.607, 0.5833, 0.5737, 0.6833, 0.6287, 0.6173, 0.587, 0.6043, 0.7007, 0.6877, 0.706, 0.6897, 0.7163, 0.576, 0.592, 0.5513, 0.6613, 0.662, 0.5607, 0.5927, 0.651, 0.5957, 0.515, 0.608, 0.6033, 0.585, 0.6117, 0.5643, 0.673, 0.629, 0.6783, 0.6077, 0.6923, 0.5957, 0.634, 0.6387, 0.5633, 0.6417, 0.628, 0.6357, 0.6207, 0.644, 0.548, 0.5597, 0.5233, 0.5137, 0.5737, 0.619, 0.553]
2026-08-19 19:39:50,190 - FINAL_CA_r200.log - INFO - Medium Class Accuracy: [0.0522, 0.0432, 0.0725, 0.1398, 0.1787, 0.1855, 0.2685, 0.3197, 0.266, 0.312, 0.349, 0.4225, 0.4665, 0.4435, 0.3997, 0.4358, 0.4305, 0.4595, 0.4555, 0.4587, 0.5012, 0.4595, 0.5393, 0.5088, 0.5587, 0.5525, 0.542, 0.5563, 0.5753, 0.5903, 0.535, 0.5467, 0.5865, 0.5753, 0.5305, 0.5665, 0.5913, 0.5903, 0.6028, 0.605, 0.6088, 0.6085, 0.5767, 0.617, 0.5855, 0.6082, 0.6082, 0.586, 0.6058, 0.5857, 0.597, 0.6222, 0.6328, 0.5925, 0.5985, 0.6222, 0.6355, 0.6412, 0.6315, 0.6352, 0.6308, 0.6405, 0.6395, 0.6358, 0.6478, 0.6478, 0.6318, 0.6212, 0.6175, 0.647, 0.6468, 0.649, 0.6558, 0.6603, 0.6318, 0.6505, 0.6565, 0.647, 0.6663, 0.6637, 0.6548, 0.6358, 0.6677, 0.6505, 0.6422, 0.6522, 0.6498, 0.6552, 0.665, 0.6532, 0.6573, 0.67, 0.6567, 0.6535, 0.656, 0.678, 0.6705, 0.6653, 0.6435, 0.6505, 0.6623, 0.6548, 0.648, 0.654, 0.664, 0.6643, 0.6695, 0.6757, 0.6723, 0.6635, 0.6695, 0.6567, 0.6525, 0.6573, 0.6755, 0.6542, 0.6633, 0.6743, 0.6637, 0.6727, 0.6643, 0.6392, 0.6685, 0.673, 0.6518, 0.661, 0.6855, 0.6753, 0.6867, 0.6777, 0.6593, 0.6615, 0.6637, 0.6615, 0.6635, 0.6797, 0.6647, 0.6693, 0.6745, 0.6478]
2026-08-19 19:39:50,190 - FINAL_CA_r200.log - INFO - Minority Class Accuracy: [0.0, 0.0, 0.0, 0.0, 0.0, 0.0, 0.0013, 0.0273, 0.065, 0.005, 0.1677, 0.1677, 0.194, 0.1283, 0.155, 0.1843, 0.1827, 0.1557, 0.2823, 0.2333, 0.3307, 0.4287, 0.4977, 0.2703, 0.4893, 0.446, 0.3437, 0.475, 0.3747, 0.4447, 0.57, 0.5937, 0.5057, 0.581, 0.517, 0.692, 0.574, 0.6203, 0.54, 0.6177, 0.565, 0.6037, 0.496, 0.6013, 0.4753, 0.5947, 0.5537, 0.5797, 0.6247, 0.5847, 0.6813, 0.6813, 0.6463, 0.6193, 0.6757, 0.665, 0.6793, 0.5907, 0.6323, 0.5857, 0.66, 0.7053, 0.6043, 0.6477, 0.7233, 0.661, 0.7167, 0.6993, 0.69, 0.6973, 0.735, 0.7487, 0.657, 0.727, 0.7673, 0.734, 0.7553, 0.6653, 0.6987, 0.6857, 0.7357, 0.7567, 0.715, 0.734, 0.757, 0.7417, 0.6813, 0.724, 0.7473, 0.7573, 0.7617, 0.7477, 0.753, 0.7927, 0.6927, 0.733, 0.752, 0.7677, 0.7653, 0.7167, 0.6647, 0.6733, 0.7297, 0.695, 0.7817, 0.7783, 0.7943, 0.724, 0.7403, 0.7957, 0.7673, 0.736, 0.792, 0.794, 0.753, 0.782, 0.793, 0.773, 0.756, 0.7237, 0.7733, 0.751, 0.791, 0.7347, 0.7577, 0.787, 0.7687, 0.7977, 0.7443, 0.754, 0.7803, 0.7733, 0.7613, 0.8237, 0.8037, 0.798, 0.806, 0.8167, 0.792, 0.8267]
2026-08-19 19:39:50,190 - FINAL_CA_r200.log - INFO - === Head-Tail Evaluation ===
2026-08-19 19:39:50,190 - FINAL_CA_r200.log - INFO - Head Accuracy: 0.6071
2026-08-19 19:39:50,190 - FINAL_CA_r200.log - INFO - Tail Accuracy: 0.8267
2026-08-19 19:40:03,301 - FINAL_CA_r200.log - INFO - Round 141 selected clients: [1, 3, 5, 10, 12, 14, 15, 19]
2026-08-19 19:40:26,436 - FINAL_CA_r200.log - INFO - Round 141 | Global 0.6868 | Head 0.6371 | Tail 0.8027 | Many 0.5997 | Medium 0.6653 | Few 0.8027 | best_tail 0.8267@140 | rollback=False
2026-08-19 19:40:26,436 - FINAL_CA_r200.log - INFO - Round 142 selected clients: [0, 1, 2, 3, 4, 9, 14, 17]
2026-08-19 19:40:49,606 - FINAL_CA_r200.log - INFO - Round 142 | Global 0.6850 | Head 0.6376 | Tail 0.7957 | Many 0.5920 | Medium 0.6717 | Few 0.7957 | best_tail 0.8267@140 | rollback=False
2026-08-19 19:40:49,606 - FINAL_CA_r200.log - INFO - Round 143 selected clients: [1, 3, 6, 8, 9, 13, 15, 16]
2026-08-19 19:41:12,130 - FINAL_CA_r200.log - INFO - Round 143 | Global 0.6847 | Head 0.6310 | Tail 0.8100 | Many 0.6070 | Medium 0.6490 | Few 0.8100 | best_tail 0.8267@140 | rollback=False
2026-08-19 19:41:12,130 - FINAL_CA_r200.log - INFO - Round 144 selected clients: [1, 5, 6, 8, 10, 12, 15, 18]
2026-08-19 19:41:35,421 - FINAL_CA_r200.log - INFO - Round 144 | Global 0.6762 | Head 0.6269 | Tail 0.7913 | Many 0.5690 | Medium 0.6703 | Few 0.7913 | best_tail 0.8267@140 | rollback=False
2026-08-19 19:41:35,431 - FINAL_CA_r200.log - INFO - Round 145 selected clients: [0, 2, 4, 7, 11, 17, 18, 19]
2026-08-19 19:41:58,005 - FINAL_CA_r200.log - INFO - Round 145 | Global 0.6792 | Head 0.6250 | Tail 0.8057 | Many 0.5753 | Medium 0.6623 | Few 0.8057 | best_tail 0.8267@140 | rollback=False
2026-08-19 19:41:58,005 - FINAL_CA_r200.log - INFO - Round 146 selected clients: [0, 1, 6, 8, 12, 13, 14, 16]
2026-08-19 19:42:18,595 - FINAL_CA_r200.log - INFO - Round 146 | Global 0.6929 | Head 0.6547 | Tail 0.7820 | Many 0.6343 | Medium 0.6700 | Few 0.7820 | best_tail 0.8267@140 | rollback=False
2026-08-19 19:42:18,595 - FINAL_CA_r200.log - INFO - Round 147 selected clients: [1, 2, 4, 10, 12, 15, 16, 19]
2026-08-19 19:42:38,780 - FINAL_CA_r200.log - INFO - Round 147 | Global 0.6759 | Head 0.6176 | Tail 0.8120 | Many 0.5633 | Medium 0.6583 | Few 0.8120 | best_tail 0.8267@140 | rollback=False
2026-08-19 19:42:38,780 - FINAL_CA_r200.log - INFO - Round 148 selected clients: [0, 6, 8, 10, 11, 15, 17, 18]
2026-08-19 19:42:58,811 - FINAL_CA_r200.log - INFO - Round 148 | Global 0.6820 | Head 0.6271 | Tail 0.8100 | Many 0.5773 | Medium 0.6645 | Few 0.8100 | best_tail 0.8267@140 | rollback=False
2026-08-19 19:42:58,811 - FINAL_CA_r200.log - INFO - Round 149 selected clients: [1, 2, 3, 4, 6, 7, 12, 14]
2026-08-19 19:43:18,952 - FINAL_CA_r200.log - INFO - Round 149 | Global 0.6908 | Head 0.6459 | Tail 0.7957 | Many 0.5940 | Medium 0.6847 | Few 0.7957 | best_tail 0.8267@140 | rollback=False
2026-08-19 19:43:18,952 - FINAL_CA_r200.log - INFO - Round 150 selected clients: [5, 7, 11, 12, 14, 17, 18, 19]
2026-08-19 19:43:39,083 - FINAL_CA_r200.log - INFO - Round 150 | Global 0.6874 | Head 0.6317 | Tail 0.8173 | Many 0.5937 | Medium 0.6603 | Few 0.8173 | best_tail 0.8267@140 | rollback=False
2026-08-19 19:43:39,110 - FINAL_CA_r200.log - INFO - Global Accuracy: [0.2053, 0.2198, 0.2526, 0.2643, 0.2913, 0.3127, 0.3402, 0.3651, 0.3479, 0.3668, 0.4293, 0.4528, 0.4691, 0.436, 0.4293, 0.457, 0.4479, 0.4619, 0.4907, 0.4824, 0.5171, 0.5358, 0.5657, 0.5165, 0.5677, 0.5745, 0.5397, 0.5686, 0.5597, 0.5717, 0.5912, 0.5927, 0.5984, 0.6072, 0.5889, 0.5981, 0.6016, 0.6127, 0.6013, 0.6264, 0.6166, 0.6262, 0.6093, 0.627, 0.6044, 0.6345, 0.6227, 0.6283, 0.6285, 0.6315, 0.6441, 0.6284, 0.6447, 0.6398, 0.6382, 0.6486, 0.6478, 0.6395, 0.6554, 0.6417, 0.6465, 0.6501, 0.6498, 0.6556, 0.6487, 0.6581, 0.6645, 0.6402, 0.6606, 0.6577, 0.6687, 0.6654, 0.6772, 0.6594, 0.6428, 0.6656, 0.6691, 0.6713, 0.6678, 0.6688, 0.6688, 0.6589, 0.6784, 0.6737, 0.672, 0.6724, 0.6625, 0.6666, 0.6719, 0.6682, 0.6621, 0.6744, 0.6636, 0.6713, 0.6752, 0.6797, 0.679, 0.6725, 0.6683, 0.6854, 0.6706, 0.6757, 0.685, 0.685, 0.6729, 0.6768, 0.6715, 0.6859, 0.6896, 0.6723, 0.6758, 0.6788, 0.6773, 0.6556, 0.6785, 0.6773, 0.6787, 0.6851, 0.6616, 0.6881, 0.6864, 0.6845, 0.687, 0.6973, 0.6667, 0.6907, 0.6964, 0.6784, 0.6905, 0.6857, 0.6885, 0.6828, 0.6871, 0.6761, 0.6744, 0.6683, 0.6618, 0.6848, 0.6931, 0.673, 0.6868, 0.685, 0.6847, 0.6762, 0.6792, 0.6929, 0.6759, 0.682, 0.6908, 0.6874]
2026-08-19 19:43:39,110 - FINAL_CA_r200.log - INFO - Majority Class Accuracy: [0.6147, 0.675, 0.7453, 0.6947, 0.7327, 0.795, 0.7747, 0.7633, 0.74, 0.8017, 0.798, 0.7783, 0.7477, 0.7337, 0.743, 0.758, 0.7363, 0.7713, 0.746, 0.763, 0.7247, 0.7447, 0.669, 0.773, 0.658, 0.7323, 0.7327, 0.6787, 0.724, 0.674, 0.6873, 0.653, 0.707, 0.676, 0.7387, 0.5463, 0.643, 0.635, 0.6607, 0.6637, 0.6787, 0.6723, 0.766, 0.666, 0.7587, 0.7093, 0.711, 0.7333, 0.6627, 0.7393, 0.6697, 0.5837, 0.659, 0.7233, 0.6537, 0.6673, 0.6327, 0.686, 0.7103, 0.7063, 0.654, 0.6077, 0.709, 0.69, 0.5753, 0.669, 0.656, 0.6063, 0.6887, 0.6323, 0.6317, 0.604, 0.726, 0.5907, 0.533, 0.6173, 0.5997, 0.7097, 0.639, 0.6587, 0.6207, 0.592, 0.656, 0.6443, 0.6267, 0.63, 0.6607, 0.6243, 0.6057, 0.599, 0.569, 0.607, 0.5833, 0.5737, 0.6833, 0.6287, 0.6173, 0.587, 0.6043, 0.7007, 0.6877, 0.706, 0.6897, 0.7163, 0.576, 0.592, 0.5513, 0.6613, 0.662, 0.5607, 0.5927, 0.651, 0.5957, 0.515, 0.608, 0.6033, 0.585, 0.6117, 0.5643, 0.673, 0.629, 0.6783, 0.6077, 0.6923, 0.5957, 0.634, 0.6387, 0.5633, 0.6417, 0.628, 0.6357, 0.6207, 0.644, 0.548, 0.5597, 0.5233, 0.5137, 0.5737, 0.619, 0.553, 0.5997, 0.592, 0.607, 0.569, 0.5753, 0.6343, 0.5633, 0.5773, 0.594, 0.5937]
2026-08-19 19:43:39,110 - FINAL_CA_r200.log - INFO - Medium Class Accuracy: [0.0522, 0.0432, 0.0725, 0.1398, 0.1787, 0.1855, 0.2685, 0.3197, 0.266, 0.312, 0.349, 0.4225, 0.4665, 0.4435, 0.3997, 0.4358, 0.4305, 0.4595, 0.4555, 0.4587, 0.5012, 0.4595, 0.5393, 0.5088, 0.5587, 0.5525, 0.542, 0.5563, 0.5753, 0.5903, 0.535, 0.5467, 0.5865, 0.5753, 0.5305, 0.5665, 0.5913, 0.5903, 0.6028, 0.605, 0.6088, 0.6085, 0.5767, 0.617, 0.5855, 0.6082, 0.6082, 0.586, 0.6058, 0.5857, 0.597, 0.6222, 0.6328, 0.5925, 0.5985, 0.6222, 0.6355, 0.6412, 0.6315, 0.6352, 0.6308, 0.6405, 0.6395, 0.6358, 0.6478, 0.6478, 0.6318, 0.6212, 0.6175, 0.647, 0.6468, 0.649, 0.6558, 0.6603, 0.6318, 0.6505, 0.6565, 0.647, 0.6663, 0.6637, 0.6548, 0.6358, 0.6677, 0.6505, 0.6422, 0.6522, 0.6498, 0.6552, 0.665, 0.6532, 0.6573, 0.67, 0.6567, 0.6535, 0.656, 0.678, 0.6705, 0.6653, 0.6435, 0.6505, 0.6623, 0.6548, 0.648, 0.654, 0.664, 0.6643, 0.6695, 0.6757, 0.6723, 0.6635, 0.6695, 0.6567, 0.6525, 0.6573, 0.6755, 0.6542, 0.6633, 0.6743, 0.6637, 0.6727, 0.6643, 0.6392, 0.6685, 0.673, 0.6518, 0.661, 0.6855, 0.6753, 0.6867, 0.6777, 0.6593, 0.6615, 0.6637, 0.6615, 0.6635, 0.6797, 0.6647, 0.6693, 0.6745, 0.6478, 0.6653, 0.6717, 0.649, 0.6703, 0.6623, 0.67, 0.6583, 0.6645, 0.6847, 0.6603]
2026-08-19 19:43:39,110 - FINAL_CA_r200.log - INFO - Minority Class Accuracy: [0.0, 0.0, 0.0, 0.0, 0.0, 0.0, 0.0013, 0.0273, 0.065, 0.005, 0.1677, 0.1677, 0.194, 0.1283, 0.155, 0.1843, 0.1827, 0.1557, 0.2823, 0.2333, 0.3307, 0.4287, 0.4977, 0.2703, 0.4893, 0.446, 0.3437, 0.475, 0.3747, 0.4447, 0.57, 0.5937, 0.5057, 0.581, 0.517, 0.692, 0.574, 0.6203, 0.54, 0.6177, 0.565, 0.6037, 0.496, 0.6013, 0.4753, 0.5947, 0.5537, 0.5797, 0.6247, 0.5847, 0.6813, 0.6813, 0.6463, 0.6193, 0.6757, 0.665, 0.6793, 0.5907, 0.6323, 0.5857, 0.66, 0.7053, 0.6043, 0.6477, 0.7233, 0.661, 0.7167, 0.6993, 0.69, 0.6973, 0.735, 0.7487, 0.657, 0.727, 0.7673, 0.734, 0.7553, 0.6653, 0.6987, 0.6857, 0.7357, 0.7567, 0.715, 0.734, 0.757, 0.7417, 0.6813, 0.724, 0.7473, 0.7573, 0.7617, 0.7477, 0.753, 0.7927, 0.6927, 0.733, 0.752, 0.7677, 0.7653, 0.7167, 0.6647, 0.6733, 0.7297, 0.695, 0.7817, 0.7783, 0.7943, 0.724, 0.7403, 0.7957, 0.7673, 0.736, 0.792, 0.794, 0.753, 0.782, 0.793, 0.773, 0.756, 0.7237, 0.7733, 0.751, 0.791, 0.7347, 0.7577, 0.787, 0.7687, 0.7977, 0.7443, 0.754, 0.7803, 0.7733, 0.7613, 0.8237, 0.8037, 0.798, 0.806, 0.8167, 0.792, 0.8267, 0.8027, 0.7957, 0.81, 0.7913, 0.8057, 0.782, 0.812, 0.81, 0.7957, 0.8173]
2026-08-19 19:43:39,110 - FINAL_CA_r200.log - INFO - === Head-Tail Evaluation ===
2026-08-19 19:43:39,110 - FINAL_CA_r200.log - INFO - Head Accuracy: 0.6317
2026-08-19 19:43:39,110 - FINAL_CA_r200.log - INFO - Tail Accuracy: 0.8173
2026-08-19 19:43:52,210 - FINAL_CA_r200.log - INFO - Round 151 selected clients: [1, 5, 6, 7, 8, 10, 14, 15]
2026-08-19 19:44:12,553 - FINAL_CA_r200.log - INFO - Round 151 | Global 0.6838 | Head 0.6386 | Tail 0.7893 | Many 0.5943 | Medium 0.6717 | Few 0.7893 | best_tail 0.8267@140 | rollback=False
2026-08-19 19:44:12,553 - FINAL_CA_r200.log - INFO - Round 152 selected clients: [1, 4, 9, 10, 15, 16, 18, 19]
2026-08-19 19:44:32,934 - FINAL_CA_r200.log - INFO - Round 152 | Global 0.6587 | Head 0.5974 | Tail 0.8017 | Many 0.5160 | Medium 0.6585 | Few 0.8017 | best_tail 0.8267@140 | rollback=False
2026-08-19 19:44:32,934 - FINAL_CA_r200.log - INFO - Round 153 selected clients: [0, 1, 4, 10, 11, 17, 18, 19]
2026-08-19 19:44:53,250 - FINAL_CA_r200.log - INFO - Round 153 | Global 0.6857 | Head 0.6366 | Tail 0.8003 | Many 0.6080 | Medium 0.6580 | Few 0.8003 | best_tail 0.8267@140 | rollback=False
2026-08-19 19:44:53,250 - FINAL_CA_r200.log - INFO - Round 154 selected clients: [2, 4, 8, 9, 11, 13, 15, 18]
2026-08-19 19:45:13,636 - FINAL_CA_r200.log - INFO - Round 154 | Global 0.6814 | Head 0.6341 | Tail 0.7917 | Many 0.5753 | Medium 0.6783 | Few 0.7917 | best_tail 0.8267@140 | rollback=False
2026-08-19 19:45:13,636 - FINAL_CA_r200.log - INFO - Round 155 selected clients: [1, 3, 5, 11, 12, 13, 14, 15]
2026-08-19 19:45:33,910 - FINAL_CA_r200.log - INFO - Round 155 | Global 0.6967 | Head 0.6669 | Tail 0.7663 | Many 0.6433 | Medium 0.6845 | Few 0.7663 | best_tail 0.8267@140 | rollback=False
2026-08-19 19:45:33,910 - FINAL_CA_r200.log - INFO - Round 156 selected clients: [2, 4, 5, 10, 11, 14, 15, 19]
2026-08-19 19:45:54,362 - FINAL_CA_r200.log - INFO - Round 156 | Global 0.6908 | Head 0.6437 | Tail 0.8007 | Many 0.5993 | Medium 0.6770 | Few 0.8007 | best_tail 0.8267@140 | rollback=False
2026-08-19 19:45:54,362 - FINAL_CA_r200.log - INFO - Round 157 selected clients: [3, 7, 10, 11, 13, 14, 16, 18]
2026-08-19 19:46:14,257 - FINAL_CA_r200.log - INFO - Round 157 | Global 0.6983 | Head 0.6553 | Tail 0.7987 | Many 0.6267 | Medium 0.6767 | Few 0.7987 | best_tail 0.8267@140 | rollback=False
2026-08-19 19:46:14,257 - FINAL_CA_r200.log - INFO - Round 158 selected clients: [0, 1, 2, 8, 9, 10, 11, 17]
2026-08-19 19:46:36,213 - FINAL_CA_r200.log - INFO - Round 158 | Global 0.6911 | Head 0.6447 | Tail 0.7993 | Many 0.5973 | Medium 0.6803 | Few 0.7993 | best_tail 0.8267@140 | rollback=False
2026-08-19 19:46:36,213 - FINAL_CA_r200.log - INFO - Round 159 selected clients: [4, 8, 10, 13, 14, 15, 18, 19]
2026-08-19 19:46:59,307 - FINAL_CA_r200.log - INFO - Round 159 | Global 0.6470 | Head 0.5866 | Tail 0.7880 | Many 0.4843 | Medium 0.6633 | Few 0.7880 | best_tail 0.8267@140 | rollback=False
2026-08-19 19:46:59,307 - FINAL_CA_r200.log - INFO - Round 160 selected clients: [0, 1, 2, 5, 6, 12, 14, 19]
2026-08-19 19:47:22,793 - FINAL_CA_r200.log - INFO - Round 160 | Global 0.6603 | Head 0.5803 | Tail 0.8470 | Many 0.4970 | Medium 0.6428 | Few 0.8470 | best_tail 0.8470@160 | rollback=False
2026-08-19 19:47:22,813 - FINAL_CA_r200.log - INFO - Global Accuracy: [0.2053, 0.2198, 0.2526, 0.2643, 0.2913, 0.3127, 0.3402, 0.3651, 0.3479, 0.3668, 0.4293, 0.4528, 0.4691, 0.436, 0.4293, 0.457, 0.4479, 0.4619, 0.4907, 0.4824, 0.5171, 0.5358, 0.5657, 0.5165, 0.5677, 0.5745, 0.5397, 0.5686, 0.5597, 0.5717, 0.5912, 0.5927, 0.5984, 0.6072, 0.5889, 0.5981, 0.6016, 0.6127, 0.6013, 0.6264, 0.6166, 0.6262, 0.6093, 0.627, 0.6044, 0.6345, 0.6227, 0.6283, 0.6285, 0.6315, 0.6441, 0.6284, 0.6447, 0.6398, 0.6382, 0.6486, 0.6478, 0.6395, 0.6554, 0.6417, 0.6465, 0.6501, 0.6498, 0.6556, 0.6487, 0.6581, 0.6645, 0.6402, 0.6606, 0.6577, 0.6687, 0.6654, 0.6772, 0.6594, 0.6428, 0.6656, 0.6691, 0.6713, 0.6678, 0.6688, 0.6688, 0.6589, 0.6784, 0.6737, 0.672, 0.6724, 0.6625, 0.6666, 0.6719, 0.6682, 0.6621, 0.6744, 0.6636, 0.6713, 0.6752, 0.6797, 0.679, 0.6725, 0.6683, 0.6854, 0.6706, 0.6757, 0.685, 0.685, 0.6729, 0.6768, 0.6715, 0.6859, 0.6896, 0.6723, 0.6758, 0.6788, 0.6773, 0.6556, 0.6785, 0.6773, 0.6787, 0.6851, 0.6616, 0.6881, 0.6864, 0.6845, 0.687, 0.6973, 0.6667, 0.6907, 0.6964, 0.6784, 0.6905, 0.6857, 0.6885, 0.6828, 0.6871, 0.6761, 0.6744, 0.6683, 0.6618, 0.6848, 0.6931, 0.673, 0.6868, 0.685, 0.6847, 0.6762, 0.6792, 0.6929, 0.6759, 0.682, 0.6908, 0.6874, 0.6838, 0.6587, 0.6857, 0.6814, 0.6967, 0.6908, 0.6983, 0.6911, 0.647, 0.6603]
2026-08-19 19:47:22,815 - FINAL_CA_r200.log - INFO - Majority Class Accuracy: [0.6147, 0.675, 0.7453, 0.6947, 0.7327, 0.795, 0.7747, 0.7633, 0.74, 0.8017, 0.798, 0.7783, 0.7477, 0.7337, 0.743, 0.758, 0.7363, 0.7713, 0.746, 0.763, 0.7247, 0.7447, 0.669, 0.773, 0.658, 0.7323, 0.7327, 0.6787, 0.724, 0.674, 0.6873, 0.653, 0.707, 0.676, 0.7387, 0.5463, 0.643, 0.635, 0.6607, 0.6637, 0.6787, 0.6723, 0.766, 0.666, 0.7587, 0.7093, 0.711, 0.7333, 0.6627, 0.7393, 0.6697, 0.5837, 0.659, 0.7233, 0.6537, 0.6673, 0.6327, 0.686, 0.7103, 0.7063, 0.654, 0.6077, 0.709, 0.69, 0.5753, 0.669, 0.656, 0.6063, 0.6887, 0.6323, 0.6317, 0.604, 0.726, 0.5907, 0.533, 0.6173, 0.5997, 0.7097, 0.639, 0.6587, 0.6207, 0.592, 0.656, 0.6443, 0.6267, 0.63, 0.6607, 0.6243, 0.6057, 0.599, 0.569, 0.607, 0.5833, 0.5737, 0.6833, 0.6287, 0.6173, 0.587, 0.6043, 0.7007, 0.6877, 0.706, 0.6897, 0.7163, 0.576, 0.592, 0.5513, 0.6613, 0.662, 0.5607, 0.5927, 0.651, 0.5957, 0.515, 0.608, 0.6033, 0.585, 0.6117, 0.5643, 0.673, 0.629, 0.6783, 0.6077, 0.6923, 0.5957, 0.634, 0.6387, 0.5633, 0.6417, 0.628, 0.6357, 0.6207, 0.644, 0.548, 0.5597, 0.5233, 0.5137, 0.5737, 0.619, 0.553, 0.5997, 0.592, 0.607, 0.569, 0.5753, 0.6343, 0.5633, 0.5773, 0.594, 0.5937, 0.5943, 0.516, 0.608, 0.5753, 0.6433, 0.5993, 0.6267, 0.5973, 0.4843, 0.497]
2026-08-19 19:47:22,815 - FINAL_CA_r200.log - INFO - Medium Class Accuracy: [0.0522, 0.0432, 0.0725, 0.1398, 0.1787, 0.1855, 0.2685, 0.3197, 0.266, 0.312, 0.349, 0.4225, 0.4665, 0.4435, 0.3997, 0.4358, 0.4305, 0.4595, 0.4555, 0.4587, 0.5012, 0.4595, 0.5393, 0.5088, 0.5587, 0.5525, 0.542, 0.5563, 0.5753, 0.5903, 0.535, 0.5467, 0.5865, 0.5753, 0.5305, 0.5665, 0.5913, 0.5903, 0.6028, 0.605, 0.6088, 0.6085, 0.5767, 0.617, 0.5855, 0.6082, 0.6082, 0.586, 0.6058, 0.5857, 0.597, 0.6222, 0.6328, 0.5925, 0.5985, 0.6222, 0.6355, 0.6412, 0.6315, 0.6352, 0.6308, 0.6405, 0.6395, 0.6358, 0.6478, 0.6478, 0.6318, 0.6212, 0.6175, 0.647, 0.6468, 0.649, 0.6558, 0.6603, 0.6318, 0.6505, 0.6565, 0.647, 0.6663, 0.6637, 0.6548, 0.6358, 0.6677, 0.6505, 0.6422, 0.6522, 0.6498, 0.6552, 0.665, 0.6532, 0.6573, 0.67, 0.6567, 0.6535, 0.656, 0.678, 0.6705, 0.6653, 0.6435, 0.6505, 0.6623, 0.6548, 0.648, 0.654, 0.664, 0.6643, 0.6695, 0.6757, 0.6723, 0.6635, 0.6695, 0.6567, 0.6525, 0.6573, 0.6755, 0.6542, 0.6633, 0.6743, 0.6637, 0.6727, 0.6643, 0.6392, 0.6685, 0.673, 0.6518, 0.661, 0.6855, 0.6753, 0.6867, 0.6777, 0.6593, 0.6615, 0.6637, 0.6615, 0.6635, 0.6797, 0.6647, 0.6693, 0.6745, 0.6478, 0.6653, 0.6717, 0.649, 0.6703, 0.6623, 0.67, 0.6583, 0.6645, 0.6847, 0.6603, 0.6717, 0.6585, 0.658, 0.6783, 0.6845, 0.677, 0.6767, 0.6803, 0.6633, 0.6428]
2026-08-19 19:47:22,815 - FINAL_CA_r200.log - INFO - Minority Class Accuracy: [0.0, 0.0, 0.0, 0.0, 0.0, 0.0, 0.0013, 0.0273, 0.065, 0.005, 0.1677, 0.1677, 0.194, 0.1283, 0.155, 0.1843, 0.1827, 0.1557, 0.2823, 0.2333, 0.3307, 0.4287, 0.4977, 0.2703, 0.4893, 0.446, 0.3437, 0.475, 0.3747, 0.4447, 0.57, 0.5937, 0.5057, 0.581, 0.517, 0.692, 0.574, 0.6203, 0.54, 0.6177, 0.565, 0.6037, 0.496, 0.6013, 0.4753, 0.5947, 0.5537, 0.5797, 0.6247, 0.5847, 0.6813, 0.6813, 0.6463, 0.6193, 0.6757, 0.665, 0.6793, 0.5907, 0.6323, 0.5857, 0.66, 0.7053, 0.6043, 0.6477, 0.7233, 0.661, 0.7167, 0.6993, 0.69, 0.6973, 0.735, 0.7487, 0.657, 0.727, 0.7673, 0.734, 0.7553, 0.6653, 0.6987, 0.6857, 0.7357, 0.7567, 0.715, 0.734, 0.757, 0.7417, 0.6813, 0.724, 0.7473, 0.7573, 0.7617, 0.7477, 0.753, 0.7927, 0.6927, 0.733, 0.752, 0.7677, 0.7653, 0.7167, 0.6647, 0.6733, 0.7297, 0.695, 0.7817, 0.7783, 0.7943, 0.724, 0.7403, 0.7957, 0.7673, 0.736, 0.792, 0.794, 0.753, 0.782, 0.793, 0.773, 0.756, 0.7237, 0.7733, 0.751, 0.791, 0.7347, 0.7577, 0.787, 0.7687, 0.7977, 0.7443, 0.754, 0.7803, 0.7733, 0.7613, 0.8237, 0.8037, 0.798, 0.806, 0.8167, 0.792, 0.8267, 0.8027, 0.7957, 0.81, 0.7913, 0.8057, 0.782, 0.812, 0.81, 0.7957, 0.8173, 0.7893, 0.8017, 0.8003, 0.7917, 0.7663, 0.8007, 0.7987, 0.7993, 0.788, 0.847]
2026-08-19 19:47:22,815 - FINAL_CA_r200.log - INFO - === Head-Tail Evaluation ===
2026-08-19 19:47:22,815 - FINAL_CA_r200.log - INFO - Head Accuracy: 0.5803
2026-08-19 19:47:22,815 - FINAL_CA_r200.log - INFO - Tail Accuracy: 0.8470
2026-08-19 19:47:36,007 - FINAL_CA_r200.log - INFO - Round 161 selected clients: [3, 4, 8, 9, 11, 14, 17, 18]
2026-08-19 19:47:59,665 - FINAL_CA_r200.log - INFO - Round 161 | Global 0.6883 | Head 0.6403 | Tail 0.8003 | Many 0.5853 | Medium 0.6815 | Few 0.8003 | best_tail 0.8470@160 | rollback=False
2026-08-19 19:47:59,665 - FINAL_CA_r200.log - INFO - Round 162 selected clients: [1, 2, 7, 14, 15, 16, 18, 19]
2026-08-19 19:48:22,980 - FINAL_CA_r200.log - INFO - Round 162 | Global 0.6743 | Head 0.6034 | Tail 0.8397 | Many 0.5247 | Medium 0.6625 | Few 0.8397 | best_tail 0.8470@160 | rollback=False
2026-08-19 19:48:22,980 - FINAL_CA_r200.log - INFO - Round 163 selected clients: [5, 6, 7, 10, 11, 12, 13, 17]
2026-08-19 19:48:45,899 - FINAL_CA_r200.log - INFO - Round 163 | Global 0.6978 | Head 0.6526 | Tail 0.8033 | Many 0.6293 | Medium 0.6700 | Few 0.8033 | best_tail 0.8470@160 | rollback=False
2026-08-19 19:48:45,899 - FINAL_CA_r200.log - INFO - Round 164 selected clients: [0, 3, 6, 10, 12, 13, 15, 16]
2026-08-19 19:49:08,941 - FINAL_CA_r200.log - INFO - Round 164 | Global 0.6964 | Head 0.6501 | Tail 0.8043 | Many 0.6260 | Medium 0.6683 | Few 0.8043 | best_tail 0.8470@160 | rollback=False
2026-08-19 19:49:08,941 - FINAL_CA_r200.log - INFO - Round 165 selected clients: [3, 7, 9, 11, 13, 15, 17, 19]
2026-08-19 19:49:32,184 - FINAL_CA_r200.log - INFO - Round 165 | Global 0.6805 | Head 0.6306 | Tail 0.7970 | Many 0.5780 | Medium 0.6700 | Few 0.7970 | best_tail 0.8470@160 | rollback=False
2026-08-19 19:49:32,184 - FINAL_CA_r200.log - INFO - Round 166 selected clients: [1, 10, 11, 12, 13, 14, 16, 17]
2026-08-19 19:49:55,007 - FINAL_CA_r200.log - INFO - Round 166 | Global 0.7023 | Head 0.6766 | Tail 0.7623 | Many 0.6693 | Medium 0.6820 | Few 0.7623 | best_tail 0.8470@160 | rollback=False
2026-08-19 19:49:55,007 - FINAL_CA_r200.log - INFO - Round 167 selected clients: [3, 4, 7, 9, 10, 13, 14, 18]
2026-08-19 19:50:18,210 - FINAL_CA_r200.log - INFO - Round 167 | Global 0.6912 | Head 0.6519 | Tail 0.7830 | Many 0.6293 | Medium 0.6687 | Few 0.7830 | best_tail 0.8470@160 | rollback=False
2026-08-19 19:50:18,210 - FINAL_CA_r200.log - INFO - Round 168 selected clients: [0, 1, 3, 4, 10, 11, 14, 15]
2026-08-19 19:50:41,268 - FINAL_CA_r200.log - INFO - Round 168 | Global 0.6912 | Head 0.6543 | Tail 0.7773 | Many 0.6243 | Medium 0.6767 | Few 0.7773 | best_tail 0.8470@160 | rollback=False
2026-08-19 19:50:41,269 - FINAL_CA_r200.log - INFO - Round 169 selected clients: [0, 1, 4, 5, 7, 9, 16, 18]
2026-08-19 19:51:03,116 - FINAL_CA_r200.log - INFO - Round 169 | Global 0.6884 | Head 0.6393 | Tail 0.8030 | Many 0.6020 | Medium 0.6673 | Few 0.8030 | best_tail 0.8470@160 | rollback=False
2026-08-19 19:51:03,116 - FINAL_CA_r200.log - INFO - Round 170 selected clients: [1, 5, 6, 9, 11, 14, 15, 18]
2026-08-19 19:51:23,604 - FINAL_CA_r200.log - INFO - Round 170 | Global 0.6827 | Head 0.6346 | Tail 0.7950 | Many 0.5710 | Medium 0.6823 | Few 0.7950 | best_tail 0.8470@160 | rollback=False
2026-08-19 19:51:23,628 - FINAL_CA_r200.log - INFO - Global Accuracy: [0.2053, 0.2198, 0.2526, 0.2643, 0.2913, 0.3127, 0.3402, 0.3651, 0.3479, 0.3668, 0.4293, 0.4528, 0.4691, 0.436, 0.4293, 0.457, 0.4479, 0.4619, 0.4907, 0.4824, 0.5171, 0.5358, 0.5657, 0.5165, 0.5677, 0.5745, 0.5397, 0.5686, 0.5597, 0.5717, 0.5912, 0.5927, 0.5984, 0.6072, 0.5889, 0.5981, 0.6016, 0.6127, 0.6013, 0.6264, 0.6166, 0.6262, 0.6093, 0.627, 0.6044, 0.6345, 0.6227, 0.6283, 0.6285, 0.6315, 0.6441, 0.6284, 0.6447, 0.6398, 0.6382, 0.6486, 0.6478, 0.6395, 0.6554, 0.6417, 0.6465, 0.6501, 0.6498, 0.6556, 0.6487, 0.6581, 0.6645, 0.6402, 0.6606, 0.6577, 0.6687, 0.6654, 0.6772, 0.6594, 0.6428, 0.6656, 0.6691, 0.6713, 0.6678, 0.6688, 0.6688, 0.6589, 0.6784, 0.6737, 0.672, 0.6724, 0.6625, 0.6666, 0.6719, 0.6682, 0.6621, 0.6744, 0.6636, 0.6713, 0.6752, 0.6797, 0.679, 0.6725, 0.6683, 0.6854, 0.6706, 0.6757, 0.685, 0.685, 0.6729, 0.6768, 0.6715, 0.6859, 0.6896, 0.6723, 0.6758, 0.6788, 0.6773, 0.6556, 0.6785, 0.6773, 0.6787, 0.6851, 0.6616, 0.6881, 0.6864, 0.6845, 0.687, 0.6973, 0.6667, 0.6907, 0.6964, 0.6784, 0.6905, 0.6857, 0.6885, 0.6828, 0.6871, 0.6761, 0.6744, 0.6683, 0.6618, 0.6848, 0.6931, 0.673, 0.6868, 0.685, 0.6847, 0.6762, 0.6792, 0.6929, 0.6759, 0.682, 0.6908, 0.6874, 0.6838, 0.6587, 0.6857, 0.6814, 0.6967, 0.6908, 0.6983, 0.6911, 0.647, 0.6603, 0.6883, 0.6743, 0.6978, 0.6964, 0.6805, 0.7023, 0.6912, 0.6912, 0.6884, 0.6827]
2026-08-19 19:51:23,628 - FINAL_CA_r200.log - INFO - Majority Class Accuracy: [0.6147, 0.675, 0.7453, 0.6947, 0.7327, 0.795, 0.7747, 0.7633, 0.74, 0.8017, 0.798, 0.7783, 0.7477, 0.7337, 0.743, 0.758, 0.7363, 0.7713, 0.746, 0.763, 0.7247, 0.7447, 0.669, 0.773, 0.658, 0.7323, 0.7327, 0.6787, 0.724, 0.674, 0.6873, 0.653, 0.707, 0.676, 0.7387, 0.5463, 0.643, 0.635, 0.6607, 0.6637, 0.6787, 0.6723, 0.766, 0.666, 0.7587, 0.7093, 0.711, 0.7333, 0.6627, 0.7393, 0.6697, 0.5837, 0.659, 0.7233, 0.6537, 0.6673, 0.6327, 0.686, 0.7103, 0.7063, 0.654, 0.6077, 0.709, 0.69, 0.5753, 0.669, 0.656, 0.6063, 0.6887, 0.6323, 0.6317, 0.604, 0.726, 0.5907, 0.533, 0.6173, 0.5997, 0.7097, 0.639, 0.6587, 0.6207, 0.592, 0.656, 0.6443, 0.6267, 0.63, 0.6607, 0.6243, 0.6057, 0.599, 0.569, 0.607, 0.5833, 0.5737, 0.6833, 0.6287, 0.6173, 0.587, 0.6043, 0.7007, 0.6877, 0.706, 0.6897, 0.7163, 0.576, 0.592, 0.5513, 0.6613, 0.662, 0.5607, 0.5927, 0.651, 0.5957, 0.515, 0.608, 0.6033, 0.585, 0.6117, 0.5643, 0.673, 0.629, 0.6783, 0.6077, 0.6923, 0.5957, 0.634, 0.6387, 0.5633, 0.6417, 0.628, 0.6357, 0.6207, 0.644, 0.548, 0.5597, 0.5233, 0.5137, 0.5737, 0.619, 0.553, 0.5997, 0.592, 0.607, 0.569, 0.5753, 0.6343, 0.5633, 0.5773, 0.594, 0.5937, 0.5943, 0.516, 0.608, 0.5753, 0.6433, 0.5993, 0.6267, 0.5973, 0.4843, 0.497, 0.5853, 0.5247, 0.6293, 0.626, 0.578, 0.6693, 0.6293, 0.6243, 0.602, 0.571]
2026-08-19 19:51:23,630 - FINAL_CA_r200.log - INFO - Medium Class Accuracy: [0.0522, 0.0432, 0.0725, 0.1398, 0.1787, 0.1855, 0.2685, 0.3197, 0.266, 0.312, 0.349, 0.4225, 0.4665, 0.4435, 0.3997, 0.4358, 0.4305, 0.4595, 0.4555, 0.4587, 0.5012, 0.4595, 0.5393, 0.5088, 0.5587, 0.5525, 0.542, 0.5563, 0.5753, 0.5903, 0.535, 0.5467, 0.5865, 0.5753, 0.5305, 0.5665, 0.5913, 0.5903, 0.6028, 0.605, 0.6088, 0.6085, 0.5767, 0.617, 0.5855, 0.6082, 0.6082, 0.586, 0.6058, 0.5857, 0.597, 0.6222, 0.6328, 0.5925, 0.5985, 0.6222, 0.6355, 0.6412, 0.6315, 0.6352, 0.6308, 0.6405, 0.6395, 0.6358, 0.6478, 0.6478, 0.6318, 0.6212, 0.6175, 0.647, 0.6468, 0.649, 0.6558, 0.6603, 0.6318, 0.6505, 0.6565, 0.647, 0.6663, 0.6637, 0.6548, 0.6358, 0.6677, 0.6505, 0.6422, 0.6522, 0.6498, 0.6552, 0.665, 0.6532, 0.6573, 0.67, 0.6567, 0.6535, 0.656, 0.678, 0.6705, 0.6653, 0.6435, 0.6505, 0.6623, 0.6548, 0.648, 0.654, 0.664, 0.6643, 0.6695, 0.6757, 0.6723, 0.6635, 0.6695, 0.6567, 0.6525, 0.6573, 0.6755, 0.6542, 0.6633, 0.6743, 0.6637, 0.6727, 0.6643, 0.6392, 0.6685, 0.673, 0.6518, 0.661, 0.6855, 0.6753, 0.6867, 0.6777, 0.6593, 0.6615, 0.6637, 0.6615, 0.6635, 0.6797, 0.6647, 0.6693, 0.6745, 0.6478, 0.6653, 0.6717, 0.649, 0.6703, 0.6623, 0.67, 0.6583, 0.6645, 0.6847, 0.6603, 0.6717, 0.6585, 0.658, 0.6783, 0.6845, 0.677, 0.6767, 0.6803, 0.6633, 0.6428, 0.6815, 0.6625, 0.67, 0.6683, 0.67, 0.682, 0.6687, 0.6767, 0.6673, 0.6823]
2026-08-19 19:51:23,630 - FINAL_CA_r200.log - INFO - Minority Class Accuracy: [0.0, 0.0, 0.0, 0.0, 0.0, 0.0, 0.0013, 0.0273, 0.065, 0.005, 0.1677, 0.1677, 0.194, 0.1283, 0.155, 0.1843, 0.1827, 0.1557, 0.2823, 0.2333, 0.3307, 0.4287, 0.4977, 0.2703, 0.4893, 0.446, 0.3437, 0.475, 0.3747, 0.4447, 0.57, 0.5937, 0.5057, 0.581, 0.517, 0.692, 0.574, 0.6203, 0.54, 0.6177, 0.565, 0.6037, 0.496, 0.6013, 0.4753, 0.5947, 0.5537, 0.5797, 0.6247, 0.5847, 0.6813, 0.6813, 0.6463, 0.6193, 0.6757, 0.665, 0.6793, 0.5907, 0.6323, 0.5857, 0.66, 0.7053, 0.6043, 0.6477, 0.7233, 0.661, 0.7167, 0.6993, 0.69, 0.6973, 0.735, 0.7487, 0.657, 0.727, 0.7673, 0.734, 0.7553, 0.6653, 0.6987, 0.6857, 0.7357, 0.7567, 0.715, 0.734, 0.757, 0.7417, 0.6813, 0.724, 0.7473, 0.7573, 0.7617, 0.7477, 0.753, 0.7927, 0.6927, 0.733, 0.752, 0.7677, 0.7653, 0.7167, 0.6647, 0.6733, 0.7297, 0.695, 0.7817, 0.7783, 0.7943, 0.724, 0.7403, 0.7957, 0.7673, 0.736, 0.792, 0.794, 0.753, 0.782, 0.793, 0.773, 0.756, 0.7237, 0.7733, 0.751, 0.791, 0.7347, 0.7577, 0.787, 0.7687, 0.7977, 0.7443, 0.754, 0.7803, 0.7733, 0.7613, 0.8237, 0.8037, 0.798, 0.806, 0.8167, 0.792, 0.8267, 0.8027, 0.7957, 0.81, 0.7913, 0.8057, 0.782, 0.812, 0.81, 0.7957, 0.8173, 0.7893, 0.8017, 0.8003, 0.7917, 0.7663, 0.8007, 0.7987, 0.7993, 0.788, 0.847, 0.8003, 0.8397, 0.8033, 0.8043, 0.797, 0.7623, 0.783, 0.7773, 0.803, 0.795]
2026-08-19 19:51:23,630 - FINAL_CA_r200.log - INFO - === Head-Tail Evaluation ===
2026-08-19 19:51:23,630 - FINAL_CA_r200.log - INFO - Head Accuracy: 0.6346
2026-08-19 19:51:23,630 - FINAL_CA_r200.log - INFO - Tail Accuracy: 0.7950
2026-08-19 19:51:36,689 - FINAL_CA_r200.log - INFO - Round 171 selected clients: [0, 5, 6, 7, 8, 9, 12, 17]
2026-08-19 19:51:57,186 - FINAL_CA_r200.log - INFO - Round 171 | Global 0.6914 | Head 0.6350 | Tail 0.8230 | Many 0.5900 | Medium 0.6687 | Few 0.8230 | best_tail 0.8470@160 | rollback=False
2026-08-19 19:51:57,186 - FINAL_CA_r200.log - INFO - Round 172 selected clients: [4, 9, 10, 11, 13, 15, 17, 18]
2026-08-19 19:52:17,427 - FINAL_CA_r200.log - INFO - Round 172 | Global 0.6685 | Head 0.6284 | Tail 0.7620 | Many 0.5640 | Medium 0.6767 | Few 0.7620 | best_tail 0.8470@160 | rollback=False
2026-08-19 19:52:17,427 - FINAL_CA_r200.log - INFO - Round 173 selected clients: [0, 4, 7, 8, 9, 10, 13, 16]
2026-08-19 19:52:37,041 - FINAL_CA_r200.log - INFO - Round 173 | Global 0.6839 | Head 0.6530 | Tail 0.7560 | Many 0.6353 | Medium 0.6663 | Few 0.7560 | best_tail 0.8470@160 | rollback=False
2026-08-19 19:52:37,041 - FINAL_CA_r200.log - INFO - Round 174 selected clients: [1, 3, 4, 6, 12, 13, 15, 18]
2026-08-19 19:52:57,584 - FINAL_CA_r200.log - INFO - Round 174 | Global 0.6739 | Head 0.6116 | Tail 0.8193 | Many 0.5323 | Medium 0.6710 | Few 0.8193 | best_tail 0.8470@160 | rollback=False
2026-08-19 19:52:57,584 - FINAL_CA_r200.log - INFO - Round 175 selected clients: [1, 2, 4, 6, 8, 9, 11, 14]
2026-08-19 19:53:17,674 - FINAL_CA_r200.log - INFO - Round 175 | Global 0.6877 | Head 0.6484 | Tail 0.7793 | Many 0.5910 | Medium 0.6915 | Few 0.7793 | best_tail 0.8470@160 | rollback=False
2026-08-19 19:53:17,685 - FINAL_CA_r200.log - INFO - Round 176 selected clients: [1, 3, 5, 11, 12, 13, 14, 19]
2026-08-19 19:53:37,929 - FINAL_CA_r200.log - INFO - Round 176 | Global 0.6906 | Head 0.6363 | Tail 0.8173 | Many 0.5817 | Medium 0.6773 | Few 0.8173 | best_tail 0.8470@160 | rollback=False
2026-08-19 19:53:37,929 - FINAL_CA_r200.log - INFO - Round 177 selected clients: [1, 3, 5, 6, 8, 9, 10, 18]
2026-08-19 19:53:58,405 - FINAL_CA_r200.log - INFO - Round 177 | Global 0.6854 | Head 0.6254 | Tail 0.8253 | Many 0.5550 | Medium 0.6783 | Few 0.8253 | best_tail 0.8470@160 | rollback=False
2026-08-19 19:53:58,405 - FINAL_CA_r200.log - INFO - Round 178 selected clients: [2, 4, 5, 6, 7, 8, 9, 11]
2026-08-19 19:54:18,676 - FINAL_CA_r200.log - INFO - Round 178 | Global 0.6730 | Head 0.6181 | Tail 0.8010 | Many 0.5353 | Medium 0.6803 | Few 0.8010 | best_tail 0.8470@160 | rollback=False
2026-08-19 19:54:18,676 - FINAL_CA_r200.log - INFO - Round 179 selected clients: [0, 3, 4, 5, 7, 13, 15, 19]
2026-08-19 19:54:39,118 - FINAL_CA_r200.log - INFO - Round 179 | Global 0.6754 | Head 0.6171 | Tail 0.8113 | Many 0.5473 | Medium 0.6695 | Few 0.8113 | best_tail 0.8470@160 | rollback=False
2026-08-19 19:54:39,118 - FINAL_CA_r200.log - INFO - Round 180 selected clients: [3, 4, 6, 9, 10, 12, 14, 17]
2026-08-19 19:54:59,415 - FINAL_CA_r200.log - INFO - Round 180 | Global 0.6946 | Head 0.6441 | Tail 0.8123 | Many 0.6013 | Medium 0.6763 | Few 0.8123 | best_tail 0.8470@160 | rollback=False
2026-08-19 19:54:59,441 - FINAL_CA_r200.log - INFO - Global Accuracy: [0.2053, 0.2198, 0.2526, 0.2643, 0.2913, 0.3127, 0.3402, 0.3651, 0.3479, 0.3668, 0.4293, 0.4528, 0.4691, 0.436, 0.4293, 0.457, 0.4479, 0.4619, 0.4907, 0.4824, 0.5171, 0.5358, 0.5657, 0.5165, 0.5677, 0.5745, 0.5397, 0.5686, 0.5597, 0.5717, 0.5912, 0.5927, 0.5984, 0.6072, 0.5889, 0.5981, 0.6016, 0.6127, 0.6013, 0.6264, 0.6166, 0.6262, 0.6093, 0.627, 0.6044, 0.6345, 0.6227, 0.6283, 0.6285, 0.6315, 0.6441, 0.6284, 0.6447, 0.6398, 0.6382, 0.6486, 0.6478, 0.6395, 0.6554, 0.6417, 0.6465, 0.6501, 0.6498, 0.6556, 0.6487, 0.6581, 0.6645, 0.6402, 0.6606, 0.6577, 0.6687, 0.6654, 0.6772, 0.6594, 0.6428, 0.6656, 0.6691, 0.6713, 0.6678, 0.6688, 0.6688, 0.6589, 0.6784, 0.6737, 0.672, 0.6724, 0.6625, 0.6666, 0.6719, 0.6682, 0.6621, 0.6744, 0.6636, 0.6713, 0.6752, 0.6797, 0.679, 0.6725, 0.6683, 0.6854, 0.6706, 0.6757, 0.685, 0.685, 0.6729, 0.6768, 0.6715, 0.6859, 0.6896, 0.6723, 0.6758, 0.6788, 0.6773, 0.6556, 0.6785, 0.6773, 0.6787, 0.6851, 0.6616, 0.6881, 0.6864, 0.6845, 0.687, 0.6973, 0.6667, 0.6907, 0.6964, 0.6784, 0.6905, 0.6857, 0.6885, 0.6828, 0.6871, 0.6761, 0.6744, 0.6683, 0.6618, 0.6848, 0.6931, 0.673, 0.6868, 0.685, 0.6847, 0.6762, 0.6792, 0.6929, 0.6759, 0.682, 0.6908, 0.6874, 0.6838, 0.6587, 0.6857, 0.6814, 0.6967, 0.6908, 0.6983, 0.6911, 0.647, 0.6603, 0.6883, 0.6743, 0.6978, 0.6964, 0.6805, 0.7023, 0.6912, 0.6912, 0.6884, 0.6827, 0.6914, 0.6685, 0.6839, 0.6739, 0.6877, 0.6906, 0.6854, 0.673, 0.6754, 0.6946]
2026-08-19 19:54:59,441 - FINAL_CA_r200.log - INFO - Majority Class Accuracy: [0.6147, 0.675, 0.7453, 0.6947, 0.7327, 0.795, 0.7747, 0.7633, 0.74, 0.8017, 0.798, 0.7783, 0.7477, 0.7337, 0.743, 0.758, 0.7363, 0.7713, 0.746, 0.763, 0.7247, 0.7447, 0.669, 0.773, 0.658, 0.7323, 0.7327, 0.6787, 0.724, 0.674, 0.6873, 0.653, 0.707, 0.676, 0.7387, 0.5463, 0.643, 0.635, 0.6607, 0.6637, 0.6787, 0.6723, 0.766, 0.666, 0.7587, 0.7093, 0.711, 0.7333, 0.6627, 0.7393, 0.6697, 0.5837, 0.659, 0.7233, 0.6537, 0.6673, 0.6327, 0.686, 0.7103, 0.7063, 0.654, 0.6077, 0.709, 0.69, 0.5753, 0.669, 0.656, 0.6063, 0.6887, 0.6323, 0.6317, 0.604, 0.726, 0.5907, 0.533, 0.6173, 0.5997, 0.7097, 0.639, 0.6587, 0.6207, 0.592, 0.656, 0.6443, 0.6267, 0.63, 0.6607, 0.6243, 0.6057, 0.599, 0.569, 0.607, 0.5833, 0.5737, 0.6833, 0.6287, 0.6173, 0.587, 0.6043, 0.7007, 0.6877, 0.706, 0.6897, 0.7163, 0.576, 0.592, 0.5513, 0.6613, 0.662, 0.5607, 0.5927, 0.651, 0.5957, 0.515, 0.608, 0.6033, 0.585, 0.6117, 0.5643, 0.673, 0.629, 0.6783, 0.6077, 0.6923, 0.5957, 0.634, 0.6387, 0.5633, 0.6417, 0.628, 0.6357, 0.6207, 0.644, 0.548, 0.5597, 0.5233, 0.5137, 0.5737, 0.619, 0.553, 0.5997, 0.592, 0.607, 0.569, 0.5753, 0.6343, 0.5633, 0.5773, 0.594, 0.5937, 0.5943, 0.516, 0.608, 0.5753, 0.6433, 0.5993, 0.6267, 0.5973, 0.4843, 0.497, 0.5853, 0.5247, 0.6293, 0.626, 0.578, 0.6693, 0.6293, 0.6243, 0.602, 0.571, 0.59, 0.564, 0.6353, 0.5323, 0.591, 0.5817, 0.555, 0.5353, 0.5473, 0.6013]
2026-08-19 19:54:59,441 - FINAL_CA_r200.log - INFO - Medium Class Accuracy: [0.0522, 0.0432, 0.0725, 0.1398, 0.1787, 0.1855, 0.2685, 0.3197, 0.266, 0.312, 0.349, 0.4225, 0.4665, 0.4435, 0.3997, 0.4358, 0.4305, 0.4595, 0.4555, 0.4587, 0.5012, 0.4595, 0.5393, 0.5088, 0.5587, 0.5525, 0.542, 0.5563, 0.5753, 0.5903, 0.535, 0.5467, 0.5865, 0.5753, 0.5305, 0.5665, 0.5913, 0.5903, 0.6028, 0.605, 0.6088, 0.6085, 0.5767, 0.617, 0.5855, 0.6082, 0.6082, 0.586, 0.6058, 0.5857, 0.597, 0.6222, 0.6328, 0.5925, 0.5985, 0.6222, 0.6355, 0.6412, 0.6315, 0.6352, 0.6308, 0.6405, 0.6395, 0.6358, 0.6478, 0.6478, 0.6318, 0.6212, 0.6175, 0.647, 0.6468, 0.649, 0.6558, 0.6603, 0.6318, 0.6505, 0.6565, 0.647, 0.6663, 0.6637, 0.6548, 0.6358, 0.6677, 0.6505, 0.6422, 0.6522, 0.6498, 0.6552, 0.665, 0.6532, 0.6573, 0.67, 0.6567, 0.6535, 0.656, 0.678, 0.6705, 0.6653, 0.6435, 0.6505, 0.6623, 0.6548, 0.648, 0.654, 0.664, 0.6643, 0.6695, 0.6757, 0.6723, 0.6635, 0.6695, 0.6567, 0.6525, 0.6573, 0.6755, 0.6542, 0.6633, 0.6743, 0.6637, 0.6727, 0.6643, 0.6392, 0.6685, 0.673, 0.6518, 0.661, 0.6855, 0.6753, 0.6867, 0.6777, 0.6593, 0.6615, 0.6637, 0.6615, 0.6635, 0.6797, 0.6647, 0.6693, 0.6745, 0.6478, 0.6653, 0.6717, 0.649, 0.6703, 0.6623, 0.67, 0.6583, 0.6645, 0.6847, 0.6603, 0.6717, 0.6585, 0.658, 0.6783, 0.6845, 0.677, 0.6767, 0.6803, 0.6633, 0.6428, 0.6815, 0.6625, 0.67, 0.6683, 0.67, 0.682, 0.6687, 0.6767, 0.6673, 0.6823, 0.6687, 0.6767, 0.6663, 0.671, 0.6915, 0.6773, 0.6783, 0.6803, 0.6695, 0.6763]
2026-08-19 19:54:59,441 - FINAL_CA_r200.log - INFO - Minority Class Accuracy: [0.0, 0.0, 0.0, 0.0, 0.0, 0.0, 0.0013, 0.0273, 0.065, 0.005, 0.1677, 0.1677, 0.194, 0.1283, 0.155, 0.1843, 0.1827, 0.1557, 0.2823, 0.2333, 0.3307, 0.4287, 0.4977, 0.2703, 0.4893, 0.446, 0.3437, 0.475, 0.3747, 0.4447, 0.57, 0.5937, 0.5057, 0.581, 0.517, 0.692, 0.574, 0.6203, 0.54, 0.6177, 0.565, 0.6037, 0.496, 0.6013, 0.4753, 0.5947, 0.5537, 0.5797, 0.6247, 0.5847, 0.6813, 0.6813, 0.6463, 0.6193, 0.6757, 0.665, 0.6793, 0.5907, 0.6323, 0.5857, 0.66, 0.7053, 0.6043, 0.6477, 0.7233, 0.661, 0.7167, 0.6993, 0.69, 0.6973, 0.735, 0.7487, 0.657, 0.727, 0.7673, 0.734, 0.7553, 0.6653, 0.6987, 0.6857, 0.7357, 0.7567, 0.715, 0.734, 0.757, 0.7417, 0.6813, 0.724, 0.7473, 0.7573, 0.7617, 0.7477, 0.753, 0.7927, 0.6927, 0.733, 0.752, 0.7677, 0.7653, 0.7167, 0.6647, 0.6733, 0.7297, 0.695, 0.7817, 0.7783, 0.7943, 0.724, 0.7403, 0.7957, 0.7673, 0.736, 0.792, 0.794, 0.753, 0.782, 0.793, 0.773, 0.756, 0.7237, 0.7733, 0.751, 0.791, 0.7347, 0.7577, 0.787, 0.7687, 0.7977, 0.7443, 0.754, 0.7803, 0.7733, 0.7613, 0.8237, 0.8037, 0.798, 0.806, 0.8167, 0.792, 0.8267, 0.8027, 0.7957, 0.81, 0.7913, 0.8057, 0.782, 0.812, 0.81, 0.7957, 0.8173, 0.7893, 0.8017, 0.8003, 0.7917, 0.7663, 0.8007, 0.7987, 0.7993, 0.788, 0.847, 0.8003, 0.8397, 0.8033, 0.8043, 0.797, 0.7623, 0.783, 0.7773, 0.803, 0.795, 0.823, 0.762, 0.756, 0.8193, 0.7793, 0.8173, 0.8253, 0.801, 0.8113, 0.8123]
2026-08-19 19:54:59,441 - FINAL_CA_r200.log - INFO - === Head-Tail Evaluation ===
2026-08-19 19:54:59,441 - FINAL_CA_r200.log - INFO - Head Accuracy: 0.6441
2026-08-19 19:54:59,441 - FINAL_CA_r200.log - INFO - Tail Accuracy: 0.8123
2026-08-19 19:55:12,890 - FINAL_CA_r200.log - INFO - Round 181 selected clients: [0, 7, 11, 13, 14, 15, 16, 18]
2026-08-19 19:55:33,826 - FINAL_CA_r200.log - INFO - Round 181 | Global 0.6926 | Head 0.6459 | Tail 0.8017 | Many 0.6160 | Medium 0.6683 | Few 0.8017 | best_tail 0.8470@160 | rollback=False
2026-08-19 19:55:33,826 - FINAL_CA_r200.log - INFO - Round 182 selected clients: [2, 5, 8, 9, 14, 16, 17, 18]
2026-08-19 19:55:56,633 - FINAL_CA_r200.log - INFO - Round 182 | Global 0.6880 | Head 0.6313 | Tail 0.8203 | Many 0.5750 | Medium 0.6735 | Few 0.8203 | best_tail 0.8470@160 | rollback=False
2026-08-19 19:55:56,643 - FINAL_CA_r200.log - INFO - Round 183 selected clients: [1, 3, 6, 7, 8, 12, 18, 19]
2026-08-19 19:56:19,822 - FINAL_CA_r200.log - INFO - Round 183 | Global 0.6692 | Head 0.5909 | Tail 0.8520 | Many 0.5293 | Medium 0.6370 | Few 0.8520 | best_tail 0.8520@183 | rollback=False
2026-08-19 19:56:19,822 - FINAL_CA_r200.log - INFO - Round 184 selected clients: [0, 1, 6, 8, 9, 11, 15, 18]
2026-08-19 19:56:42,571 - FINAL_CA_r200.log - INFO - Round 184 | Global 0.6701 | Head 0.6110 | Tail 0.8080 | Many 0.5257 | Medium 0.6750 | Few 0.8080 | best_tail 0.8520@183 | rollback=False
2026-08-19 19:56:42,571 - FINAL_CA_r200.log - INFO - Round 185 selected clients: [0, 7, 8, 10, 12, 13, 15, 19]
2026-08-19 19:57:05,106 - FINAL_CA_r200.log - INFO - Round 185 | Global 0.6648 | Head 0.6027 | Tail 0.8097 | Many 0.5337 | Medium 0.6545 | Few 0.8097 | best_tail 0.8520@183 | rollback=False
2026-08-19 19:57:05,106 - FINAL_CA_r200.log - INFO - Round 186 selected clients: [2, 6, 7, 9, 10, 11, 14, 17]
2026-08-19 19:57:27,702 - FINAL_CA_r200.log - INFO - Round 186 | Global 0.6786 | Head 0.6233 | Tail 0.8077 | Many 0.5673 | Medium 0.6653 | Few 0.8077 | best_tail 0.8520@183 | rollback=False
2026-08-19 19:57:27,702 - FINAL_CA_r200.log - INFO - Round 187 selected clients: [0, 1, 5, 7, 8, 9, 17, 19]
2026-08-19 19:57:51,080 - FINAL_CA_r200.log - INFO - Round 187 | Global 0.6696 | Head 0.6060 | Tail 0.8180 | Many 0.5200 | Medium 0.6705 | Few 0.8180 | best_tail 0.8520@183 | rollback=False
2026-08-19 19:57:51,080 - FINAL_CA_r200.log - INFO - Round 188 selected clients: [0, 4, 6, 12, 14, 15, 18, 19]
2026-08-19 19:58:14,460 - FINAL_CA_r200.log - INFO - Round 188 | Global 0.6736 | Head 0.6121 | Tail 0.8170 | Many 0.5340 | Medium 0.6707 | Few 0.8170 | best_tail 0.8520@183 | rollback=False
2026-08-19 19:58:14,460 - FINAL_CA_r200.log - INFO - Round 189 selected clients: [0, 2, 7, 8, 9, 16, 17, 19]
2026-08-19 19:58:37,470 - FINAL_CA_r200.log - INFO - Round 189 | Global 0.6704 | Head 0.5970 | Tail 0.8417 | Many 0.5167 | Medium 0.6573 | Few 0.8417 | best_tail 0.8520@183 | rollback=False
2026-08-19 19:58:37,470 - FINAL_CA_r200.log - INFO - Round 190 selected clients: [1, 2, 4, 7, 8, 10, 12, 17]
2026-08-19 19:59:00,128 - FINAL_CA_r200.log - INFO - Round 190 | Global 0.6652 | Head 0.6017 | Tail 0.8133 | Many 0.5133 | Medium 0.6680 | Few 0.8133 | best_tail 0.8520@183 | rollback=False
2026-08-19 19:59:00,155 - FINAL_CA_r200.log - INFO - Global Accuracy: [0.2053, 0.2198, 0.2526, 0.2643, 0.2913, 0.3127, 0.3402, 0.3651, 0.3479, 0.3668, 0.4293, 0.4528, 0.4691, 0.436, 0.4293, 0.457, 0.4479, 0.4619, 0.4907, 0.4824, 0.5171, 0.5358, 0.5657, 0.5165, 0.5677, 0.5745, 0.5397, 0.5686, 0.5597, 0.5717, 0.5912, 0.5927, 0.5984, 0.6072, 0.5889, 0.5981, 0.6016, 0.6127, 0.6013, 0.6264, 0.6166, 0.6262, 0.6093, 0.627, 0.6044, 0.6345, 0.6227, 0.6283, 0.6285, 0.6315, 0.6441, 0.6284, 0.6447, 0.6398, 0.6382, 0.6486, 0.6478, 0.6395, 0.6554, 0.6417, 0.6465, 0.6501, 0.6498, 0.6556, 0.6487, 0.6581, 0.6645, 0.6402, 0.6606, 0.6577, 0.6687, 0.6654, 0.6772, 0.6594, 0.6428, 0.6656, 0.6691, 0.6713, 0.6678, 0.6688, 0.6688, 0.6589, 0.6784, 0.6737, 0.672, 0.6724, 0.6625, 0.6666, 0.6719, 0.6682, 0.6621, 0.6744, 0.6636, 0.6713, 0.6752, 0.6797, 0.679, 0.6725, 0.6683, 0.6854, 0.6706, 0.6757, 0.685, 0.685, 0.6729, 0.6768, 0.6715, 0.6859, 0.6896, 0.6723, 0.6758, 0.6788, 0.6773, 0.6556, 0.6785, 0.6773, 0.6787, 0.6851, 0.6616, 0.6881, 0.6864, 0.6845, 0.687, 0.6973, 0.6667, 0.6907, 0.6964, 0.6784, 0.6905, 0.6857, 0.6885, 0.6828, 0.6871, 0.6761, 0.6744, 0.6683, 0.6618, 0.6848, 0.6931, 0.673, 0.6868, 0.685, 0.6847, 0.6762, 0.6792, 0.6929, 0.6759, 0.682, 0.6908, 0.6874, 0.6838, 0.6587, 0.6857, 0.6814, 0.6967, 0.6908, 0.6983, 0.6911, 0.647, 0.6603, 0.6883, 0.6743, 0.6978, 0.6964, 0.6805, 0.7023, 0.6912, 0.6912, 0.6884, 0.6827, 0.6914, 0.6685, 0.6839, 0.6739, 0.6877, 0.6906, 0.6854, 0.673, 0.6754, 0.6946, 0.6926, 0.688, 0.6692, 0.6701, 0.6648, 0.6786, 0.6696, 0.6736, 0.6704, 0.6652]
2026-08-19 19:59:00,155 - FINAL_CA_r200.log - INFO - Majority Class Accuracy: [0.6147, 0.675, 0.7453, 0.6947, 0.7327, 0.795, 0.7747, 0.7633, 0.74, 0.8017, 0.798, 0.7783, 0.7477, 0.7337, 0.743, 0.758, 0.7363, 0.7713, 0.746, 0.763, 0.7247, 0.7447, 0.669, 0.773, 0.658, 0.7323, 0.7327, 0.6787, 0.724, 0.674, 0.6873, 0.653, 0.707, 0.676, 0.7387, 0.5463, 0.643, 0.635, 0.6607, 0.6637, 0.6787, 0.6723, 0.766, 0.666, 0.7587, 0.7093, 0.711, 0.7333, 0.6627, 0.7393, 0.6697, 0.5837, 0.659, 0.7233, 0.6537, 0.6673, 0.6327, 0.686, 0.7103, 0.7063, 0.654, 0.6077, 0.709, 0.69, 0.5753, 0.669, 0.656, 0.6063, 0.6887, 0.6323, 0.6317, 0.604, 0.726, 0.5907, 0.533, 0.6173, 0.5997, 0.7097, 0.639, 0.6587, 0.6207, 0.592, 0.656, 0.6443, 0.6267, 0.63, 0.6607, 0.6243, 0.6057, 0.599, 0.569, 0.607, 0.5833, 0.5737, 0.6833, 0.6287, 0.6173, 0.587, 0.6043, 0.7007, 0.6877, 0.706, 0.6897, 0.7163, 0.576, 0.592, 0.5513, 0.6613, 0.662, 0.5607, 0.5927, 0.651, 0.5957, 0.515, 0.608, 0.6033, 0.585, 0.6117, 0.5643, 0.673, 0.629, 0.6783, 0.6077, 0.6923, 0.5957, 0.634, 0.6387, 0.5633, 0.6417, 0.628, 0.6357, 0.6207, 0.644, 0.548, 0.5597, 0.5233, 0.5137, 0.5737, 0.619, 0.553, 0.5997, 0.592, 0.607, 0.569, 0.5753, 0.6343, 0.5633, 0.5773, 0.594, 0.5937, 0.5943, 0.516, 0.608, 0.5753, 0.6433, 0.5993, 0.6267, 0.5973, 0.4843, 0.497, 0.5853, 0.5247, 0.6293, 0.626, 0.578, 0.6693, 0.6293, 0.6243, 0.602, 0.571, 0.59, 0.564, 0.6353, 0.5323, 0.591, 0.5817, 0.555, 0.5353, 0.5473, 0.6013, 0.616, 0.575, 0.5293, 0.5257, 0.5337, 0.5673, 0.52, 0.534, 0.5167, 0.5133]
2026-08-19 19:59:00,155 - FINAL_CA_r200.log - INFO - Medium Class Accuracy: [0.0522, 0.0432, 0.0725, 0.1398, 0.1787, 0.1855, 0.2685, 0.3197, 0.266, 0.312, 0.349, 0.4225, 0.4665, 0.4435, 0.3997, 0.4358, 0.4305, 0.4595, 0.4555, 0.4587, 0.5012, 0.4595, 0.5393, 0.5088, 0.5587, 0.5525, 0.542, 0.5563, 0.5753, 0.5903, 0.535, 0.5467, 0.5865, 0.5753, 0.5305, 0.5665, 0.5913, 0.5903, 0.6028, 0.605, 0.6088, 0.6085, 0.5767, 0.617, 0.5855, 0.6082, 0.6082, 0.586, 0.6058, 0.5857, 0.597, 0.6222, 0.6328, 0.5925, 0.5985, 0.6222, 0.6355, 0.6412, 0.6315, 0.6352, 0.6308, 0.6405, 0.6395, 0.6358, 0.6478, 0.6478, 0.6318, 0.6212, 0.6175, 0.647, 0.6468, 0.649, 0.6558, 0.6603, 0.6318, 0.6505, 0.6565, 0.647, 0.6663, 0.6637, 0.6548, 0.6358, 0.6677, 0.6505, 0.6422, 0.6522, 0.6498, 0.6552, 0.665, 0.6532, 0.6573, 0.67, 0.6567, 0.6535, 0.656, 0.678, 0.6705, 0.6653, 0.6435, 0.6505, 0.6623, 0.6548, 0.648, 0.654, 0.664, 0.6643, 0.6695, 0.6757, 0.6723, 0.6635, 0.6695, 0.6567, 0.6525, 0.6573, 0.6755, 0.6542, 0.6633, 0.6743, 0.6637, 0.6727, 0.6643, 0.6392, 0.6685, 0.673, 0.6518, 0.661, 0.6855, 0.6753, 0.6867, 0.6777, 0.6593, 0.6615, 0.6637, 0.6615, 0.6635, 0.6797, 0.6647, 0.6693, 0.6745, 0.6478, 0.6653, 0.6717, 0.649, 0.6703, 0.6623, 0.67, 0.6583, 0.6645, 0.6847, 0.6603, 0.6717, 0.6585, 0.658, 0.6783, 0.6845, 0.677, 0.6767, 0.6803, 0.6633, 0.6428, 0.6815, 0.6625, 0.67, 0.6683, 0.67, 0.682, 0.6687, 0.6767, 0.6673, 0.6823, 0.6687, 0.6767, 0.6663, 0.671, 0.6915, 0.6773, 0.6783, 0.6803, 0.6695, 0.6763, 0.6683, 0.6735, 0.637, 0.675, 0.6545, 0.6653, 0.6705, 0.6707, 0.6573, 0.668]
2026-08-19 19:59:00,157 - FINAL_CA_r200.log - INFO - Minority Class Accuracy: [0.0, 0.0, 0.0, 0.0, 0.0, 0.0, 0.0013, 0.0273, 0.065, 0.005, 0.1677, 0.1677, 0.194, 0.1283, 0.155, 0.1843, 0.1827, 0.1557, 0.2823, 0.2333, 0.3307, 0.4287, 0.4977, 0.2703, 0.4893, 0.446, 0.3437, 0.475, 0.3747, 0.4447, 0.57, 0.5937, 0.5057, 0.581, 0.517, 0.692, 0.574, 0.6203, 0.54, 0.6177, 0.565, 0.6037, 0.496, 0.6013, 0.4753, 0.5947, 0.5537, 0.5797, 0.6247, 0.5847, 0.6813, 0.6813, 0.6463, 0.6193, 0.6757, 0.665, 0.6793, 0.5907, 0.6323, 0.5857, 0.66, 0.7053, 0.6043, 0.6477, 0.7233, 0.661, 0.7167, 0.6993, 0.69, 0.6973, 0.735, 0.7487, 0.657, 0.727, 0.7673, 0.734, 0.7553, 0.6653, 0.6987, 0.6857, 0.7357, 0.7567, 0.715, 0.734, 0.757, 0.7417, 0.6813, 0.724, 0.7473, 0.7573, 0.7617, 0.7477, 0.753, 0.7927, 0.6927, 0.733, 0.752, 0.7677, 0.7653, 0.7167, 0.6647, 0.6733, 0.7297, 0.695, 0.7817, 0.7783, 0.7943, 0.724, 0.7403, 0.7957, 0.7673, 0.736, 0.792, 0.794, 0.753, 0.782, 0.793, 0.773, 0.756, 0.7237, 0.7733, 0.751, 0.791, 0.7347, 0.7577, 0.787, 0.7687, 0.7977, 0.7443, 0.754, 0.7803, 0.7733, 0.7613, 0.8237, 0.8037, 0.798, 0.806, 0.8167, 0.792, 0.8267, 0.8027, 0.7957, 0.81, 0.7913, 0.8057, 0.782, 0.812, 0.81, 0.7957, 0.8173, 0.7893, 0.8017, 0.8003, 0.7917, 0.7663, 0.8007, 0.7987, 0.7993, 0.788, 0.847, 0.8003, 0.8397, 0.8033, 0.8043, 0.797, 0.7623, 0.783, 0.7773, 0.803, 0.795, 0.823, 0.762, 0.756, 0.8193, 0.7793, 0.8173, 0.8253, 0.801, 0.8113, 0.8123, 0.8017, 0.8203, 0.852, 0.808, 0.8097, 0.8077, 0.818, 0.817, 0.8417, 0.8133]
2026-08-19 19:59:00,157 - FINAL_CA_r200.log - INFO - === Head-Tail Evaluation ===
2026-08-19 19:59:00,157 - FINAL_CA_r200.log - INFO - Head Accuracy: 0.6017
2026-08-19 19:59:00,157 - FINAL_CA_r200.log - INFO - Tail Accuracy: 0.8133
2026-08-19 19:59:13,418 - FINAL_CA_r200.log - INFO - Round 191 selected clients: [0, 1, 4, 5, 9, 10, 11, 12]
2026-08-19 19:59:36,979 - FINAL_CA_r200.log - INFO - Round 191 | Global 0.6879 | Head 0.6376 | Tail 0.8053 | Many 0.5743 | Medium 0.6850 | Few 0.8053 | best_tail 0.8520@183 | rollback=False
2026-08-19 19:59:36,989 - FINAL_CA_r200.log - INFO - Round 192 selected clients: [0, 3, 7, 8, 9, 11, 15, 17]
2026-08-19 19:59:59,838 - FINAL_CA_r200.log - INFO - Round 192 | Global 0.6914 | Head 0.6484 | Tail 0.7917 | Many 0.5977 | Medium 0.6865 | Few 0.7917 | best_tail 0.8520@183 | rollback=False
2026-08-19 19:59:59,838 - FINAL_CA_r200.log - INFO - Round 193 selected clients: [1, 4, 5, 8, 10, 11, 13, 15]
2026-08-19 20:00:19,755 - FINAL_CA_r200.log - INFO - Round 193 | Global 0.6897 | Head 0.6434 | Tail 0.7977 | Many 0.6030 | Medium 0.6737 | Few 0.7977 | best_tail 0.8520@183 | rollback=False
2026-08-19 20:00:19,755 - FINAL_CA_r200.log - INFO - Round 194 selected clients: [4, 9, 10, 11, 12, 13, 16, 18]
2026-08-19 20:00:39,914 - FINAL_CA_r200.log - INFO - Round 194 | Global 0.6990 | Head 0.6567 | Tail 0.7977 | Many 0.6507 | Medium 0.6613 | Few 0.7977 | best_tail 0.8520@183 | rollback=False
2026-08-19 20:00:39,914 - FINAL_CA_r200.log - INFO - Round 195 selected clients: [2, 3, 4, 8, 10, 13, 14, 18]
2026-08-19 20:01:00,098 - FINAL_CA_r200.log - INFO - Round 195 | Global 0.6848 | Head 0.6343 | Tail 0.8027 | Many 0.5967 | Medium 0.6625 | Few 0.8027 | best_tail 0.8520@183 | rollback=False
2026-08-19 20:01:00,098 - FINAL_CA_r200.log - INFO - Round 196 selected clients: [1, 3, 5, 9, 14, 16, 18, 19]
2026-08-19 20:01:20,788 - FINAL_CA_r200.log - INFO - Round 196 | Global 0.6815 | Head 0.6147 | Tail 0.8373 | Many 0.5713 | Medium 0.6472 | Few 0.8373 | best_tail 0.8520@183 | rollback=False
2026-08-19 20:01:20,788 - FINAL_CA_r200.log - INFO - Round 197 selected clients: [0, 2, 6, 8, 10, 11, 15, 18]
2026-08-19 20:01:41,245 - FINAL_CA_r200.log - INFO - Round 197 | Global 0.6726 | Head 0.6069 | Tail 0.8260 | Many 0.5153 | Medium 0.6755 | Few 0.8260 | best_tail 0.8520@183 | rollback=False
2026-08-19 20:01:41,245 - FINAL_CA_r200.log - INFO - Round 198 selected clients: [2, 3, 4, 5, 6, 9, 12, 16]
2026-08-19 20:02:02,039 - FINAL_CA_r200.log - INFO - Round 198 | Global 0.6745 | Head 0.6079 | Tail 0.8300 | Many 0.5330 | Medium 0.6640 | Few 0.8300 | best_tail 0.8520@183 | rollback=False
2026-08-19 20:02:02,039 - FINAL_CA_r200.log - INFO - Round 199 selected clients: [1, 2, 3, 6, 9, 13, 14, 18]
2026-08-19 20:02:22,621 - FINAL_CA_r200.log - INFO - Round 199 | Global 0.6678 | Head 0.6036 | Tail 0.8177 | Many 0.5073 | Medium 0.6757 | Few 0.8177 | best_tail 0.8520@183 | rollback=False
2026-08-19 20:02:22,621 - FINAL_CA_r200.log - INFO - Round 200 selected clients: [1, 3, 8, 10, 13, 14, 17, 19]
2026-08-19 20:02:42,849 - FINAL_CA_r200.log - INFO - Round 200 | Global 0.6771 | Head 0.6143 | Tail 0.8237 | Many 0.5410 | Medium 0.6693 | Few 0.8237 | best_tail 0.8520@183 | rollback=False
2026-08-19 20:02:42,879 - FINAL_CA_r200.log - INFO - Global Accuracy: [0.2053, 0.2198, 0.2526, 0.2643, 0.2913, 0.3127, 0.3402, 0.3651, 0.3479, 0.3668, 0.4293, 0.4528, 0.4691, 0.436, 0.4293, 0.457, 0.4479, 0.4619, 0.4907, 0.4824, 0.5171, 0.5358, 0.5657, 0.5165, 0.5677, 0.5745, 0.5397, 0.5686, 0.5597, 0.5717, 0.5912, 0.5927, 0.5984, 0.6072, 0.5889, 0.5981, 0.6016, 0.6127, 0.6013, 0.6264, 0.6166, 0.6262, 0.6093, 0.627, 0.6044, 0.6345, 0.6227, 0.6283, 0.6285, 0.6315, 0.6441, 0.6284, 0.6447, 0.6398, 0.6382, 0.6486, 0.6478, 0.6395, 0.6554, 0.6417, 0.6465, 0.6501, 0.6498, 0.6556, 0.6487, 0.6581, 0.6645, 0.6402, 0.6606, 0.6577, 0.6687, 0.6654, 0.6772, 0.6594, 0.6428, 0.6656, 0.6691, 0.6713, 0.6678, 0.6688, 0.6688, 0.6589, 0.6784, 0.6737, 0.672, 0.6724, 0.6625, 0.6666, 0.6719, 0.6682, 0.6621, 0.6744, 0.6636, 0.6713, 0.6752, 0.6797, 0.679, 0.6725, 0.6683, 0.6854, 0.6706, 0.6757, 0.685, 0.685, 0.6729, 0.6768, 0.6715, 0.6859, 0.6896, 0.6723, 0.6758, 0.6788, 0.6773, 0.6556, 0.6785, 0.6773, 0.6787, 0.6851, 0.6616, 0.6881, 0.6864, 0.6845, 0.687, 0.6973, 0.6667, 0.6907, 0.6964, 0.6784, 0.6905, 0.6857, 0.6885, 0.6828, 0.6871, 0.6761, 0.6744, 0.6683, 0.6618, 0.6848, 0.6931, 0.673, 0.6868, 0.685, 0.6847, 0.6762, 0.6792, 0.6929, 0.6759, 0.682, 0.6908, 0.6874, 0.6838, 0.6587, 0.6857, 0.6814, 0.6967, 0.6908, 0.6983, 0.6911, 0.647, 0.6603, 0.6883, 0.6743, 0.6978, 0.6964, 0.6805, 0.7023, 0.6912, 0.6912, 0.6884, 0.6827, 0.6914, 0.6685, 0.6839, 0.6739, 0.6877, 0.6906, 0.6854, 0.673, 0.6754, 0.6946, 0.6926, 0.688, 0.6692, 0.6701, 0.6648, 0.6786, 0.6696, 0.6736, 0.6704, 0.6652, 0.6879, 0.6914, 0.6897, 0.699, 0.6848, 0.6815, 0.6726, 0.6745, 0.6678, 0.6771]
2026-08-19 20:02:42,879 - FINAL_CA_r200.log - INFO - Majority Class Accuracy: [0.6147, 0.675, 0.7453, 0.6947, 0.7327, 0.795, 0.7747, 0.7633, 0.74, 0.8017, 0.798, 0.7783, 0.7477, 0.7337, 0.743, 0.758, 0.7363, 0.7713, 0.746, 0.763, 0.7247, 0.7447, 0.669, 0.773, 0.658, 0.7323, 0.7327, 0.6787, 0.724, 0.674, 0.6873, 0.653, 0.707, 0.676, 0.7387, 0.5463, 0.643, 0.635, 0.6607, 0.6637, 0.6787, 0.6723, 0.766, 0.666, 0.7587, 0.7093, 0.711, 0.7333, 0.6627, 0.7393, 0.6697, 0.5837, 0.659, 0.7233, 0.6537, 0.6673, 0.6327, 0.686, 0.7103, 0.7063, 0.654, 0.6077, 0.709, 0.69, 0.5753, 0.669, 0.656, 0.6063, 0.6887, 0.6323, 0.6317, 0.604, 0.726, 0.5907, 0.533, 0.6173, 0.5997, 0.7097, 0.639, 0.6587, 0.6207, 0.592, 0.656, 0.6443, 0.6267, 0.63, 0.6607, 0.6243, 0.6057, 0.599, 0.569, 0.607, 0.5833, 0.5737, 0.6833, 0.6287, 0.6173, 0.587, 0.6043, 0.7007, 0.6877, 0.706, 0.6897, 0.7163, 0.576, 0.592, 0.5513, 0.6613, 0.662, 0.5607, 0.5927, 0.651, 0.5957, 0.515, 0.608, 0.6033, 0.585, 0.6117, 0.5643, 0.673, 0.629, 0.6783, 0.6077, 0.6923, 0.5957, 0.634, 0.6387, 0.5633, 0.6417, 0.628, 0.6357, 0.6207, 0.644, 0.548, 0.5597, 0.5233, 0.5137, 0.5737, 0.619, 0.553, 0.5997, 0.592, 0.607, 0.569, 0.5753, 0.6343, 0.5633, 0.5773, 0.594, 0.5937, 0.5943, 0.516, 0.608, 0.5753, 0.6433, 0.5993, 0.6267, 0.5973, 0.4843, 0.497, 0.5853, 0.5247, 0.6293, 0.626, 0.578, 0.6693, 0.6293, 0.6243, 0.602, 0.571, 0.59, 0.564, 0.6353, 0.5323, 0.591, 0.5817, 0.555, 0.5353, 0.5473, 0.6013, 0.616, 0.575, 0.5293, 0.5257, 0.5337, 0.5673, 0.52, 0.534, 0.5167, 0.5133, 0.5743, 0.5977, 0.603, 0.6507, 0.5967, 0.5713, 0.5153, 0.533, 0.5073, 0.541]
2026-08-19 20:02:42,879 - FINAL_CA_r200.log - INFO - Medium Class Accuracy: [0.0522, 0.0432, 0.0725, 0.1398, 0.1787, 0.1855, 0.2685, 0.3197, 0.266, 0.312, 0.349, 0.4225, 0.4665, 0.4435, 0.3997, 0.4358, 0.4305, 0.4595, 0.4555, 0.4587, 0.5012, 0.4595, 0.5393, 0.5088, 0.5587, 0.5525, 0.542, 0.5563, 0.5753, 0.5903, 0.535, 0.5467, 0.5865, 0.5753, 0.5305, 0.5665, 0.5913, 0.5903, 0.6028, 0.605, 0.6088, 0.6085, 0.5767, 0.617, 0.5855, 0.6082, 0.6082, 0.586, 0.6058, 0.5857, 0.597, 0.6222, 0.6328, 0.5925, 0.5985, 0.6222, 0.6355, 0.6412, 0.6315, 0.6352, 0.6308, 0.6405, 0.6395, 0.6358, 0.6478, 0.6478, 0.6318, 0.6212, 0.6175, 0.647, 0.6468, 0.649, 0.6558, 0.6603, 0.6318, 0.6505, 0.6565, 0.647, 0.6663, 0.6637, 0.6548, 0.6358, 0.6677, 0.6505, 0.6422, 0.6522, 0.6498, 0.6552, 0.665, 0.6532, 0.6573, 0.67, 0.6567, 0.6535, 0.656, 0.678, 0.6705, 0.6653, 0.6435, 0.6505, 0.6623, 0.6548, 0.648, 0.654, 0.664, 0.6643, 0.6695, 0.6757, 0.6723, 0.6635, 0.6695, 0.6567, 0.6525, 0.6573, 0.6755, 0.6542, 0.6633, 0.6743, 0.6637, 0.6727, 0.6643, 0.6392, 0.6685, 0.673, 0.6518, 0.661, 0.6855, 0.6753, 0.6867, 0.6777, 0.6593, 0.6615, 0.6637, 0.6615, 0.6635, 0.6797, 0.6647, 0.6693, 0.6745, 0.6478, 0.6653, 0.6717, 0.649, 0.6703, 0.6623, 0.67, 0.6583, 0.6645, 0.6847, 0.6603, 0.6717, 0.6585, 0.658, 0.6783, 0.6845, 0.677, 0.6767, 0.6803, 0.6633, 0.6428, 0.6815, 0.6625, 0.67, 0.6683, 0.67, 0.682, 0.6687, 0.6767, 0.6673, 0.6823, 0.6687, 0.6767, 0.6663, 0.671, 0.6915, 0.6773, 0.6783, 0.6803, 0.6695, 0.6763, 0.6683, 0.6735, 0.637, 0.675, 0.6545, 0.6653, 0.6705, 0.6707, 0.6573, 0.668, 0.685, 0.6865, 0.6737, 0.6613, 0.6625, 0.6472, 0.6755, 0.664, 0.6757, 0.6693]
2026-08-19 20:02:42,879 - FINAL_CA_r200.log - INFO - Minority Class Accuracy: [0.0, 0.0, 0.0, 0.0, 0.0, 0.0, 0.0013, 0.0273, 0.065, 0.005, 0.1677, 0.1677, 0.194, 0.1283, 0.155, 0.1843, 0.1827, 0.1557, 0.2823, 0.2333, 0.3307, 0.4287, 0.4977, 0.2703, 0.4893, 0.446, 0.3437, 0.475, 0.3747, 0.4447, 0.57, 0.5937, 0.5057, 0.581, 0.517, 0.692, 0.574, 0.6203, 0.54, 0.6177, 0.565, 0.6037, 0.496, 0.6013, 0.4753, 0.5947, 0.5537, 0.5797, 0.6247, 0.5847, 0.6813, 0.6813, 0.6463, 0.6193, 0.6757, 0.665, 0.6793, 0.5907, 0.6323, 0.5857, 0.66, 0.7053, 0.6043, 0.6477, 0.7233, 0.661, 0.7167, 0.6993, 0.69, 0.6973, 0.735, 0.7487, 0.657, 0.727, 0.7673, 0.734, 0.7553, 0.6653, 0.6987, 0.6857, 0.7357, 0.7567, 0.715, 0.734, 0.757, 0.7417, 0.6813, 0.724, 0.7473, 0.7573, 0.7617, 0.7477, 0.753, 0.7927, 0.6927, 0.733, 0.752, 0.7677, 0.7653, 0.7167, 0.6647, 0.6733, 0.7297, 0.695, 0.7817, 0.7783, 0.7943, 0.724, 0.7403, 0.7957, 0.7673, 0.736, 0.792, 0.794, 0.753, 0.782, 0.793, 0.773, 0.756, 0.7237, 0.7733, 0.751, 0.791, 0.7347, 0.7577, 0.787, 0.7687, 0.7977, 0.7443, 0.754, 0.7803, 0.7733, 0.7613, 0.8237, 0.8037, 0.798, 0.806, 0.8167, 0.792, 0.8267, 0.8027, 0.7957, 0.81, 0.7913, 0.8057, 0.782, 0.812, 0.81, 0.7957, 0.8173, 0.7893, 0.8017, 0.8003, 0.7917, 0.7663, 0.8007, 0.7987, 0.7993, 0.788, 0.847, 0.8003, 0.8397, 0.8033, 0.8043, 0.797, 0.7623, 0.783, 0.7773, 0.803, 0.795, 0.823, 0.762, 0.756, 0.8193, 0.7793, 0.8173, 0.8253, 0.801, 0.8113, 0.8123, 0.8017, 0.8203, 0.852, 0.808, 0.8097, 0.8077, 0.818, 0.817, 0.8417, 0.8133, 0.8053, 0.7917, 0.7977, 0.7977, 0.8027, 0.8373, 0.826, 0.83, 0.8177, 0.8237]
2026-08-19 20:02:42,879 - FINAL_CA_r200.log - INFO - === Head-Tail Evaluation ===
2026-08-19 20:02:42,879 - FINAL_CA_r200.log - INFO - Head Accuracy: 0.6143
2026-08-19 20:02:42,881 - FINAL_CA_r200.log - INFO - Tail Accuracy: 0.8237
2026-08-19 20:02:56,154 - FINAL_CA_r200.log - INFO - ========== FINISHED ==========
2026-08-19 20:02:56,154 - FINAL_CA_r200.log - INFO - Final Global: 0.6771
2026-08-19 20:02:56,154 - FINAL_CA_r200.log - INFO - Final Head: 0.6143
2026-08-19 20:02:56,154 - FINAL_CA_r200.log - INFO - Final Tail: 0.8237
2026-08-19 20:02:56,154 - FINAL_CA_r200.log - INFO - Best Tail: 0.8520 @ round 183
