2026-08-19 13:48:05,975 - FINAL_C_r200.log - INFO - ========== THESIS FINAL FedLF S/C/A ABLATION ==========\nvariant=c | S=OFF | C=ON | A=OFF\nimb_factor:0.01, non_iid:0.5, rs_alpha:0.5\nlr_local_training:0.1 (fixed FedLF baseline LR)\nnum_rounds:200, local_epochs:10\nbatch_size_local_training:32\nnum_online_clients:8\nS semantic_epsilon:0.75\nC confidence_alpha:0.7, warmup:30\nA server_tail_agg_weight:1.5\nbaseline:AdaptiveLogit+LocalCenters+FedDecorr+FedAvg\nformal_protocol:no_test_rollback\n
2026-08-19 13:48:11,534 - FINAL_C_r200.log - INFO - Global class counts: [5000, 2997, 1796, 1077, 645, 387, 232, 139, 83, 50]
2026-08-19 13:48:11,535 - FINAL_C_r200.log - INFO - Tail classes (<200): [7, 8, 9]
2026-08-19 13:48:11,559 - FINAL_C_r200.log - INFO - Round 1 selected clients: [0, 1, 3, 5, 8, 11, 15, 17]
2026-08-19 13:48:32,526 - FINAL_C_r200.log - INFO - Round 1 | Global 0.1775 | Head 0.2536 | Tail 0.0000 | Many 0.5503 | Medium 0.0310 | Few 0.0000 | best_tail 0.0000@1 | rollback=False
2026-08-19 13:48:32,526 - FINAL_C_r200.log - INFO - Round 2 selected clients: [4, 5, 7, 12, 14, 15, 16, 19]
2026-08-19 13:48:53,363 - FINAL_C_r200.log - INFO - Round 2 | Global 0.2289 | Head 0.3270 | Tail 0.0000 | Many 0.6930 | Medium 0.0525 | Few 0.0000 | best_tail 0.0000@2 | rollback=False
2026-08-19 13:48:53,363 - FINAL_C_r200.log - INFO - Round 3 selected clients: [0, 2, 5, 7, 10, 12, 16, 18]
2026-08-19 13:49:14,111 - FINAL_C_r200.log - INFO - Round 3 | Global 0.2446 | Head 0.3494 | Tail 0.0000 | Many 0.6653 | Medium 0.1125 | Few 0.0000 | best_tail 0.0000@3 | rollback=False
2026-08-19 13:49:14,111 - FINAL_C_r200.log - INFO - Round 4 selected clients: [0, 4, 6, 8, 9, 11, 17, 18]
2026-08-19 13:49:35,448 - FINAL_C_r200.log - INFO - Round 4 | Global 0.2502 | Head 0.3574 | Tail 0.0000 | Many 0.6817 | Medium 0.1143 | Few 0.0000 | best_tail 0.0000@4 | rollback=False
2026-08-19 13:49:35,448 - FINAL_C_r200.log - INFO - Round 5 selected clients: [0, 2, 5, 9, 10, 12, 16, 19]
2026-08-19 13:49:57,261 - FINAL_C_r200.log - INFO - Round 5 | Global 0.2971 | Head 0.4244 | Tail 0.0000 | Many 0.7390 | Medium 0.1885 | Few 0.0000 | best_tail 0.0000@5 | rollback=False
2026-08-19 13:49:57,261 - FINAL_C_r200.log - INFO - Round 6 selected clients: [1, 3, 4, 5, 9, 10, 15, 16]
2026-08-19 13:50:18,891 - FINAL_C_r200.log - INFO - Round 6 | Global 0.3142 | Head 0.4489 | Tail 0.0000 | Many 0.7863 | Medium 0.1958 | Few 0.0000 | best_tail 0.0000@6 | rollback=False
2026-08-19 13:50:18,891 - FINAL_C_r200.log - INFO - Round 7 selected clients: [2, 3, 5, 9, 10, 12, 13, 16]
2026-08-19 13:50:39,842 - FINAL_C_r200.log - INFO - Round 7 | Global 0.3213 | Head 0.4590 | Tail 0.0000 | Many 0.8060 | Medium 0.1988 | Few 0.0000 | best_tail 0.0000@7 | rollback=False
2026-08-19 13:50:39,842 - FINAL_C_r200.log - INFO - Round 8 selected clients: [1, 3, 5, 7, 11, 15, 17, 18]
2026-08-19 13:51:01,233 - FINAL_C_r200.log - INFO - Round 8 | Global 0.3420 | Head 0.4886 | Tail 0.0000 | Many 0.7573 | Medium 0.2870 | Few 0.0000 | best_tail 0.0000@8 | rollback=False
2026-08-19 13:51:01,233 - FINAL_C_r200.log - INFO - Round 9 selected clients: [0, 4, 7, 8, 9, 11, 13, 17]
2026-08-19 13:51:21,915 - FINAL_C_r200.log - INFO - Round 9 | Global 0.3064 | Head 0.4377 | Tail 0.0000 | Many 0.6813 | Medium 0.2550 | Few 0.0000 | best_tail 0.0000@8 | rollback=False
2026-08-19 13:51:21,915 - FINAL_C_r200.log - INFO - Round 10 selected clients: [1, 2, 4, 5, 7, 9, 15, 16]
2026-08-19 13:51:42,025 - FINAL_C_r200.log - INFO - Round 10 | Global 0.3419 | Head 0.4884 | Tail 0.0000 | Many 0.7910 | Medium 0.2615 | Few 0.0000 | best_tail 0.0000@8 | rollback=False
2026-08-19 13:51:42,053 - FINAL_C_r200.log - INFO - Global Accuracy: [0.1775, 0.2289, 0.2446, 0.2502, 0.2971, 0.3142, 0.3213, 0.342, 0.3064, 0.3419]
2026-08-19 13:51:42,053 - FINAL_C_r200.log - INFO - Majority Class Accuracy: [0.5503, 0.693, 0.6653, 0.6817, 0.739, 0.7863, 0.806, 0.7573, 0.6813, 0.791]
2026-08-19 13:51:42,053 - FINAL_C_r200.log - INFO - Medium Class Accuracy: [0.031, 0.0525, 0.1125, 0.1143, 0.1885, 0.1958, 0.1988, 0.287, 0.255, 0.2615]
2026-08-19 13:51:42,053 - FINAL_C_r200.log - INFO - Minority Class Accuracy: [0.0, 0.0, 0.0, 0.0, 0.0, 0.0, 0.0, 0.0, 0.0, 0.0]
2026-08-19 13:51:42,054 - FINAL_C_r200.log - INFO - === Head-Tail Evaluation ===
2026-08-19 13:51:42,054 - FINAL_C_r200.log - INFO - Head Accuracy: 0.4884
2026-08-19 13:51:42,054 - FINAL_C_r200.log - INFO - Tail Accuracy: 0.0000
2026-08-19 13:52:00,801 - FINAL_C_r200.log - INFO - Round 11 selected clients: [1, 2, 4, 6, 12, 13, 16, 17]
2026-08-19 13:52:22,002 - FINAL_C_r200.log - INFO - Round 11 | Global 0.3622 | Head 0.5174 | Tail 0.0000 | Many 0.8337 | Medium 0.2802 | Few 0.0000 | best_tail 0.0000@11 | rollback=False
2026-08-19 13:52:22,002 - FINAL_C_r200.log - INFO - Round 12 selected clients: [3, 6, 8, 9, 11, 14, 17, 18]
2026-08-19 13:52:43,736 - FINAL_C_r200.log - INFO - Round 12 | Global 0.4018 | Head 0.5607 | Tail 0.0310 | Many 0.7760 | Medium 0.3992 | Few 0.0310 | best_tail 0.0310@12 | rollback=False
2026-08-19 13:52:43,736 - FINAL_C_r200.log - INFO - Round 13 selected clients: [2, 6, 8, 9, 12, 13, 14, 19]
2026-08-19 13:53:04,958 - FINAL_C_r200.log - INFO - Round 13 | Global 0.3985 | Head 0.5581 | Tail 0.0260 | Many 0.7813 | Medium 0.3907 | Few 0.0260 | best_tail 0.0310@12 | rollback=False
2026-08-19 13:53:04,958 - FINAL_C_r200.log - INFO - Round 14 selected clients: [1, 4, 5, 9, 10, 11, 12, 19]
2026-08-19 13:53:26,006 - FINAL_C_r200.log - INFO - Round 14 | Global 0.3979 | Head 0.5636 | Tail 0.0113 | Many 0.7510 | Medium 0.4230 | Few 0.0113 | best_tail 0.0310@12 | rollback=False
2026-08-19 13:53:26,006 - FINAL_C_r200.log - INFO - Round 15 selected clients: [4, 5, 7, 12, 13, 14, 16, 19]
2026-08-19 13:53:46,256 - FINAL_C_r200.log - INFO - Round 15 | Global 0.4018 | Head 0.5637 | Tail 0.0240 | Many 0.7627 | Medium 0.4145 | Few 0.0240 | best_tail 0.0310@12 | rollback=False
2026-08-19 13:53:46,256 - FINAL_C_r200.log - INFO - Round 16 selected clients: [1, 4, 6, 9, 11, 13, 14, 18]
2026-08-19 13:54:07,196 - FINAL_C_r200.log - INFO - Round 16 | Global 0.3819 | Head 0.5343 | Tail 0.0263 | Many 0.7843 | Medium 0.3468 | Few 0.0263 | best_tail 0.0310@12 | rollback=False
2026-08-19 13:54:07,196 - FINAL_C_r200.log - INFO - Round 17 selected clients: [4, 6, 7, 9, 11, 12, 14, 16]
2026-08-19 13:54:28,364 - FINAL_C_r200.log - INFO - Round 17 | Global 0.4034 | Head 0.5630 | Tail 0.0310 | Many 0.7733 | Medium 0.4052 | Few 0.0310 | best_tail 0.0310@17 | rollback=False
2026-08-19 13:54:28,364 - FINAL_C_r200.log - INFO - Round 18 selected clients: [1, 3, 4, 7, 8, 9, 12, 18]
2026-08-19 13:54:49,377 - FINAL_C_r200.log - INFO - Round 18 | Global 0.4112 | Head 0.5809 | Tail 0.0153 | Many 0.7860 | Medium 0.4270 | Few 0.0153 | best_tail 0.0310@17 | rollback=False
2026-08-19 13:54:49,377 - FINAL_C_r200.log - INFO - Round 19 selected clients: [1, 6, 7, 8, 9, 10, 11, 19]
2026-08-19 13:55:10,143 - FINAL_C_r200.log - INFO - Round 19 | Global 0.3848 | Head 0.5323 | Tail 0.0407 | Many 0.7530 | Medium 0.3668 | Few 0.0407 | best_tail 0.0407@19 | rollback=False
2026-08-19 13:55:10,143 - FINAL_C_r200.log - INFO - Round 20 selected clients: [3, 4, 6, 10, 11, 13, 14, 17]
2026-08-19 13:55:31,003 - FINAL_C_r200.log - INFO - Round 20 | Global 0.4346 | Head 0.5931 | Tail 0.0647 | Many 0.7967 | Medium 0.4405 | Few 0.0647 | best_tail 0.0647@20 | rollback=False
2026-08-19 13:55:31,019 - FINAL_C_r200.log - INFO - Global Accuracy: [0.1775, 0.2289, 0.2446, 0.2502, 0.2971, 0.3142, 0.3213, 0.342, 0.3064, 0.3419, 0.3622, 0.4018, 0.3985, 0.3979, 0.4018, 0.3819, 0.4034, 0.4112, 0.3848, 0.4346]
2026-08-19 13:55:31,019 - FINAL_C_r200.log - INFO - Majority Class Accuracy: [0.5503, 0.693, 0.6653, 0.6817, 0.739, 0.7863, 0.806, 0.7573, 0.6813, 0.791, 0.8337, 0.776, 0.7813, 0.751, 0.7627, 0.7843, 0.7733, 0.786, 0.753, 0.7967]
2026-08-19 13:55:31,019 - FINAL_C_r200.log - INFO - Medium Class Accuracy: [0.031, 0.0525, 0.1125, 0.1143, 0.1885, 0.1958, 0.1988, 0.287, 0.255, 0.2615, 0.2802, 0.3992, 0.3907, 0.423, 0.4145, 0.3468, 0.4052, 0.427, 0.3668, 0.4405]
2026-08-19 13:55:31,027 - FINAL_C_r200.log - INFO - Minority Class Accuracy: [0.0, 0.0, 0.0, 0.0, 0.0, 0.0, 0.0, 0.0, 0.0, 0.0, 0.0, 0.031, 0.026, 0.0113, 0.024, 0.0263, 0.031, 0.0153, 0.0407, 0.0647]
2026-08-19 13:55:31,027 - FINAL_C_r200.log - INFO - === Head-Tail Evaluation ===
2026-08-19 13:55:31,027 - FINAL_C_r200.log - INFO - Head Accuracy: 0.5931
2026-08-19 13:55:31,027 - FINAL_C_r200.log - INFO - Tail Accuracy: 0.0647
2026-08-19 13:55:46,629 - FINAL_C_r200.log - INFO - Round 21 selected clients: [3, 4, 13, 14, 15, 17, 18, 19]
2026-08-19 13:56:08,166 - FINAL_C_r200.log - INFO - Round 21 | Global 0.4375 | Head 0.5973 | Tail 0.0647 | Many 0.7403 | Medium 0.4900 | Few 0.0647 | best_tail 0.0647@21 | rollback=False
2026-08-19 13:56:08,166 - FINAL_C_r200.log - INFO - Round 22 selected clients: [4, 5, 8, 10, 16, 17, 18, 19]
2026-08-19 13:56:26,661 - FINAL_C_r200.log - INFO - Round 22 | Global 0.4613 | Head 0.6049 | Tail 0.1263 | Many 0.7857 | Medium 0.4693 | Few 0.1263 | best_tail 0.1263@22 | rollback=False
2026-08-19 13:56:26,661 - FINAL_C_r200.log - INFO - Round 23 selected clients: [1, 2, 3, 6, 8, 13, 15, 19]
2026-08-19 13:56:45,658 - FINAL_C_r200.log - INFO - Round 23 | Global 0.4753 | Head 0.6196 | Tail 0.1387 | Many 0.7630 | Medium 0.5120 | Few 0.1387 | best_tail 0.1387@23 | rollback=False
2026-08-19 13:56:45,658 - FINAL_C_r200.log - INFO - Round 24 selected clients: [3, 4, 5, 8, 10, 13, 14, 17]
2026-08-19 13:57:03,809 - FINAL_C_r200.log - INFO - Round 24 | Global 0.4710 | Head 0.6174 | Tail 0.1293 | Many 0.7997 | Medium 0.4808 | Few 0.1293 | best_tail 0.1387@23 | rollback=False
2026-08-19 13:57:03,809 - FINAL_C_r200.log - INFO - Round 25 selected clients: [2, 3, 6, 9, 10, 12, 15, 18]
2026-08-19 13:57:23,905 - FINAL_C_r200.log - INFO - Round 25 | Global 0.4927 | Head 0.6296 | Tail 0.1733 | Many 0.7323 | Medium 0.5525 | Few 0.1733 | best_tail 0.1733@25 | rollback=False
2026-08-19 13:57:23,915 - FINAL_C_r200.log - INFO - Round 26 selected clients: [1, 2, 5, 6, 7, 8, 12, 16]
2026-08-19 13:57:43,004 - FINAL_C_r200.log - INFO - Round 26 | Global 0.4936 | Head 0.6396 | Tail 0.1530 | Many 0.8113 | Medium 0.5108 | Few 0.1530 | best_tail 0.1733@25 | rollback=False
2026-08-19 13:57:43,004 - FINAL_C_r200.log - INFO - Round 27 selected clients: [5, 6, 8, 10, 12, 13, 14, 17]
2026-08-19 13:58:01,786 - FINAL_C_r200.log - INFO - Round 27 | Global 0.4979 | Head 0.6427 | Tail 0.1600 | Many 0.7813 | Medium 0.5387 | Few 0.1600 | best_tail 0.1733@25 | rollback=False
2026-08-19 13:58:01,786 - FINAL_C_r200.log - INFO - Round 28 selected clients: [1, 3, 5, 6, 7, 8, 14, 19]
2026-08-19 13:58:20,550 - FINAL_C_r200.log - INFO - Round 28 | Global 0.5030 | Head 0.6277 | Tail 0.2120 | Many 0.7677 | Medium 0.5228 | Few 0.2120 | best_tail 0.2120@28 | rollback=False
2026-08-19 13:58:20,550 - FINAL_C_r200.log - INFO - Round 29 selected clients: [3, 4, 5, 8, 12, 14, 15, 16]
2026-08-19 13:58:39,204 - FINAL_C_r200.log - INFO - Round 29 | Global 0.5035 | Head 0.6563 | Tail 0.1470 | Many 0.7673 | Medium 0.5730 | Few 0.1470 | best_tail 0.2120@28 | rollback=False
2026-08-19 13:58:39,214 - FINAL_C_r200.log - INFO - Round 30 selected clients: [5, 6, 11, 13, 14, 15, 16, 19]
2026-08-19 13:58:58,084 - FINAL_C_r200.log - INFO - Round 30 | Global 0.5165 | Head 0.6580 | Tail 0.1863 | Many 0.8167 | Medium 0.5390 | Few 0.1863 | best_tail 0.2120@28 | rollback=False
2026-08-19 13:58:58,112 - FINAL_C_r200.log - INFO - Global Accuracy: [0.1775, 0.2289, 0.2446, 0.2502, 0.2971, 0.3142, 0.3213, 0.342, 0.3064, 0.3419, 0.3622, 0.4018, 0.3985, 0.3979, 0.4018, 0.3819, 0.4034, 0.4112, 0.3848, 0.4346, 0.4375, 0.4613, 0.4753, 0.471, 0.4927, 0.4936, 0.4979, 0.503, 0.5035, 0.5165]
2026-08-19 13:58:58,112 - FINAL_C_r200.log - INFO - Majority Class Accuracy: [0.5503, 0.693, 0.6653, 0.6817, 0.739, 0.7863, 0.806, 0.7573, 0.6813, 0.791, 0.8337, 0.776, 0.7813, 0.751, 0.7627, 0.7843, 0.7733, 0.786, 0.753, 0.7967, 0.7403, 0.7857, 0.763, 0.7997, 0.7323, 0.8113, 0.7813, 0.7677, 0.7673, 0.8167]
2026-08-19 13:58:58,112 - FINAL_C_r200.log - INFO - Medium Class Accuracy: [0.031, 0.0525, 0.1125, 0.1143, 0.1885, 0.1958, 0.1988, 0.287, 0.255, 0.2615, 0.2802, 0.3992, 0.3907, 0.423, 0.4145, 0.3468, 0.4052, 0.427, 0.3668, 0.4405, 0.49, 0.4693, 0.512, 0.4808, 0.5525, 0.5108, 0.5387, 0.5228, 0.573, 0.539]
2026-08-19 13:58:58,112 - FINAL_C_r200.log - INFO - Minority Class Accuracy: [0.0, 0.0, 0.0, 0.0, 0.0, 0.0, 0.0, 0.0, 0.0, 0.0, 0.0, 0.031, 0.026, 0.0113, 0.024, 0.0263, 0.031, 0.0153, 0.0407, 0.0647, 0.0647, 0.1263, 0.1387, 0.1293, 0.1733, 0.153, 0.16, 0.212, 0.147, 0.1863]
2026-08-19 13:58:58,112 - FINAL_C_r200.log - INFO - === Head-Tail Evaluation ===
2026-08-19 13:58:58,112 - FINAL_C_r200.log - INFO - Head Accuracy: 0.6580
2026-08-19 13:58:58,113 - FINAL_C_r200.log - INFO - Tail Accuracy: 0.1863
2026-08-19 13:59:13,753 - FINAL_C_r200.log - INFO - Round 31 selected clients: [1, 4, 6, 7, 9, 11, 14, 19]
2026-08-19 13:59:33,829 - FINAL_C_r200.log - INFO - Round 31 | Global 0.4751 | Head 0.6289 | Tail 0.1163 | Many 0.8063 | Medium 0.4958 | Few 0.1163 | best_tail 0.2120@28 | rollback=False
2026-08-19 13:59:33,829 - FINAL_C_r200.log - INFO - Round 32 selected clients: [0, 1, 5, 6, 7, 9, 12, 19]
2026-08-19 13:59:53,786 - FINAL_C_r200.log - INFO - Round 32 | Global 0.5140 | Head 0.6353 | Tail 0.2310 | Many 0.7990 | Medium 0.5125 | Few 0.2310 | best_tail 0.2310@32 | rollback=False
2026-08-19 13:59:53,786 - FINAL_C_r200.log - INFO - Round 33 selected clients: [3, 5, 7, 11, 14, 15, 16, 17]
2026-08-19 14:00:13,525 - FINAL_C_r200.log - INFO - Round 33 | Global 0.5137 | Head 0.6533 | Tail 0.1880 | Many 0.7700 | Medium 0.5657 | Few 0.1880 | best_tail 0.2310@32 | rollback=False
2026-08-19 14:00:13,525 - FINAL_C_r200.log - INFO - Round 34 selected clients: [6, 8, 9, 10, 13, 14, 16, 18]
2026-08-19 14:00:32,895 - FINAL_C_r200.log - INFO - Round 34 | Global 0.5403 | Head 0.6650 | Tail 0.2493 | Many 0.8313 | Medium 0.5403 | Few 0.2493 | best_tail 0.2493@34 | rollback=False
2026-08-19 14:00:32,895 - FINAL_C_r200.log - INFO - Round 35 selected clients: [0, 4, 5, 8, 10, 12, 13, 19]
2026-08-19 14:00:51,717 - FINAL_C_r200.log - INFO - Round 35 | Global 0.5055 | Head 0.6537 | Tail 0.1597 | Many 0.8137 | Medium 0.5337 | Few 0.1597 | best_tail 0.2493@34 | rollback=False
2026-08-19 14:00:51,717 - FINAL_C_r200.log - INFO - Round 36 selected clients: [1, 2, 3, 6, 7, 8, 10, 18]
2026-08-19 14:01:11,605 - FINAL_C_r200.log - INFO - Round 36 | Global 0.5515 | Head 0.6494 | Tail 0.3230 | Many 0.7783 | Medium 0.5527 | Few 0.3230 | best_tail 0.3230@36 | rollback=False
2026-08-19 14:01:11,605 - FINAL_C_r200.log - INFO - Round 37 selected clients: [1, 3, 7, 9, 10, 11, 15, 17]
2026-08-19 14:01:31,458 - FINAL_C_r200.log - INFO - Round 37 | Global 0.5376 | Head 0.6611 | Tail 0.2493 | Many 0.7550 | Medium 0.5907 | Few 0.2493 | best_tail 0.3230@36 | rollback=False
2026-08-19 14:01:31,458 - FINAL_C_r200.log - INFO - Round 38 selected clients: [1, 2, 6, 9, 12, 13, 14, 18]
2026-08-19 14:01:51,059 - FINAL_C_r200.log - INFO - Round 38 | Global 0.5656 | Head 0.6736 | Tail 0.3137 | Many 0.7850 | Medium 0.5900 | Few 0.3137 | best_tail 0.3230@36 | rollback=False
2026-08-19 14:01:51,059 - FINAL_C_r200.log - INFO - Round 39 selected clients: [0, 2, 3, 11, 12, 13, 15, 19]
2026-08-19 14:02:10,949 - FINAL_C_r200.log - INFO - Round 39 | Global 0.5741 | Head 0.6827 | Tail 0.3207 | Many 0.7910 | Medium 0.6015 | Few 0.3207 | best_tail 0.3230@36 | rollback=False
2026-08-19 14:02:10,949 - FINAL_C_r200.log - INFO - Round 40 selected clients: [3, 7, 9, 11, 13, 14, 15, 19]
2026-08-19 14:02:30,268 - FINAL_C_r200.log - INFO - Round 40 | Global 0.5719 | Head 0.6773 | Tail 0.3260 | Many 0.7563 | Medium 0.6180 | Few 0.3260 | best_tail 0.3260@40 | rollback=False
2026-08-19 14:02:30,287 - FINAL_C_r200.log - INFO - Global Accuracy: [0.1775, 0.2289, 0.2446, 0.2502, 0.2971, 0.3142, 0.3213, 0.342, 0.3064, 0.3419, 0.3622, 0.4018, 0.3985, 0.3979, 0.4018, 0.3819, 0.4034, 0.4112, 0.3848, 0.4346, 0.4375, 0.4613, 0.4753, 0.471, 0.4927, 0.4936, 0.4979, 0.503, 0.5035, 0.5165, 0.4751, 0.514, 0.5137, 0.5403, 0.5055, 0.5515, 0.5376, 0.5656, 0.5741, 0.5719]
2026-08-19 14:02:30,287 - FINAL_C_r200.log - INFO - Majority Class Accuracy: [0.5503, 0.693, 0.6653, 0.6817, 0.739, 0.7863, 0.806, 0.7573, 0.6813, 0.791, 0.8337, 0.776, 0.7813, 0.751, 0.7627, 0.7843, 0.7733, 0.786, 0.753, 0.7967, 0.7403, 0.7857, 0.763, 0.7997, 0.7323, 0.8113, 0.7813, 0.7677, 0.7673, 0.8167, 0.8063, 0.799, 0.77, 0.8313, 0.8137, 0.7783, 0.755, 0.785, 0.791, 0.7563]
2026-08-19 14:02:30,287 - FINAL_C_r200.log - INFO - Medium Class Accuracy: [0.031, 0.0525, 0.1125, 0.1143, 0.1885, 0.1958, 0.1988, 0.287, 0.255, 0.2615, 0.2802, 0.3992, 0.3907, 0.423, 0.4145, 0.3468, 0.4052, 0.427, 0.3668, 0.4405, 0.49, 0.4693, 0.512, 0.4808, 0.5525, 0.5108, 0.5387, 0.5228, 0.573, 0.539, 0.4958, 0.5125, 0.5657, 0.5403, 0.5337, 0.5527, 0.5907, 0.59, 0.6015, 0.618]
2026-08-19 14:02:30,287 - FINAL_C_r200.log - INFO - Minority Class Accuracy: [0.0, 0.0, 0.0, 0.0, 0.0, 0.0, 0.0, 0.0, 0.0, 0.0, 0.0, 0.031, 0.026, 0.0113, 0.024, 0.0263, 0.031, 0.0153, 0.0407, 0.0647, 0.0647, 0.1263, 0.1387, 0.1293, 0.1733, 0.153, 0.16, 0.212, 0.147, 0.1863, 0.1163, 0.231, 0.188, 0.2493, 0.1597, 0.323, 0.2493, 0.3137, 0.3207, 0.326]
2026-08-19 14:02:30,287 - FINAL_C_r200.log - INFO - === Head-Tail Evaluation ===
2026-08-19 14:02:30,287 - FINAL_C_r200.log - INFO - Head Accuracy: 0.6773
2026-08-19 14:02:30,287 - FINAL_C_r200.log - INFO - Tail Accuracy: 0.3260
2026-08-19 14:02:45,986 - FINAL_C_r200.log - INFO - Round 41 selected clients: [1, 5, 6, 7, 10, 11, 14, 15]
2026-08-19 14:03:06,253 - FINAL_C_r200.log - INFO - Round 41 | Global 0.5517 | Head 0.6763 | Tail 0.2610 | Many 0.8080 | Medium 0.5775 | Few 0.2610 | best_tail 0.3260@40 | rollback=False
2026-08-19 14:03:06,253 - FINAL_C_r200.log - INFO - Round 42 selected clients: [1, 3, 7, 9, 12, 14, 15, 19]
2026-08-19 14:03:26,448 - FINAL_C_r200.log - INFO - Round 42 | Global 0.5655 | Head 0.6769 | Tail 0.3057 | Many 0.8050 | Medium 0.5807 | Few 0.3057 | best_tail 0.3260@40 | rollback=False
2026-08-19 14:03:26,448 - FINAL_C_r200.log - INFO - Round 43 selected clients: [0, 4, 6, 7, 9, 11, 12, 14]
2026-08-19 14:03:45,552 - FINAL_C_r200.log - INFO - Round 43 | Global 0.5463 | Head 0.6756 | Tail 0.2447 | Many 0.7940 | Medium 0.5867 | Few 0.2447 | best_tail 0.3260@40 | rollback=False
2026-08-19 14:03:45,563 - FINAL_C_r200.log - INFO - Round 44 selected clients: [2, 6, 8, 10, 12, 13, 15, 17]
2026-08-19 14:04:04,708 - FINAL_C_r200.log - INFO - Round 44 | Global 0.5693 | Head 0.6879 | Tail 0.2927 | Many 0.7533 | Medium 0.6388 | Few 0.2927 | best_tail 0.3260@40 | rollback=False
2026-08-19 14:04:04,708 - FINAL_C_r200.log - INFO - Round 45 selected clients: [0, 1, 4, 5, 6, 11, 12, 17]
2026-08-19 14:04:24,127 - FINAL_C_r200.log - INFO - Round 45 | Global 0.5572 | Head 0.6760 | Tail 0.2800 | Many 0.7747 | Medium 0.6020 | Few 0.2800 | best_tail 0.3260@40 | rollback=False
2026-08-19 14:04:24,127 - FINAL_C_r200.log - INFO - Round 46 selected clients: [2, 3, 6, 7, 10, 12, 14, 16]
2026-08-19 14:04:43,132 - FINAL_C_r200.log - INFO - Round 46 | Global 0.5786 | Head 0.6934 | Tail 0.3107 | Many 0.7983 | Medium 0.6148 | Few 0.3107 | best_tail 0.3260@40 | rollback=False
2026-08-19 14:04:43,132 - FINAL_C_r200.log - INFO - Round 47 selected clients: [1, 4, 8, 10, 11, 13, 15, 18]
2026-08-19 14:05:02,444 - FINAL_C_r200.log - INFO - Round 47 | Global 0.5545 | Head 0.6863 | Tail 0.2470 | Many 0.8243 | Medium 0.5827 | Few 0.2470 | best_tail 0.3260@40 | rollback=False
2026-08-19 14:05:02,444 - FINAL_C_r200.log - INFO - Round 48 selected clients: [0, 3, 4, 6, 7, 8, 16, 17]
2026-08-19 14:05:21,938 - FINAL_C_r200.log - INFO - Round 48 | Global 0.5634 | Head 0.6789 | Tail 0.2940 | Many 0.8103 | Medium 0.5803 | Few 0.2940 | best_tail 0.3260@40 | rollback=False
2026-08-19 14:05:21,938 - FINAL_C_r200.log - INFO - Round 49 selected clients: [0, 4, 5, 7, 10, 15, 17, 18]
2026-08-19 14:05:44,638 - FINAL_C_r200.log - INFO - Round 49 | Global 0.5716 | Head 0.6830 | Tail 0.3117 | Many 0.8213 | Medium 0.5793 | Few 0.3117 | best_tail 0.3260@40 | rollback=False
2026-08-19 14:05:44,638 - FINAL_C_r200.log - INFO - Round 50 selected clients: [0, 2, 6, 11, 12, 13, 14, 17]
2026-08-19 14:06:07,002 - FINAL_C_r200.log - INFO - Round 50 | Global 0.5834 | Head 0.6980 | Tail 0.3160 | Many 0.8080 | Medium 0.6155 | Few 0.3160 | best_tail 0.3260@40 | rollback=False
2026-08-19 14:06:07,025 - FINAL_C_r200.log - INFO - Global Accuracy: [0.1775, 0.2289, 0.2446, 0.2502, 0.2971, 0.3142, 0.3213, 0.342, 0.3064, 0.3419, 0.3622, 0.4018, 0.3985, 0.3979, 0.4018, 0.3819, 0.4034, 0.4112, 0.3848, 0.4346, 0.4375, 0.4613, 0.4753, 0.471, 0.4927, 0.4936, 0.4979, 0.503, 0.5035, 0.5165, 0.4751, 0.514, 0.5137, 0.5403, 0.5055, 0.5515, 0.5376, 0.5656, 0.5741, 0.5719, 0.5517, 0.5655, 0.5463, 0.5693, 0.5572, 0.5786, 0.5545, 0.5634, 0.5716, 0.5834]
2026-08-19 14:06:07,026 - FINAL_C_r200.log - INFO - Majority Class Accuracy: [0.5503, 0.693, 0.6653, 0.6817, 0.739, 0.7863, 0.806, 0.7573, 0.6813, 0.791, 0.8337, 0.776, 0.7813, 0.751, 0.7627, 0.7843, 0.7733, 0.786, 0.753, 0.7967, 0.7403, 0.7857, 0.763, 0.7997, 0.7323, 0.8113, 0.7813, 0.7677, 0.7673, 0.8167, 0.8063, 0.799, 0.77, 0.8313, 0.8137, 0.7783, 0.755, 0.785, 0.791, 0.7563, 0.808, 0.805, 0.794, 0.7533, 0.7747, 0.7983, 0.8243, 0.8103, 0.8213, 0.808]
2026-08-19 14:06:07,026 - FINAL_C_r200.log - INFO - Medium Class Accuracy: [0.031, 0.0525, 0.1125, 0.1143, 0.1885, 0.1958, 0.1988, 0.287, 0.255, 0.2615, 0.2802, 0.3992, 0.3907, 0.423, 0.4145, 0.3468, 0.4052, 0.427, 0.3668, 0.4405, 0.49, 0.4693, 0.512, 0.4808, 0.5525, 0.5108, 0.5387, 0.5228, 0.573, 0.539, 0.4958, 0.5125, 0.5657, 0.5403, 0.5337, 0.5527, 0.5907, 0.59, 0.6015, 0.618, 0.5775, 0.5807, 0.5867, 0.6388, 0.602, 0.6148, 0.5827, 0.5803, 0.5793, 0.6155]
2026-08-19 14:06:07,026 - FINAL_C_r200.log - INFO - Minority Class Accuracy: [0.0, 0.0, 0.0, 0.0, 0.0, 0.0, 0.0, 0.0, 0.0, 0.0, 0.0, 0.031, 0.026, 0.0113, 0.024, 0.0263, 0.031, 0.0153, 0.0407, 0.0647, 0.0647, 0.1263, 0.1387, 0.1293, 0.1733, 0.153, 0.16, 0.212, 0.147, 0.1863, 0.1163, 0.231, 0.188, 0.2493, 0.1597, 0.323, 0.2493, 0.3137, 0.3207, 0.326, 0.261, 0.3057, 0.2447, 0.2927, 0.28, 0.3107, 0.247, 0.294, 0.3117, 0.316]
2026-08-19 14:06:07,026 - FINAL_C_r200.log - INFO - === Head-Tail Evaluation ===
2026-08-19 14:06:07,026 - FINAL_C_r200.log - INFO - Head Accuracy: 0.6980
2026-08-19 14:06:07,026 - FINAL_C_r200.log - INFO - Tail Accuracy: 0.3160
2026-08-19 14:06:22,406 - FINAL_C_r200.log - INFO - Round 51 selected clients: [0, 1, 9, 11, 13, 16, 17, 19]
2026-08-19 14:06:45,406 - FINAL_C_r200.log - INFO - Round 51 | Global 0.5774 | Head 0.6680 | Tail 0.3660 | Many 0.8017 | Medium 0.5677 | Few 0.3660 | best_tail 0.3660@51 | rollback=False
2026-08-19 14:06:45,406 - FINAL_C_r200.log - INFO - Round 52 selected clients: [0, 3, 6, 8, 12, 15, 17, 19]
2026-08-19 14:07:07,750 - FINAL_C_r200.log - INFO - Round 52 | Global 0.6335 | Head 0.6773 | Tail 0.5313 | Many 0.7760 | Medium 0.6032 | Few 0.5313 | best_tail 0.5313@52 | rollback=False
2026-08-19 14:07:07,750 - FINAL_C_r200.log - INFO - Round 53 selected clients: [1, 6, 7, 8, 9, 11, 12, 15]
2026-08-19 14:07:30,214 - FINAL_C_r200.log - INFO - Round 53 | Global 0.6066 | Head 0.6897 | Tail 0.4127 | Many 0.8217 | Medium 0.5907 | Few 0.4127 | best_tail 0.5313@52 | rollback=False
2026-08-19 14:07:30,214 - FINAL_C_r200.log - INFO - Round 54 selected clients: [3, 9, 11, 12, 13, 14, 16, 18]
2026-08-19 14:07:52,361 - FINAL_C_r200.log - INFO - Round 54 | Global 0.6137 | Head 0.7024 | Tail 0.4067 | Many 0.8130 | Medium 0.6195 | Few 0.4067 | best_tail 0.5313@52 | rollback=False
2026-08-19 14:07:52,361 - FINAL_C_r200.log - INFO - Round 55 selected clients: [3, 6, 9, 13, 14, 16, 17, 19]
2026-08-19 14:08:14,341 - FINAL_C_r200.log - INFO - Round 55 | Global 0.6276 | Head 0.6933 | Tail 0.4743 | Many 0.7897 | Medium 0.6210 | Few 0.4743 | best_tail 0.5313@52 | rollback=False
2026-08-19 14:08:14,341 - FINAL_C_r200.log - INFO - Round 56 selected clients: [0, 4, 5, 10, 14, 15, 17, 19]
2026-08-19 14:08:36,713 - FINAL_C_r200.log - INFO - Round 56 | Global 0.6013 | Head 0.6759 | Tail 0.4273 | Many 0.7950 | Medium 0.5865 | Few 0.4273 | best_tail 0.5313@52 | rollback=False
2026-08-19 14:08:36,714 - FINAL_C_r200.log - INFO - Round 57 selected clients: [0, 3, 4, 8, 9, 10, 15, 18]
2026-08-19 14:08:58,911 - FINAL_C_r200.log - INFO - Round 57 | Global 0.6303 | Head 0.6940 | Tail 0.4817 | Many 0.7860 | Medium 0.6250 | Few 0.4817 | best_tail 0.5313@52 | rollback=False
2026-08-19 14:08:58,911 - FINAL_C_r200.log - INFO - Round 58 selected clients: [2, 7, 8, 11, 12, 13, 14, 15]
2026-08-19 14:09:21,520 - FINAL_C_r200.log - INFO - Round 58 | Global 0.6017 | Head 0.7096 | Tail 0.3500 | Many 0.8037 | Medium 0.6390 | Few 0.3500 | best_tail 0.5313@52 | rollback=False
2026-08-19 14:09:21,520 - FINAL_C_r200.log - INFO - Round 59 selected clients: [0, 5, 6, 8, 13, 15, 16, 17]
2026-08-19 14:09:44,706 - FINAL_C_r200.log - INFO - Round 59 | Global 0.6159 | Head 0.7081 | Tail 0.4007 | Many 0.8193 | Medium 0.6248 | Few 0.4007 | best_tail 0.5313@52 | rollback=False
2026-08-19 14:09:44,706 - FINAL_C_r200.log - INFO - Round 60 selected clients: [0, 2, 3, 4, 8, 11, 13, 15]
2026-08-19 14:10:06,910 - FINAL_C_r200.log - INFO - Round 60 | Global 0.5828 | Head 0.7076 | Tail 0.2917 | Many 0.7960 | Medium 0.6412 | Few 0.2917 | best_tail 0.5313@52 | rollback=False
2026-08-19 14:10:06,935 - FINAL_C_r200.log - INFO - Global Accuracy: [0.1775, 0.2289, 0.2446, 0.2502, 0.2971, 0.3142, 0.3213, 0.342, 0.3064, 0.3419, 0.3622, 0.4018, 0.3985, 0.3979, 0.4018, 0.3819, 0.4034, 0.4112, 0.3848, 0.4346, 0.4375, 0.4613, 0.4753, 0.471, 0.4927, 0.4936, 0.4979, 0.503, 0.5035, 0.5165, 0.4751, 0.514, 0.5137, 0.5403, 0.5055, 0.5515, 0.5376, 0.5656, 0.5741, 0.5719, 0.5517, 0.5655, 0.5463, 0.5693, 0.5572, 0.5786, 0.5545, 0.5634, 0.5716, 0.5834, 0.5774, 0.6335, 0.6066, 0.6137, 0.6276, 0.6013, 0.6303, 0.6017, 0.6159, 0.5828]
2026-08-19 14:10:06,935 - FINAL_C_r200.log - INFO - Majority Class Accuracy: [0.5503, 0.693, 0.6653, 0.6817, 0.739, 0.7863, 0.806, 0.7573, 0.6813, 0.791, 0.8337, 0.776, 0.7813, 0.751, 0.7627, 0.7843, 0.7733, 0.786, 0.753, 0.7967, 0.7403, 0.7857, 0.763, 0.7997, 0.7323, 0.8113, 0.7813, 0.7677, 0.7673, 0.8167, 0.8063, 0.799, 0.77, 0.8313, 0.8137, 0.7783, 0.755, 0.785, 0.791, 0.7563, 0.808, 0.805, 0.794, 0.7533, 0.7747, 0.7983, 0.8243, 0.8103, 0.8213, 0.808, 0.8017, 0.776, 0.8217, 0.813, 0.7897, 0.795, 0.786, 0.8037, 0.8193, 0.796]
2026-08-19 14:10:06,935 - FINAL_C_r200.log - INFO - Medium Class Accuracy: [0.031, 0.0525, 0.1125, 0.1143, 0.1885, 0.1958, 0.1988, 0.287, 0.255, 0.2615, 0.2802, 0.3992, 0.3907, 0.423, 0.4145, 0.3468, 0.4052, 0.427, 0.3668, 0.4405, 0.49, 0.4693, 0.512, 0.4808, 0.5525, 0.5108, 0.5387, 0.5228, 0.573, 0.539, 0.4958, 0.5125, 0.5657, 0.5403, 0.5337, 0.5527, 0.5907, 0.59, 0.6015, 0.618, 0.5775, 0.5807, 0.5867, 0.6388, 0.602, 0.6148, 0.5827, 0.5803, 0.5793, 0.6155, 0.5677, 0.6032, 0.5907, 0.6195, 0.621, 0.5865, 0.625, 0.639, 0.6248, 0.6412]
2026-08-19 14:10:06,935 - FINAL_C_r200.log - INFO - Minority Class Accuracy: [0.0, 0.0, 0.0, 0.0, 0.0, 0.0, 0.0, 0.0, 0.0, 0.0, 0.0, 0.031, 0.026, 0.0113, 0.024, 0.0263, 0.031, 0.0153, 0.0407, 0.0647, 0.0647, 0.1263, 0.1387, 0.1293, 0.1733, 0.153, 0.16, 0.212, 0.147, 0.1863, 0.1163, 0.231, 0.188, 0.2493, 0.1597, 0.323, 0.2493, 0.3137, 0.3207, 0.326, 0.261, 0.3057, 0.2447, 0.2927, 0.28, 0.3107, 0.247, 0.294, 0.3117, 0.316, 0.366, 0.5313, 0.4127, 0.4067, 0.4743, 0.4273, 0.4817, 0.35, 0.4007, 0.2917]
2026-08-19 14:10:06,935 - FINAL_C_r200.log - INFO - === Head-Tail Evaluation ===
2026-08-19 14:10:06,935 - FINAL_C_r200.log - INFO - Head Accuracy: 0.7076
2026-08-19 14:10:06,935 - FINAL_C_r200.log - INFO - Tail Accuracy: 0.2917
2026-08-19 14:10:22,504 - FINAL_C_r200.log - INFO - Round 61 selected clients: [0, 1, 3, 6, 10, 13, 15, 19]
2026-08-19 14:10:44,712 - FINAL_C_r200.log - INFO - Round 61 | Global 0.6321 | Head 0.6857 | Tail 0.5070 | Many 0.7770 | Medium 0.6172 | Few 0.5070 | best_tail 0.5313@52 | rollback=False
2026-08-19 14:10:44,712 - FINAL_C_r200.log - INFO - Round 62 selected clients: [1, 2, 5, 6, 10, 12, 17, 18]
2026-08-19 14:11:07,466 - FINAL_C_r200.log - INFO - Round 62 | Global 0.6397 | Head 0.6749 | Tail 0.5577 | Many 0.7113 | Medium 0.6475 | Few 0.5577 | best_tail 0.5577@62 | rollback=False
2026-08-19 14:11:07,466 - FINAL_C_r200.log - INFO - Round 63 selected clients: [3, 4, 7, 8, 9, 11, 13, 16]
2026-08-19 14:11:29,387 - FINAL_C_r200.log - INFO - Round 63 | Global 0.6111 | Head 0.7053 | Tail 0.3913 | Many 0.8270 | Medium 0.6140 | Few 0.3913 | best_tail 0.5577@62 | rollback=False
2026-08-19 14:11:29,387 - FINAL_C_r200.log - INFO - Round 64 selected clients: [1, 2, 4, 9, 11, 12, 13, 18]
2026-08-19 14:11:51,740 - FINAL_C_r200.log - INFO - Round 64 | Global 0.6371 | Head 0.7214 | Tail 0.4403 | Many 0.8153 | Medium 0.6510 | Few 0.4403 | best_tail 0.5577@62 | rollback=False
2026-08-19 14:11:51,740 - FINAL_C_r200.log - INFO - Round 65 selected clients: [3, 4, 6, 8, 9, 11, 17, 19]
2026-08-19 14:12:14,639 - FINAL_C_r200.log - INFO - Round 65 | Global 0.6615 | Head 0.7099 | Tail 0.5487 | Many 0.7677 | Medium 0.6665 | Few 0.5487 | best_tail 0.5577@62 | rollback=False
2026-08-19 14:12:14,639 - FINAL_C_r200.log - INFO - Round 66 selected clients: [3, 4, 5, 7, 8, 12, 15, 16]
2026-08-19 14:12:38,086 - FINAL_C_r200.log - INFO - Round 66 | Global 0.6329 | Head 0.7151 | Tail 0.4410 | Many 0.7943 | Medium 0.6558 | Few 0.4410 | best_tail 0.5577@62 | rollback=False
2026-08-19 14:12:38,086 - FINAL_C_r200.log - INFO - Round 67 selected clients: [3, 5, 6, 8, 10, 13, 17, 18]
2026-08-19 14:13:00,213 - FINAL_C_r200.log - INFO - Round 67 | Global 0.6558 | Head 0.7021 | Tail 0.5477 | Many 0.7827 | Medium 0.6418 | Few 0.5477 | best_tail 0.5577@62 | rollback=False
2026-08-19 14:13:00,213 - FINAL_C_r200.log - INFO - Round 68 selected clients: [1, 5, 7, 8, 11, 12, 18, 19]
2026-08-19 14:13:22,705 - FINAL_C_r200.log - INFO - Round 68 | Global 0.6564 | Head 0.6944 | Tail 0.5677 | Many 0.7533 | Medium 0.6502 | Few 0.5677 | best_tail 0.5677@68 | rollback=False
2026-08-19 14:13:22,705 - FINAL_C_r200.log - INFO - Round 69 selected clients: [0, 7, 8, 12, 13, 15, 16, 17]
2026-08-19 14:13:45,057 - FINAL_C_r200.log - INFO - Round 69 | Global 0.6353 | Head 0.7139 | Tail 0.4520 | Many 0.8123 | Medium 0.6400 | Few 0.4520 | best_tail 0.5677@68 | rollback=False
2026-08-19 14:13:45,057 - FINAL_C_r200.log - INFO - Round 70 selected clients: [3, 4, 5, 10, 12, 15, 17, 19]
2026-08-19 14:14:08,534 - FINAL_C_r200.log - INFO - Round 70 | Global 0.6514 | Head 0.6906 | Tail 0.5600 | Many 0.7457 | Medium 0.6492 | Few 0.5600 | best_tail 0.5677@68 | rollback=False
2026-08-19 14:14:08,551 - FINAL_C_r200.log - INFO - Global Accuracy: [0.1775, 0.2289, 0.2446, 0.2502, 0.2971, 0.3142, 0.3213, 0.342, 0.3064, 0.3419, 0.3622, 0.4018, 0.3985, 0.3979, 0.4018, 0.3819, 0.4034, 0.4112, 0.3848, 0.4346, 0.4375, 0.4613, 0.4753, 0.471, 0.4927, 0.4936, 0.4979, 0.503, 0.5035, 0.5165, 0.4751, 0.514, 0.5137, 0.5403, 0.5055, 0.5515, 0.5376, 0.5656, 0.5741, 0.5719, 0.5517, 0.5655, 0.5463, 0.5693, 0.5572, 0.5786, 0.5545, 0.5634, 0.5716, 0.5834, 0.5774, 0.6335, 0.6066, 0.6137, 0.6276, 0.6013, 0.6303, 0.6017, 0.6159, 0.5828, 0.6321, 0.6397, 0.6111, 0.6371, 0.6615, 0.6329, 0.6558, 0.6564, 0.6353, 0.6514]
2026-08-19 14:14:08,551 - FINAL_C_r200.log - INFO - Majority Class Accuracy: [0.5503, 0.693, 0.6653, 0.6817, 0.739, 0.7863, 0.806, 0.7573, 0.6813, 0.791, 0.8337, 0.776, 0.7813, 0.751, 0.7627, 0.7843, 0.7733, 0.786, 0.753, 0.7967, 0.7403, 0.7857, 0.763, 0.7997, 0.7323, 0.8113, 0.7813, 0.7677, 0.7673, 0.8167, 0.8063, 0.799, 0.77, 0.8313, 0.8137, 0.7783, 0.755, 0.785, 0.791, 0.7563, 0.808, 0.805, 0.794, 0.7533, 0.7747, 0.7983, 0.8243, 0.8103, 0.8213, 0.808, 0.8017, 0.776, 0.8217, 0.813, 0.7897, 0.795, 0.786, 0.8037, 0.8193, 0.796, 0.777, 0.7113, 0.827, 0.8153, 0.7677, 0.7943, 0.7827, 0.7533, 0.8123, 0.7457]
2026-08-19 14:14:08,551 - FINAL_C_r200.log - INFO - Medium Class Accuracy: [0.031, 0.0525, 0.1125, 0.1143, 0.1885, 0.1958, 0.1988, 0.287, 0.255, 0.2615, 0.2802, 0.3992, 0.3907, 0.423, 0.4145, 0.3468, 0.4052, 0.427, 0.3668, 0.4405, 0.49, 0.4693, 0.512, 0.4808, 0.5525, 0.5108, 0.5387, 0.5228, 0.573, 0.539, 0.4958, 0.5125, 0.5657, 0.5403, 0.5337, 0.5527, 0.5907, 0.59, 0.6015, 0.618, 0.5775, 0.5807, 0.5867, 0.6388, 0.602, 0.6148, 0.5827, 0.5803, 0.5793, 0.6155, 0.5677, 0.6032, 0.5907, 0.6195, 0.621, 0.5865, 0.625, 0.639, 0.6248, 0.6412, 0.6172, 0.6475, 0.614, 0.651, 0.6665, 0.6558, 0.6418, 0.6502, 0.64, 0.6492]
2026-08-19 14:14:08,551 - FINAL_C_r200.log - INFO - Minority Class Accuracy: [0.0, 0.0, 0.0, 0.0, 0.0, 0.0, 0.0, 0.0, 0.0, 0.0, 0.0, 0.031, 0.026, 0.0113, 0.024, 0.0263, 0.031, 0.0153, 0.0407, 0.0647, 0.0647, 0.1263, 0.1387, 0.1293, 0.1733, 0.153, 0.16, 0.212, 0.147, 0.1863, 0.1163, 0.231, 0.188, 0.2493, 0.1597, 0.323, 0.2493, 0.3137, 0.3207, 0.326, 0.261, 0.3057, 0.2447, 0.2927, 0.28, 0.3107, 0.247, 0.294, 0.3117, 0.316, 0.366, 0.5313, 0.4127, 0.4067, 0.4743, 0.4273, 0.4817, 0.35, 0.4007, 0.2917, 0.507, 0.5577, 0.3913, 0.4403, 0.5487, 0.441, 0.5477, 0.5677, 0.452, 0.56]
2026-08-19 14:14:08,551 - FINAL_C_r200.log - INFO - === Head-Tail Evaluation ===
2026-08-19 14:14:08,551 - FINAL_C_r200.log - INFO - Head Accuracy: 0.6906
2026-08-19 14:14:08,551 - FINAL_C_r200.log - INFO - Tail Accuracy: 0.5600
2026-08-19 14:14:24,358 - FINAL_C_r200.log - INFO - Round 71 selected clients: [0, 2, 6, 7, 11, 13, 16, 19]
2026-08-19 14:14:46,595 - FINAL_C_r200.log - INFO - Round 71 | Global 0.6594 | Head 0.7076 | Tail 0.5470 | Many 0.7813 | Medium 0.6522 | Few 0.5470 | best_tail 0.5677@68 | rollback=False
2026-08-19 14:14:46,595 - FINAL_C_r200.log - INFO - Round 72 selected clients: [2, 3, 10, 13, 15, 16, 17, 18]
2026-08-19 14:15:09,538 - FINAL_C_r200.log - INFO - Round 72 | Global 0.6648 | Head 0.6994 | Tail 0.5840 | Many 0.7647 | Medium 0.6505 | Few 0.5840 | best_tail 0.5840@72 | rollback=False
2026-08-19 14:15:09,548 - FINAL_C_r200.log - INFO - Round 73 selected clients: [1, 4, 5, 8, 9, 11, 12, 13]
2026-08-19 14:15:28,775 - FINAL_C_r200.log - INFO - Round 73 | Global 0.6399 | Head 0.7190 | Tail 0.4553 | Many 0.8037 | Medium 0.6555 | Few 0.4553 | best_tail 0.5840@72 | rollback=False
2026-08-19 14:15:28,775 - FINAL_C_r200.log - INFO - Round 74 selected clients: [4, 5, 6, 7, 9, 15, 17, 19]
2026-08-19 14:15:49,026 - FINAL_C_r200.log - INFO - Round 74 | Global 0.6764 | Head 0.7024 | Tail 0.6157 | Many 0.7530 | Medium 0.6645 | Few 0.6157 | best_tail 0.6157@74 | rollback=False
2026-08-19 14:15:49,026 - FINAL_C_r200.log - INFO - Round 75 selected clients: [0, 3, 8, 12, 16, 17, 18, 19]
2026-08-19 14:16:08,618 - FINAL_C_r200.log - INFO - Round 75 | Global 0.6792 | Head 0.7026 | Tail 0.6247 | Many 0.7823 | Medium 0.6428 | Few 0.6247 | best_tail 0.6247@75 | rollback=False
2026-08-19 14:16:08,628 - FINAL_C_r200.log - INFO - Round 76 selected clients: [1, 3, 5, 8, 10, 12, 15, 18]
2026-08-19 14:16:28,602 - FINAL_C_r200.log - INFO - Round 76 | Global 0.6707 | Head 0.7039 | Tail 0.5933 | Many 0.7737 | Medium 0.6515 | Few 0.5933 | best_tail 0.6247@75 | rollback=False
2026-08-19 14:16:28,602 - FINAL_C_r200.log - INFO - Round 77 selected clients: [1, 2, 3, 7, 10, 11, 17, 18]
2026-08-19 14:16:48,048 - FINAL_C_r200.log - INFO - Round 77 | Global 0.6650 | Head 0.7111 | Tail 0.5573 | Many 0.7683 | Medium 0.6683 | Few 0.5573 | best_tail 0.6247@75 | rollback=False
2026-08-19 14:16:48,048 - FINAL_C_r200.log - INFO - Round 78 selected clients: [3, 4, 5, 8, 11, 12, 13, 14]
2026-08-19 14:17:07,494 - FINAL_C_r200.log - INFO - Round 78 | Global 0.6367 | Head 0.7189 | Tail 0.4450 | Many 0.8063 | Medium 0.6532 | Few 0.4450 | best_tail 0.6247@75 | rollback=False
2026-08-19 14:17:07,494 - FINAL_C_r200.log - INFO - Round 79 selected clients: [2, 4, 9, 10, 13, 15, 17, 18]
2026-08-19 14:17:27,473 - FINAL_C_r200.log - INFO - Round 79 | Global 0.6673 | Head 0.7143 | Tail 0.5577 | Many 0.7743 | Medium 0.6693 | Few 0.5577 | best_tail 0.6247@75 | rollback=False
2026-08-19 14:17:27,473 - FINAL_C_r200.log - INFO - Round 80 selected clients: [5, 7, 8, 11, 13, 14, 15, 18]
2026-08-19 14:17:47,684 - FINAL_C_r200.log - INFO - Round 80 | Global 0.6669 | Head 0.6987 | Tail 0.5927 | Many 0.7437 | Medium 0.6650 | Few 0.5927 | best_tail 0.6247@75 | rollback=False
2026-08-19 14:17:47,714 - FINAL_C_r200.log - INFO - Global Accuracy: [0.1775, 0.2289, 0.2446, 0.2502, 0.2971, 0.3142, 0.3213, 0.342, 0.3064, 0.3419, 0.3622, 0.4018, 0.3985, 0.3979, 0.4018, 0.3819, 0.4034, 0.4112, 0.3848, 0.4346, 0.4375, 0.4613, 0.4753, 0.471, 0.4927, 0.4936, 0.4979, 0.503, 0.5035, 0.5165, 0.4751, 0.514, 0.5137, 0.5403, 0.5055, 0.5515, 0.5376, 0.5656, 0.5741, 0.5719, 0.5517, 0.5655, 0.5463, 0.5693, 0.5572, 0.5786, 0.5545, 0.5634, 0.5716, 0.5834, 0.5774, 0.6335, 0.6066, 0.6137, 0.6276, 0.6013, 0.6303, 0.6017, 0.6159, 0.5828, 0.6321, 0.6397, 0.6111, 0.6371, 0.6615, 0.6329, 0.6558, 0.6564, 0.6353, 0.6514, 0.6594, 0.6648, 0.6399, 0.6764, 0.6792, 0.6707, 0.665, 0.6367, 0.6673, 0.6669]
2026-08-19 14:17:47,714 - FINAL_C_r200.log - INFO - Majority Class Accuracy: [0.5503, 0.693, 0.6653, 0.6817, 0.739, 0.7863, 0.806, 0.7573, 0.6813, 0.791, 0.8337, 0.776, 0.7813, 0.751, 0.7627, 0.7843, 0.7733, 0.786, 0.753, 0.7967, 0.7403, 0.7857, 0.763, 0.7997, 0.7323, 0.8113, 0.7813, 0.7677, 0.7673, 0.8167, 0.8063, 0.799, 0.77, 0.8313, 0.8137, 0.7783, 0.755, 0.785, 0.791, 0.7563, 0.808, 0.805, 0.794, 0.7533, 0.7747, 0.7983, 0.8243, 0.8103, 0.8213, 0.808, 0.8017, 0.776, 0.8217, 0.813, 0.7897, 0.795, 0.786, 0.8037, 0.8193, 0.796, 0.777, 0.7113, 0.827, 0.8153, 0.7677, 0.7943, 0.7827, 0.7533, 0.8123, 0.7457, 0.7813, 0.7647, 0.8037, 0.753, 0.7823, 0.7737, 0.7683, 0.8063, 0.7743, 0.7437]
2026-08-19 14:17:47,714 - FINAL_C_r200.log - INFO - Medium Class Accuracy: [0.031, 0.0525, 0.1125, 0.1143, 0.1885, 0.1958, 0.1988, 0.287, 0.255, 0.2615, 0.2802, 0.3992, 0.3907, 0.423, 0.4145, 0.3468, 0.4052, 0.427, 0.3668, 0.4405, 0.49, 0.4693, 0.512, 0.4808, 0.5525, 0.5108, 0.5387, 0.5228, 0.573, 0.539, 0.4958, 0.5125, 0.5657, 0.5403, 0.5337, 0.5527, 0.5907, 0.59, 0.6015, 0.618, 0.5775, 0.5807, 0.5867, 0.6388, 0.602, 0.6148, 0.5827, 0.5803, 0.5793, 0.6155, 0.5677, 0.6032, 0.5907, 0.6195, 0.621, 0.5865, 0.625, 0.639, 0.6248, 0.6412, 0.6172, 0.6475, 0.614, 0.651, 0.6665, 0.6558, 0.6418, 0.6502, 0.64, 0.6492, 0.6522, 0.6505, 0.6555, 0.6645, 0.6428, 0.6515, 0.6683, 0.6532, 0.6693, 0.665]
2026-08-19 14:17:47,714 - FINAL_C_r200.log - INFO - Minority Class Accuracy: [0.0, 0.0, 0.0, 0.0, 0.0, 0.0, 0.0, 0.0, 0.0, 0.0, 0.0, 0.031, 0.026, 0.0113, 0.024, 0.0263, 0.031, 0.0153, 0.0407, 0.0647, 0.0647, 0.1263, 0.1387, 0.1293, 0.1733, 0.153, 0.16, 0.212, 0.147, 0.1863, 0.1163, 0.231, 0.188, 0.2493, 0.1597, 0.323, 0.2493, 0.3137, 0.3207, 0.326, 0.261, 0.3057, 0.2447, 0.2927, 0.28, 0.3107, 0.247, 0.294, 0.3117, 0.316, 0.366, 0.5313, 0.4127, 0.4067, 0.4743, 0.4273, 0.4817, 0.35, 0.4007, 0.2917, 0.507, 0.5577, 0.3913, 0.4403, 0.5487, 0.441, 0.5477, 0.5677, 0.452, 0.56, 0.547, 0.584, 0.4553, 0.6157, 0.6247, 0.5933, 0.5573, 0.445, 0.5577, 0.5927]
2026-08-19 14:17:47,714 - FINAL_C_r200.log - INFO - === Head-Tail Evaluation ===
2026-08-19 14:17:47,714 - FINAL_C_r200.log - INFO - Head Accuracy: 0.6987
2026-08-19 14:17:47,714 - FINAL_C_r200.log - INFO - Tail Accuracy: 0.5927
2026-08-19 14:18:03,565 - FINAL_C_r200.log - INFO - Round 81 selected clients: [5, 8, 9, 10, 14, 15, 17, 19]
2026-08-19 14:18:23,670 - FINAL_C_r200.log - INFO - Round 81 | Global 0.6914 | Head 0.7001 | Tail 0.6710 | Many 0.7393 | Medium 0.6707 | Few 0.6710 | best_tail 0.6710@81 | rollback=False
2026-08-19 14:18:23,670 - FINAL_C_r200.log - INFO - Round 82 selected clients: [0, 2, 9, 12, 13, 15, 16, 19]
2026-08-19 14:18:43,507 - FINAL_C_r200.log - INFO - Round 82 | Global 0.6826 | Head 0.7126 | Tail 0.6127 | Many 0.7903 | Medium 0.6542 | Few 0.6127 | best_tail 0.6710@81 | rollback=False
2026-08-19 14:18:43,507 - FINAL_C_r200.log - INFO - Round 83 selected clients: [3, 4, 5, 6, 7, 11, 14, 15]
2026-08-19 14:19:03,139 - FINAL_C_r200.log - INFO - Round 83 | Global 0.6698 | Head 0.7201 | Tail 0.5523 | Many 0.7770 | Medium 0.6775 | Few 0.5523 | best_tail 0.6710@81 | rollback=False
2026-08-19 14:19:03,139 - FINAL_C_r200.log - INFO - Round 84 selected clients: [3, 4, 5, 6, 13, 14, 15, 18]
2026-08-19 14:19:23,168 - FINAL_C_r200.log - INFO - Round 84 | Global 0.6784 | Head 0.7157 | Tail 0.5913 | Many 0.7743 | Medium 0.6717 | Few 0.5913 | best_tail 0.6710@81 | rollback=False
2026-08-19 14:19:23,168 - FINAL_C_r200.log - INFO - Round 85 selected clients: [0, 5, 6, 9, 12, 15, 16, 18]
2026-08-19 14:19:43,775 - FINAL_C_r200.log - INFO - Round 85 | Global 0.6842 | Head 0.7116 | Tail 0.6203 | Many 0.7550 | Medium 0.6790 | Few 0.6203 | best_tail 0.6710@81 | rollback=False
2026-08-19 14:19:43,785 - FINAL_C_r200.log - INFO - Round 86 selected clients: [0, 2, 3, 6, 8, 11, 13, 16]
2026-08-19 14:20:03,199 - FINAL_C_r200.log - INFO - Round 86 | Global 0.6726 | Head 0.7329 | Tail 0.5320 | Many 0.8280 | Medium 0.6615 | Few 0.5320 | best_tail 0.6710@81 | rollback=False
2026-08-19 14:20:03,199 - FINAL_C_r200.log - INFO - Round 87 selected clients: [3, 4, 6, 8, 9, 11, 13, 15]
2026-08-19 14:20:23,303 - FINAL_C_r200.log - INFO - Round 87 | Global 0.6696 | Head 0.7246 | Tail 0.5413 | Many 0.8067 | Medium 0.6630 | Few 0.5413 | best_tail 0.6710@81 | rollback=False
2026-08-19 14:20:23,303 - FINAL_C_r200.log - INFO - Round 88 selected clients: [0, 1, 2, 7, 13, 15, 16, 18]
2026-08-19 14:20:42,746 - FINAL_C_r200.log - INFO - Round 88 | Global 0.6659 | Head 0.7161 | Tail 0.5487 | Many 0.8113 | Medium 0.6448 | Few 0.5487 | best_tail 0.6710@81 | rollback=False
2026-08-19 14:20:42,746 - FINAL_C_r200.log - INFO - Round 89 selected clients: [2, 4, 5, 7, 9, 10, 15, 18]
2026-08-19 14:21:02,224 - FINAL_C_r200.log - INFO - Round 89 | Global 0.6789 | Head 0.7120 | Tail 0.6017 | Many 0.7507 | Medium 0.6830 | Few 0.6017 | best_tail 0.6710@81 | rollback=False
2026-08-19 14:21:02,224 - FINAL_C_r200.log - INFO - Round 90 selected clients: [0, 2, 7, 10, 12, 14, 17, 19]
2026-08-19 14:21:21,544 - FINAL_C_r200.log - INFO - Round 90 | Global 0.6859 | Head 0.7181 | Tail 0.6107 | Many 0.7850 | Medium 0.6680 | Few 0.6107 | best_tail 0.6710@81 | rollback=False
2026-08-19 14:21:21,563 - FINAL_C_r200.log - INFO - Global Accuracy: [0.1775, 0.2289, 0.2446, 0.2502, 0.2971, 0.3142, 0.3213, 0.342, 0.3064, 0.3419, 0.3622, 0.4018, 0.3985, 0.3979, 0.4018, 0.3819, 0.4034, 0.4112, 0.3848, 0.4346, 0.4375, 0.4613, 0.4753, 0.471, 0.4927, 0.4936, 0.4979, 0.503, 0.5035, 0.5165, 0.4751, 0.514, 0.5137, 0.5403, 0.5055, 0.5515, 0.5376, 0.5656, 0.5741, 0.5719, 0.5517, 0.5655, 0.5463, 0.5693, 0.5572, 0.5786, 0.5545, 0.5634, 0.5716, 0.5834, 0.5774, 0.6335, 0.6066, 0.6137, 0.6276, 0.6013, 0.6303, 0.6017, 0.6159, 0.5828, 0.6321, 0.6397, 0.6111, 0.6371, 0.6615, 0.6329, 0.6558, 0.6564, 0.6353, 0.6514, 0.6594, 0.6648, 0.6399, 0.6764, 0.6792, 0.6707, 0.665, 0.6367, 0.6673, 0.6669, 0.6914, 0.6826, 0.6698, 0.6784, 0.6842, 0.6726, 0.6696, 0.6659, 0.6789, 0.6859]
2026-08-19 14:21:21,563 - FINAL_C_r200.log - INFO - Majority Class Accuracy: [0.5503, 0.693, 0.6653, 0.6817, 0.739, 0.7863, 0.806, 0.7573, 0.6813, 0.791, 0.8337, 0.776, 0.7813, 0.751, 0.7627, 0.7843, 0.7733, 0.786, 0.753, 0.7967, 0.7403, 0.7857, 0.763, 0.7997, 0.7323, 0.8113, 0.7813, 0.7677, 0.7673, 0.8167, 0.8063, 0.799, 0.77, 0.8313, 0.8137, 0.7783, 0.755, 0.785, 0.791, 0.7563, 0.808, 0.805, 0.794, 0.7533, 0.7747, 0.7983, 0.8243, 0.8103, 0.8213, 0.808, 0.8017, 0.776, 0.8217, 0.813, 0.7897, 0.795, 0.786, 0.8037, 0.8193, 0.796, 0.777, 0.7113, 0.827, 0.8153, 0.7677, 0.7943, 0.7827, 0.7533, 0.8123, 0.7457, 0.7813, 0.7647, 0.8037, 0.753, 0.7823, 0.7737, 0.7683, 0.8063, 0.7743, 0.7437, 0.7393, 0.7903, 0.777, 0.7743, 0.755, 0.828, 0.8067, 0.8113, 0.7507, 0.785]
2026-08-19 14:21:21,563 - FINAL_C_r200.log - INFO - Medium Class Accuracy: [0.031, 0.0525, 0.1125, 0.1143, 0.1885, 0.1958, 0.1988, 0.287, 0.255, 0.2615, 0.2802, 0.3992, 0.3907, 0.423, 0.4145, 0.3468, 0.4052, 0.427, 0.3668, 0.4405, 0.49, 0.4693, 0.512, 0.4808, 0.5525, 0.5108, 0.5387, 0.5228, 0.573, 0.539, 0.4958, 0.5125, 0.5657, 0.5403, 0.5337, 0.5527, 0.5907, 0.59, 0.6015, 0.618, 0.5775, 0.5807, 0.5867, 0.6388, 0.602, 0.6148, 0.5827, 0.5803, 0.5793, 0.6155, 0.5677, 0.6032, 0.5907, 0.6195, 0.621, 0.5865, 0.625, 0.639, 0.6248, 0.6412, 0.6172, 0.6475, 0.614, 0.651, 0.6665, 0.6558, 0.6418, 0.6502, 0.64, 0.6492, 0.6522, 0.6505, 0.6555, 0.6645, 0.6428, 0.6515, 0.6683, 0.6532, 0.6693, 0.665, 0.6707, 0.6542, 0.6775, 0.6717, 0.679, 0.6615, 0.663, 0.6448, 0.683, 0.668]
2026-08-19 14:21:21,563 - FINAL_C_r200.log - INFO - Minority Class Accuracy: [0.0, 0.0, 0.0, 0.0, 0.0, 0.0, 0.0, 0.0, 0.0, 0.0, 0.0, 0.031, 0.026, 0.0113, 0.024, 0.0263, 0.031, 0.0153, 0.0407, 0.0647, 0.0647, 0.1263, 0.1387, 0.1293, 0.1733, 0.153, 0.16, 0.212, 0.147, 0.1863, 0.1163, 0.231, 0.188, 0.2493, 0.1597, 0.323, 0.2493, 0.3137, 0.3207, 0.326, 0.261, 0.3057, 0.2447, 0.2927, 0.28, 0.3107, 0.247, 0.294, 0.3117, 0.316, 0.366, 0.5313, 0.4127, 0.4067, 0.4743, 0.4273, 0.4817, 0.35, 0.4007, 0.2917, 0.507, 0.5577, 0.3913, 0.4403, 0.5487, 0.441, 0.5477, 0.5677, 0.452, 0.56, 0.547, 0.584, 0.4553, 0.6157, 0.6247, 0.5933, 0.5573, 0.445, 0.5577, 0.5927, 0.671, 0.6127, 0.5523, 0.5913, 0.6203, 0.532, 0.5413, 0.5487, 0.6017, 0.6107]
2026-08-19 14:21:21,563 - FINAL_C_r200.log - INFO - === Head-Tail Evaluation ===
2026-08-19 14:21:21,563 - FINAL_C_r200.log - INFO - Head Accuracy: 0.7181
2026-08-19 14:21:21,563 - FINAL_C_r200.log - INFO - Tail Accuracy: 0.6107
2026-08-19 14:21:37,669 - FINAL_C_r200.log - INFO - Round 91 selected clients: [1, 4, 5, 6, 7, 8, 17, 18]
2026-08-19 14:21:57,260 - FINAL_C_r200.log - INFO - Round 91 | Global 0.6788 | Head 0.7150 | Tail 0.5943 | Many 0.7793 | Medium 0.6667 | Few 0.5943 | best_tail 0.6710@81 | rollback=False
2026-08-19 14:21:57,260 - FINAL_C_r200.log - INFO - Round 92 selected clients: [4, 5, 7, 9, 11, 15, 17, 19]
2026-08-19 14:22:17,080 - FINAL_C_r200.log - INFO - Round 92 | Global 0.6844 | Head 0.7160 | Tail 0.6107 | Many 0.7700 | Medium 0.6755 | Few 0.6107 | best_tail 0.6710@81 | rollback=False
2026-08-19 14:22:17,080 - FINAL_C_r200.log - INFO - Round 93 selected clients: [0, 1, 6, 8, 9, 15, 17, 18]
2026-08-19 14:22:36,410 - FINAL_C_r200.log - INFO - Round 93 | Global 0.6945 | Head 0.7119 | Tail 0.6540 | Many 0.7627 | Medium 0.6737 | Few 0.6540 | best_tail 0.6710@81 | rollback=False
2026-08-19 14:22:36,410 - FINAL_C_r200.log - INFO - Round 94 selected clients: [3, 4, 6, 9, 10, 16, 18, 19]
2026-08-19 14:22:56,359 - FINAL_C_r200.log - INFO - Round 94 | Global 0.6914 | Head 0.6747 | Tail 0.7303 | Many 0.7587 | Medium 0.6118 | Few 0.7303 | best_tail 0.7303@94 | rollback=False
2026-08-19 14:22:56,359 - FINAL_C_r200.log - INFO - Round 95 selected clients: [1, 4, 5, 7, 9, 12, 16, 17]
2026-08-19 14:23:16,166 - FINAL_C_r200.log - INFO - Round 95 | Global 0.6788 | Head 0.7271 | Tail 0.5660 | Many 0.8197 | Medium 0.6577 | Few 0.5660 | best_tail 0.7303@94 | rollback=False
2026-08-19 14:23:16,166 - FINAL_C_r200.log - INFO - Round 96 selected clients: [2, 3, 6, 9, 11, 14, 15, 17]
2026-08-19 14:23:35,880 - FINAL_C_r200.log - INFO - Round 96 | Global 0.6846 | Head 0.7126 | Tail 0.6193 | Many 0.7420 | Medium 0.6905 | Few 0.6193 | best_tail 0.7303@94 | rollback=False
2026-08-19 14:23:35,880 - FINAL_C_r200.log - INFO - Round 97 selected clients: [1, 2, 4, 6, 9, 10, 12, 19]
2026-08-19 14:23:56,900 - FINAL_C_r200.log - INFO - Round 97 | Global 0.6876 | Head 0.7109 | Tail 0.6333 | Many 0.7600 | Medium 0.6740 | Few 0.6333 | best_tail 0.7303@94 | rollback=False
2026-08-19 14:23:56,900 - FINAL_C_r200.log - INFO - Round 98 selected clients: [2, 4, 7, 10, 14, 15, 17, 19]
2026-08-19 14:24:17,715 - FINAL_C_r200.log - INFO - Round 98 | Global 0.6809 | Head 0.7200 | Tail 0.5897 | Many 0.7937 | Medium 0.6647 | Few 0.5897 | best_tail 0.7303@94 | rollback=False
2026-08-19 14:24:17,725 - FINAL_C_r200.log - INFO - Round 99 selected clients: [0, 3, 4, 9, 13, 14, 16, 19]
2026-08-19 14:24:41,414 - FINAL_C_r200.log - INFO - Round 99 | Global 0.6753 | Head 0.7129 | Tail 0.5877 | Many 0.8080 | Medium 0.6415 | Few 0.5877 | best_tail 0.7303@94 | rollback=False
2026-08-19 14:24:41,414 - FINAL_C_r200.log - INFO - Round 100 selected clients: [0, 4, 6, 7, 10, 11, 12, 17]
2026-08-19 14:25:05,242 - FINAL_C_r200.log - INFO - Round 100 | Global 0.6731 | Head 0.7357 | Tail 0.5270 | Many 0.8220 | Medium 0.6710 | Few 0.5270 | best_tail 0.7303@94 | rollback=False
2026-08-19 14:25:05,267 - FINAL_C_r200.log - INFO - Global Accuracy: [0.1775, 0.2289, 0.2446, 0.2502, 0.2971, 0.3142, 0.3213, 0.342, 0.3064, 0.3419, 0.3622, 0.4018, 0.3985, 0.3979, 0.4018, 0.3819, 0.4034, 0.4112, 0.3848, 0.4346, 0.4375, 0.4613, 0.4753, 0.471, 0.4927, 0.4936, 0.4979, 0.503, 0.5035, 0.5165, 0.4751, 0.514, 0.5137, 0.5403, 0.5055, 0.5515, 0.5376, 0.5656, 0.5741, 0.5719, 0.5517, 0.5655, 0.5463, 0.5693, 0.5572, 0.5786, 0.5545, 0.5634, 0.5716, 0.5834, 0.5774, 0.6335, 0.6066, 0.6137, 0.6276, 0.6013, 0.6303, 0.6017, 0.6159, 0.5828, 0.6321, 0.6397, 0.6111, 0.6371, 0.6615, 0.6329, 0.6558, 0.6564, 0.6353, 0.6514, 0.6594, 0.6648, 0.6399, 0.6764, 0.6792, 0.6707, 0.665, 0.6367, 0.6673, 0.6669, 0.6914, 0.6826, 0.6698, 0.6784, 0.6842, 0.6726, 0.6696, 0.6659, 0.6789, 0.6859, 0.6788, 0.6844, 0.6945, 0.6914, 0.6788, 0.6846, 0.6876, 0.6809, 0.6753, 0.6731]
2026-08-19 14:25:05,267 - FINAL_C_r200.log - INFO - Majority Class Accuracy: [0.5503, 0.693, 0.6653, 0.6817, 0.739, 0.7863, 0.806, 0.7573, 0.6813, 0.791, 0.8337, 0.776, 0.7813, 0.751, 0.7627, 0.7843, 0.7733, 0.786, 0.753, 0.7967, 0.7403, 0.7857, 0.763, 0.7997, 0.7323, 0.8113, 0.7813, 0.7677, 0.7673, 0.8167, 0.8063, 0.799, 0.77, 0.8313, 0.8137, 0.7783, 0.755, 0.785, 0.791, 0.7563, 0.808, 0.805, 0.794, 0.7533, 0.7747, 0.7983, 0.8243, 0.8103, 0.8213, 0.808, 0.8017, 0.776, 0.8217, 0.813, 0.7897, 0.795, 0.786, 0.8037, 0.8193, 0.796, 0.777, 0.7113, 0.827, 0.8153, 0.7677, 0.7943, 0.7827, 0.7533, 0.8123, 0.7457, 0.7813, 0.7647, 0.8037, 0.753, 0.7823, 0.7737, 0.7683, 0.8063, 0.7743, 0.7437, 0.7393, 0.7903, 0.777, 0.7743, 0.755, 0.828, 0.8067, 0.8113, 0.7507, 0.785, 0.7793, 0.77, 0.7627, 0.7587, 0.8197, 0.742, 0.76, 0.7937, 0.808, 0.822]
2026-08-19 14:25:05,267 - FINAL_C_r200.log - INFO - Medium Class Accuracy: [0.031, 0.0525, 0.1125, 0.1143, 0.1885, 0.1958, 0.1988, 0.287, 0.255, 0.2615, 0.2802, 0.3992, 0.3907, 0.423, 0.4145, 0.3468, 0.4052, 0.427, 0.3668, 0.4405, 0.49, 0.4693, 0.512, 0.4808, 0.5525, 0.5108, 0.5387, 0.5228, 0.573, 0.539, 0.4958, 0.5125, 0.5657, 0.5403, 0.5337, 0.5527, 0.5907, 0.59, 0.6015, 0.618, 0.5775, 0.5807, 0.5867, 0.6388, 0.602, 0.6148, 0.5827, 0.5803, 0.5793, 0.6155, 0.5677, 0.6032, 0.5907, 0.6195, 0.621, 0.5865, 0.625, 0.639, 0.6248, 0.6412, 0.6172, 0.6475, 0.614, 0.651, 0.6665, 0.6558, 0.6418, 0.6502, 0.64, 0.6492, 0.6522, 0.6505, 0.6555, 0.6645, 0.6428, 0.6515, 0.6683, 0.6532, 0.6693, 0.665, 0.6707, 0.6542, 0.6775, 0.6717, 0.679, 0.6615, 0.663, 0.6448, 0.683, 0.668, 0.6667, 0.6755, 0.6737, 0.6118, 0.6577, 0.6905, 0.674, 0.6647, 0.6415, 0.671]
2026-08-19 14:25:05,268 - FINAL_C_r200.log - INFO - Minority Class Accuracy: [0.0, 0.0, 0.0, 0.0, 0.0, 0.0, 0.0, 0.0, 0.0, 0.0, 0.0, 0.031, 0.026, 0.0113, 0.024, 0.0263, 0.031, 0.0153, 0.0407, 0.0647, 0.0647, 0.1263, 0.1387, 0.1293, 0.1733, 0.153, 0.16, 0.212, 0.147, 0.1863, 0.1163, 0.231, 0.188, 0.2493, 0.1597, 0.323, 0.2493, 0.3137, 0.3207, 0.326, 0.261, 0.3057, 0.2447, 0.2927, 0.28, 0.3107, 0.247, 0.294, 0.3117, 0.316, 0.366, 0.5313, 0.4127, 0.4067, 0.4743, 0.4273, 0.4817, 0.35, 0.4007, 0.2917, 0.507, 0.5577, 0.3913, 0.4403, 0.5487, 0.441, 0.5477, 0.5677, 0.452, 0.56, 0.547, 0.584, 0.4553, 0.6157, 0.6247, 0.5933, 0.5573, 0.445, 0.5577, 0.5927, 0.671, 0.6127, 0.5523, 0.5913, 0.6203, 0.532, 0.5413, 0.5487, 0.6017, 0.6107, 0.5943, 0.6107, 0.654, 0.7303, 0.566, 0.6193, 0.6333, 0.5897, 0.5877, 0.527]
2026-08-19 14:25:05,268 - FINAL_C_r200.log - INFO - === Head-Tail Evaluation ===
2026-08-19 14:25:05,268 - FINAL_C_r200.log - INFO - Head Accuracy: 0.7357
2026-08-19 14:25:05,268 - FINAL_C_r200.log - INFO - Tail Accuracy: 0.5270
2026-08-19 14:25:21,419 - FINAL_C_r200.log - INFO - Round 101 selected clients: [0, 8, 9, 10, 11, 14, 15, 17]
2026-08-19 14:25:44,695 - FINAL_C_r200.log - INFO - Round 101 | Global 0.6620 | Head 0.7179 | Tail 0.5317 | Many 0.7967 | Medium 0.6587 | Few 0.5317 | best_tail 0.7303@94 | rollback=False
2026-08-19 14:25:44,696 - FINAL_C_r200.log - INFO - Round 102 selected clients: [1, 5, 8, 10, 12, 13, 16, 17]
2026-08-19 14:26:08,521 - FINAL_C_r200.log - INFO - Round 102 | Global 0.6588 | Head 0.7236 | Tail 0.5077 | Many 0.8130 | Medium 0.6565 | Few 0.5077 | best_tail 0.7303@94 | rollback=False
2026-08-19 14:26:08,521 - FINAL_C_r200.log - INFO - Round 103 selected clients: [0, 4, 7, 9, 10, 11, 12, 19]
2026-08-19 14:26:31,230 - FINAL_C_r200.log - INFO - Round 103 | Global 0.6674 | Head 0.7367 | Tail 0.5057 | Many 0.8197 | Medium 0.6745 | Few 0.5057 | best_tail 0.7303@94 | rollback=False
2026-08-19 14:26:31,230 - FINAL_C_r200.log - INFO - Round 104 selected clients: [4, 5, 8, 10, 12, 13, 15, 16]
2026-08-19 14:26:54,009 - FINAL_C_r200.log - INFO - Round 104 | Global 0.6612 | Head 0.7391 | Tail 0.4793 | Many 0.8190 | Medium 0.6793 | Few 0.4793 | best_tail 0.7303@94 | rollback=False
2026-08-19 14:26:54,009 - FINAL_C_r200.log - INFO - Round 105 selected clients: [3, 4, 7, 9, 12, 15, 18, 19]
2026-08-19 14:27:17,708 - FINAL_C_r200.log - INFO - Round 105 | Global 0.6951 | Head 0.7211 | Tail 0.6343 | Many 0.7710 | Medium 0.6837 | Few 0.6343 | best_tail 0.7303@94 | rollback=False
2026-08-19 14:27:17,708 - FINAL_C_r200.log - INFO - Round 106 selected clients: [1, 3, 6, 7, 11, 15, 16, 18]
2026-08-19 14:27:40,873 - FINAL_C_r200.log - INFO - Round 106 | Global 0.6965 | Head 0.7167 | Tail 0.6493 | Many 0.7773 | Medium 0.6713 | Few 0.6493 | best_tail 0.7303@94 | rollback=False
2026-08-19 14:27:40,873 - FINAL_C_r200.log - INFO - Round 107 selected clients: [1, 2, 6, 8, 9, 12, 17, 19]
2026-08-19 14:28:04,269 - FINAL_C_r200.log - INFO - Round 107 | Global 0.7078 | Head 0.7153 | Tail 0.6903 | Many 0.7437 | Medium 0.6940 | Few 0.6903 | best_tail 0.7303@94 | rollback=False
2026-08-19 14:28:04,269 - FINAL_C_r200.log - INFO - Round 108 selected clients: [1, 6, 7, 8, 11, 13, 14, 17]
2026-08-19 14:28:26,641 - FINAL_C_r200.log - INFO - Round 108 | Global 0.6771 | Head 0.7213 | Tail 0.5740 | Many 0.7920 | Medium 0.6683 | Few 0.5740 | best_tail 0.7303@94 | rollback=False
2026-08-19 14:28:26,641 - FINAL_C_r200.log - INFO - Round 109 selected clients: [0, 2, 4, 7, 8, 9, 12, 16]
2026-08-19 14:28:48,531 - FINAL_C_r200.log - INFO - Round 109 | Global 0.6519 | Head 0.7199 | Tail 0.4933 | Many 0.8007 | Medium 0.6593 | Few 0.4933 | best_tail 0.7303@94 | rollback=False
2026-08-19 14:28:48,531 - FINAL_C_r200.log - INFO - Round 110 selected clients: [2, 3, 7, 8, 12, 16, 18, 19]
2026-08-19 14:29:08,752 - FINAL_C_r200.log - INFO - Round 110 | Global 0.7044 | Head 0.7224 | Tail 0.6623 | Many 0.7917 | Medium 0.6705 | Few 0.6623 | best_tail 0.7303@94 | rollback=False
2026-08-19 14:29:08,779 - FINAL_C_r200.log - INFO - Global Accuracy: [0.1775, 0.2289, 0.2446, 0.2502, 0.2971, 0.3142, 0.3213, 0.342, 0.3064, 0.3419, 0.3622, 0.4018, 0.3985, 0.3979, 0.4018, 0.3819, 0.4034, 0.4112, 0.3848, 0.4346, 0.4375, 0.4613, 0.4753, 0.471, 0.4927, 0.4936, 0.4979, 0.503, 0.5035, 0.5165, 0.4751, 0.514, 0.5137, 0.5403, 0.5055, 0.5515, 0.5376, 0.5656, 0.5741, 0.5719, 0.5517, 0.5655, 0.5463, 0.5693, 0.5572, 0.5786, 0.5545, 0.5634, 0.5716, 0.5834, 0.5774, 0.6335, 0.6066, 0.6137, 0.6276, 0.6013, 0.6303, 0.6017, 0.6159, 0.5828, 0.6321, 0.6397, 0.6111, 0.6371, 0.6615, 0.6329, 0.6558, 0.6564, 0.6353, 0.6514, 0.6594, 0.6648, 0.6399, 0.6764, 0.6792, 0.6707, 0.665, 0.6367, 0.6673, 0.6669, 0.6914, 0.6826, 0.6698, 0.6784, 0.6842, 0.6726, 0.6696, 0.6659, 0.6789, 0.6859, 0.6788, 0.6844, 0.6945, 0.6914, 0.6788, 0.6846, 0.6876, 0.6809, 0.6753, 0.6731, 0.662, 0.6588, 0.6674, 0.6612, 0.6951, 0.6965, 0.7078, 0.6771, 0.6519, 0.7044]
2026-08-19 14:29:08,779 - FINAL_C_r200.log - INFO - Majority Class Accuracy: [0.5503, 0.693, 0.6653, 0.6817, 0.739, 0.7863, 0.806, 0.7573, 0.6813, 0.791, 0.8337, 0.776, 0.7813, 0.751, 0.7627, 0.7843, 0.7733, 0.786, 0.753, 0.7967, 0.7403, 0.7857, 0.763, 0.7997, 0.7323, 0.8113, 0.7813, 0.7677, 0.7673, 0.8167, 0.8063, 0.799, 0.77, 0.8313, 0.8137, 0.7783, 0.755, 0.785, 0.791, 0.7563, 0.808, 0.805, 0.794, 0.7533, 0.7747, 0.7983, 0.8243, 0.8103, 0.8213, 0.808, 0.8017, 0.776, 0.8217, 0.813, 0.7897, 0.795, 0.786, 0.8037, 0.8193, 0.796, 0.777, 0.7113, 0.827, 0.8153, 0.7677, 0.7943, 0.7827, 0.7533, 0.8123, 0.7457, 0.7813, 0.7647, 0.8037, 0.753, 0.7823, 0.7737, 0.7683, 0.8063, 0.7743, 0.7437, 0.7393, 0.7903, 0.777, 0.7743, 0.755, 0.828, 0.8067, 0.8113, 0.7507, 0.785, 0.7793, 0.77, 0.7627, 0.7587, 0.8197, 0.742, 0.76, 0.7937, 0.808, 0.822, 0.7967, 0.813, 0.8197, 0.819, 0.771, 0.7773, 0.7437, 0.792, 0.8007, 0.7917]
2026-08-19 14:29:08,779 - FINAL_C_r200.log - INFO - Medium Class Accuracy: [0.031, 0.0525, 0.1125, 0.1143, 0.1885, 0.1958, 0.1988, 0.287, 0.255, 0.2615, 0.2802, 0.3992, 0.3907, 0.423, 0.4145, 0.3468, 0.4052, 0.427, 0.3668, 0.4405, 0.49, 0.4693, 0.512, 0.4808, 0.5525, 0.5108, 0.5387, 0.5228, 0.573, 0.539, 0.4958, 0.5125, 0.5657, 0.5403, 0.5337, 0.5527, 0.5907, 0.59, 0.6015, 0.618, 0.5775, 0.5807, 0.5867, 0.6388, 0.602, 0.6148, 0.5827, 0.5803, 0.5793, 0.6155, 0.5677, 0.6032, 0.5907, 0.6195, 0.621, 0.5865, 0.625, 0.639, 0.6248, 0.6412, 0.6172, 0.6475, 0.614, 0.651, 0.6665, 0.6558, 0.6418, 0.6502, 0.64, 0.6492, 0.6522, 0.6505, 0.6555, 0.6645, 0.6428, 0.6515, 0.6683, 0.6532, 0.6693, 0.665, 0.6707, 0.6542, 0.6775, 0.6717, 0.679, 0.6615, 0.663, 0.6448, 0.683, 0.668, 0.6667, 0.6755, 0.6737, 0.6118, 0.6577, 0.6905, 0.674, 0.6647, 0.6415, 0.671, 0.6587, 0.6565, 0.6745, 0.6793, 0.6837, 0.6713, 0.694, 0.6683, 0.6593, 0.6705]
2026-08-19 14:29:08,779 - FINAL_C_r200.log - INFO - Minority Class Accuracy: [0.0, 0.0, 0.0, 0.0, 0.0, 0.0, 0.0, 0.0, 0.0, 0.0, 0.0, 0.031, 0.026, 0.0113, 0.024, 0.0263, 0.031, 0.0153, 0.0407, 0.0647, 0.0647, 0.1263, 0.1387, 0.1293, 0.1733, 0.153, 0.16, 0.212, 0.147, 0.1863, 0.1163, 0.231, 0.188, 0.2493, 0.1597, 0.323, 0.2493, 0.3137, 0.3207, 0.326, 0.261, 0.3057, 0.2447, 0.2927, 0.28, 0.3107, 0.247, 0.294, 0.3117, 0.316, 0.366, 0.5313, 0.4127, 0.4067, 0.4743, 0.4273, 0.4817, 0.35, 0.4007, 0.2917, 0.507, 0.5577, 0.3913, 0.4403, 0.5487, 0.441, 0.5477, 0.5677, 0.452, 0.56, 0.547, 0.584, 0.4553, 0.6157, 0.6247, 0.5933, 0.5573, 0.445, 0.5577, 0.5927, 0.671, 0.6127, 0.5523, 0.5913, 0.6203, 0.532, 0.5413, 0.5487, 0.6017, 0.6107, 0.5943, 0.6107, 0.654, 0.7303, 0.566, 0.6193, 0.6333, 0.5897, 0.5877, 0.527, 0.5317, 0.5077, 0.5057, 0.4793, 0.6343, 0.6493, 0.6903, 0.574, 0.4933, 0.6623]
2026-08-19 14:29:08,779 - FINAL_C_r200.log - INFO - === Head-Tail Evaluation ===
2026-08-19 14:29:08,779 - FINAL_C_r200.log - INFO - Head Accuracy: 0.7224
2026-08-19 14:29:08,779 - FINAL_C_r200.log - INFO - Tail Accuracy: 0.6623
2026-08-19 14:29:21,932 - FINAL_C_r200.log - INFO - Round 111 selected clients: [5, 6, 7, 10, 11, 15, 16, 18]
2026-08-19 14:29:42,192 - FINAL_C_r200.log - INFO - Round 111 | Global 0.7000 | Head 0.7129 | Tail 0.6700 | Many 0.7527 | Medium 0.6830 | Few 0.6700 | best_tail 0.7303@94 | rollback=False
2026-08-19 14:29:42,192 - FINAL_C_r200.log - INFO - Round 112 selected clients: [0, 4, 6, 7, 9, 13, 15, 16]
2026-08-19 14:30:02,115 - FINAL_C_r200.log - INFO - Round 112 | Global 0.6804 | Head 0.7186 | Tail 0.5913 | Many 0.8080 | Medium 0.6515 | Few 0.5913 | best_tail 0.7303@94 | rollback=False
2026-08-19 14:30:02,115 - FINAL_C_r200.log - INFO - Round 113 selected clients: [1, 3, 5, 7, 13, 15, 18, 19]
2026-08-19 14:30:22,690 - FINAL_C_r200.log - INFO - Round 113 | Global 0.6969 | Head 0.7104 | Tail 0.6653 | Many 0.7703 | Medium 0.6655 | Few 0.6653 | best_tail 0.7303@94 | rollback=False
2026-08-19 14:30:22,690 - FINAL_C_r200.log - INFO - Round 114 selected clients: [0, 3, 6, 12, 15, 17, 18, 19]
2026-08-19 14:30:43,585 - FINAL_C_r200.log - INFO - Round 114 | Global 0.7028 | Head 0.6876 | Tail 0.7383 | Many 0.7037 | Medium 0.6755 | Few 0.7383 | best_tail 0.7383@114 | rollback=False
2026-08-19 14:30:43,587 - FINAL_C_r200.log - INFO - Round 115 selected clients: [0, 2, 7, 8, 9, 12, 13, 16]
2026-08-19 14:31:03,530 - FINAL_C_r200.log - INFO - Round 115 | Global 0.6978 | Head 0.7310 | Tail 0.6203 | Many 0.8030 | Medium 0.6770 | Few 0.6203 | best_tail 0.7383@114 | rollback=False
2026-08-19 14:31:03,530 - FINAL_C_r200.log - INFO - Round 116 selected clients: [0, 6, 7, 8, 9, 11, 12, 19]
2026-08-19 14:31:23,723 - FINAL_C_r200.log - INFO - Round 116 | Global 0.6966 | Head 0.7116 | Tail 0.6617 | Many 0.7657 | Medium 0.6710 | Few 0.6617 | best_tail 0.7383@114 | rollback=False
2026-08-19 14:31:23,723 - FINAL_C_r200.log - INFO - Round 117 selected clients: [4, 5, 6, 10, 11, 12, 18, 19]
2026-08-19 14:31:44,137 - FINAL_C_r200.log - INFO - Round 117 | Global 0.7064 | Head 0.6991 | Tail 0.7233 | Many 0.7193 | Medium 0.6840 | Few 0.7233 | best_tail 0.7383@114 | rollback=False
2026-08-19 14:31:44,137 - FINAL_C_r200.log - INFO - Round 118 selected clients: [1, 2, 4, 8, 10, 12, 15, 18]
2026-08-19 14:32:04,234 - FINAL_C_r200.log - INFO - Round 118 | Global 0.6954 | Head 0.7229 | Tail 0.6313 | Many 0.7537 | Medium 0.6997 | Few 0.6313 | best_tail 0.7383@114 | rollback=False
2026-08-19 14:32:04,244 - FINAL_C_r200.log - INFO - Round 119 selected clients: [1, 2, 3, 4, 5, 6, 11, 13]
2026-08-19 14:32:24,521 - FINAL_C_r200.log - INFO - Round 119 | Global 0.6910 | Head 0.7190 | Tail 0.6257 | Many 0.7527 | Medium 0.6937 | Few 0.6257 | best_tail 0.7383@114 | rollback=False
2026-08-19 14:32:24,521 - FINAL_C_r200.log - INFO - Round 120 selected clients: [5, 7, 8, 10, 11, 13, 15, 16]
2026-08-19 14:32:44,198 - FINAL_C_r200.log - INFO - Round 120 | Global 0.6770 | Head 0.7337 | Tail 0.5447 | Many 0.8167 | Medium 0.6715 | Few 0.5447 | best_tail 0.7383@114 | rollback=False
2026-08-19 14:32:44,215 - FINAL_C_r200.log - INFO - Global Accuracy: [0.1775, 0.2289, 0.2446, 0.2502, 0.2971, 0.3142, 0.3213, 0.342, 0.3064, 0.3419, 0.3622, 0.4018, 0.3985, 0.3979, 0.4018, 0.3819, 0.4034, 0.4112, 0.3848, 0.4346, 0.4375, 0.4613, 0.4753, 0.471, 0.4927, 0.4936, 0.4979, 0.503, 0.5035, 0.5165, 0.4751, 0.514, 0.5137, 0.5403, 0.5055, 0.5515, 0.5376, 0.5656, 0.5741, 0.5719, 0.5517, 0.5655, 0.5463, 0.5693, 0.5572, 0.5786, 0.5545, 0.5634, 0.5716, 0.5834, 0.5774, 0.6335, 0.6066, 0.6137, 0.6276, 0.6013, 0.6303, 0.6017, 0.6159, 0.5828, 0.6321, 0.6397, 0.6111, 0.6371, 0.6615, 0.6329, 0.6558, 0.6564, 0.6353, 0.6514, 0.6594, 0.6648, 0.6399, 0.6764, 0.6792, 0.6707, 0.665, 0.6367, 0.6673, 0.6669, 0.6914, 0.6826, 0.6698, 0.6784, 0.6842, 0.6726, 0.6696, 0.6659, 0.6789, 0.6859, 0.6788, 0.6844, 0.6945, 0.6914, 0.6788, 0.6846, 0.6876, 0.6809, 0.6753, 0.6731, 0.662, 0.6588, 0.6674, 0.6612, 0.6951, 0.6965, 0.7078, 0.6771, 0.6519, 0.7044, 0.7, 0.6804, 0.6969, 0.7028, 0.6978, 0.6966, 0.7064, 0.6954, 0.691, 0.677]
2026-08-19 14:32:44,215 - FINAL_C_r200.log - INFO - Majority Class Accuracy: [0.5503, 0.693, 0.6653, 0.6817, 0.739, 0.7863, 0.806, 0.7573, 0.6813, 0.791, 0.8337, 0.776, 0.7813, 0.751, 0.7627, 0.7843, 0.7733, 0.786, 0.753, 0.7967, 0.7403, 0.7857, 0.763, 0.7997, 0.7323, 0.8113, 0.7813, 0.7677, 0.7673, 0.8167, 0.8063, 0.799, 0.77, 0.8313, 0.8137, 0.7783, 0.755, 0.785, 0.791, 0.7563, 0.808, 0.805, 0.794, 0.7533, 0.7747, 0.7983, 0.8243, 0.8103, 0.8213, 0.808, 0.8017, 0.776, 0.8217, 0.813, 0.7897, 0.795, 0.786, 0.8037, 0.8193, 0.796, 0.777, 0.7113, 0.827, 0.8153, 0.7677, 0.7943, 0.7827, 0.7533, 0.8123, 0.7457, 0.7813, 0.7647, 0.8037, 0.753, 0.7823, 0.7737, 0.7683, 0.8063, 0.7743, 0.7437, 0.7393, 0.7903, 0.777, 0.7743, 0.755, 0.828, 0.8067, 0.8113, 0.7507, 0.785, 0.7793, 0.77, 0.7627, 0.7587, 0.8197, 0.742, 0.76, 0.7937, 0.808, 0.822, 0.7967, 0.813, 0.8197, 0.819, 0.771, 0.7773, 0.7437, 0.792, 0.8007, 0.7917, 0.7527, 0.808, 0.7703, 0.7037, 0.803, 0.7657, 0.7193, 0.7537, 0.7527, 0.8167]
2026-08-19 14:32:44,215 - FINAL_C_r200.log - INFO - Medium Class Accuracy: [0.031, 0.0525, 0.1125, 0.1143, 0.1885, 0.1958, 0.1988, 0.287, 0.255, 0.2615, 0.2802, 0.3992, 0.3907, 0.423, 0.4145, 0.3468, 0.4052, 0.427, 0.3668, 0.4405, 0.49, 0.4693, 0.512, 0.4808, 0.5525, 0.5108, 0.5387, 0.5228, 0.573, 0.539, 0.4958, 0.5125, 0.5657, 0.5403, 0.5337, 0.5527, 0.5907, 0.59, 0.6015, 0.618, 0.5775, 0.5807, 0.5867, 0.6388, 0.602, 0.6148, 0.5827, 0.5803, 0.5793, 0.6155, 0.5677, 0.6032, 0.5907, 0.6195, 0.621, 0.5865, 0.625, 0.639, 0.6248, 0.6412, 0.6172, 0.6475, 0.614, 0.651, 0.6665, 0.6558, 0.6418, 0.6502, 0.64, 0.6492, 0.6522, 0.6505, 0.6555, 0.6645, 0.6428, 0.6515, 0.6683, 0.6532, 0.6693, 0.665, 0.6707, 0.6542, 0.6775, 0.6717, 0.679, 0.6615, 0.663, 0.6448, 0.683, 0.668, 0.6667, 0.6755, 0.6737, 0.6118, 0.6577, 0.6905, 0.674, 0.6647, 0.6415, 0.671, 0.6587, 0.6565, 0.6745, 0.6793, 0.6837, 0.6713, 0.694, 0.6683, 0.6593, 0.6705, 0.683, 0.6515, 0.6655, 0.6755, 0.677, 0.671, 0.684, 0.6997, 0.6937, 0.6715]
2026-08-19 14:32:44,215 - FINAL_C_r200.log - INFO - Minority Class Accuracy: [0.0, 0.0, 0.0, 0.0, 0.0, 0.0, 0.0, 0.0, 0.0, 0.0, 0.0, 0.031, 0.026, 0.0113, 0.024, 0.0263, 0.031, 0.0153, 0.0407, 0.0647, 0.0647, 0.1263, 0.1387, 0.1293, 0.1733, 0.153, 0.16, 0.212, 0.147, 0.1863, 0.1163, 0.231, 0.188, 0.2493, 0.1597, 0.323, 0.2493, 0.3137, 0.3207, 0.326, 0.261, 0.3057, 0.2447, 0.2927, 0.28, 0.3107, 0.247, 0.294, 0.3117, 0.316, 0.366, 0.5313, 0.4127, 0.4067, 0.4743, 0.4273, 0.4817, 0.35, 0.4007, 0.2917, 0.507, 0.5577, 0.3913, 0.4403, 0.5487, 0.441, 0.5477, 0.5677, 0.452, 0.56, 0.547, 0.584, 0.4553, 0.6157, 0.6247, 0.5933, 0.5573, 0.445, 0.5577, 0.5927, 0.671, 0.6127, 0.5523, 0.5913, 0.6203, 0.532, 0.5413, 0.5487, 0.6017, 0.6107, 0.5943, 0.6107, 0.654, 0.7303, 0.566, 0.6193, 0.6333, 0.5897, 0.5877, 0.527, 0.5317, 0.5077, 0.5057, 0.4793, 0.6343, 0.6493, 0.6903, 0.574, 0.4933, 0.6623, 0.67, 0.5913, 0.6653, 0.7383, 0.6203, 0.6617, 0.7233, 0.6313, 0.6257, 0.5447]
2026-08-19 14:32:44,215 - FINAL_C_r200.log - INFO - === Head-Tail Evaluation ===
2026-08-19 14:32:44,215 - FINAL_C_r200.log - INFO - Head Accuracy: 0.7337
2026-08-19 14:32:44,215 - FINAL_C_r200.log - INFO - Tail Accuracy: 0.5447
2026-08-19 14:32:57,627 - FINAL_C_r200.log - INFO - Round 121 selected clients: [0, 3, 4, 5, 7, 16, 17, 18]
2026-08-19 14:33:19,130 - FINAL_C_r200.log - INFO - Round 121 | Global 0.6924 | Head 0.7227 | Tail 0.6217 | Many 0.8050 | Medium 0.6610 | Few 0.6217 | best_tail 0.7383@114 | rollback=False
2026-08-19 14:33:19,130 - FINAL_C_r200.log - INFO - Round 122 selected clients: [0, 1, 4, 12, 13, 14, 17, 18]
2026-08-19 14:33:42,295 - FINAL_C_r200.log - INFO - Round 122 | Global 0.6803 | Head 0.7211 | Tail 0.5850 | Many 0.7980 | Medium 0.6635 | Few 0.5850 | best_tail 0.7383@114 | rollback=False
2026-08-19 14:33:42,295 - FINAL_C_r200.log - INFO - Round 123 selected clients: [2, 10, 13, 14, 15, 16, 17, 19]
2026-08-19 14:34:05,423 - FINAL_C_r200.log - INFO - Round 123 | Global 0.7066 | Head 0.7419 | Tail 0.6243 | Many 0.8080 | Medium 0.6923 | Few 0.6243 | best_tail 0.7383@114 | rollback=False
2026-08-19 14:34:05,423 - FINAL_C_r200.log - INFO - Round 124 selected clients: [4, 8, 9, 10, 12, 13, 14, 16]
2026-08-19 14:34:27,984 - FINAL_C_r200.log - INFO - Round 124 | Global 0.6751 | Head 0.7394 | Tail 0.5250 | Many 0.8380 | Medium 0.6655 | Few 0.5250 | best_tail 0.7383@114 | rollback=False
2026-08-19 14:34:27,984 - FINAL_C_r200.log - INFO - Round 125 selected clients: [1, 4, 5, 8, 12, 13, 17, 19]
2026-08-19 14:34:51,210 - FINAL_C_r200.log - INFO - Round 125 | Global 0.6827 | Head 0.7279 | Tail 0.5773 | Many 0.7940 | Medium 0.6783 | Few 0.5773 | best_tail 0.7383@114 | rollback=False
2026-08-19 14:34:51,210 - FINAL_C_r200.log - INFO - Round 126 selected clients: [2, 8, 9, 12, 13, 14, 15, 16]
2026-08-19 14:35:14,327 - FINAL_C_r200.log - INFO - Round 126 | Global 0.6969 | Head 0.7431 | Tail 0.5890 | Many 0.8097 | Medium 0.6933 | Few 0.5890 | best_tail 0.7383@114 | rollback=False
2026-08-19 14:35:14,327 - FINAL_C_r200.log - INFO - Round 127 selected clients: [4, 5, 7, 11, 15, 16, 17, 18]
2026-08-19 14:35:37,739 - FINAL_C_r200.log - INFO - Round 127 | Global 0.6881 | Head 0.7347 | Tail 0.5793 | Many 0.7877 | Medium 0.6950 | Few 0.5793 | best_tail 0.7383@114 | rollback=False
2026-08-19 14:35:37,739 - FINAL_C_r200.log - INFO - Round 128 selected clients: [3, 6, 8, 10, 12, 15, 17, 19]
2026-08-19 14:36:01,227 - FINAL_C_r200.log - INFO - Round 128 | Global 0.7154 | Head 0.7156 | Tail 0.7150 | Many 0.7620 | Medium 0.6807 | Few 0.7150 | best_tail 0.7383@114 | rollback=False
2026-08-19 14:36:01,227 - FINAL_C_r200.log - INFO - Round 129 selected clients: [4, 6, 7, 10, 11, 15, 16, 17]
2026-08-19 14:36:24,484 - FINAL_C_r200.log - INFO - Round 129 | Global 0.6935 | Head 0.7333 | Tail 0.6007 | Many 0.8187 | Medium 0.6693 | Few 0.6007 | best_tail 0.7383@114 | rollback=False
2026-08-19 14:36:24,484 - FINAL_C_r200.log - INFO - Round 130 selected clients: [0, 3, 6, 9, 10, 14, 15, 17]
2026-08-19 14:36:47,889 - FINAL_C_r200.log - INFO - Round 130 | Global 0.6973 | Head 0.7170 | Tail 0.6513 | Many 0.7763 | Medium 0.6725 | Few 0.6513 | best_tail 0.7383@114 | rollback=False
2026-08-19 14:36:47,916 - FINAL_C_r200.log - INFO - Global Accuracy: [0.1775, 0.2289, 0.2446, 0.2502, 0.2971, 0.3142, 0.3213, 0.342, 0.3064, 0.3419, 0.3622, 0.4018, 0.3985, 0.3979, 0.4018, 0.3819, 0.4034, 0.4112, 0.3848, 0.4346, 0.4375, 0.4613, 0.4753, 0.471, 0.4927, 0.4936, 0.4979, 0.503, 0.5035, 0.5165, 0.4751, 0.514, 0.5137, 0.5403, 0.5055, 0.5515, 0.5376, 0.5656, 0.5741, 0.5719, 0.5517, 0.5655, 0.5463, 0.5693, 0.5572, 0.5786, 0.5545, 0.5634, 0.5716, 0.5834, 0.5774, 0.6335, 0.6066, 0.6137, 0.6276, 0.6013, 0.6303, 0.6017, 0.6159, 0.5828, 0.6321, 0.6397, 0.6111, 0.6371, 0.6615, 0.6329, 0.6558, 0.6564, 0.6353, 0.6514, 0.6594, 0.6648, 0.6399, 0.6764, 0.6792, 0.6707, 0.665, 0.6367, 0.6673, 0.6669, 0.6914, 0.6826, 0.6698, 0.6784, 0.6842, 0.6726, 0.6696, 0.6659, 0.6789, 0.6859, 0.6788, 0.6844, 0.6945, 0.6914, 0.6788, 0.6846, 0.6876, 0.6809, 0.6753, 0.6731, 0.662, 0.6588, 0.6674, 0.6612, 0.6951, 0.6965, 0.7078, 0.6771, 0.6519, 0.7044, 0.7, 0.6804, 0.6969, 0.7028, 0.6978, 0.6966, 0.7064, 0.6954, 0.691, 0.677, 0.6924, 0.6803, 0.7066, 0.6751, 0.6827, 0.6969, 0.6881, 0.7154, 0.6935, 0.6973]
2026-08-19 14:36:47,917 - FINAL_C_r200.log - INFO - Majority Class Accuracy: [0.5503, 0.693, 0.6653, 0.6817, 0.739, 0.7863, 0.806, 0.7573, 0.6813, 0.791, 0.8337, 0.776, 0.7813, 0.751, 0.7627, 0.7843, 0.7733, 0.786, 0.753, 0.7967, 0.7403, 0.7857, 0.763, 0.7997, 0.7323, 0.8113, 0.7813, 0.7677, 0.7673, 0.8167, 0.8063, 0.799, 0.77, 0.8313, 0.8137, 0.7783, 0.755, 0.785, 0.791, 0.7563, 0.808, 0.805, 0.794, 0.7533, 0.7747, 0.7983, 0.8243, 0.8103, 0.8213, 0.808, 0.8017, 0.776, 0.8217, 0.813, 0.7897, 0.795, 0.786, 0.8037, 0.8193, 0.796, 0.777, 0.7113, 0.827, 0.8153, 0.7677, 0.7943, 0.7827, 0.7533, 0.8123, 0.7457, 0.7813, 0.7647, 0.8037, 0.753, 0.7823, 0.7737, 0.7683, 0.8063, 0.7743, 0.7437, 0.7393, 0.7903, 0.777, 0.7743, 0.755, 0.828, 0.8067, 0.8113, 0.7507, 0.785, 0.7793, 0.77, 0.7627, 0.7587, 0.8197, 0.742, 0.76, 0.7937, 0.808, 0.822, 0.7967, 0.813, 0.8197, 0.819, 0.771, 0.7773, 0.7437, 0.792, 0.8007, 0.7917, 0.7527, 0.808, 0.7703, 0.7037, 0.803, 0.7657, 0.7193, 0.7537, 0.7527, 0.8167, 0.805, 0.798, 0.808, 0.838, 0.794, 0.8097, 0.7877, 0.762, 0.8187, 0.7763]
2026-08-19 14:36:47,917 - FINAL_C_r200.log - INFO - Medium Class Accuracy: [0.031, 0.0525, 0.1125, 0.1143, 0.1885, 0.1958, 0.1988, 0.287, 0.255, 0.2615, 0.2802, 0.3992, 0.3907, 0.423, 0.4145, 0.3468, 0.4052, 0.427, 0.3668, 0.4405, 0.49, 0.4693, 0.512, 0.4808, 0.5525, 0.5108, 0.5387, 0.5228, 0.573, 0.539, 0.4958, 0.5125, 0.5657, 0.5403, 0.5337, 0.5527, 0.5907, 0.59, 0.6015, 0.618, 0.5775, 0.5807, 0.5867, 0.6388, 0.602, 0.6148, 0.5827, 0.5803, 0.5793, 0.6155, 0.5677, 0.6032, 0.5907, 0.6195, 0.621, 0.5865, 0.625, 0.639, 0.6248, 0.6412, 0.6172, 0.6475, 0.614, 0.651, 0.6665, 0.6558, 0.6418, 0.6502, 0.64, 0.6492, 0.6522, 0.6505, 0.6555, 0.6645, 0.6428, 0.6515, 0.6683, 0.6532, 0.6693, 0.665, 0.6707, 0.6542, 0.6775, 0.6717, 0.679, 0.6615, 0.663, 0.6448, 0.683, 0.668, 0.6667, 0.6755, 0.6737, 0.6118, 0.6577, 0.6905, 0.674, 0.6647, 0.6415, 0.671, 0.6587, 0.6565, 0.6745, 0.6793, 0.6837, 0.6713, 0.694, 0.6683, 0.6593, 0.6705, 0.683, 0.6515, 0.6655, 0.6755, 0.677, 0.671, 0.684, 0.6997, 0.6937, 0.6715, 0.661, 0.6635, 0.6923, 0.6655, 0.6783, 0.6933, 0.695, 0.6807, 0.6693, 0.6725]
2026-08-19 14:36:47,917 - FINAL_C_r200.log - INFO - Minority Class Accuracy: [0.0, 0.0, 0.0, 0.0, 0.0, 0.0, 0.0, 0.0, 0.0, 0.0, 0.0, 0.031, 0.026, 0.0113, 0.024, 0.0263, 0.031, 0.0153, 0.0407, 0.0647, 0.0647, 0.1263, 0.1387, 0.1293, 0.1733, 0.153, 0.16, 0.212, 0.147, 0.1863, 0.1163, 0.231, 0.188, 0.2493, 0.1597, 0.323, 0.2493, 0.3137, 0.3207, 0.326, 0.261, 0.3057, 0.2447, 0.2927, 0.28, 0.3107, 0.247, 0.294, 0.3117, 0.316, 0.366, 0.5313, 0.4127, 0.4067, 0.4743, 0.4273, 0.4817, 0.35, 0.4007, 0.2917, 0.507, 0.5577, 0.3913, 0.4403, 0.5487, 0.441, 0.5477, 0.5677, 0.452, 0.56, 0.547, 0.584, 0.4553, 0.6157, 0.6247, 0.5933, 0.5573, 0.445, 0.5577, 0.5927, 0.671, 0.6127, 0.5523, 0.5913, 0.6203, 0.532, 0.5413, 0.5487, 0.6017, 0.6107, 0.5943, 0.6107, 0.654, 0.7303, 0.566, 0.6193, 0.6333, 0.5897, 0.5877, 0.527, 0.5317, 0.5077, 0.5057, 0.4793, 0.6343, 0.6493, 0.6903, 0.574, 0.4933, 0.6623, 0.67, 0.5913, 0.6653, 0.7383, 0.6203, 0.6617, 0.7233, 0.6313, 0.6257, 0.5447, 0.6217, 0.585, 0.6243, 0.525, 0.5773, 0.589, 0.5793, 0.715, 0.6007, 0.6513]
2026-08-19 14:36:47,917 - FINAL_C_r200.log - INFO - === Head-Tail Evaluation ===
2026-08-19 14:36:47,917 - FINAL_C_r200.log - INFO - Head Accuracy: 0.7170
2026-08-19 14:36:47,917 - FINAL_C_r200.log - INFO - Tail Accuracy: 0.6513
2026-08-19 14:37:01,184 - FINAL_C_r200.log - INFO - Round 131 selected clients: [0, 3, 7, 8, 9, 12, 14, 18]
2026-08-19 14:37:24,751 - FINAL_C_r200.log - INFO - Round 131 | Global 0.7002 | Head 0.7246 | Tail 0.6433 | Many 0.8057 | Medium 0.6637 | Few 0.6433 | best_tail 0.7383@114 | rollback=False
2026-08-19 14:37:24,751 - FINAL_C_r200.log - INFO - Round 132 selected clients: [1, 5, 7, 10, 12, 13, 15, 19]
2026-08-19 14:37:47,335 - FINAL_C_r200.log - INFO - Round 132 | Global 0.7020 | Head 0.7284 | Tail 0.6403 | Many 0.7820 | Medium 0.6883 | Few 0.6403 | best_tail 0.7383@114 | rollback=False
2026-08-19 14:37:47,336 - FINAL_C_r200.log - INFO - Round 133 selected clients: [0, 1, 7, 8, 9, 11, 15, 16]
2026-08-19 14:38:07,454 - FINAL_C_r200.log - INFO - Round 133 | Global 0.6911 | Head 0.7127 | Tail 0.6407 | Many 0.8013 | Medium 0.6462 | Few 0.6407 | best_tail 0.7383@114 | rollback=False
2026-08-19 14:38:07,464 - FINAL_C_r200.log - INFO - Round 134 selected clients: [2, 3, 7, 8, 10, 16, 18, 19]
2026-08-19 14:38:27,994 - FINAL_C_r200.log - INFO - Round 134 | Global 0.7158 | Head 0.7160 | Tail 0.7153 | Many 0.7673 | Medium 0.6775 | Few 0.7153 | best_tail 0.7383@114 | rollback=False
2026-08-19 14:38:27,994 - FINAL_C_r200.log - INFO - Round 135 selected clients: [0, 6, 9, 12, 13, 14, 16, 19]
2026-08-19 14:38:48,492 - FINAL_C_r200.log - INFO - Round 135 | Global 0.7128 | Head 0.7173 | Tail 0.7023 | Many 0.7727 | Medium 0.6757 | Few 0.7023 | best_tail 0.7383@114 | rollback=False
2026-08-19 14:38:48,492 - FINAL_C_r200.log - INFO - Round 136 selected clients: [2, 3, 5, 6, 10, 13, 15, 18]
2026-08-19 14:39:09,248 - FINAL_C_r200.log - INFO - Round 136 | Global 0.7101 | Head 0.7024 | Tail 0.7280 | Many 0.7230 | Medium 0.6870 | Few 0.7280 | best_tail 0.7383@114 | rollback=False
2026-08-19 14:39:09,248 - FINAL_C_r200.log - INFO - Round 137 selected clients: [1, 2, 3, 5, 9, 10, 13, 19]
2026-08-19 14:39:29,990 - FINAL_C_r200.log - INFO - Round 137 | Global 0.7119 | Head 0.7086 | Tail 0.7197 | Many 0.7403 | Medium 0.6847 | Few 0.7197 | best_tail 0.7383@114 | rollback=False
2026-08-19 14:39:29,990 - FINAL_C_r200.log - INFO - Round 138 selected clients: [0, 1, 5, 7, 8, 12, 16, 18]
2026-08-19 14:39:50,197 - FINAL_C_r200.log - INFO - Round 138 | Global 0.7141 | Head 0.7191 | Tail 0.7023 | Many 0.7630 | Medium 0.6863 | Few 0.7023 | best_tail 0.7383@114 | rollback=False
2026-08-19 14:39:50,197 - FINAL_C_r200.log - INFO - Round 139 selected clients: [4, 5, 6, 10, 11, 12, 14, 18]
2026-08-19 14:40:10,537 - FINAL_C_r200.log - INFO - Round 139 | Global 0.7121 | Head 0.7234 | Tail 0.6857 | Many 0.7893 | Medium 0.6740 | Few 0.6857 | best_tail 0.7383@114 | rollback=False
2026-08-19 14:40:10,537 - FINAL_C_r200.log - INFO - Round 140 selected clients: [2, 6, 8, 12, 14, 15, 16, 19]
2026-08-19 14:40:31,183 - FINAL_C_r200.log - INFO - Round 140 | Global 0.7131 | Head 0.7063 | Tail 0.7290 | Many 0.7430 | Medium 0.6787 | Few 0.7290 | best_tail 0.7383@114 | rollback=False
2026-08-19 14:40:31,209 - FINAL_C_r200.log - INFO - Global Accuracy: [0.1775, 0.2289, 0.2446, 0.2502, 0.2971, 0.3142, 0.3213, 0.342, 0.3064, 0.3419, 0.3622, 0.4018, 0.3985, 0.3979, 0.4018, 0.3819, 0.4034, 0.4112, 0.3848, 0.4346, 0.4375, 0.4613, 0.4753, 0.471, 0.4927, 0.4936, 0.4979, 0.503, 0.5035, 0.5165, 0.4751, 0.514, 0.5137, 0.5403, 0.5055, 0.5515, 0.5376, 0.5656, 0.5741, 0.5719, 0.5517, 0.5655, 0.5463, 0.5693, 0.5572, 0.5786, 0.5545, 0.5634, 0.5716, 0.5834, 0.5774, 0.6335, 0.6066, 0.6137, 0.6276, 0.6013, 0.6303, 0.6017, 0.6159, 0.5828, 0.6321, 0.6397, 0.6111, 0.6371, 0.6615, 0.6329, 0.6558, 0.6564, 0.6353, 0.6514, 0.6594, 0.6648, 0.6399, 0.6764, 0.6792, 0.6707, 0.665, 0.6367, 0.6673, 0.6669, 0.6914, 0.6826, 0.6698, 0.6784, 0.6842, 0.6726, 0.6696, 0.6659, 0.6789, 0.6859, 0.6788, 0.6844, 0.6945, 0.6914, 0.6788, 0.6846, 0.6876, 0.6809, 0.6753, 0.6731, 0.662, 0.6588, 0.6674, 0.6612, 0.6951, 0.6965, 0.7078, 0.6771, 0.6519, 0.7044, 0.7, 0.6804, 0.6969, 0.7028, 0.6978, 0.6966, 0.7064, 0.6954, 0.691, 0.677, 0.6924, 0.6803, 0.7066, 0.6751, 0.6827, 0.6969, 0.6881, 0.7154, 0.6935, 0.6973, 0.7002, 0.702, 0.6911, 0.7158, 0.7128, 0.7101, 0.7119, 0.7141, 0.7121, 0.7131]
2026-08-19 14:40:31,210 - FINAL_C_r200.log - INFO - Majority Class Accuracy: [0.5503, 0.693, 0.6653, 0.6817, 0.739, 0.7863, 0.806, 0.7573, 0.6813, 0.791, 0.8337, 0.776, 0.7813, 0.751, 0.7627, 0.7843, 0.7733, 0.786, 0.753, 0.7967, 0.7403, 0.7857, 0.763, 0.7997, 0.7323, 0.8113, 0.7813, 0.7677, 0.7673, 0.8167, 0.8063, 0.799, 0.77, 0.8313, 0.8137, 0.7783, 0.755, 0.785, 0.791, 0.7563, 0.808, 0.805, 0.794, 0.7533, 0.7747, 0.7983, 0.8243, 0.8103, 0.8213, 0.808, 0.8017, 0.776, 0.8217, 0.813, 0.7897, 0.795, 0.786, 0.8037, 0.8193, 0.796, 0.777, 0.7113, 0.827, 0.8153, 0.7677, 0.7943, 0.7827, 0.7533, 0.8123, 0.7457, 0.7813, 0.7647, 0.8037, 0.753, 0.7823, 0.7737, 0.7683, 0.8063, 0.7743, 0.7437, 0.7393, 0.7903, 0.777, 0.7743, 0.755, 0.828, 0.8067, 0.8113, 0.7507, 0.785, 0.7793, 0.77, 0.7627, 0.7587, 0.8197, 0.742, 0.76, 0.7937, 0.808, 0.822, 0.7967, 0.813, 0.8197, 0.819, 0.771, 0.7773, 0.7437, 0.792, 0.8007, 0.7917, 0.7527, 0.808, 0.7703, 0.7037, 0.803, 0.7657, 0.7193, 0.7537, 0.7527, 0.8167, 0.805, 0.798, 0.808, 0.838, 0.794, 0.8097, 0.7877, 0.762, 0.8187, 0.7763, 0.8057, 0.782, 0.8013, 0.7673, 0.7727, 0.723, 0.7403, 0.763, 0.7893, 0.743]
2026-08-19 14:40:31,210 - FINAL_C_r200.log - INFO - Medium Class Accuracy: [0.031, 0.0525, 0.1125, 0.1143, 0.1885, 0.1958, 0.1988, 0.287, 0.255, 0.2615, 0.2802, 0.3992, 0.3907, 0.423, 0.4145, 0.3468, 0.4052, 0.427, 0.3668, 0.4405, 0.49, 0.4693, 0.512, 0.4808, 0.5525, 0.5108, 0.5387, 0.5228, 0.573, 0.539, 0.4958, 0.5125, 0.5657, 0.5403, 0.5337, 0.5527, 0.5907, 0.59, 0.6015, 0.618, 0.5775, 0.5807, 0.5867, 0.6388, 0.602, 0.6148, 0.5827, 0.5803, 0.5793, 0.6155, 0.5677, 0.6032, 0.5907, 0.6195, 0.621, 0.5865, 0.625, 0.639, 0.6248, 0.6412, 0.6172, 0.6475, 0.614, 0.651, 0.6665, 0.6558, 0.6418, 0.6502, 0.64, 0.6492, 0.6522, 0.6505, 0.6555, 0.6645, 0.6428, 0.6515, 0.6683, 0.6532, 0.6693, 0.665, 0.6707, 0.6542, 0.6775, 0.6717, 0.679, 0.6615, 0.663, 0.6448, 0.683, 0.668, 0.6667, 0.6755, 0.6737, 0.6118, 0.6577, 0.6905, 0.674, 0.6647, 0.6415, 0.671, 0.6587, 0.6565, 0.6745, 0.6793, 0.6837, 0.6713, 0.694, 0.6683, 0.6593, 0.6705, 0.683, 0.6515, 0.6655, 0.6755, 0.677, 0.671, 0.684, 0.6997, 0.6937, 0.6715, 0.661, 0.6635, 0.6923, 0.6655, 0.6783, 0.6933, 0.695, 0.6807, 0.6693, 0.6725, 0.6637, 0.6883, 0.6462, 0.6775, 0.6757, 0.687, 0.6847, 0.6863, 0.674, 0.6787]
2026-08-19 14:40:31,210 - FINAL_C_r200.log - INFO - Minority Class Accuracy: [0.0, 0.0, 0.0, 0.0, 0.0, 0.0, 0.0, 0.0, 0.0, 0.0, 0.0, 0.031, 0.026, 0.0113, 0.024, 0.0263, 0.031, 0.0153, 0.0407, 0.0647, 0.0647, 0.1263, 0.1387, 0.1293, 0.1733, 0.153, 0.16, 0.212, 0.147, 0.1863, 0.1163, 0.231, 0.188, 0.2493, 0.1597, 0.323, 0.2493, 0.3137, 0.3207, 0.326, 0.261, 0.3057, 0.2447, 0.2927, 0.28, 0.3107, 0.247, 0.294, 0.3117, 0.316, 0.366, 0.5313, 0.4127, 0.4067, 0.4743, 0.4273, 0.4817, 0.35, 0.4007, 0.2917, 0.507, 0.5577, 0.3913, 0.4403, 0.5487, 0.441, 0.5477, 0.5677, 0.452, 0.56, 0.547, 0.584, 0.4553, 0.6157, 0.6247, 0.5933, 0.5573, 0.445, 0.5577, 0.5927, 0.671, 0.6127, 0.5523, 0.5913, 0.6203, 0.532, 0.5413, 0.5487, 0.6017, 0.6107, 0.5943, 0.6107, 0.654, 0.7303, 0.566, 0.6193, 0.6333, 0.5897, 0.5877, 0.527, 0.5317, 0.5077, 0.5057, 0.4793, 0.6343, 0.6493, 0.6903, 0.574, 0.4933, 0.6623, 0.67, 0.5913, 0.6653, 0.7383, 0.6203, 0.6617, 0.7233, 0.6313, 0.6257, 0.5447, 0.6217, 0.585, 0.6243, 0.525, 0.5773, 0.589, 0.5793, 0.715, 0.6007, 0.6513, 0.6433, 0.6403, 0.6407, 0.7153, 0.7023, 0.728, 0.7197, 0.7023, 0.6857, 0.729]
2026-08-19 14:40:31,210 - FINAL_C_r200.log - INFO - === Head-Tail Evaluation ===
2026-08-19 14:40:31,210 - FINAL_C_r200.log - INFO - Head Accuracy: 0.7063
2026-08-19 14:40:31,210 - FINAL_C_r200.log - INFO - Tail Accuracy: 0.7290
2026-08-19 14:40:44,551 - FINAL_C_r200.log - INFO - Round 141 selected clients: [1, 3, 5, 10, 12, 14, 15, 19]
2026-08-19 14:41:05,683 - FINAL_C_r200.log - INFO - Round 141 | Global 0.7141 | Head 0.7283 | Tail 0.6810 | Many 0.7753 | Medium 0.6930 | Few 0.6810 | best_tail 0.7383@114 | rollback=False
2026-08-19 14:41:05,683 - FINAL_C_r200.log - INFO - Round 142 selected clients: [0, 1, 2, 3, 4, 9, 14, 17]
2026-08-19 14:41:26,426 - FINAL_C_r200.log - INFO - Round 142 | Global 0.7087 | Head 0.7254 | Tail 0.6697 | Many 0.7557 | Medium 0.7027 | Few 0.6697 | best_tail 0.7383@114 | rollback=False
2026-08-19 14:41:26,426 - FINAL_C_r200.log - INFO - Round 143 selected clients: [1, 3, 6, 8, 9, 13, 15, 16]
2026-08-19 14:41:46,869 - FINAL_C_r200.log - INFO - Round 143 | Global 0.7054 | Head 0.7254 | Tail 0.6587 | Many 0.7637 | Medium 0.6967 | Few 0.6587 | best_tail 0.7383@114 | rollback=False
2026-08-19 14:41:46,879 - FINAL_C_r200.log - INFO - Round 144 selected clients: [1, 5, 6, 8, 10, 12, 15, 18]
2026-08-19 14:42:07,723 - FINAL_C_r200.log - INFO - Round 144 | Global 0.7159 | Head 0.7180 | Tail 0.7110 | Many 0.7710 | Medium 0.6783 | Few 0.7110 | best_tail 0.7383@114 | rollback=False
2026-08-19 14:42:07,723 - FINAL_C_r200.log - INFO - Round 145 selected clients: [0, 2, 4, 7, 11, 17, 18, 19]
2026-08-19 14:42:30,517 - FINAL_C_r200.log - INFO - Round 145 | Global 0.7210 | Head 0.7196 | Tail 0.7243 | Many 0.7463 | Medium 0.6995 | Few 0.7243 | best_tail 0.7383@114 | rollback=False
2026-08-19 14:42:30,517 - FINAL_C_r200.log - INFO - Round 146 selected clients: [0, 1, 6, 8, 12, 13, 14, 16]
2026-08-19 14:42:52,863 - FINAL_C_r200.log - INFO - Round 146 | Global 0.7095 | Head 0.7290 | Tail 0.6640 | Many 0.7923 | Medium 0.6815 | Few 0.6640 | best_tail 0.7383@114 | rollback=False
2026-08-19 14:42:52,863 - FINAL_C_r200.log - INFO - Round 147 selected clients: [1, 2, 4, 10, 12, 15, 16, 19]
2026-08-19 14:43:15,990 - FINAL_C_r200.log - INFO - Round 147 | Global 0.6926 | Head 0.7054 | Tail 0.6627 | Many 0.7653 | Medium 0.6605 | Few 0.6627 | best_tail 0.7383@114 | rollback=False
2026-08-19 14:43:15,990 - FINAL_C_r200.log - INFO - Round 148 selected clients: [0, 6, 8, 10, 11, 15, 17, 18]
2026-08-19 14:43:38,901 - FINAL_C_r200.log - INFO - Round 148 | Global 0.7085 | Head 0.7126 | Tail 0.6990 | Many 0.7703 | Medium 0.6693 | Few 0.6990 | best_tail 0.7383@114 | rollback=False
2026-08-19 14:43:38,901 - FINAL_C_r200.log - INFO - Round 149 selected clients: [1, 2, 3, 4, 6, 7, 12, 14]
2026-08-19 14:44:01,759 - FINAL_C_r200.log - INFO - Round 149 | Global 0.7107 | Head 0.7286 | Tail 0.6690 | Many 0.7703 | Medium 0.6973 | Few 0.6690 | best_tail 0.7383@114 | rollback=False
2026-08-19 14:44:01,759 - FINAL_C_r200.log - INFO - Round 150 selected clients: [5, 7, 11, 12, 14, 17, 18, 19]
2026-08-19 14:44:24,809 - FINAL_C_r200.log - INFO - Round 150 | Global 0.7166 | Head 0.7236 | Tail 0.7003 | Many 0.7620 | Medium 0.6947 | Few 0.7003 | best_tail 0.7383@114 | rollback=False
2026-08-19 14:44:24,832 - FINAL_C_r200.log - INFO - Global Accuracy: [0.1775, 0.2289, 0.2446, 0.2502, 0.2971, 0.3142, 0.3213, 0.342, 0.3064, 0.3419, 0.3622, 0.4018, 0.3985, 0.3979, 0.4018, 0.3819, 0.4034, 0.4112, 0.3848, 0.4346, 0.4375, 0.4613, 0.4753, 0.471, 0.4927, 0.4936, 0.4979, 0.503, 0.5035, 0.5165, 0.4751, 0.514, 0.5137, 0.5403, 0.5055, 0.5515, 0.5376, 0.5656, 0.5741, 0.5719, 0.5517, 0.5655, 0.5463, 0.5693, 0.5572, 0.5786, 0.5545, 0.5634, 0.5716, 0.5834, 0.5774, 0.6335, 0.6066, 0.6137, 0.6276, 0.6013, 0.6303, 0.6017, 0.6159, 0.5828, 0.6321, 0.6397, 0.6111, 0.6371, 0.6615, 0.6329, 0.6558, 0.6564, 0.6353, 0.6514, 0.6594, 0.6648, 0.6399, 0.6764, 0.6792, 0.6707, 0.665, 0.6367, 0.6673, 0.6669, 0.6914, 0.6826, 0.6698, 0.6784, 0.6842, 0.6726, 0.6696, 0.6659, 0.6789, 0.6859, 0.6788, 0.6844, 0.6945, 0.6914, 0.6788, 0.6846, 0.6876, 0.6809, 0.6753, 0.6731, 0.662, 0.6588, 0.6674, 0.6612, 0.6951, 0.6965, 0.7078, 0.6771, 0.6519, 0.7044, 0.7, 0.6804, 0.6969, 0.7028, 0.6978, 0.6966, 0.7064, 0.6954, 0.691, 0.677, 0.6924, 0.6803, 0.7066, 0.6751, 0.6827, 0.6969, 0.6881, 0.7154, 0.6935, 0.6973, 0.7002, 0.702, 0.6911, 0.7158, 0.7128, 0.7101, 0.7119, 0.7141, 0.7121, 0.7131, 0.7141, 0.7087, 0.7054, 0.7159, 0.721, 0.7095, 0.6926, 0.7085, 0.7107, 0.7166]
2026-08-19 14:44:24,832 - FINAL_C_r200.log - INFO - Majority Class Accuracy: [0.5503, 0.693, 0.6653, 0.6817, 0.739, 0.7863, 0.806, 0.7573, 0.6813, 0.791, 0.8337, 0.776, 0.7813, 0.751, 0.7627, 0.7843, 0.7733, 0.786, 0.753, 0.7967, 0.7403, 0.7857, 0.763, 0.7997, 0.7323, 0.8113, 0.7813, 0.7677, 0.7673, 0.8167, 0.8063, 0.799, 0.77, 0.8313, 0.8137, 0.7783, 0.755, 0.785, 0.791, 0.7563, 0.808, 0.805, 0.794, 0.7533, 0.7747, 0.7983, 0.8243, 0.8103, 0.8213, 0.808, 0.8017, 0.776, 0.8217, 0.813, 0.7897, 0.795, 0.786, 0.8037, 0.8193, 0.796, 0.777, 0.7113, 0.827, 0.8153, 0.7677, 0.7943, 0.7827, 0.7533, 0.8123, 0.7457, 0.7813, 0.7647, 0.8037, 0.753, 0.7823, 0.7737, 0.7683, 0.8063, 0.7743, 0.7437, 0.7393, 0.7903, 0.777, 0.7743, 0.755, 0.828, 0.8067, 0.8113, 0.7507, 0.785, 0.7793, 0.77, 0.7627, 0.7587, 0.8197, 0.742, 0.76, 0.7937, 0.808, 0.822, 0.7967, 0.813, 0.8197, 0.819, 0.771, 0.7773, 0.7437, 0.792, 0.8007, 0.7917, 0.7527, 0.808, 0.7703, 0.7037, 0.803, 0.7657, 0.7193, 0.7537, 0.7527, 0.8167, 0.805, 0.798, 0.808, 0.838, 0.794, 0.8097, 0.7877, 0.762, 0.8187, 0.7763, 0.8057, 0.782, 0.8013, 0.7673, 0.7727, 0.723, 0.7403, 0.763, 0.7893, 0.743, 0.7753, 0.7557, 0.7637, 0.771, 0.7463, 0.7923, 0.7653, 0.7703, 0.7703, 0.762]
2026-08-19 14:44:24,833 - FINAL_C_r200.log - INFO - Medium Class Accuracy: [0.031, 0.0525, 0.1125, 0.1143, 0.1885, 0.1958, 0.1988, 0.287, 0.255, 0.2615, 0.2802, 0.3992, 0.3907, 0.423, 0.4145, 0.3468, 0.4052, 0.427, 0.3668, 0.4405, 0.49, 0.4693, 0.512, 0.4808, 0.5525, 0.5108, 0.5387, 0.5228, 0.573, 0.539, 0.4958, 0.5125, 0.5657, 0.5403, 0.5337, 0.5527, 0.5907, 0.59, 0.6015, 0.618, 0.5775, 0.5807, 0.5867, 0.6388, 0.602, 0.6148, 0.5827, 0.5803, 0.5793, 0.6155, 0.5677, 0.6032, 0.5907, 0.6195, 0.621, 0.5865, 0.625, 0.639, 0.6248, 0.6412, 0.6172, 0.6475, 0.614, 0.651, 0.6665, 0.6558, 0.6418, 0.6502, 0.64, 0.6492, 0.6522, 0.6505, 0.6555, 0.6645, 0.6428, 0.6515, 0.6683, 0.6532, 0.6693, 0.665, 0.6707, 0.6542, 0.6775, 0.6717, 0.679, 0.6615, 0.663, 0.6448, 0.683, 0.668, 0.6667, 0.6755, 0.6737, 0.6118, 0.6577, 0.6905, 0.674, 0.6647, 0.6415, 0.671, 0.6587, 0.6565, 0.6745, 0.6793, 0.6837, 0.6713, 0.694, 0.6683, 0.6593, 0.6705, 0.683, 0.6515, 0.6655, 0.6755, 0.677, 0.671, 0.684, 0.6997, 0.6937, 0.6715, 0.661, 0.6635, 0.6923, 0.6655, 0.6783, 0.6933, 0.695, 0.6807, 0.6693, 0.6725, 0.6637, 0.6883, 0.6462, 0.6775, 0.6757, 0.687, 0.6847, 0.6863, 0.674, 0.6787, 0.693, 0.7027, 0.6967, 0.6783, 0.6995, 0.6815, 0.6605, 0.6693, 0.6973, 0.6947]
2026-08-19 14:44:24,833 - FINAL_C_r200.log - INFO - Minority Class Accuracy: [0.0, 0.0, 0.0, 0.0, 0.0, 0.0, 0.0, 0.0, 0.0, 0.0, 0.0, 0.031, 0.026, 0.0113, 0.024, 0.0263, 0.031, 0.0153, 0.0407, 0.0647, 0.0647, 0.1263, 0.1387, 0.1293, 0.1733, 0.153, 0.16, 0.212, 0.147, 0.1863, 0.1163, 0.231, 0.188, 0.2493, 0.1597, 0.323, 0.2493, 0.3137, 0.3207, 0.326, 0.261, 0.3057, 0.2447, 0.2927, 0.28, 0.3107, 0.247, 0.294, 0.3117, 0.316, 0.366, 0.5313, 0.4127, 0.4067, 0.4743, 0.4273, 0.4817, 0.35, 0.4007, 0.2917, 0.507, 0.5577, 0.3913, 0.4403, 0.5487, 0.441, 0.5477, 0.5677, 0.452, 0.56, 0.547, 0.584, 0.4553, 0.6157, 0.6247, 0.5933, 0.5573, 0.445, 0.5577, 0.5927, 0.671, 0.6127, 0.5523, 0.5913, 0.6203, 0.532, 0.5413, 0.5487, 0.6017, 0.6107, 0.5943, 0.6107, 0.654, 0.7303, 0.566, 0.6193, 0.6333, 0.5897, 0.5877, 0.527, 0.5317, 0.5077, 0.5057, 0.4793, 0.6343, 0.6493, 0.6903, 0.574, 0.4933, 0.6623, 0.67, 0.5913, 0.6653, 0.7383, 0.6203, 0.6617, 0.7233, 0.6313, 0.6257, 0.5447, 0.6217, 0.585, 0.6243, 0.525, 0.5773, 0.589, 0.5793, 0.715, 0.6007, 0.6513, 0.6433, 0.6403, 0.6407, 0.7153, 0.7023, 0.728, 0.7197, 0.7023, 0.6857, 0.729, 0.681, 0.6697, 0.6587, 0.711, 0.7243, 0.664, 0.6627, 0.699, 0.669, 0.7003]
2026-08-19 14:44:24,833 - FINAL_C_r200.log - INFO - === Head-Tail Evaluation ===
2026-08-19 14:44:24,833 - FINAL_C_r200.log - INFO - Head Accuracy: 0.7236
2026-08-19 14:44:24,833 - FINAL_C_r200.log - INFO - Tail Accuracy: 0.7003
2026-08-19 14:44:37,900 - FINAL_C_r200.log - INFO - Round 151 selected clients: [1, 5, 6, 7, 8, 10, 14, 15]
2026-08-19 14:45:00,812 - FINAL_C_r200.log - INFO - Round 151 | Global 0.6785 | Head 0.7030 | Tail 0.6213 | Many 0.7163 | Medium 0.6930 | Few 0.6213 | best_tail 0.7383@114 | rollback=False
2026-08-19 14:45:00,812 - FINAL_C_r200.log - INFO - Round 152 selected clients: [1, 4, 9, 10, 15, 16, 18, 19]
2026-08-19 14:45:23,903 - FINAL_C_r200.log - INFO - Round 152 | Global 0.7185 | Head 0.7223 | Tail 0.7097 | Many 0.7590 | Medium 0.6947 | Few 0.7097 | best_tail 0.7383@114 | rollback=False
2026-08-19 14:45:23,903 - FINAL_C_r200.log - INFO - Round 153 selected clients: [0, 1, 4, 10, 11, 17, 18, 19]
2026-08-19 14:45:46,733 - FINAL_C_r200.log - INFO - Round 153 | Global 0.7113 | Head 0.7173 | Tail 0.6973 | Many 0.7737 | Medium 0.6750 | Few 0.6973 | best_tail 0.7383@114 | rollback=False
2026-08-19 14:45:46,733 - FINAL_C_r200.log - INFO - Round 154 selected clients: [2, 4, 8, 9, 11, 13, 15, 18]
2026-08-19 14:46:09,559 - FINAL_C_r200.log - INFO - Round 154 | Global 0.7095 | Head 0.7323 | Tail 0.6563 | Many 0.7923 | Medium 0.6873 | Few 0.6563 | best_tail 0.7383@114 | rollback=False
2026-08-19 14:46:09,559 - FINAL_C_r200.log - INFO - Round 155 selected clients: [1, 3, 5, 11, 12, 13, 14, 15]
2026-08-19 14:46:32,326 - FINAL_C_r200.log - INFO - Round 155 | Global 0.7079 | Head 0.7397 | Tail 0.6337 | Many 0.8000 | Medium 0.6945 | Few 0.6337 | best_tail 0.7383@114 | rollback=False
2026-08-19 14:46:32,326 - FINAL_C_r200.log - INFO - Round 156 selected clients: [2, 4, 5, 10, 11, 14, 15, 19]
2026-08-19 14:46:52,825 - FINAL_C_r200.log - INFO - Round 156 | Global 0.7104 | Head 0.7330 | Tail 0.6577 | Many 0.7810 | Medium 0.6970 | Few 0.6577 | best_tail 0.7383@114 | rollback=False
2026-08-19 14:46:52,825 - FINAL_C_r200.log - INFO - Round 157 selected clients: [3, 7, 10, 11, 13, 14, 16, 18]
2026-08-19 14:47:12,485 - FINAL_C_r200.log - INFO - Round 157 | Global 0.7000 | Head 0.7311 | Tail 0.6273 | Many 0.8197 | Medium 0.6647 | Few 0.6273 | best_tail 0.7383@114 | rollback=False
2026-08-19 14:47:12,495 - FINAL_C_r200.log - INFO - Round 158 selected clients: [0, 1, 2, 8, 9, 10, 11, 17]
2026-08-19 14:47:32,503 - FINAL_C_r200.log - INFO - Round 158 | Global 0.7113 | Head 0.7364 | Tail 0.6527 | Many 0.7953 | Medium 0.6923 | Few 0.6527 | best_tail 0.7383@114 | rollback=False
2026-08-19 14:47:32,503 - FINAL_C_r200.log - INFO - Round 159 selected clients: [4, 8, 10, 13, 14, 15, 18, 19]
2026-08-19 14:47:52,369 - FINAL_C_r200.log - INFO - Round 159 | Global 0.7080 | Head 0.7316 | Tail 0.6530 | Many 0.7963 | Medium 0.6830 | Few 0.6530 | best_tail 0.7383@114 | rollback=False
2026-08-19 14:47:52,369 - FINAL_C_r200.log - INFO - Round 160 selected clients: [0, 1, 2, 5, 6, 12, 14, 19]
2026-08-19 14:48:12,925 - FINAL_C_r200.log - INFO - Round 160 | Global 0.7187 | Head 0.7116 | Tail 0.7353 | Many 0.7310 | Medium 0.6970 | Few 0.7353 | best_tail 0.7383@114 | rollback=False
2026-08-19 14:48:12,941 - FINAL_C_r200.log - INFO - Global Accuracy: [0.1775, 0.2289, 0.2446, 0.2502, 0.2971, 0.3142, 0.3213, 0.342, 0.3064, 0.3419, 0.3622, 0.4018, 0.3985, 0.3979, 0.4018, 0.3819, 0.4034, 0.4112, 0.3848, 0.4346, 0.4375, 0.4613, 0.4753, 0.471, 0.4927, 0.4936, 0.4979, 0.503, 0.5035, 0.5165, 0.4751, 0.514, 0.5137, 0.5403, 0.5055, 0.5515, 0.5376, 0.5656, 0.5741, 0.5719, 0.5517, 0.5655, 0.5463, 0.5693, 0.5572, 0.5786, 0.5545, 0.5634, 0.5716, 0.5834, 0.5774, 0.6335, 0.6066, 0.6137, 0.6276, 0.6013, 0.6303, 0.6017, 0.6159, 0.5828, 0.6321, 0.6397, 0.6111, 0.6371, 0.6615, 0.6329, 0.6558, 0.6564, 0.6353, 0.6514, 0.6594, 0.6648, 0.6399, 0.6764, 0.6792, 0.6707, 0.665, 0.6367, 0.6673, 0.6669, 0.6914, 0.6826, 0.6698, 0.6784, 0.6842, 0.6726, 0.6696, 0.6659, 0.6789, 0.6859, 0.6788, 0.6844, 0.6945, 0.6914, 0.6788, 0.6846, 0.6876, 0.6809, 0.6753, 0.6731, 0.662, 0.6588, 0.6674, 0.6612, 0.6951, 0.6965, 0.7078, 0.6771, 0.6519, 0.7044, 0.7, 0.6804, 0.6969, 0.7028, 0.6978, 0.6966, 0.7064, 0.6954, 0.691, 0.677, 0.6924, 0.6803, 0.7066, 0.6751, 0.6827, 0.6969, 0.6881, 0.7154, 0.6935, 0.6973, 0.7002, 0.702, 0.6911, 0.7158, 0.7128, 0.7101, 0.7119, 0.7141, 0.7121, 0.7131, 0.7141, 0.7087, 0.7054, 0.7159, 0.721, 0.7095, 0.6926, 0.7085, 0.7107, 0.7166, 0.6785, 0.7185, 0.7113, 0.7095, 0.7079, 0.7104, 0.7, 0.7113, 0.708, 0.7187]
2026-08-19 14:48:12,941 - FINAL_C_r200.log - INFO - Majority Class Accuracy: [0.5503, 0.693, 0.6653, 0.6817, 0.739, 0.7863, 0.806, 0.7573, 0.6813, 0.791, 0.8337, 0.776, 0.7813, 0.751, 0.7627, 0.7843, 0.7733, 0.786, 0.753, 0.7967, 0.7403, 0.7857, 0.763, 0.7997, 0.7323, 0.8113, 0.7813, 0.7677, 0.7673, 0.8167, 0.8063, 0.799, 0.77, 0.8313, 0.8137, 0.7783, 0.755, 0.785, 0.791, 0.7563, 0.808, 0.805, 0.794, 0.7533, 0.7747, 0.7983, 0.8243, 0.8103, 0.8213, 0.808, 0.8017, 0.776, 0.8217, 0.813, 0.7897, 0.795, 0.786, 0.8037, 0.8193, 0.796, 0.777, 0.7113, 0.827, 0.8153, 0.7677, 0.7943, 0.7827, 0.7533, 0.8123, 0.7457, 0.7813, 0.7647, 0.8037, 0.753, 0.7823, 0.7737, 0.7683, 0.8063, 0.7743, 0.7437, 0.7393, 0.7903, 0.777, 0.7743, 0.755, 0.828, 0.8067, 0.8113, 0.7507, 0.785, 0.7793, 0.77, 0.7627, 0.7587, 0.8197, 0.742, 0.76, 0.7937, 0.808, 0.822, 0.7967, 0.813, 0.8197, 0.819, 0.771, 0.7773, 0.7437, 0.792, 0.8007, 0.7917, 0.7527, 0.808, 0.7703, 0.7037, 0.803, 0.7657, 0.7193, 0.7537, 0.7527, 0.8167, 0.805, 0.798, 0.808, 0.838, 0.794, 0.8097, 0.7877, 0.762, 0.8187, 0.7763, 0.8057, 0.782, 0.8013, 0.7673, 0.7727, 0.723, 0.7403, 0.763, 0.7893, 0.743, 0.7753, 0.7557, 0.7637, 0.771, 0.7463, 0.7923, 0.7653, 0.7703, 0.7703, 0.762, 0.7163, 0.759, 0.7737, 0.7923, 0.8, 0.781, 0.8197, 0.7953, 0.7963, 0.731]
2026-08-19 14:48:12,941 - FINAL_C_r200.log - INFO - Medium Class Accuracy: [0.031, 0.0525, 0.1125, 0.1143, 0.1885, 0.1958, 0.1988, 0.287, 0.255, 0.2615, 0.2802, 0.3992, 0.3907, 0.423, 0.4145, 0.3468, 0.4052, 0.427, 0.3668, 0.4405, 0.49, 0.4693, 0.512, 0.4808, 0.5525, 0.5108, 0.5387, 0.5228, 0.573, 0.539, 0.4958, 0.5125, 0.5657, 0.5403, 0.5337, 0.5527, 0.5907, 0.59, 0.6015, 0.618, 0.5775, 0.5807, 0.5867, 0.6388, 0.602, 0.6148, 0.5827, 0.5803, 0.5793, 0.6155, 0.5677, 0.6032, 0.5907, 0.6195, 0.621, 0.5865, 0.625, 0.639, 0.6248, 0.6412, 0.6172, 0.6475, 0.614, 0.651, 0.6665, 0.6558, 0.6418, 0.6502, 0.64, 0.6492, 0.6522, 0.6505, 0.6555, 0.6645, 0.6428, 0.6515, 0.6683, 0.6532, 0.6693, 0.665, 0.6707, 0.6542, 0.6775, 0.6717, 0.679, 0.6615, 0.663, 0.6448, 0.683, 0.668, 0.6667, 0.6755, 0.6737, 0.6118, 0.6577, 0.6905, 0.674, 0.6647, 0.6415, 0.671, 0.6587, 0.6565, 0.6745, 0.6793, 0.6837, 0.6713, 0.694, 0.6683, 0.6593, 0.6705, 0.683, 0.6515, 0.6655, 0.6755, 0.677, 0.671, 0.684, 0.6997, 0.6937, 0.6715, 0.661, 0.6635, 0.6923, 0.6655, 0.6783, 0.6933, 0.695, 0.6807, 0.6693, 0.6725, 0.6637, 0.6883, 0.6462, 0.6775, 0.6757, 0.687, 0.6847, 0.6863, 0.674, 0.6787, 0.693, 0.7027, 0.6967, 0.6783, 0.6995, 0.6815, 0.6605, 0.6693, 0.6973, 0.6947, 0.693, 0.6947, 0.675, 0.6873, 0.6945, 0.697, 0.6647, 0.6923, 0.683, 0.697]
2026-08-19 14:48:12,951 - FINAL_C_r200.log - INFO - Minority Class Accuracy: [0.0, 0.0, 0.0, 0.0, 0.0, 0.0, 0.0, 0.0, 0.0, 0.0, 0.0, 0.031, 0.026, 0.0113, 0.024, 0.0263, 0.031, 0.0153, 0.0407, 0.0647, 0.0647, 0.1263, 0.1387, 0.1293, 0.1733, 0.153, 0.16, 0.212, 0.147, 0.1863, 0.1163, 0.231, 0.188, 0.2493, 0.1597, 0.323, 0.2493, 0.3137, 0.3207, 0.326, 0.261, 0.3057, 0.2447, 0.2927, 0.28, 0.3107, 0.247, 0.294, 0.3117, 0.316, 0.366, 0.5313, 0.4127, 0.4067, 0.4743, 0.4273, 0.4817, 0.35, 0.4007, 0.2917, 0.507, 0.5577, 0.3913, 0.4403, 0.5487, 0.441, 0.5477, 0.5677, 0.452, 0.56, 0.547, 0.584, 0.4553, 0.6157, 0.6247, 0.5933, 0.5573, 0.445, 0.5577, 0.5927, 0.671, 0.6127, 0.5523, 0.5913, 0.6203, 0.532, 0.5413, 0.5487, 0.6017, 0.6107, 0.5943, 0.6107, 0.654, 0.7303, 0.566, 0.6193, 0.6333, 0.5897, 0.5877, 0.527, 0.5317, 0.5077, 0.5057, 0.4793, 0.6343, 0.6493, 0.6903, 0.574, 0.4933, 0.6623, 0.67, 0.5913, 0.6653, 0.7383, 0.6203, 0.6617, 0.7233, 0.6313, 0.6257, 0.5447, 0.6217, 0.585, 0.6243, 0.525, 0.5773, 0.589, 0.5793, 0.715, 0.6007, 0.6513, 0.6433, 0.6403, 0.6407, 0.7153, 0.7023, 0.728, 0.7197, 0.7023, 0.6857, 0.729, 0.681, 0.6697, 0.6587, 0.711, 0.7243, 0.664, 0.6627, 0.699, 0.669, 0.7003, 0.6213, 0.7097, 0.6973, 0.6563, 0.6337, 0.6577, 0.6273, 0.6527, 0.653, 0.7353]
2026-08-19 14:48:12,951 - FINAL_C_r200.log - INFO - === Head-Tail Evaluation ===
2026-08-19 14:48:12,951 - FINAL_C_r200.log - INFO - Head Accuracy: 0.7116
2026-08-19 14:48:12,951 - FINAL_C_r200.log - INFO - Tail Accuracy: 0.7353
2026-08-19 14:48:25,975 - FINAL_C_r200.log - INFO - Round 161 selected clients: [3, 4, 8, 9, 11, 14, 17, 18]
2026-08-19 14:48:46,344 - FINAL_C_r200.log - INFO - Round 161 | Global 0.6761 | Head 0.6920 | Tail 0.6390 | Many 0.6837 | Medium 0.6983 | Few 0.6390 | best_tail 0.7383@114 | rollback=False
2026-08-19 14:48:46,344 - FINAL_C_r200.log - INFO - Round 162 selected clients: [1, 2, 7, 14, 15, 16, 18, 19]
2026-08-19 14:49:06,666 - FINAL_C_r200.log - INFO - Round 162 | Global 0.7250 | Head 0.7217 | Tail 0.7327 | Many 0.7557 | Medium 0.6963 | Few 0.7327 | best_tail 0.7383@114 | rollback=False
2026-08-19 14:49:06,666 - FINAL_C_r200.log - INFO - Round 163 selected clients: [5, 6, 7, 10, 11, 12, 13, 17]
2026-08-19 14:49:26,905 - FINAL_C_r200.log - INFO - Round 163 | Global 0.7062 | Head 0.7319 | Tail 0.6463 | Many 0.7710 | Medium 0.7025 | Few 0.6463 | best_tail 0.7383@114 | rollback=False
2026-08-19 14:49:26,905 - FINAL_C_r200.log - INFO - Round 164 selected clients: [0, 3, 6, 10, 12, 13, 15, 16]
2026-08-19 14:49:47,273 - FINAL_C_r200.log - INFO - Round 164 | Global 0.7117 | Head 0.7337 | Tail 0.6603 | Many 0.7987 | Medium 0.6850 | Few 0.6603 | best_tail 0.7383@114 | rollback=False
2026-08-19 14:49:47,273 - FINAL_C_r200.log - INFO - Round 165 selected clients: [3, 7, 9, 11, 13, 15, 17, 19]
2026-08-19 14:50:08,014 - FINAL_C_r200.log - INFO - Round 165 | Global 0.7179 | Head 0.7313 | Tail 0.6867 | Many 0.7917 | Medium 0.6860 | Few 0.6867 | best_tail 0.7383@114 | rollback=False
2026-08-19 14:50:08,014 - FINAL_C_r200.log - INFO - Round 166 selected clients: [1, 10, 11, 12, 13, 14, 16, 17]
2026-08-19 14:50:28,028 - FINAL_C_r200.log - INFO - Round 166 | Global 0.7046 | Head 0.7416 | Tail 0.6183 | Many 0.8183 | Medium 0.6840 | Few 0.6183 | best_tail 0.7383@114 | rollback=False
2026-08-19 14:50:28,028 - FINAL_C_r200.log - INFO - Round 167 selected clients: [3, 4, 7, 9, 10, 13, 14, 18]
2026-08-19 14:50:48,263 - FINAL_C_r200.log - INFO - Round 167 | Global 0.6948 | Head 0.7316 | Tail 0.6090 | Many 0.8300 | Medium 0.6577 | Few 0.6090 | best_tail 0.7383@114 | rollback=False
2026-08-19 14:50:48,263 - FINAL_C_r200.log - INFO - Round 168 selected clients: [0, 1, 3, 4, 10, 11, 14, 15]
2026-08-19 14:51:10,161 - FINAL_C_r200.log - INFO - Round 168 | Global 0.6881 | Head 0.7336 | Tail 0.5820 | Many 0.8233 | Medium 0.6663 | Few 0.5820 | best_tail 0.7383@114 | rollback=False
2026-08-19 14:51:10,161 - FINAL_C_r200.log - INFO - Round 169 selected clients: [0, 1, 4, 5, 7, 9, 16, 18]
2026-08-19 14:51:33,276 - FINAL_C_r200.log - INFO - Round 169 | Global 0.7006 | Head 0.7207 | Tail 0.6537 | Many 0.7973 | Medium 0.6633 | Few 0.6537 | best_tail 0.7383@114 | rollback=False
2026-08-19 14:51:33,276 - FINAL_C_r200.log - INFO - Round 170 selected clients: [1, 5, 6, 9, 11, 14, 15, 18]
2026-08-19 14:51:56,896 - FINAL_C_r200.log - INFO - Round 170 | Global 0.7161 | Head 0.7214 | Tail 0.7037 | Many 0.7570 | Medium 0.6947 | Few 0.7037 | best_tail 0.7383@114 | rollback=False
2026-08-19 14:51:56,924 - FINAL_C_r200.log - INFO - Global Accuracy: [0.1775, 0.2289, 0.2446, 0.2502, 0.2971, 0.3142, 0.3213, 0.342, 0.3064, 0.3419, 0.3622, 0.4018, 0.3985, 0.3979, 0.4018, 0.3819, 0.4034, 0.4112, 0.3848, 0.4346, 0.4375, 0.4613, 0.4753, 0.471, 0.4927, 0.4936, 0.4979, 0.503, 0.5035, 0.5165, 0.4751, 0.514, 0.5137, 0.5403, 0.5055, 0.5515, 0.5376, 0.5656, 0.5741, 0.5719, 0.5517, 0.5655, 0.5463, 0.5693, 0.5572, 0.5786, 0.5545, 0.5634, 0.5716, 0.5834, 0.5774, 0.6335, 0.6066, 0.6137, 0.6276, 0.6013, 0.6303, 0.6017, 0.6159, 0.5828, 0.6321, 0.6397, 0.6111, 0.6371, 0.6615, 0.6329, 0.6558, 0.6564, 0.6353, 0.6514, 0.6594, 0.6648, 0.6399, 0.6764, 0.6792, 0.6707, 0.665, 0.6367, 0.6673, 0.6669, 0.6914, 0.6826, 0.6698, 0.6784, 0.6842, 0.6726, 0.6696, 0.6659, 0.6789, 0.6859, 0.6788, 0.6844, 0.6945, 0.6914, 0.6788, 0.6846, 0.6876, 0.6809, 0.6753, 0.6731, 0.662, 0.6588, 0.6674, 0.6612, 0.6951, 0.6965, 0.7078, 0.6771, 0.6519, 0.7044, 0.7, 0.6804, 0.6969, 0.7028, 0.6978, 0.6966, 0.7064, 0.6954, 0.691, 0.677, 0.6924, 0.6803, 0.7066, 0.6751, 0.6827, 0.6969, 0.6881, 0.7154, 0.6935, 0.6973, 0.7002, 0.702, 0.6911, 0.7158, 0.7128, 0.7101, 0.7119, 0.7141, 0.7121, 0.7131, 0.7141, 0.7087, 0.7054, 0.7159, 0.721, 0.7095, 0.6926, 0.7085, 0.7107, 0.7166, 0.6785, 0.7185, 0.7113, 0.7095, 0.7079, 0.7104, 0.7, 0.7113, 0.708, 0.7187, 0.6761, 0.725, 0.7062, 0.7117, 0.7179, 0.7046, 0.6948, 0.6881, 0.7006, 0.7161]
2026-08-19 14:51:56,925 - FINAL_C_r200.log - INFO - Majority Class Accuracy: [0.5503, 0.693, 0.6653, 0.6817, 0.739, 0.7863, 0.806, 0.7573, 0.6813, 0.791, 0.8337, 0.776, 0.7813, 0.751, 0.7627, 0.7843, 0.7733, 0.786, 0.753, 0.7967, 0.7403, 0.7857, 0.763, 0.7997, 0.7323, 0.8113, 0.7813, 0.7677, 0.7673, 0.8167, 0.8063, 0.799, 0.77, 0.8313, 0.8137, 0.7783, 0.755, 0.785, 0.791, 0.7563, 0.808, 0.805, 0.794, 0.7533, 0.7747, 0.7983, 0.8243, 0.8103, 0.8213, 0.808, 0.8017, 0.776, 0.8217, 0.813, 0.7897, 0.795, 0.786, 0.8037, 0.8193, 0.796, 0.777, 0.7113, 0.827, 0.8153, 0.7677, 0.7943, 0.7827, 0.7533, 0.8123, 0.7457, 0.7813, 0.7647, 0.8037, 0.753, 0.7823, 0.7737, 0.7683, 0.8063, 0.7743, 0.7437, 0.7393, 0.7903, 0.777, 0.7743, 0.755, 0.828, 0.8067, 0.8113, 0.7507, 0.785, 0.7793, 0.77, 0.7627, 0.7587, 0.8197, 0.742, 0.76, 0.7937, 0.808, 0.822, 0.7967, 0.813, 0.8197, 0.819, 0.771, 0.7773, 0.7437, 0.792, 0.8007, 0.7917, 0.7527, 0.808, 0.7703, 0.7037, 0.803, 0.7657, 0.7193, 0.7537, 0.7527, 0.8167, 0.805, 0.798, 0.808, 0.838, 0.794, 0.8097, 0.7877, 0.762, 0.8187, 0.7763, 0.8057, 0.782, 0.8013, 0.7673, 0.7727, 0.723, 0.7403, 0.763, 0.7893, 0.743, 0.7753, 0.7557, 0.7637, 0.771, 0.7463, 0.7923, 0.7653, 0.7703, 0.7703, 0.762, 0.7163, 0.759, 0.7737, 0.7923, 0.8, 0.781, 0.8197, 0.7953, 0.7963, 0.731, 0.6837, 0.7557, 0.771, 0.7987, 0.7917, 0.8183, 0.83, 0.8233, 0.7973, 0.757]
2026-08-19 14:51:56,925 - FINAL_C_r200.log - INFO - Medium Class Accuracy: [0.031, 0.0525, 0.1125, 0.1143, 0.1885, 0.1958, 0.1988, 0.287, 0.255, 0.2615, 0.2802, 0.3992, 0.3907, 0.423, 0.4145, 0.3468, 0.4052, 0.427, 0.3668, 0.4405, 0.49, 0.4693, 0.512, 0.4808, 0.5525, 0.5108, 0.5387, 0.5228, 0.573, 0.539, 0.4958, 0.5125, 0.5657, 0.5403, 0.5337, 0.5527, 0.5907, 0.59, 0.6015, 0.618, 0.5775, 0.5807, 0.5867, 0.6388, 0.602, 0.6148, 0.5827, 0.5803, 0.5793, 0.6155, 0.5677, 0.6032, 0.5907, 0.6195, 0.621, 0.5865, 0.625, 0.639, 0.6248, 0.6412, 0.6172, 0.6475, 0.614, 0.651, 0.6665, 0.6558, 0.6418, 0.6502, 0.64, 0.6492, 0.6522, 0.6505, 0.6555, 0.6645, 0.6428, 0.6515, 0.6683, 0.6532, 0.6693, 0.665, 0.6707, 0.6542, 0.6775, 0.6717, 0.679, 0.6615, 0.663, 0.6448, 0.683, 0.668, 0.6667, 0.6755, 0.6737, 0.6118, 0.6577, 0.6905, 0.674, 0.6647, 0.6415, 0.671, 0.6587, 0.6565, 0.6745, 0.6793, 0.6837, 0.6713, 0.694, 0.6683, 0.6593, 0.6705, 0.683, 0.6515, 0.6655, 0.6755, 0.677, 0.671, 0.684, 0.6997, 0.6937, 0.6715, 0.661, 0.6635, 0.6923, 0.6655, 0.6783, 0.6933, 0.695, 0.6807, 0.6693, 0.6725, 0.6637, 0.6883, 0.6462, 0.6775, 0.6757, 0.687, 0.6847, 0.6863, 0.674, 0.6787, 0.693, 0.7027, 0.6967, 0.6783, 0.6995, 0.6815, 0.6605, 0.6693, 0.6973, 0.6947, 0.693, 0.6947, 0.675, 0.6873, 0.6945, 0.697, 0.6647, 0.6923, 0.683, 0.697, 0.6983, 0.6963, 0.7025, 0.685, 0.686, 0.684, 0.6577, 0.6663, 0.6633, 0.6947]
2026-08-19 14:51:56,925 - FINAL_C_r200.log - INFO - Minority Class Accuracy: [0.0, 0.0, 0.0, 0.0, 0.0, 0.0, 0.0, 0.0, 0.0, 0.0, 0.0, 0.031, 0.026, 0.0113, 0.024, 0.0263, 0.031, 0.0153, 0.0407, 0.0647, 0.0647, 0.1263, 0.1387, 0.1293, 0.1733, 0.153, 0.16, 0.212, 0.147, 0.1863, 0.1163, 0.231, 0.188, 0.2493, 0.1597, 0.323, 0.2493, 0.3137, 0.3207, 0.326, 0.261, 0.3057, 0.2447, 0.2927, 0.28, 0.3107, 0.247, 0.294, 0.3117, 0.316, 0.366, 0.5313, 0.4127, 0.4067, 0.4743, 0.4273, 0.4817, 0.35, 0.4007, 0.2917, 0.507, 0.5577, 0.3913, 0.4403, 0.5487, 0.441, 0.5477, 0.5677, 0.452, 0.56, 0.547, 0.584, 0.4553, 0.6157, 0.6247, 0.5933, 0.5573, 0.445, 0.5577, 0.5927, 0.671, 0.6127, 0.5523, 0.5913, 0.6203, 0.532, 0.5413, 0.5487, 0.6017, 0.6107, 0.5943, 0.6107, 0.654, 0.7303, 0.566, 0.6193, 0.6333, 0.5897, 0.5877, 0.527, 0.5317, 0.5077, 0.5057, 0.4793, 0.6343, 0.6493, 0.6903, 0.574, 0.4933, 0.6623, 0.67, 0.5913, 0.6653, 0.7383, 0.6203, 0.6617, 0.7233, 0.6313, 0.6257, 0.5447, 0.6217, 0.585, 0.6243, 0.525, 0.5773, 0.589, 0.5793, 0.715, 0.6007, 0.6513, 0.6433, 0.6403, 0.6407, 0.7153, 0.7023, 0.728, 0.7197, 0.7023, 0.6857, 0.729, 0.681, 0.6697, 0.6587, 0.711, 0.7243, 0.664, 0.6627, 0.699, 0.669, 0.7003, 0.6213, 0.7097, 0.6973, 0.6563, 0.6337, 0.6577, 0.6273, 0.6527, 0.653, 0.7353, 0.639, 0.7327, 0.6463, 0.6603, 0.6867, 0.6183, 0.609, 0.582, 0.6537, 0.7037]
2026-08-19 14:51:56,925 - FINAL_C_r200.log - INFO - === Head-Tail Evaluation ===
2026-08-19 14:51:56,925 - FINAL_C_r200.log - INFO - Head Accuracy: 0.7214
2026-08-19 14:51:56,925 - FINAL_C_r200.log - INFO - Tail Accuracy: 0.7037
2026-08-19 14:52:10,036 - FINAL_C_r200.log - INFO - Round 171 selected clients: [0, 5, 6, 7, 8, 9, 12, 17]
2026-08-19 14:52:33,593 - FINAL_C_r200.log - INFO - Round 171 | Global 0.7150 | Head 0.7259 | Tail 0.6897 | Many 0.7680 | Medium 0.6943 | Few 0.6897 | best_tail 0.7383@114 | rollback=False
2026-08-19 14:52:33,593 - FINAL_C_r200.log - INFO - Round 172 selected clients: [4, 9, 10, 11, 13, 15, 17, 18]
2026-08-19 14:52:56,928 - FINAL_C_r200.log - INFO - Round 172 | Global 0.7110 | Head 0.7336 | Tail 0.6583 | Many 0.7983 | Medium 0.6850 | Few 0.6583 | best_tail 0.7383@114 | rollback=False
2026-08-19 14:52:56,928 - FINAL_C_r200.log - INFO - Round 173 selected clients: [0, 4, 7, 8, 9, 10, 13, 16]
2026-08-19 14:53:19,569 - FINAL_C_r200.log - INFO - Round 173 | Global 0.6828 | Head 0.7276 | Tail 0.5783 | Many 0.8357 | Medium 0.6465 | Few 0.5783 | best_tail 0.7383@114 | rollback=False
2026-08-19 14:53:19,569 - FINAL_C_r200.log - INFO - Round 174 selected clients: [1, 3, 4, 6, 12, 13, 15, 18]
2026-08-19 14:53:43,108 - FINAL_C_r200.log - INFO - Round 174 | Global 0.7066 | Head 0.7271 | Tail 0.6587 | Many 0.7817 | Medium 0.6863 | Few 0.6587 | best_tail 0.7383@114 | rollback=False
2026-08-19 14:53:43,108 - FINAL_C_r200.log - INFO - Round 175 selected clients: [1, 2, 4, 6, 8, 9, 11, 14]
2026-08-19 14:54:06,177 - FINAL_C_r200.log - INFO - Round 175 | Global 0.7099 | Head 0.7391 | Tail 0.6417 | Many 0.8013 | Medium 0.6925 | Few 0.6417 | best_tail 0.7383@114 | rollback=False
2026-08-19 14:54:06,177 - FINAL_C_r200.log - INFO - Round 176 selected clients: [1, 3, 5, 11, 12, 13, 14, 19]
2026-08-19 14:54:29,312 - FINAL_C_r200.log - INFO - Round 176 | Global 0.7113 | Head 0.7366 | Tail 0.6523 | Many 0.8003 | Medium 0.6887 | Few 0.6523 | best_tail 0.7383@114 | rollback=False
2026-08-19 14:54:29,312 - FINAL_C_r200.log - INFO - Round 177 selected clients: [1, 3, 5, 6, 8, 9, 10, 18]
2026-08-19 14:54:52,632 - FINAL_C_r200.log - INFO - Round 177 | Global 0.7159 | Head 0.7133 | Tail 0.7220 | Many 0.7643 | Medium 0.6750 | Few 0.7220 | best_tail 0.7383@114 | rollback=False
2026-08-19 14:54:52,632 - FINAL_C_r200.log - INFO - Round 178 selected clients: [2, 4, 5, 6, 7, 8, 9, 11]
2026-08-19 14:55:15,731 - FINAL_C_r200.log - INFO - Round 178 | Global 0.7166 | Head 0.7281 | Tail 0.6897 | Many 0.7750 | Medium 0.6930 | Few 0.6897 | best_tail 0.7383@114 | rollback=False
2026-08-19 14:55:15,731 - FINAL_C_r200.log - INFO - Round 179 selected clients: [0, 3, 4, 5, 7, 13, 15, 19]
2026-08-19 14:55:37,692 - FINAL_C_r200.log - INFO - Round 179 | Global 0.7121 | Head 0.7196 | Tail 0.6947 | Many 0.7660 | Medium 0.6847 | Few 0.6947 | best_tail 0.7383@114 | rollback=False
2026-08-19 14:55:37,692 - FINAL_C_r200.log - INFO - Round 180 selected clients: [3, 4, 6, 9, 10, 12, 14, 17]
2026-08-19 14:55:58,230 - FINAL_C_r200.log - INFO - Round 180 | Global 0.7217 | Head 0.7334 | Tail 0.6943 | Many 0.7857 | Medium 0.6943 | Few 0.6943 | best_tail 0.7383@114 | rollback=False
2026-08-19 14:55:58,257 - FINAL_C_r200.log - INFO - Global Accuracy: [0.1775, 0.2289, 0.2446, 0.2502, 0.2971, 0.3142, 0.3213, 0.342, 0.3064, 0.3419, 0.3622, 0.4018, 0.3985, 0.3979, 0.4018, 0.3819, 0.4034, 0.4112, 0.3848, 0.4346, 0.4375, 0.4613, 0.4753, 0.471, 0.4927, 0.4936, 0.4979, 0.503, 0.5035, 0.5165, 0.4751, 0.514, 0.5137, 0.5403, 0.5055, 0.5515, 0.5376, 0.5656, 0.5741, 0.5719, 0.5517, 0.5655, 0.5463, 0.5693, 0.5572, 0.5786, 0.5545, 0.5634, 0.5716, 0.5834, 0.5774, 0.6335, 0.6066, 0.6137, 0.6276, 0.6013, 0.6303, 0.6017, 0.6159, 0.5828, 0.6321, 0.6397, 0.6111, 0.6371, 0.6615, 0.6329, 0.6558, 0.6564, 0.6353, 0.6514, 0.6594, 0.6648, 0.6399, 0.6764, 0.6792, 0.6707, 0.665, 0.6367, 0.6673, 0.6669, 0.6914, 0.6826, 0.6698, 0.6784, 0.6842, 0.6726, 0.6696, 0.6659, 0.6789, 0.6859, 0.6788, 0.6844, 0.6945, 0.6914, 0.6788, 0.6846, 0.6876, 0.6809, 0.6753, 0.6731, 0.662, 0.6588, 0.6674, 0.6612, 0.6951, 0.6965, 0.7078, 0.6771, 0.6519, 0.7044, 0.7, 0.6804, 0.6969, 0.7028, 0.6978, 0.6966, 0.7064, 0.6954, 0.691, 0.677, 0.6924, 0.6803, 0.7066, 0.6751, 0.6827, 0.6969, 0.6881, 0.7154, 0.6935, 0.6973, 0.7002, 0.702, 0.6911, 0.7158, 0.7128, 0.7101, 0.7119, 0.7141, 0.7121, 0.7131, 0.7141, 0.7087, 0.7054, 0.7159, 0.721, 0.7095, 0.6926, 0.7085, 0.7107, 0.7166, 0.6785, 0.7185, 0.7113, 0.7095, 0.7079, 0.7104, 0.7, 0.7113, 0.708, 0.7187, 0.6761, 0.725, 0.7062, 0.7117, 0.7179, 0.7046, 0.6948, 0.6881, 0.7006, 0.7161, 0.715, 0.711, 0.6828, 0.7066, 0.7099, 0.7113, 0.7159, 0.7166, 0.7121, 0.7217]
2026-08-19 14:55:58,257 - FINAL_C_r200.log - INFO - Majority Class Accuracy: [0.5503, 0.693, 0.6653, 0.6817, 0.739, 0.7863, 0.806, 0.7573, 0.6813, 0.791, 0.8337, 0.776, 0.7813, 0.751, 0.7627, 0.7843, 0.7733, 0.786, 0.753, 0.7967, 0.7403, 0.7857, 0.763, 0.7997, 0.7323, 0.8113, 0.7813, 0.7677, 0.7673, 0.8167, 0.8063, 0.799, 0.77, 0.8313, 0.8137, 0.7783, 0.755, 0.785, 0.791, 0.7563, 0.808, 0.805, 0.794, 0.7533, 0.7747, 0.7983, 0.8243, 0.8103, 0.8213, 0.808, 0.8017, 0.776, 0.8217, 0.813, 0.7897, 0.795, 0.786, 0.8037, 0.8193, 0.796, 0.777, 0.7113, 0.827, 0.8153, 0.7677, 0.7943, 0.7827, 0.7533, 0.8123, 0.7457, 0.7813, 0.7647, 0.8037, 0.753, 0.7823, 0.7737, 0.7683, 0.8063, 0.7743, 0.7437, 0.7393, 0.7903, 0.777, 0.7743, 0.755, 0.828, 0.8067, 0.8113, 0.7507, 0.785, 0.7793, 0.77, 0.7627, 0.7587, 0.8197, 0.742, 0.76, 0.7937, 0.808, 0.822, 0.7967, 0.813, 0.8197, 0.819, 0.771, 0.7773, 0.7437, 0.792, 0.8007, 0.7917, 0.7527, 0.808, 0.7703, 0.7037, 0.803, 0.7657, 0.7193, 0.7537, 0.7527, 0.8167, 0.805, 0.798, 0.808, 0.838, 0.794, 0.8097, 0.7877, 0.762, 0.8187, 0.7763, 0.8057, 0.782, 0.8013, 0.7673, 0.7727, 0.723, 0.7403, 0.763, 0.7893, 0.743, 0.7753, 0.7557, 0.7637, 0.771, 0.7463, 0.7923, 0.7653, 0.7703, 0.7703, 0.762, 0.7163, 0.759, 0.7737, 0.7923, 0.8, 0.781, 0.8197, 0.7953, 0.7963, 0.731, 0.6837, 0.7557, 0.771, 0.7987, 0.7917, 0.8183, 0.83, 0.8233, 0.7973, 0.757, 0.768, 0.7983, 0.8357, 0.7817, 0.8013, 0.8003, 0.7643, 0.775, 0.766, 0.7857]
2026-08-19 14:55:58,257 - FINAL_C_r200.log - INFO - Medium Class Accuracy: [0.031, 0.0525, 0.1125, 0.1143, 0.1885, 0.1958, 0.1988, 0.287, 0.255, 0.2615, 0.2802, 0.3992, 0.3907, 0.423, 0.4145, 0.3468, 0.4052, 0.427, 0.3668, 0.4405, 0.49, 0.4693, 0.512, 0.4808, 0.5525, 0.5108, 0.5387, 0.5228, 0.573, 0.539, 0.4958, 0.5125, 0.5657, 0.5403, 0.5337, 0.5527, 0.5907, 0.59, 0.6015, 0.618, 0.5775, 0.5807, 0.5867, 0.6388, 0.602, 0.6148, 0.5827, 0.5803, 0.5793, 0.6155, 0.5677, 0.6032, 0.5907, 0.6195, 0.621, 0.5865, 0.625, 0.639, 0.6248, 0.6412, 0.6172, 0.6475, 0.614, 0.651, 0.6665, 0.6558, 0.6418, 0.6502, 0.64, 0.6492, 0.6522, 0.6505, 0.6555, 0.6645, 0.6428, 0.6515, 0.6683, 0.6532, 0.6693, 0.665, 0.6707, 0.6542, 0.6775, 0.6717, 0.679, 0.6615, 0.663, 0.6448, 0.683, 0.668, 0.6667, 0.6755, 0.6737, 0.6118, 0.6577, 0.6905, 0.674, 0.6647, 0.6415, 0.671, 0.6587, 0.6565, 0.6745, 0.6793, 0.6837, 0.6713, 0.694, 0.6683, 0.6593, 0.6705, 0.683, 0.6515, 0.6655, 0.6755, 0.677, 0.671, 0.684, 0.6997, 0.6937, 0.6715, 0.661, 0.6635, 0.6923, 0.6655, 0.6783, 0.6933, 0.695, 0.6807, 0.6693, 0.6725, 0.6637, 0.6883, 0.6462, 0.6775, 0.6757, 0.687, 0.6847, 0.6863, 0.674, 0.6787, 0.693, 0.7027, 0.6967, 0.6783, 0.6995, 0.6815, 0.6605, 0.6693, 0.6973, 0.6947, 0.693, 0.6947, 0.675, 0.6873, 0.6945, 0.697, 0.6647, 0.6923, 0.683, 0.697, 0.6983, 0.6963, 0.7025, 0.685, 0.686, 0.684, 0.6577, 0.6663, 0.6633, 0.6947, 0.6943, 0.685, 0.6465, 0.6863, 0.6925, 0.6887, 0.675, 0.693, 0.6847, 0.6943]
2026-08-19 14:55:58,257 - FINAL_C_r200.log - INFO - Minority Class Accuracy: [0.0, 0.0, 0.0, 0.0, 0.0, 0.0, 0.0, 0.0, 0.0, 0.0, 0.0, 0.031, 0.026, 0.0113, 0.024, 0.0263, 0.031, 0.0153, 0.0407, 0.0647, 0.0647, 0.1263, 0.1387, 0.1293, 0.1733, 0.153, 0.16, 0.212, 0.147, 0.1863, 0.1163, 0.231, 0.188, 0.2493, 0.1597, 0.323, 0.2493, 0.3137, 0.3207, 0.326, 0.261, 0.3057, 0.2447, 0.2927, 0.28, 0.3107, 0.247, 0.294, 0.3117, 0.316, 0.366, 0.5313, 0.4127, 0.4067, 0.4743, 0.4273, 0.4817, 0.35, 0.4007, 0.2917, 0.507, 0.5577, 0.3913, 0.4403, 0.5487, 0.441, 0.5477, 0.5677, 0.452, 0.56, 0.547, 0.584, 0.4553, 0.6157, 0.6247, 0.5933, 0.5573, 0.445, 0.5577, 0.5927, 0.671, 0.6127, 0.5523, 0.5913, 0.6203, 0.532, 0.5413, 0.5487, 0.6017, 0.6107, 0.5943, 0.6107, 0.654, 0.7303, 0.566, 0.6193, 0.6333, 0.5897, 0.5877, 0.527, 0.5317, 0.5077, 0.5057, 0.4793, 0.6343, 0.6493, 0.6903, 0.574, 0.4933, 0.6623, 0.67, 0.5913, 0.6653, 0.7383, 0.6203, 0.6617, 0.7233, 0.6313, 0.6257, 0.5447, 0.6217, 0.585, 0.6243, 0.525, 0.5773, 0.589, 0.5793, 0.715, 0.6007, 0.6513, 0.6433, 0.6403, 0.6407, 0.7153, 0.7023, 0.728, 0.7197, 0.7023, 0.6857, 0.729, 0.681, 0.6697, 0.6587, 0.711, 0.7243, 0.664, 0.6627, 0.699, 0.669, 0.7003, 0.6213, 0.7097, 0.6973, 0.6563, 0.6337, 0.6577, 0.6273, 0.6527, 0.653, 0.7353, 0.639, 0.7327, 0.6463, 0.6603, 0.6867, 0.6183, 0.609, 0.582, 0.6537, 0.7037, 0.6897, 0.6583, 0.5783, 0.6587, 0.6417, 0.6523, 0.722, 0.6897, 0.6947, 0.6943]
2026-08-19 14:55:58,257 - FINAL_C_r200.log - INFO - === Head-Tail Evaluation ===
2026-08-19 14:55:58,257 - FINAL_C_r200.log - INFO - Head Accuracy: 0.7334
2026-08-19 14:55:58,257 - FINAL_C_r200.log - INFO - Tail Accuracy: 0.6943
2026-08-19 14:56:11,448 - FINAL_C_r200.log - INFO - Round 181 selected clients: [0, 7, 11, 13, 14, 15, 16, 18]
2026-08-19 14:56:31,804 - FINAL_C_r200.log - INFO - Round 181 | Global 0.7021 | Head 0.7351 | Tail 0.6250 | Many 0.8093 | Medium 0.6795 | Few 0.6250 | best_tail 0.7383@114 | rollback=False
2026-08-19 14:56:31,804 - FINAL_C_r200.log - INFO - Round 182 selected clients: [2, 5, 8, 9, 14, 16, 17, 18]
2026-08-19 14:56:52,272 - FINAL_C_r200.log - INFO - Round 182 | Global 0.7195 | Head 0.7269 | Tail 0.7023 | Many 0.7863 | Medium 0.6823 | Few 0.7023 | best_tail 0.7383@114 | rollback=False
2026-08-19 14:56:52,272 - FINAL_C_r200.log - INFO - Round 183 selected clients: [1, 3, 6, 7, 8, 12, 18, 19]
2026-08-19 14:57:12,839 - FINAL_C_r200.log - INFO - Round 183 | Global 0.7231 | Head 0.7140 | Tail 0.7443 | Many 0.7550 | Medium 0.6833 | Few 0.7443 | best_tail 0.7443@183 | rollback=False
2026-08-19 14:57:12,839 - FINAL_C_r200.log - INFO - Round 184 selected clients: [0, 1, 6, 8, 9, 11, 15, 18]
2026-08-19 14:57:33,222 - FINAL_C_r200.log - INFO - Round 184 | Global 0.7165 | Head 0.7080 | Tail 0.7363 | Many 0.7430 | Medium 0.6817 | Few 0.7363 | best_tail 0.7443@183 | rollback=False
2026-08-19 14:57:33,222 - FINAL_C_r200.log - INFO - Round 185 selected clients: [0, 7, 8, 10, 12, 13, 15, 19]
2026-08-19 14:57:53,156 - FINAL_C_r200.log - INFO - Round 185 | Global 0.7104 | Head 0.7244 | Tail 0.6777 | Many 0.7767 | Medium 0.6853 | Few 0.6777 | best_tail 0.7443@183 | rollback=False
2026-08-19 14:57:53,166 - FINAL_C_r200.log - INFO - Round 186 selected clients: [2, 6, 7, 9, 10, 11, 14, 17]
2026-08-19 14:58:13,298 - FINAL_C_r200.log - INFO - Round 186 | Global 0.7132 | Head 0.7296 | Tail 0.6750 | Many 0.7797 | Medium 0.6920 | Few 0.6750 | best_tail 0.7443@183 | rollback=False
2026-08-19 14:58:13,298 - FINAL_C_r200.log - INFO - Round 187 selected clients: [0, 1, 5, 7, 8, 9, 17, 19]
2026-08-19 14:58:33,586 - FINAL_C_r200.log - INFO - Round 187 | Global 0.7160 | Head 0.7129 | Tail 0.7233 | Many 0.7657 | Medium 0.6733 | Few 0.7233 | best_tail 0.7443@183 | rollback=False
2026-08-19 14:58:33,586 - FINAL_C_r200.log - INFO - Round 188 selected clients: [0, 4, 6, 12, 14, 15, 18, 19]
2026-08-19 14:58:54,252 - FINAL_C_r200.log - INFO - Round 188 | Global 0.7290 | Head 0.7207 | Tail 0.7483 | Many 0.7603 | Medium 0.6910 | Few 0.7483 | best_tail 0.7483@188 | rollback=False
2026-08-19 14:58:54,252 - FINAL_C_r200.log - INFO - Round 189 selected clients: [0, 2, 7, 8, 9, 16, 17, 19]
2026-08-19 14:59:14,627 - FINAL_C_r200.log - INFO - Round 189 | Global 0.7231 | Head 0.7253 | Tail 0.7180 | Many 0.7817 | Medium 0.6830 | Few 0.7180 | best_tail 0.7483@188 | rollback=False
2026-08-19 14:59:14,627 - FINAL_C_r200.log - INFO - Round 190 selected clients: [1, 2, 4, 7, 8, 10, 12, 17]
2026-08-19 14:59:34,647 - FINAL_C_r200.log - INFO - Round 190 | Global 0.7112 | Head 0.7249 | Tail 0.6793 | Many 0.7677 | Medium 0.6927 | Few 0.6793 | best_tail 0.7483@188 | rollback=False
2026-08-19 14:59:34,668 - FINAL_C_r200.log - INFO - Global Accuracy: [0.1775, 0.2289, 0.2446, 0.2502, 0.2971, 0.3142, 0.3213, 0.342, 0.3064, 0.3419, 0.3622, 0.4018, 0.3985, 0.3979, 0.4018, 0.3819, 0.4034, 0.4112, 0.3848, 0.4346, 0.4375, 0.4613, 0.4753, 0.471, 0.4927, 0.4936, 0.4979, 0.503, 0.5035, 0.5165, 0.4751, 0.514, 0.5137, 0.5403, 0.5055, 0.5515, 0.5376, 0.5656, 0.5741, 0.5719, 0.5517, 0.5655, 0.5463, 0.5693, 0.5572, 0.5786, 0.5545, 0.5634, 0.5716, 0.5834, 0.5774, 0.6335, 0.6066, 0.6137, 0.6276, 0.6013, 0.6303, 0.6017, 0.6159, 0.5828, 0.6321, 0.6397, 0.6111, 0.6371, 0.6615, 0.6329, 0.6558, 0.6564, 0.6353, 0.6514, 0.6594, 0.6648, 0.6399, 0.6764, 0.6792, 0.6707, 0.665, 0.6367, 0.6673, 0.6669, 0.6914, 0.6826, 0.6698, 0.6784, 0.6842, 0.6726, 0.6696, 0.6659, 0.6789, 0.6859, 0.6788, 0.6844, 0.6945, 0.6914, 0.6788, 0.6846, 0.6876, 0.6809, 0.6753, 0.6731, 0.662, 0.6588, 0.6674, 0.6612, 0.6951, 0.6965, 0.7078, 0.6771, 0.6519, 0.7044, 0.7, 0.6804, 0.6969, 0.7028, 0.6978, 0.6966, 0.7064, 0.6954, 0.691, 0.677, 0.6924, 0.6803, 0.7066, 0.6751, 0.6827, 0.6969, 0.6881, 0.7154, 0.6935, 0.6973, 0.7002, 0.702, 0.6911, 0.7158, 0.7128, 0.7101, 0.7119, 0.7141, 0.7121, 0.7131, 0.7141, 0.7087, 0.7054, 0.7159, 0.721, 0.7095, 0.6926, 0.7085, 0.7107, 0.7166, 0.6785, 0.7185, 0.7113, 0.7095, 0.7079, 0.7104, 0.7, 0.7113, 0.708, 0.7187, 0.6761, 0.725, 0.7062, 0.7117, 0.7179, 0.7046, 0.6948, 0.6881, 0.7006, 0.7161, 0.715, 0.711, 0.6828, 0.7066, 0.7099, 0.7113, 0.7159, 0.7166, 0.7121, 0.7217, 0.7021, 0.7195, 0.7231, 0.7165, 0.7104, 0.7132, 0.716, 0.729, 0.7231, 0.7112]
2026-08-19 14:59:34,668 - FINAL_C_r200.log - INFO - Majority Class Accuracy: [0.5503, 0.693, 0.6653, 0.6817, 0.739, 0.7863, 0.806, 0.7573, 0.6813, 0.791, 0.8337, 0.776, 0.7813, 0.751, 0.7627, 0.7843, 0.7733, 0.786, 0.753, 0.7967, 0.7403, 0.7857, 0.763, 0.7997, 0.7323, 0.8113, 0.7813, 0.7677, 0.7673, 0.8167, 0.8063, 0.799, 0.77, 0.8313, 0.8137, 0.7783, 0.755, 0.785, 0.791, 0.7563, 0.808, 0.805, 0.794, 0.7533, 0.7747, 0.7983, 0.8243, 0.8103, 0.8213, 0.808, 0.8017, 0.776, 0.8217, 0.813, 0.7897, 0.795, 0.786, 0.8037, 0.8193, 0.796, 0.777, 0.7113, 0.827, 0.8153, 0.7677, 0.7943, 0.7827, 0.7533, 0.8123, 0.7457, 0.7813, 0.7647, 0.8037, 0.753, 0.7823, 0.7737, 0.7683, 0.8063, 0.7743, 0.7437, 0.7393, 0.7903, 0.777, 0.7743, 0.755, 0.828, 0.8067, 0.8113, 0.7507, 0.785, 0.7793, 0.77, 0.7627, 0.7587, 0.8197, 0.742, 0.76, 0.7937, 0.808, 0.822, 0.7967, 0.813, 0.8197, 0.819, 0.771, 0.7773, 0.7437, 0.792, 0.8007, 0.7917, 0.7527, 0.808, 0.7703, 0.7037, 0.803, 0.7657, 0.7193, 0.7537, 0.7527, 0.8167, 0.805, 0.798, 0.808, 0.838, 0.794, 0.8097, 0.7877, 0.762, 0.8187, 0.7763, 0.8057, 0.782, 0.8013, 0.7673, 0.7727, 0.723, 0.7403, 0.763, 0.7893, 0.743, 0.7753, 0.7557, 0.7637, 0.771, 0.7463, 0.7923, 0.7653, 0.7703, 0.7703, 0.762, 0.7163, 0.759, 0.7737, 0.7923, 0.8, 0.781, 0.8197, 0.7953, 0.7963, 0.731, 0.6837, 0.7557, 0.771, 0.7987, 0.7917, 0.8183, 0.83, 0.8233, 0.7973, 0.757, 0.768, 0.7983, 0.8357, 0.7817, 0.8013, 0.8003, 0.7643, 0.775, 0.766, 0.7857, 0.8093, 0.7863, 0.755, 0.743, 0.7767, 0.7797, 0.7657, 0.7603, 0.7817, 0.7677]
2026-08-19 14:59:34,668 - FINAL_C_r200.log - INFO - Medium Class Accuracy: [0.031, 0.0525, 0.1125, 0.1143, 0.1885, 0.1958, 0.1988, 0.287, 0.255, 0.2615, 0.2802, 0.3992, 0.3907, 0.423, 0.4145, 0.3468, 0.4052, 0.427, 0.3668, 0.4405, 0.49, 0.4693, 0.512, 0.4808, 0.5525, 0.5108, 0.5387, 0.5228, 0.573, 0.539, 0.4958, 0.5125, 0.5657, 0.5403, 0.5337, 0.5527, 0.5907, 0.59, 0.6015, 0.618, 0.5775, 0.5807, 0.5867, 0.6388, 0.602, 0.6148, 0.5827, 0.5803, 0.5793, 0.6155, 0.5677, 0.6032, 0.5907, 0.6195, 0.621, 0.5865, 0.625, 0.639, 0.6248, 0.6412, 0.6172, 0.6475, 0.614, 0.651, 0.6665, 0.6558, 0.6418, 0.6502, 0.64, 0.6492, 0.6522, 0.6505, 0.6555, 0.6645, 0.6428, 0.6515, 0.6683, 0.6532, 0.6693, 0.665, 0.6707, 0.6542, 0.6775, 0.6717, 0.679, 0.6615, 0.663, 0.6448, 0.683, 0.668, 0.6667, 0.6755, 0.6737, 0.6118, 0.6577, 0.6905, 0.674, 0.6647, 0.6415, 0.671, 0.6587, 0.6565, 0.6745, 0.6793, 0.6837, 0.6713, 0.694, 0.6683, 0.6593, 0.6705, 0.683, 0.6515, 0.6655, 0.6755, 0.677, 0.671, 0.684, 0.6997, 0.6937, 0.6715, 0.661, 0.6635, 0.6923, 0.6655, 0.6783, 0.6933, 0.695, 0.6807, 0.6693, 0.6725, 0.6637, 0.6883, 0.6462, 0.6775, 0.6757, 0.687, 0.6847, 0.6863, 0.674, 0.6787, 0.693, 0.7027, 0.6967, 0.6783, 0.6995, 0.6815, 0.6605, 0.6693, 0.6973, 0.6947, 0.693, 0.6947, 0.675, 0.6873, 0.6945, 0.697, 0.6647, 0.6923, 0.683, 0.697, 0.6983, 0.6963, 0.7025, 0.685, 0.686, 0.684, 0.6577, 0.6663, 0.6633, 0.6947, 0.6943, 0.685, 0.6465, 0.6863, 0.6925, 0.6887, 0.675, 0.693, 0.6847, 0.6943, 0.6795, 0.6823, 0.6833, 0.6817, 0.6853, 0.692, 0.6733, 0.691, 0.683, 0.6927]
2026-08-19 14:59:34,668 - FINAL_C_r200.log - INFO - Minority Class Accuracy: [0.0, 0.0, 0.0, 0.0, 0.0, 0.0, 0.0, 0.0, 0.0, 0.0, 0.0, 0.031, 0.026, 0.0113, 0.024, 0.0263, 0.031, 0.0153, 0.0407, 0.0647, 0.0647, 0.1263, 0.1387, 0.1293, 0.1733, 0.153, 0.16, 0.212, 0.147, 0.1863, 0.1163, 0.231, 0.188, 0.2493, 0.1597, 0.323, 0.2493, 0.3137, 0.3207, 0.326, 0.261, 0.3057, 0.2447, 0.2927, 0.28, 0.3107, 0.247, 0.294, 0.3117, 0.316, 0.366, 0.5313, 0.4127, 0.4067, 0.4743, 0.4273, 0.4817, 0.35, 0.4007, 0.2917, 0.507, 0.5577, 0.3913, 0.4403, 0.5487, 0.441, 0.5477, 0.5677, 0.452, 0.56, 0.547, 0.584, 0.4553, 0.6157, 0.6247, 0.5933, 0.5573, 0.445, 0.5577, 0.5927, 0.671, 0.6127, 0.5523, 0.5913, 0.6203, 0.532, 0.5413, 0.5487, 0.6017, 0.6107, 0.5943, 0.6107, 0.654, 0.7303, 0.566, 0.6193, 0.6333, 0.5897, 0.5877, 0.527, 0.5317, 0.5077, 0.5057, 0.4793, 0.6343, 0.6493, 0.6903, 0.574, 0.4933, 0.6623, 0.67, 0.5913, 0.6653, 0.7383, 0.6203, 0.6617, 0.7233, 0.6313, 0.6257, 0.5447, 0.6217, 0.585, 0.6243, 0.525, 0.5773, 0.589, 0.5793, 0.715, 0.6007, 0.6513, 0.6433, 0.6403, 0.6407, 0.7153, 0.7023, 0.728, 0.7197, 0.7023, 0.6857, 0.729, 0.681, 0.6697, 0.6587, 0.711, 0.7243, 0.664, 0.6627, 0.699, 0.669, 0.7003, 0.6213, 0.7097, 0.6973, 0.6563, 0.6337, 0.6577, 0.6273, 0.6527, 0.653, 0.7353, 0.639, 0.7327, 0.6463, 0.6603, 0.6867, 0.6183, 0.609, 0.582, 0.6537, 0.7037, 0.6897, 0.6583, 0.5783, 0.6587, 0.6417, 0.6523, 0.722, 0.6897, 0.6947, 0.6943, 0.625, 0.7023, 0.7443, 0.7363, 0.6777, 0.675, 0.7233, 0.7483, 0.718, 0.6793]
2026-08-19 14:59:34,668 - FINAL_C_r200.log - INFO - === Head-Tail Evaluation ===
2026-08-19 14:59:34,668 - FINAL_C_r200.log - INFO - Head Accuracy: 0.7249
2026-08-19 14:59:34,668 - FINAL_C_r200.log - INFO - Tail Accuracy: 0.6793
2026-08-19 14:59:48,177 - FINAL_C_r200.log - INFO - Round 191 selected clients: [0, 1, 4, 5, 9, 10, 11, 12]
2026-08-19 15:00:10,157 - FINAL_C_r200.log - INFO - Round 191 | Global 0.7116 | Head 0.7319 | Tail 0.6643 | Many 0.7887 | Medium 0.6893 | Few 0.6643 | best_tail 0.7483@188 | rollback=False
2026-08-19 15:00:10,157 - FINAL_C_r200.log - INFO - Round 192 selected clients: [0, 3, 7, 8, 9, 11, 15, 17]
2026-08-19 15:00:32,964 - FINAL_C_r200.log - INFO - Round 192 | Global 0.7076 | Head 0.7297 | Tail 0.6560 | Many 0.7910 | Medium 0.6837 | Few 0.6560 | best_tail 0.7483@188 | rollback=False
2026-08-19 15:00:32,964 - FINAL_C_r200.log - INFO - Round 193 selected clients: [1, 4, 5, 8, 10, 11, 13, 15]
2026-08-19 15:00:55,318 - FINAL_C_r200.log - INFO - Round 193 | Global 0.6967 | Head 0.7350 | Tail 0.6073 | Many 0.8090 | Medium 0.6795 | Few 0.6073 | best_tail 0.7483@188 | rollback=False
2026-08-19 15:00:55,318 - FINAL_C_r200.log - INFO - Round 194 selected clients: [4, 9, 10, 11, 12, 13, 16, 18]
2026-08-19 15:01:18,056 - FINAL_C_r200.log - INFO - Round 194 | Global 0.7046 | Head 0.7450 | Tail 0.6103 | Many 0.8310 | Medium 0.6805 | Few 0.6103 | best_tail 0.7483@188 | rollback=False
2026-08-19 15:01:18,056 - FINAL_C_r200.log - INFO - Round 195 selected clients: [2, 3, 4, 8, 10, 13, 14, 18]
2026-08-19 15:01:40,639 - FINAL_C_r200.log - INFO - Round 195 | Global 0.7109 | Head 0.7347 | Tail 0.6553 | Many 0.8040 | Medium 0.6827 | Few 0.6553 | best_tail 0.7483@188 | rollback=False
2026-08-19 15:01:40,649 - FINAL_C_r200.log - INFO - Round 196 selected clients: [1, 3, 5, 9, 14, 16, 18, 19]
2026-08-19 15:02:03,834 - FINAL_C_r200.log - INFO - Round 196 | Global 0.7149 | Head 0.6979 | Tail 0.7547 | Many 0.7167 | Medium 0.6837 | Few 0.7547 | best_tail 0.7547@196 | rollback=False
2026-08-19 15:02:03,834 - FINAL_C_r200.log - INFO - Round 197 selected clients: [0, 2, 6, 8, 10, 11, 15, 18]
2026-08-19 15:02:26,595 - FINAL_C_r200.log - INFO - Round 197 | Global 0.7211 | Head 0.7200 | Tail 0.7237 | Many 0.7570 | Medium 0.6923 | Few 0.7237 | best_tail 0.7547@196 | rollback=False
2026-08-19 15:02:26,595 - FINAL_C_r200.log - INFO - Round 198 selected clients: [2, 3, 4, 5, 6, 9, 12, 16]
2026-08-19 15:02:49,992 - FINAL_C_r200.log - INFO - Round 198 | Global 0.7227 | Head 0.7316 | Tail 0.7020 | Many 0.7717 | Medium 0.7015 | Few 0.7020 | best_tail 0.7547@196 | rollback=False
2026-08-19 15:02:49,992 - FINAL_C_r200.log - INFO - Round 199 selected clients: [1, 2, 3, 6, 9, 13, 14, 18]
2026-08-19 15:03:13,417 - FINAL_C_r200.log - INFO - Round 199 | Global 0.7182 | Head 0.7159 | Tail 0.7237 | Many 0.7343 | Medium 0.7020 | Few 0.7237 | best_tail 0.7547@196 | rollback=False
2026-08-19 15:03:13,417 - FINAL_C_r200.log - INFO - Round 200 selected clients: [1, 3, 8, 10, 13, 14, 17, 19]
2026-08-19 15:03:36,078 - FINAL_C_r200.log - INFO - Round 200 | Global 0.7202 | Head 0.7256 | Tail 0.7077 | Many 0.7857 | Medium 0.6805 | Few 0.7077 | best_tail 0.7547@196 | rollback=False
2026-08-19 15:03:36,112 - FINAL_C_r200.log - INFO - Global Accuracy: [0.1775, 0.2289, 0.2446, 0.2502, 0.2971, 0.3142, 0.3213, 0.342, 0.3064, 0.3419, 0.3622, 0.4018, 0.3985, 0.3979, 0.4018, 0.3819, 0.4034, 0.4112, 0.3848, 0.4346, 0.4375, 0.4613, 0.4753, 0.471, 0.4927, 0.4936, 0.4979, 0.503, 0.5035, 0.5165, 0.4751, 0.514, 0.5137, 0.5403, 0.5055, 0.5515, 0.5376, 0.5656, 0.5741, 0.5719, 0.5517, 0.5655, 0.5463, 0.5693, 0.5572, 0.5786, 0.5545, 0.5634, 0.5716, 0.5834, 0.5774, 0.6335, 0.6066, 0.6137, 0.6276, 0.6013, 0.6303, 0.6017, 0.6159, 0.5828, 0.6321, 0.6397, 0.6111, 0.6371, 0.6615, 0.6329, 0.6558, 0.6564, 0.6353, 0.6514, 0.6594, 0.6648, 0.6399, 0.6764, 0.6792, 0.6707, 0.665, 0.6367, 0.6673, 0.6669, 0.6914, 0.6826, 0.6698, 0.6784, 0.6842, 0.6726, 0.6696, 0.6659, 0.6789, 0.6859, 0.6788, 0.6844, 0.6945, 0.6914, 0.6788, 0.6846, 0.6876, 0.6809, 0.6753, 0.6731, 0.662, 0.6588, 0.6674, 0.6612, 0.6951, 0.6965, 0.7078, 0.6771, 0.6519, 0.7044, 0.7, 0.6804, 0.6969, 0.7028, 0.6978, 0.6966, 0.7064, 0.6954, 0.691, 0.677, 0.6924, 0.6803, 0.7066, 0.6751, 0.6827, 0.6969, 0.6881, 0.7154, 0.6935, 0.6973, 0.7002, 0.702, 0.6911, 0.7158, 0.7128, 0.7101, 0.7119, 0.7141, 0.7121, 0.7131, 0.7141, 0.7087, 0.7054, 0.7159, 0.721, 0.7095, 0.6926, 0.7085, 0.7107, 0.7166, 0.6785, 0.7185, 0.7113, 0.7095, 0.7079, 0.7104, 0.7, 0.7113, 0.708, 0.7187, 0.6761, 0.725, 0.7062, 0.7117, 0.7179, 0.7046, 0.6948, 0.6881, 0.7006, 0.7161, 0.715, 0.711, 0.6828, 0.7066, 0.7099, 0.7113, 0.7159, 0.7166, 0.7121, 0.7217, 0.7021, 0.7195, 0.7231, 0.7165, 0.7104, 0.7132, 0.716, 0.729, 0.7231, 0.7112, 0.7116, 0.7076, 0.6967, 0.7046, 0.7109, 0.7149, 0.7211, 0.7227, 0.7182, 0.7202]
2026-08-19 15:03:36,112 - FINAL_C_r200.log - INFO - Majority Class Accuracy: [0.5503, 0.693, 0.6653, 0.6817, 0.739, 0.7863, 0.806, 0.7573, 0.6813, 0.791, 0.8337, 0.776, 0.7813, 0.751, 0.7627, 0.7843, 0.7733, 0.786, 0.753, 0.7967, 0.7403, 0.7857, 0.763, 0.7997, 0.7323, 0.8113, 0.7813, 0.7677, 0.7673, 0.8167, 0.8063, 0.799, 0.77, 0.8313, 0.8137, 0.7783, 0.755, 0.785, 0.791, 0.7563, 0.808, 0.805, 0.794, 0.7533, 0.7747, 0.7983, 0.8243, 0.8103, 0.8213, 0.808, 0.8017, 0.776, 0.8217, 0.813, 0.7897, 0.795, 0.786, 0.8037, 0.8193, 0.796, 0.777, 0.7113, 0.827, 0.8153, 0.7677, 0.7943, 0.7827, 0.7533, 0.8123, 0.7457, 0.7813, 0.7647, 0.8037, 0.753, 0.7823, 0.7737, 0.7683, 0.8063, 0.7743, 0.7437, 0.7393, 0.7903, 0.777, 0.7743, 0.755, 0.828, 0.8067, 0.8113, 0.7507, 0.785, 0.7793, 0.77, 0.7627, 0.7587, 0.8197, 0.742, 0.76, 0.7937, 0.808, 0.822, 0.7967, 0.813, 0.8197, 0.819, 0.771, 0.7773, 0.7437, 0.792, 0.8007, 0.7917, 0.7527, 0.808, 0.7703, 0.7037, 0.803, 0.7657, 0.7193, 0.7537, 0.7527, 0.8167, 0.805, 0.798, 0.808, 0.838, 0.794, 0.8097, 0.7877, 0.762, 0.8187, 0.7763, 0.8057, 0.782, 0.8013, 0.7673, 0.7727, 0.723, 0.7403, 0.763, 0.7893, 0.743, 0.7753, 0.7557, 0.7637, 0.771, 0.7463, 0.7923, 0.7653, 0.7703, 0.7703, 0.762, 0.7163, 0.759, 0.7737, 0.7923, 0.8, 0.781, 0.8197, 0.7953, 0.7963, 0.731, 0.6837, 0.7557, 0.771, 0.7987, 0.7917, 0.8183, 0.83, 0.8233, 0.7973, 0.757, 0.768, 0.7983, 0.8357, 0.7817, 0.8013, 0.8003, 0.7643, 0.775, 0.766, 0.7857, 0.8093, 0.7863, 0.755, 0.743, 0.7767, 0.7797, 0.7657, 0.7603, 0.7817, 0.7677, 0.7887, 0.791, 0.809, 0.831, 0.804, 0.7167, 0.757, 0.7717, 0.7343, 0.7857]
2026-08-19 15:03:36,112 - FINAL_C_r200.log - INFO - Medium Class Accuracy: [0.031, 0.0525, 0.1125, 0.1143, 0.1885, 0.1958, 0.1988, 0.287, 0.255, 0.2615, 0.2802, 0.3992, 0.3907, 0.423, 0.4145, 0.3468, 0.4052, 0.427, 0.3668, 0.4405, 0.49, 0.4693, 0.512, 0.4808, 0.5525, 0.5108, 0.5387, 0.5228, 0.573, 0.539, 0.4958, 0.5125, 0.5657, 0.5403, 0.5337, 0.5527, 0.5907, 0.59, 0.6015, 0.618, 0.5775, 0.5807, 0.5867, 0.6388, 0.602, 0.6148, 0.5827, 0.5803, 0.5793, 0.6155, 0.5677, 0.6032, 0.5907, 0.6195, 0.621, 0.5865, 0.625, 0.639, 0.6248, 0.6412, 0.6172, 0.6475, 0.614, 0.651, 0.6665, 0.6558, 0.6418, 0.6502, 0.64, 0.6492, 0.6522, 0.6505, 0.6555, 0.6645, 0.6428, 0.6515, 0.6683, 0.6532, 0.6693, 0.665, 0.6707, 0.6542, 0.6775, 0.6717, 0.679, 0.6615, 0.663, 0.6448, 0.683, 0.668, 0.6667, 0.6755, 0.6737, 0.6118, 0.6577, 0.6905, 0.674, 0.6647, 0.6415, 0.671, 0.6587, 0.6565, 0.6745, 0.6793, 0.6837, 0.6713, 0.694, 0.6683, 0.6593, 0.6705, 0.683, 0.6515, 0.6655, 0.6755, 0.677, 0.671, 0.684, 0.6997, 0.6937, 0.6715, 0.661, 0.6635, 0.6923, 0.6655, 0.6783, 0.6933, 0.695, 0.6807, 0.6693, 0.6725, 0.6637, 0.6883, 0.6462, 0.6775, 0.6757, 0.687, 0.6847, 0.6863, 0.674, 0.6787, 0.693, 0.7027, 0.6967, 0.6783, 0.6995, 0.6815, 0.6605, 0.6693, 0.6973, 0.6947, 0.693, 0.6947, 0.675, 0.6873, 0.6945, 0.697, 0.6647, 0.6923, 0.683, 0.697, 0.6983, 0.6963, 0.7025, 0.685, 0.686, 0.684, 0.6577, 0.6663, 0.6633, 0.6947, 0.6943, 0.685, 0.6465, 0.6863, 0.6925, 0.6887, 0.675, 0.693, 0.6847, 0.6943, 0.6795, 0.6823, 0.6833, 0.6817, 0.6853, 0.692, 0.6733, 0.691, 0.683, 0.6927, 0.6893, 0.6837, 0.6795, 0.6805, 0.6827, 0.6837, 0.6923, 0.7015, 0.702, 0.6805]
2026-08-19 15:03:36,112 - FINAL_C_r200.log - INFO - Minority Class Accuracy: [0.0, 0.0, 0.0, 0.0, 0.0, 0.0, 0.0, 0.0, 0.0, 0.0, 0.0, 0.031, 0.026, 0.0113, 0.024, 0.0263, 0.031, 0.0153, 0.0407, 0.0647, 0.0647, 0.1263, 0.1387, 0.1293, 0.1733, 0.153, 0.16, 0.212, 0.147, 0.1863, 0.1163, 0.231, 0.188, 0.2493, 0.1597, 0.323, 0.2493, 0.3137, 0.3207, 0.326, 0.261, 0.3057, 0.2447, 0.2927, 0.28, 0.3107, 0.247, 0.294, 0.3117, 0.316, 0.366, 0.5313, 0.4127, 0.4067, 0.4743, 0.4273, 0.4817, 0.35, 0.4007, 0.2917, 0.507, 0.5577, 0.3913, 0.4403, 0.5487, 0.441, 0.5477, 0.5677, 0.452, 0.56, 0.547, 0.584, 0.4553, 0.6157, 0.6247, 0.5933, 0.5573, 0.445, 0.5577, 0.5927, 0.671, 0.6127, 0.5523, 0.5913, 0.6203, 0.532, 0.5413, 0.5487, 0.6017, 0.6107, 0.5943, 0.6107, 0.654, 0.7303, 0.566, 0.6193, 0.6333, 0.5897, 0.5877, 0.527, 0.5317, 0.5077, 0.5057, 0.4793, 0.6343, 0.6493, 0.6903, 0.574, 0.4933, 0.6623, 0.67, 0.5913, 0.6653, 0.7383, 0.6203, 0.6617, 0.7233, 0.6313, 0.6257, 0.5447, 0.6217, 0.585, 0.6243, 0.525, 0.5773, 0.589, 0.5793, 0.715, 0.6007, 0.6513, 0.6433, 0.6403, 0.6407, 0.7153, 0.7023, 0.728, 0.7197, 0.7023, 0.6857, 0.729, 0.681, 0.6697, 0.6587, 0.711, 0.7243, 0.664, 0.6627, 0.699, 0.669, 0.7003, 0.6213, 0.7097, 0.6973, 0.6563, 0.6337, 0.6577, 0.6273, 0.6527, 0.653, 0.7353, 0.639, 0.7327, 0.6463, 0.6603, 0.6867, 0.6183, 0.609, 0.582, 0.6537, 0.7037, 0.6897, 0.6583, 0.5783, 0.6587, 0.6417, 0.6523, 0.722, 0.6897, 0.6947, 0.6943, 0.625, 0.7023, 0.7443, 0.7363, 0.6777, 0.675, 0.7233, 0.7483, 0.718, 0.6793, 0.6643, 0.656, 0.6073, 0.6103, 0.6553, 0.7547, 0.7237, 0.702, 0.7237, 0.7077]
2026-08-19 15:03:36,112 - FINAL_C_r200.log - INFO - === Head-Tail Evaluation ===
2026-08-19 15:03:36,112 - FINAL_C_r200.log - INFO - Head Accuracy: 0.7256
2026-08-19 15:03:36,112 - FINAL_C_r200.log - INFO - Tail Accuracy: 0.7077
2026-08-19 15:03:49,516 - FINAL_C_r200.log - INFO - ========== FINISHED ==========
2026-08-19 15:03:49,516 - FINAL_C_r200.log - INFO - Final Global: 0.7202
2026-08-19 15:03:49,516 - FINAL_C_r200.log - INFO - Final Head: 0.7256
2026-08-19 15:03:49,516 - FINAL_C_r200.log - INFO - Final Tail: 0.7077
2026-08-19 15:03:49,516 - FINAL_C_r200.log - INFO - Best Tail: 0.7547 @ round 196
