2026-08-29 13:18:43,346 - fedlf_cifar100_IF50_alpha0p5_seed42.log - INFO - Run name: fedlf_cifar100_IF50_alpha0p5_seed42
2026-08-29 13:18:43,346 - fedlf_cifar100_IF50_alpha0p5_seed42.log - INFO - Log file: D:\Desktop\FedLF_project\FedLF\Logs\fedlf_cifar100_IF50_alpha0p5_seed42.log
2026-08-29 13:18:43,346 - fedlf_cifar100_IF50_alpha0p5_seed42.log - INFO - Output directory: D:\Desktop\FedLF_project\FedLF\outputs\fedlf_cifar100_IF50_alpha0p5_seed42
2026-08-29 13:18:43,347 - fedlf_cifar100_IF50_alpha0p5_seed42.log - INFO - Test-set rollback enabled: False
2026-08-29 13:18:43,347 - fedlf_cifar100_IF50_alpha0p5_seed42.log - INFO - ========== CIFAR-LT THESIS-READY FedLF ==========
dataset:cifar100, num_classes:100
imb_factor:0.02, non_iid:0.5, rs_alpha:0.25
lr_local_training:0.1
num_rounds:200, local_epochs:5
batch_size_local_training:32
num_online_clients:8
semantic_epsilon:0.2
confidence_alpha:0.6
EMA_decay:0.9
tail_boost:1.30 -> 1.85
tail aggregation:tail-client residual
late LR:0.1 -> 0.05

2026-08-29 13:18:49,777 - fedlf_cifar100_IF50_alpha0p5_seed42.log - INFO - Global class counts: [500, 480, 462, 444, 426, 410, 394, 379, 364, 350, 336, 323, 311, 299, 287, 276, 265, 255, 245, 235, 226, 218, 209, 201, 193, 186, 178, 172, 165, 158, 152, 146, 141, 135, 130, 125, 120, 115, 111, 107, 102, 98, 95, 91, 87, 84, 81, 78, 75, 72, 69, 66, 64, 61, 59, 56, 54, 52, 50, 48, 46, 44, 43, 41, 39, 38, 36, 35, 34, 32, 31, 30, 29, 27, 26, 25, 24, 23, 22, 22, 21, 20, 19, 18, 18, 17, 16, 16, 15, 14, 14, 13, 13, 12, 12, 11, 11, 10, 10, 10]
2026-08-29 13:18:49,778 - fedlf_cifar100_IF50_alpha0p5_seed42.log - INFO - Paper thresholds: Head > 200, Tail < 20
2026-08-29 13:18:49,778 - fedlf_cifar100_IF50_alpha0p5_seed42.log - INFO - Tail classes (<20): [82, 83, 84, 85, 86, 87, 88, 89, 90, 91, 92, 93, 94, 95, 96, 97, 98, 99]
2026-08-29 13:18:49,840 - fedlf_cifar100_IF50_alpha0p5_seed42.log - INFO - Round 1 selected clients: [1, 3, 7, 11, 12, 14, 17, 19]
2026-08-29 13:19:18,519 - fedlf_cifar100_IF50_alpha0p5_seed42.log - INFO - Round 1 | Global 0.0330 | Head 0.1150 | Tail 0.0011 | Many 0.1150 | Medium 0.0090 | Few 0.0011 | best_tail 0.0011@1 | rollback=False
2026-08-29 13:19:18,521 - fedlf_cifar100_IF50_alpha0p5_seed42.log - INFO - Round 2 selected clients: [0, 3, 4, 6, 11, 14, 16, 19]
2026-08-29 13:19:44,817 - fedlf_cifar100_IF50_alpha0p5_seed42.log - INFO - Round 2 | Global 0.0436 | Head 0.1271 | Tail 0.0350 | Many 0.1271 | Medium 0.0117 | Few 0.0350 | best_tail 0.0350@2 | rollback=False
2026-08-29 13:19:44,818 - fedlf_cifar100_IF50_alpha0p5_seed42.log - INFO - Round 3 selected clients: [3, 4, 6, 7, 9, 11, 12, 15]
2026-08-29 13:20:10,255 - fedlf_cifar100_IF50_alpha0p5_seed42.log - INFO - Round 3 | Global 0.0569 | Head 0.1392 | Tail 0.0217 | Many 0.1392 | Medium 0.0338 | Few 0.0217 | best_tail 0.0350@2 | rollback=False
2026-08-29 13:20:10,256 - fedlf_cifar100_IF50_alpha0p5_seed42.log - INFO - Round 4 selected clients: [1, 2, 3, 6, 12, 13, 16, 19]
2026-08-29 13:20:36,512 - fedlf_cifar100_IF50_alpha0p5_seed42.log - INFO - Round 4 | Global 0.0647 | Head 0.1750 | Tail 0.0128 | Many 0.1750 | Medium 0.0352 | Few 0.0128 | best_tail 0.0350@2 | rollback=False
2026-08-29 13:20:36,512 - fedlf_cifar100_IF50_alpha0p5_seed42.log - INFO - Round 5 selected clients: [0, 2, 5, 6, 9, 10, 13, 18]
2026-08-29 13:21:03,747 - fedlf_cifar100_IF50_alpha0p5_seed42.log - INFO - Round 5 | Global 0.0746 | Head 0.1883 | Tail 0.0606 | Many 0.1883 | Medium 0.0319 | Few 0.0606 | best_tail 0.0606@5 | rollback=False
2026-08-29 13:21:03,747 - fedlf_cifar100_IF50_alpha0p5_seed42.log - INFO - Round 6 selected clients: [3, 10, 11, 12, 15, 17, 18, 19]
2026-08-29 13:21:31,546 - fedlf_cifar100_IF50_alpha0p5_seed42.log - INFO - Round 6 | Global 0.0754 | Head 0.1454 | Tail 0.0850 | Many 0.1454 | Medium 0.0434 | Few 0.0850 | best_tail 0.0850@6 | rollback=False
2026-08-29 13:21:31,547 - fedlf_cifar100_IF50_alpha0p5_seed42.log - INFO - Round 7 selected clients: [0, 1, 4, 5, 6, 7, 8, 16]
2026-08-29 13:21:59,056 - fedlf_cifar100_IF50_alpha0p5_seed42.log - INFO - Round 7 | Global 0.0896 | Head 0.2417 | Tail 0.0550 | Many 0.2417 | Medium 0.0374 | Few 0.0550 | best_tail 0.0850@6 | rollback=False
2026-08-29 13:21:59,056 - fedlf_cifar100_IF50_alpha0p5_seed42.log - INFO - Round 8 selected clients: [1, 3, 4, 5, 11, 15, 16, 19]
2026-08-29 13:22:26,837 - fedlf_cifar100_IF50_alpha0p5_seed42.log - INFO - Round 8 | Global 0.0908 | Head 0.2075 | Tail 0.0850 | Many 0.2075 | Medium 0.0443 | Few 0.0850 | best_tail 0.0850@8 | rollback=False
2026-08-29 13:22:26,838 - fedlf_cifar100_IF50_alpha0p5_seed42.log - INFO - Round 9 selected clients: [0, 1, 2, 7, 14, 15, 16, 18]
2026-08-29 13:22:55,194 - fedlf_cifar100_IF50_alpha0p5_seed42.log - INFO - Round 9 | Global 0.0942 | Head 0.2213 | Tail 0.1183 | Many 0.2213 | Medium 0.0341 | Few 0.1183 | best_tail 0.1183@9 | rollback=False
2026-08-29 13:22:55,195 - fedlf_cifar100_IF50_alpha0p5_seed42.log - INFO - Round 10 selected clients: [1, 6, 7, 9, 12, 13, 14, 17]
2026-08-29 13:23:21,854 - fedlf_cifar100_IF50_alpha0p5_seed42.log - INFO - Round 10 | Global 0.1041 | Head 0.2742 | Tail 0.0628 | Many 0.2742 | Medium 0.0466 | Few 0.0628 | best_tail 0.1183@9 | rollback=False
2026-08-29 13:23:21,890 - fedlf_cifar100_IF50_alpha0p5_seed42.log - INFO - Global Accuracy: [0.033, 0.0436, 0.0569, 0.0647, 0.0746, 0.0754, 0.0896, 0.0908, 0.0942, 0.1041]
2026-08-29 13:23:21,890 - fedlf_cifar100_IF50_alpha0p5_seed42.log - INFO - Majority Class Accuracy: [0.115, 0.1271, 0.1392, 0.175, 0.1883, 0.1454, 0.2417, 0.2075, 0.2213, 0.2742]
2026-08-29 13:23:21,891 - fedlf_cifar100_IF50_alpha0p5_seed42.log - INFO - Medium Class Accuracy: [0.009, 0.0117, 0.0338, 0.0352, 0.0319, 0.0434, 0.0374, 0.0443, 0.0341, 0.0466]
2026-08-29 13:23:21,891 - fedlf_cifar100_IF50_alpha0p5_seed42.log - INFO - Minority Class Accuracy: [0.0011, 0.035, 0.0217, 0.0128, 0.0606, 0.085, 0.055, 0.085, 0.1183, 0.0628]
2026-08-29 13:23:21,891 - fedlf_cifar100_IF50_alpha0p5_seed42.log - INFO - === Head-Tail Evaluation ===
2026-08-29 13:23:21,891 - fedlf_cifar100_IF50_alpha0p5_seed42.log - INFO - Head Accuracy: 0.2742
2026-08-29 13:23:21,891 - fedlf_cifar100_IF50_alpha0p5_seed42.log - INFO - Tail Accuracy: 0.0628
2026-08-29 13:23:21,892 - fedlf_cifar100_IF50_alpha0p5_seed42.log - INFO - Round 11 selected clients: [0, 1, 2, 8, 10, 11, 14, 15]
2026-08-29 13:23:54,503 - fedlf_cifar100_IF50_alpha0p5_seed42.log - INFO - Round 11 | Global 0.1070 | Head 0.2283 | Tail 0.1078 | Many 0.2283 | Medium 0.0566 | Few 0.1078 | best_tail 0.1183@9 | rollback=False
2026-08-29 13:23:54,503 - fedlf_cifar100_IF50_alpha0p5_seed42.log - INFO - Round 12 selected clients: [0, 5, 6, 8, 10, 13, 15, 18]
2026-08-29 13:24:23,648 - fedlf_cifar100_IF50_alpha0p5_seed42.log - INFO - Round 12 | Global 0.1119 | Head 0.2637 | Tail 0.1089 | Many 0.2637 | Medium 0.0500 | Few 0.1089 | best_tail 0.1183@9 | rollback=False
2026-08-29 13:24:23,648 - fedlf_cifar100_IF50_alpha0p5_seed42.log - INFO - Round 13 selected clients: [1, 3, 4, 6, 13, 16, 17, 18]
2026-08-29 13:24:51,069 - fedlf_cifar100_IF50_alpha0p5_seed42.log - INFO - Round 13 | Global 0.1155 | Head 0.2854 | Tail 0.0828 | Many 0.2854 | Medium 0.0553 | Few 0.0828 | best_tail 0.1183@9 | rollback=False
2026-08-29 13:24:51,069 - fedlf_cifar100_IF50_alpha0p5_seed42.log - INFO - Round 14 selected clients: [2, 4, 5, 6, 9, 11, 16, 18]
2026-08-29 13:25:19,428 - fedlf_cifar100_IF50_alpha0p5_seed42.log - INFO - Round 14 | Global 0.1209 | Head 0.2683 | Tail 0.0750 | Many 0.2683 | Medium 0.0741 | Few 0.0750 | best_tail 0.1183@9 | rollback=False
2026-08-29 13:25:19,429 - fedlf_cifar100_IF50_alpha0p5_seed42.log - INFO - Round 15 selected clients: [0, 2, 4, 7, 8, 10, 16, 17]
2026-08-29 13:25:47,235 - fedlf_cifar100_IF50_alpha0p5_seed42.log - INFO - Round 15 | Global 0.1270 | Head 0.3071 | Tail 0.0850 | Many 0.3071 | Medium 0.0655 | Few 0.0850 | best_tail 0.1183@9 | rollback=False
2026-08-29 13:25:47,236 - fedlf_cifar100_IF50_alpha0p5_seed42.log - INFO - Round 16 selected clients: [5, 6, 7, 9, 10, 14, 18, 19]
2026-08-29 13:26:16,125 - fedlf_cifar100_IF50_alpha0p5_seed42.log - INFO - Round 16 | Global 0.1335 | Head 0.2571 | Tail 0.1289 | Many 0.2571 | Medium 0.0838 | Few 0.1289 | best_tail 0.1289@16 | rollback=False
2026-08-29 13:26:16,125 - fedlf_cifar100_IF50_alpha0p5_seed42.log - INFO - Round 17 selected clients: [0, 1, 5, 6, 7, 10, 12, 18]
2026-08-29 13:26:44,893 - fedlf_cifar100_IF50_alpha0p5_seed42.log - INFO - Round 17 | Global 0.1437 | Head 0.2783 | Tail 0.1528 | Many 0.2783 | Medium 0.0852 | Few 0.1528 | best_tail 0.1528@17 | rollback=False
2026-08-29 13:26:44,894 - fedlf_cifar100_IF50_alpha0p5_seed42.log - INFO - Round 18 selected clients: [3, 5, 7, 10, 13, 14, 15, 19]
2026-08-29 13:27:12,372 - fedlf_cifar100_IF50_alpha0p5_seed42.log - INFO - Round 18 | Global 0.1409 | Head 0.2587 | Tail 0.1622 | Many 0.2587 | Medium 0.0855 | Few 0.1622 | best_tail 0.1622@18 | rollback=False
2026-08-29 13:27:12,372 - fedlf_cifar100_IF50_alpha0p5_seed42.log - INFO - Round 19 selected clients: [0, 1, 4, 6, 11, 12, 13, 16]
2026-08-29 13:27:38,379 - fedlf_cifar100_IF50_alpha0p5_seed42.log - INFO - Round 19 | Global 0.1481 | Head 0.3417 | Tail 0.1322 | Many 0.3417 | Medium 0.0729 | Few 0.1322 | best_tail 0.1622@18 | rollback=False
2026-08-29 13:27:38,380 - fedlf_cifar100_IF50_alpha0p5_seed42.log - INFO - Round 20 selected clients: [0, 3, 4, 8, 10, 13, 14, 19]
2026-08-29 13:28:07,377 - fedlf_cifar100_IF50_alpha0p5_seed42.log - INFO - Round 20 | Global 0.1510 | Head 0.3392 | Tail 0.1356 | Many 0.3392 | Medium 0.0779 | Few 0.1356 | best_tail 0.1622@18 | rollback=False
2026-08-29 13:28:07,399 - fedlf_cifar100_IF50_alpha0p5_seed42.log - INFO - Global Accuracy: [0.033, 0.0436, 0.0569, 0.0647, 0.0746, 0.0754, 0.0896, 0.0908, 0.0942, 0.1041, 0.107, 0.1119, 0.1155, 0.1209, 0.127, 0.1335, 0.1437, 0.1409, 0.1481, 0.151]
2026-08-29 13:28:07,400 - fedlf_cifar100_IF50_alpha0p5_seed42.log - INFO - Majority Class Accuracy: [0.115, 0.1271, 0.1392, 0.175, 0.1883, 0.1454, 0.2417, 0.2075, 0.2213, 0.2742, 0.2283, 0.2637, 0.2854, 0.2683, 0.3071, 0.2571, 0.2783, 0.2587, 0.3417, 0.3392]
2026-08-29 13:28:07,400 - fedlf_cifar100_IF50_alpha0p5_seed42.log - INFO - Medium Class Accuracy: [0.009, 0.0117, 0.0338, 0.0352, 0.0319, 0.0434, 0.0374, 0.0443, 0.0341, 0.0466, 0.0566, 0.05, 0.0553, 0.0741, 0.0655, 0.0838, 0.0852, 0.0855, 0.0729, 0.0779]
2026-08-29 13:28:07,400 - fedlf_cifar100_IF50_alpha0p5_seed42.log - INFO - Minority Class Accuracy: [0.0011, 0.035, 0.0217, 0.0128, 0.0606, 0.085, 0.055, 0.085, 0.1183, 0.0628, 0.1078, 0.1089, 0.0828, 0.075, 0.085, 0.1289, 0.1528, 0.1622, 0.1322, 0.1356]
2026-08-29 13:28:07,400 - fedlf_cifar100_IF50_alpha0p5_seed42.log - INFO - === Head-Tail Evaluation ===
2026-08-29 13:28:07,400 - fedlf_cifar100_IF50_alpha0p5_seed42.log - INFO - Head Accuracy: 0.3392
2026-08-29 13:28:07,400 - fedlf_cifar100_IF50_alpha0p5_seed42.log - INFO - Tail Accuracy: 0.1356
2026-08-29 13:28:07,402 - fedlf_cifar100_IF50_alpha0p5_seed42.log - INFO - Round 21 selected clients: [2, 5, 7, 10, 13, 16, 17, 18]
2026-08-29 13:28:35,447 - fedlf_cifar100_IF50_alpha0p5_seed42.log - INFO - Round 21 | Global 0.1579 | Head 0.3229 | Tail 0.1522 | Many 0.3229 | Medium 0.0914 | Few 0.1522 | best_tail 0.1622@18 | rollback=False
2026-08-29 13:28:35,448 - fedlf_cifar100_IF50_alpha0p5_seed42.log - INFO - Round 22 selected clients: [2, 5, 7, 11, 13, 15, 17, 18]
2026-08-29 13:29:00,923 - fedlf_cifar100_IF50_alpha0p5_seed42.log - INFO - Round 22 | Global 0.1645 | Head 0.3250 | Tail 0.1139 | Many 0.3250 | Medium 0.1138 | Few 0.1139 | best_tail 0.1622@18 | rollback=False
2026-08-29 13:29:00,923 - fedlf_cifar100_IF50_alpha0p5_seed42.log - INFO - Round 23 selected clients: [0, 1, 3, 12, 13, 15, 17, 18]
2026-08-29 13:29:29,429 - fedlf_cifar100_IF50_alpha0p5_seed42.log - INFO - Round 23 | Global 0.1746 | Head 0.3488 | Tail 0.1439 | Many 0.3488 | Medium 0.1121 | Few 0.1439 | best_tail 0.1622@18 | rollback=False
2026-08-29 13:29:29,430 - fedlf_cifar100_IF50_alpha0p5_seed42.log - INFO - Round 24 selected clients: [0, 2, 3, 4, 11, 13, 14, 16]
2026-08-29 13:29:56,128 - fedlf_cifar100_IF50_alpha0p5_seed42.log - INFO - Round 24 | Global 0.1725 | Head 0.3638 | Tail 0.1267 | Many 0.3638 | Medium 0.1076 | Few 0.1267 | best_tail 0.1622@18 | rollback=False
2026-08-29 13:29:56,129 - fedlf_cifar100_IF50_alpha0p5_seed42.log - INFO - Round 25 selected clients: [2, 5, 6, 8, 11, 13, 15, 17]
2026-08-29 13:30:23,512 - fedlf_cifar100_IF50_alpha0p5_seed42.log - INFO - Round 25 | Global 0.1799 | Head 0.3629 | Tail 0.1011 | Many 0.3629 | Medium 0.1286 | Few 0.1011 | best_tail 0.1622@18 | rollback=False
2026-08-29 13:30:23,513 - fedlf_cifar100_IF50_alpha0p5_seed42.log - INFO - Round 26 selected clients: [5, 8, 9, 10, 13, 16, 17, 19]
2026-08-29 13:30:52,869 - fedlf_cifar100_IF50_alpha0p5_seed42.log - INFO - Round 26 | Global 0.1886 | Head 0.3579 | Tail 0.1472 | Many 0.3579 | Medium 0.1314 | Few 0.1472 | best_tail 0.1622@18 | rollback=False
2026-08-29 13:30:52,870 - fedlf_cifar100_IF50_alpha0p5_seed42.log - INFO - Round 27 selected clients: [0, 3, 4, 5, 10, 13, 14, 18]
2026-08-29 13:31:21,209 - fedlf_cifar100_IF50_alpha0p5_seed42.log - INFO - Round 27 | Global 0.1908 | Head 0.3475 | Tail 0.1822 | Many 0.3475 | Medium 0.1286 | Few 0.1822 | best_tail 0.1822@27 | rollback=False
2026-08-29 13:31:21,210 - fedlf_cifar100_IF50_alpha0p5_seed42.log - INFO - Round 28 selected clients: [0, 5, 7, 8, 9, 15, 18, 19]
2026-08-29 13:31:51,016 - fedlf_cifar100_IF50_alpha0p5_seed42.log - INFO - Round 28 | Global 0.1919 | Head 0.3500 | Tail 0.1372 | Many 0.3500 | Medium 0.1434 | Few 0.1372 | best_tail 0.1822@27 | rollback=False
2026-08-29 13:31:51,017 - fedlf_cifar100_IF50_alpha0p5_seed42.log - INFO - Round 29 selected clients: [2, 3, 6, 11, 12, 14, 17, 18]
2026-08-29 13:32:18,081 - fedlf_cifar100_IF50_alpha0p5_seed42.log - INFO - Round 29 | Global 0.2032 | Head 0.3588 | Tail 0.1350 | Many 0.3588 | Medium 0.1600 | Few 0.1350 | best_tail 0.1822@27 | rollback=False
2026-08-29 13:32:18,083 - fedlf_cifar100_IF50_alpha0p5_seed42.log - INFO - Round 30 selected clients: [3, 5, 7, 10, 14, 15, 17, 19]
2026-08-29 13:32:45,594 - fedlf_cifar100_IF50_alpha0p5_seed42.log - INFO - Round 30 | Global 0.1917 | Head 0.3400 | Tail 0.1489 | Many 0.3400 | Medium 0.1436 | Few 0.1489 | best_tail 0.1822@27 | rollback=False
2026-08-29 13:32:45,616 - fedlf_cifar100_IF50_alpha0p5_seed42.log - INFO - Global Accuracy: [0.033, 0.0436, 0.0569, 0.0647, 0.0746, 0.0754, 0.0896, 0.0908, 0.0942, 0.1041, 0.107, 0.1119, 0.1155, 0.1209, 0.127, 0.1335, 0.1437, 0.1409, 0.1481, 0.151, 0.1579, 0.1645, 0.1746, 0.1725, 0.1799, 0.1886, 0.1908, 0.1919, 0.2032, 0.1917]
2026-08-29 13:32:45,617 - fedlf_cifar100_IF50_alpha0p5_seed42.log - INFO - Majority Class Accuracy: [0.115, 0.1271, 0.1392, 0.175, 0.1883, 0.1454, 0.2417, 0.2075, 0.2213, 0.2742, 0.2283, 0.2637, 0.2854, 0.2683, 0.3071, 0.2571, 0.2783, 0.2587, 0.3417, 0.3392, 0.3229, 0.325, 0.3488, 0.3638, 0.3629, 0.3579, 0.3475, 0.35, 0.3588, 0.34]
2026-08-29 13:32:45,617 - fedlf_cifar100_IF50_alpha0p5_seed42.log - INFO - Medium Class Accuracy: [0.009, 0.0117, 0.0338, 0.0352, 0.0319, 0.0434, 0.0374, 0.0443, 0.0341, 0.0466, 0.0566, 0.05, 0.0553, 0.0741, 0.0655, 0.0838, 0.0852, 0.0855, 0.0729, 0.0779, 0.0914, 0.1138, 0.1121, 0.1076, 0.1286, 0.1314, 0.1286, 0.1434, 0.16, 0.1436]
2026-08-29 13:32:45,617 - fedlf_cifar100_IF50_alpha0p5_seed42.log - INFO - Minority Class Accuracy: [0.0011, 0.035, 0.0217, 0.0128, 0.0606, 0.085, 0.055, 0.085, 0.1183, 0.0628, 0.1078, 0.1089, 0.0828, 0.075, 0.085, 0.1289, 0.1528, 0.1622, 0.1322, 0.1356, 0.1522, 0.1139, 0.1439, 0.1267, 0.1011, 0.1472, 0.1822, 0.1372, 0.135, 0.1489]
2026-08-29 13:32:45,617 - fedlf_cifar100_IF50_alpha0p5_seed42.log - INFO - === Head-Tail Evaluation ===
2026-08-29 13:32:45,617 - fedlf_cifar100_IF50_alpha0p5_seed42.log - INFO - Head Accuracy: 0.3400
2026-08-29 13:32:45,618 - fedlf_cifar100_IF50_alpha0p5_seed42.log - INFO - Tail Accuracy: 0.1489
2026-08-29 13:32:45,619 - fedlf_cifar100_IF50_alpha0p5_seed42.log - INFO - Round 31 selected clients: [10, 11, 13, 14, 15, 16, 17, 18]
2026-08-29 13:33:12,483 - fedlf_cifar100_IF50_alpha0p5_seed42.log - INFO - Round 31 | Global 0.1927 | Head 0.3542 | Tail 0.1611 | Many 0.3542 | Medium 0.1357 | Few 0.1611 | best_tail 0.1822@27 | rollback=False
2026-08-29 13:33:12,484 - fedlf_cifar100_IF50_alpha0p5_seed42.log - INFO - Round 32 selected clients: [0, 1, 2, 6, 7, 9, 11, 14]
2026-08-29 13:33:40,852 - fedlf_cifar100_IF50_alpha0p5_seed42.log - INFO - Round 32 | Global 0.2096 | Head 0.3679 | Tail 0.1622 | Many 0.3679 | Medium 0.1588 | Few 0.1622 | best_tail 0.1822@27 | rollback=False
2026-08-29 13:33:40,853 - fedlf_cifar100_IF50_alpha0p5_seed42.log - INFO - Round 33 selected clients: [0, 2, 4, 7, 10, 12, 15, 16]
2026-08-29 13:34:07,445 - fedlf_cifar100_IF50_alpha0p5_seed42.log - INFO - Round 33 | Global 0.2050 | Head 0.3883 | Tail 0.1606 | Many 0.3883 | Medium 0.1429 | Few 0.1606 | best_tail 0.1822@27 | rollback=False
2026-08-29 13:34:07,446 - fedlf_cifar100_IF50_alpha0p5_seed42.log - INFO - Round 34 selected clients: [1, 5, 10, 11, 13, 14, 16, 19]
2026-08-29 13:34:35,306 - fedlf_cifar100_IF50_alpha0p5_seed42.log - INFO - Round 34 | Global 0.2115 | Head 0.3683 | Tail 0.1733 | Many 0.3683 | Medium 0.1584 | Few 0.1733 | best_tail 0.1822@27 | rollback=False
2026-08-29 13:34:35,307 - fedlf_cifar100_IF50_alpha0p5_seed42.log - INFO - Round 35 selected clients: [0, 1, 5, 8, 9, 14, 16, 19]
2026-08-29 13:35:04,977 - fedlf_cifar100_IF50_alpha0p5_seed42.log - INFO - Round 35 | Global 0.2160 | Head 0.3917 | Tail 0.1383 | Many 0.3917 | Medium 0.1674 | Few 0.1383 | best_tail 0.1822@27 | rollback=False
2026-08-29 13:35:04,978 - fedlf_cifar100_IF50_alpha0p5_seed42.log - INFO - Round 36 selected clients: [3, 5, 10, 11, 13, 14, 15, 19]
2026-08-29 13:35:33,479 - fedlf_cifar100_IF50_alpha0p5_seed42.log - INFO - Round 36 | Global 0.2178 | Head 0.3696 | Tail 0.2011 | Many 0.3696 | Medium 0.1602 | Few 0.2011 | best_tail 0.2011@36 | rollback=False
2026-08-29 13:35:33,479 - fedlf_cifar100_IF50_alpha0p5_seed42.log - INFO - Round 37 selected clients: [0, 1, 2, 5, 7, 8, 12, 15]
2026-08-29 13:36:01,906 - fedlf_cifar100_IF50_alpha0p5_seed42.log - INFO - Round 37 | Global 0.2208 | Head 0.3921 | Tail 0.1572 | Many 0.3921 | Medium 0.1697 | Few 0.1572 | best_tail 0.2011@36 | rollback=False
2026-08-29 13:36:01,907 - fedlf_cifar100_IF50_alpha0p5_seed42.log - INFO - Round 38 selected clients: [0, 2, 3, 8, 9, 10, 14, 17]
2026-08-29 13:36:32,332 - fedlf_cifar100_IF50_alpha0p5_seed42.log - INFO - Round 38 | Global 0.2370 | Head 0.4050 | Tail 0.1872 | Many 0.4050 | Medium 0.1829 | Few 0.1872 | best_tail 0.2011@36 | rollback=False
2026-08-29 13:36:32,333 - fedlf_cifar100_IF50_alpha0p5_seed42.log - INFO - Round 39 selected clients: [0, 7, 8, 10, 12, 13, 14, 17]
2026-08-29 13:37:01,206 - fedlf_cifar100_IF50_alpha0p5_seed42.log - INFO - Round 39 | Global 0.2250 | Head 0.4300 | Tail 0.1617 | Many 0.4300 | Medium 0.1598 | Few 0.1617 | best_tail 0.2011@36 | rollback=False
2026-08-29 13:37:01,206 - fedlf_cifar100_IF50_alpha0p5_seed42.log - INFO - Round 40 selected clients: [0, 1, 3, 8, 11, 12, 13, 18]
2026-08-29 13:37:29,381 - fedlf_cifar100_IF50_alpha0p5_seed42.log - INFO - Round 40 | Global 0.2385 | Head 0.4121 | Tail 0.1972 | Many 0.4121 | Medium 0.1795 | Few 0.1972 | best_tail 0.2011@36 | rollback=False
2026-08-29 13:37:29,404 - fedlf_cifar100_IF50_alpha0p5_seed42.log - INFO - Global Accuracy: [0.033, 0.0436, 0.0569, 0.0647, 0.0746, 0.0754, 0.0896, 0.0908, 0.0942, 0.1041, 0.107, 0.1119, 0.1155, 0.1209, 0.127, 0.1335, 0.1437, 0.1409, 0.1481, 0.151, 0.1579, 0.1645, 0.1746, 0.1725, 0.1799, 0.1886, 0.1908, 0.1919, 0.2032, 0.1917, 0.1927, 0.2096, 0.205, 0.2115, 0.216, 0.2178, 0.2208, 0.237, 0.225, 0.2385]
2026-08-29 13:37:29,404 - fedlf_cifar100_IF50_alpha0p5_seed42.log - INFO - Majority Class Accuracy: [0.115, 0.1271, 0.1392, 0.175, 0.1883, 0.1454, 0.2417, 0.2075, 0.2213, 0.2742, 0.2283, 0.2637, 0.2854, 0.2683, 0.3071, 0.2571, 0.2783, 0.2587, 0.3417, 0.3392, 0.3229, 0.325, 0.3488, 0.3638, 0.3629, 0.3579, 0.3475, 0.35, 0.3588, 0.34, 0.3542, 0.3679, 0.3883, 0.3683, 0.3917, 0.3696, 0.3921, 0.405, 0.43, 0.4121]
2026-08-29 13:37:29,404 - fedlf_cifar100_IF50_alpha0p5_seed42.log - INFO - Medium Class Accuracy: [0.009, 0.0117, 0.0338, 0.0352, 0.0319, 0.0434, 0.0374, 0.0443, 0.0341, 0.0466, 0.0566, 0.05, 0.0553, 0.0741, 0.0655, 0.0838, 0.0852, 0.0855, 0.0729, 0.0779, 0.0914, 0.1138, 0.1121, 0.1076, 0.1286, 0.1314, 0.1286, 0.1434, 0.16, 0.1436, 0.1357, 0.1588, 0.1429, 0.1584, 0.1674, 0.1602, 0.1697, 0.1829, 0.1598, 0.1795]
2026-08-29 13:37:29,404 - fedlf_cifar100_IF50_alpha0p5_seed42.log - INFO - Minority Class Accuracy: [0.0011, 0.035, 0.0217, 0.0128, 0.0606, 0.085, 0.055, 0.085, 0.1183, 0.0628, 0.1078, 0.1089, 0.0828, 0.075, 0.085, 0.1289, 0.1528, 0.1622, 0.1322, 0.1356, 0.1522, 0.1139, 0.1439, 0.1267, 0.1011, 0.1472, 0.1822, 0.1372, 0.135, 0.1489, 0.1611, 0.1622, 0.1606, 0.1733, 0.1383, 0.2011, 0.1572, 0.1872, 0.1617, 0.1972]
2026-08-29 13:37:29,405 - fedlf_cifar100_IF50_alpha0p5_seed42.log - INFO - === Head-Tail Evaluation ===
2026-08-29 13:37:29,405 - fedlf_cifar100_IF50_alpha0p5_seed42.log - INFO - Head Accuracy: 0.4121
2026-08-29 13:37:29,405 - fedlf_cifar100_IF50_alpha0p5_seed42.log - INFO - Tail Accuracy: 0.1972
2026-08-29 13:37:29,405 - fedlf_cifar100_IF50_alpha0p5_seed42.log - INFO - Round 41 selected clients: [0, 4, 8, 9, 11, 13, 18, 19]
2026-08-29 13:37:59,837 - fedlf_cifar100_IF50_alpha0p5_seed42.log - INFO - Round 41 | Global 0.2342 | Head 0.4196 | Tail 0.1633 | Many 0.4196 | Medium 0.1795 | Few 0.1633 | best_tail 0.2011@36 | rollback=False
2026-08-29 13:37:59,838 - fedlf_cifar100_IF50_alpha0p5_seed42.log - INFO - Round 42 selected clients: [0, 1, 2, 6, 8, 14, 16, 17]
2026-08-29 13:38:29,012 - fedlf_cifar100_IF50_alpha0p5_seed42.log - INFO - Round 42 | Global 0.2327 | Head 0.4254 | Tail 0.1406 | Many 0.4254 | Medium 0.1816 | Few 0.1406 | best_tail 0.2011@36 | rollback=False
2026-08-29 13:38:29,012 - fedlf_cifar100_IF50_alpha0p5_seed42.log - INFO - Round 43 selected clients: [2, 3, 6, 12, 14, 15, 16, 17]
2026-08-29 13:38:55,977 - fedlf_cifar100_IF50_alpha0p5_seed42.log - INFO - Round 43 | Global 0.2319 | Head 0.3896 | Tail 0.1361 | Many 0.3896 | Medium 0.1964 | Few 0.1361 | best_tail 0.2011@36 | rollback=False
2026-08-29 13:38:55,978 - fedlf_cifar100_IF50_alpha0p5_seed42.log - INFO - Round 44 selected clients: [6, 7, 8, 14, 15, 16, 18, 19]
2026-08-29 13:39:24,182 - fedlf_cifar100_IF50_alpha0p5_seed42.log - INFO - Round 44 | Global 0.2364 | Head 0.4154 | Tail 0.1206 | Many 0.4154 | Medium 0.1983 | Few 0.1206 | best_tail 0.2011@36 | rollback=False
2026-08-29 13:39:24,183 - fedlf_cifar100_IF50_alpha0p5_seed42.log - INFO - Round 45 selected clients: [0, 2, 6, 7, 10, 15, 16, 18]
2026-08-29 13:39:53,347 - fedlf_cifar100_IF50_alpha0p5_seed42.log - INFO - Round 45 | Global 0.2412 | Head 0.4200 | Tail 0.1539 | Many 0.4200 | Medium 0.1943 | Few 0.1539 | best_tail 0.2011@36 | rollback=False
2026-08-29 13:39:53,348 - fedlf_cifar100_IF50_alpha0p5_seed42.log - INFO - Round 46 selected clients: [1, 5, 6, 9, 11, 13, 18, 19]
2026-08-29 13:40:22,977 - fedlf_cifar100_IF50_alpha0p5_seed42.log - INFO - Round 46 | Global 0.2429 | Head 0.3900 | Tail 0.1456 | Many 0.3900 | Medium 0.2122 | Few 0.1456 | best_tail 0.2011@36 | rollback=False
2026-08-29 13:40:22,978 - fedlf_cifar100_IF50_alpha0p5_seed42.log - INFO - Round 47 selected clients: [1, 6, 8, 10, 11, 13, 15, 16]
2026-08-29 13:40:51,819 - fedlf_cifar100_IF50_alpha0p5_seed42.log - INFO - Round 47 | Global 0.2569 | Head 0.4225 | Tail 0.1956 | Many 0.4225 | Medium 0.2074 | Few 0.1956 | best_tail 0.2011@36 | rollback=False
2026-08-29 13:40:51,820 - fedlf_cifar100_IF50_alpha0p5_seed42.log - INFO - Round 48 selected clients: [1, 2, 3, 7, 12, 14, 15, 17]
2026-08-29 13:41:19,561 - fedlf_cifar100_IF50_alpha0p5_seed42.log - INFO - Round 48 | Global 0.2476 | Head 0.4029 | Tail 0.1606 | Many 0.4029 | Medium 0.2103 | Few 0.1606 | best_tail 0.2011@36 | rollback=False
2026-08-29 13:41:19,561 - fedlf_cifar100_IF50_alpha0p5_seed42.log - INFO - Round 49 selected clients: [1, 7, 11, 14, 15, 16, 18, 19]
2026-08-29 13:41:47,966 - fedlf_cifar100_IF50_alpha0p5_seed42.log - INFO - Round 49 | Global 0.2513 | Head 0.4088 | Tail 0.1472 | Many 0.4088 | Medium 0.2184 | Few 0.1472 | best_tail 0.2011@36 | rollback=False
2026-08-29 13:41:47,967 - fedlf_cifar100_IF50_alpha0p5_seed42.log - INFO - Round 50 selected clients: [1, 2, 7, 8, 10, 11, 15, 18]
2026-08-29 13:42:18,229 - fedlf_cifar100_IF50_alpha0p5_seed42.log - INFO - Round 50 | Global 0.2621 | Head 0.4008 | Tail 0.1856 | Many 0.4008 | Medium 0.2284 | Few 0.1856 | best_tail 0.2011@36 | rollback=False
2026-08-29 13:42:18,252 - fedlf_cifar100_IF50_alpha0p5_seed42.log - INFO - Global Accuracy: [0.033, 0.0436, 0.0569, 0.0647, 0.0746, 0.0754, 0.0896, 0.0908, 0.0942, 0.1041, 0.107, 0.1119, 0.1155, 0.1209, 0.127, 0.1335, 0.1437, 0.1409, 0.1481, 0.151, 0.1579, 0.1645, 0.1746, 0.1725, 0.1799, 0.1886, 0.1908, 0.1919, 0.2032, 0.1917, 0.1927, 0.2096, 0.205, 0.2115, 0.216, 0.2178, 0.2208, 0.237, 0.225, 0.2385, 0.2342, 0.2327, 0.2319, 0.2364, 0.2412, 0.2429, 0.2569, 0.2476, 0.2513, 0.2621]
2026-08-29 13:42:18,252 - fedlf_cifar100_IF50_alpha0p5_seed42.log - INFO - Majority Class Accuracy: [0.115, 0.1271, 0.1392, 0.175, 0.1883, 0.1454, 0.2417, 0.2075, 0.2213, 0.2742, 0.2283, 0.2637, 0.2854, 0.2683, 0.3071, 0.2571, 0.2783, 0.2587, 0.3417, 0.3392, 0.3229, 0.325, 0.3488, 0.3638, 0.3629, 0.3579, 0.3475, 0.35, 0.3588, 0.34, 0.3542, 0.3679, 0.3883, 0.3683, 0.3917, 0.3696, 0.3921, 0.405, 0.43, 0.4121, 0.4196, 0.4254, 0.3896, 0.4154, 0.42, 0.39, 0.4225, 0.4029, 0.4088, 0.4008]
2026-08-29 13:42:18,252 - fedlf_cifar100_IF50_alpha0p5_seed42.log - INFO - Medium Class Accuracy: [0.009, 0.0117, 0.0338, 0.0352, 0.0319, 0.0434, 0.0374, 0.0443, 0.0341, 0.0466, 0.0566, 0.05, 0.0553, 0.0741, 0.0655, 0.0838, 0.0852, 0.0855, 0.0729, 0.0779, 0.0914, 0.1138, 0.1121, 0.1076, 0.1286, 0.1314, 0.1286, 0.1434, 0.16, 0.1436, 0.1357, 0.1588, 0.1429, 0.1584, 0.1674, 0.1602, 0.1697, 0.1829, 0.1598, 0.1795, 0.1795, 0.1816, 0.1964, 0.1983, 0.1943, 0.2122, 0.2074, 0.2103, 0.2184, 0.2284]
2026-08-29 13:42:18,253 - fedlf_cifar100_IF50_alpha0p5_seed42.log - INFO - Minority Class Accuracy: [0.0011, 0.035, 0.0217, 0.0128, 0.0606, 0.085, 0.055, 0.085, 0.1183, 0.0628, 0.1078, 0.1089, 0.0828, 0.075, 0.085, 0.1289, 0.1528, 0.1622, 0.1322, 0.1356, 0.1522, 0.1139, 0.1439, 0.1267, 0.1011, 0.1472, 0.1822, 0.1372, 0.135, 0.1489, 0.1611, 0.1622, 0.1606, 0.1733, 0.1383, 0.2011, 0.1572, 0.1872, 0.1617, 0.1972, 0.1633, 0.1406, 0.1361, 0.1206, 0.1539, 0.1456, 0.1956, 0.1606, 0.1472, 0.1856]
2026-08-29 13:42:18,253 - fedlf_cifar100_IF50_alpha0p5_seed42.log - INFO - === Head-Tail Evaluation ===
2026-08-29 13:42:18,253 - fedlf_cifar100_IF50_alpha0p5_seed42.log - INFO - Head Accuracy: 0.4008
2026-08-29 13:42:18,253 - fedlf_cifar100_IF50_alpha0p5_seed42.log - INFO - Tail Accuracy: 0.1856
2026-08-29 13:42:18,254 - fedlf_cifar100_IF50_alpha0p5_seed42.log - INFO - Round 51 selected clients: [0, 1, 2, 9, 12, 13, 15, 19]
2026-08-29 13:42:47,570 - fedlf_cifar100_IF50_alpha0p5_seed42.log - INFO - Round 51 | Global 0.2524 | Head 0.4183 | Tail 0.1561 | Many 0.4183 | Medium 0.2136 | Few 0.1561 | best_tail 0.2011@36 | rollback=False
2026-08-29 13:42:47,570 - fedlf_cifar100_IF50_alpha0p5_seed42.log - INFO - Round 52 selected clients: [0, 4, 6, 7, 11, 16, 17, 19]
2026-08-29 13:43:14,185 - fedlf_cifar100_IF50_alpha0p5_seed42.log - INFO - Round 52 | Global 0.2496 | Head 0.4271 | Tail 0.1217 | Many 0.4271 | Medium 0.2159 | Few 0.1217 | best_tail 0.2011@36 | rollback=False
2026-08-29 13:43:14,186 - fedlf_cifar100_IF50_alpha0p5_seed42.log - INFO - Round 53 selected clients: [1, 9, 10, 11, 12, 13, 14, 19]
2026-08-29 13:43:43,174 - fedlf_cifar100_IF50_alpha0p5_seed42.log - INFO - Round 53 | Global 0.2715 | Head 0.4275 | Tail 0.1889 | Many 0.4275 | Medium 0.2326 | Few 0.1889 | best_tail 0.2011@36 | rollback=False
2026-08-29 13:43:43,175 - fedlf_cifar100_IF50_alpha0p5_seed42.log - INFO - Round 54 selected clients: [0, 4, 5, 9, 12, 17, 18, 19]
2026-08-29 13:44:12,144 - fedlf_cifar100_IF50_alpha0p5_seed42.log - INFO - Round 54 | Global 0.2592 | Head 0.4400 | Tail 0.1528 | Many 0.4400 | Medium 0.2174 | Few 0.1528 | best_tail 0.2011@36 | rollback=False
2026-08-29 13:44:12,145 - fedlf_cifar100_IF50_alpha0p5_seed42.log - INFO - Round 55 selected clients: [1, 4, 7, 9, 11, 12, 14, 19]
2026-08-29 13:44:40,202 - fedlf_cifar100_IF50_alpha0p5_seed42.log - INFO - Round 55 | Global 0.2565 | Head 0.4292 | Tail 0.1422 | Many 0.4292 | Medium 0.2205 | Few 0.1422 | best_tail 0.2011@36 | rollback=False
2026-08-29 13:44:40,202 - fedlf_cifar100_IF50_alpha0p5_seed42.log - INFO - Round 56 selected clients: [3, 6, 8, 10, 14, 16, 18, 19]
2026-08-29 13:45:09,910 - fedlf_cifar100_IF50_alpha0p5_seed42.log - INFO - Round 56 | Global 0.2734 | Head 0.4338 | Tail 0.1967 | Many 0.4338 | Medium 0.2309 | Few 0.1967 | best_tail 0.2011@36 | rollback=False
2026-08-29 13:45:09,911 - fedlf_cifar100_IF50_alpha0p5_seed42.log - INFO - Round 57 selected clients: [0, 3, 7, 10, 16, 17, 18, 19]
2026-08-29 13:45:39,644 - fedlf_cifar100_IF50_alpha0p5_seed42.log - INFO - Round 57 | Global 0.2752 | Head 0.4587 | Tail 0.1933 | Many 0.4587 | Medium 0.2247 | Few 0.1933 | best_tail 0.2011@36 | rollback=False
2026-08-29 13:45:39,645 - fedlf_cifar100_IF50_alpha0p5_seed42.log - INFO - Round 58 selected clients: [1, 5, 8, 9, 15, 16, 17, 19]
2026-08-29 13:46:09,713 - fedlf_cifar100_IF50_alpha0p5_seed42.log - INFO - Round 58 | Global 0.2761 | Head 0.4558 | Tail 0.1589 | Many 0.4558 | Medium 0.2381 | Few 0.1589 | best_tail 0.2011@36 | rollback=False
2026-08-29 13:46:09,714 - fedlf_cifar100_IF50_alpha0p5_seed42.log - INFO - Round 59 selected clients: [5, 7, 11, 15, 16, 17, 18, 19]
2026-08-29 13:46:37,528 - fedlf_cifar100_IF50_alpha0p5_seed42.log - INFO - Round 59 | Global 0.2671 | Head 0.4437 | Tail 0.1206 | Many 0.4437 | Medium 0.2395 | Few 0.1206 | best_tail 0.2011@36 | rollback=False
2026-08-29 13:46:37,529 - fedlf_cifar100_IF50_alpha0p5_seed42.log - INFO - Round 60 selected clients: [2, 4, 7, 10, 12, 13, 14, 19]
2026-08-29 13:47:03,991 - fedlf_cifar100_IF50_alpha0p5_seed42.log - INFO - Round 60 | Global 0.2678 | Head 0.4546 | Tail 0.1656 | Many 0.4546 | Medium 0.2222 | Few 0.1656 | best_tail 0.2011@36 | rollback=False
2026-08-29 13:47:04,010 - fedlf_cifar100_IF50_alpha0p5_seed42.log - INFO - Global Accuracy: [0.033, 0.0436, 0.0569, 0.0647, 0.0746, 0.0754, 0.0896, 0.0908, 0.0942, 0.1041, 0.107, 0.1119, 0.1155, 0.1209, 0.127, 0.1335, 0.1437, 0.1409, 0.1481, 0.151, 0.1579, 0.1645, 0.1746, 0.1725, 0.1799, 0.1886, 0.1908, 0.1919, 0.2032, 0.1917, 0.1927, 0.2096, 0.205, 0.2115, 0.216, 0.2178, 0.2208, 0.237, 0.225, 0.2385, 0.2342, 0.2327, 0.2319, 0.2364, 0.2412, 0.2429, 0.2569, 0.2476, 0.2513, 0.2621, 0.2524, 0.2496, 0.2715, 0.2592, 0.2565, 0.2734, 0.2752, 0.2761, 0.2671, 0.2678]
2026-08-29 13:47:04,010 - fedlf_cifar100_IF50_alpha0p5_seed42.log - INFO - Majority Class Accuracy: [0.115, 0.1271, 0.1392, 0.175, 0.1883, 0.1454, 0.2417, 0.2075, 0.2213, 0.2742, 0.2283, 0.2637, 0.2854, 0.2683, 0.3071, 0.2571, 0.2783, 0.2587, 0.3417, 0.3392, 0.3229, 0.325, 0.3488, 0.3638, 0.3629, 0.3579, 0.3475, 0.35, 0.3588, 0.34, 0.3542, 0.3679, 0.3883, 0.3683, 0.3917, 0.3696, 0.3921, 0.405, 0.43, 0.4121, 0.4196, 0.4254, 0.3896, 0.4154, 0.42, 0.39, 0.4225, 0.4029, 0.4088, 0.4008, 0.4183, 0.4271, 0.4275, 0.44, 0.4292, 0.4338, 0.4587, 0.4558, 0.4437, 0.4546]
2026-08-29 13:47:04,011 - fedlf_cifar100_IF50_alpha0p5_seed42.log - INFO - Medium Class Accuracy: [0.009, 0.0117, 0.0338, 0.0352, 0.0319, 0.0434, 0.0374, 0.0443, 0.0341, 0.0466, 0.0566, 0.05, 0.0553, 0.0741, 0.0655, 0.0838, 0.0852, 0.0855, 0.0729, 0.0779, 0.0914, 0.1138, 0.1121, 0.1076, 0.1286, 0.1314, 0.1286, 0.1434, 0.16, 0.1436, 0.1357, 0.1588, 0.1429, 0.1584, 0.1674, 0.1602, 0.1697, 0.1829, 0.1598, 0.1795, 0.1795, 0.1816, 0.1964, 0.1983, 0.1943, 0.2122, 0.2074, 0.2103, 0.2184, 0.2284, 0.2136, 0.2159, 0.2326, 0.2174, 0.2205, 0.2309, 0.2247, 0.2381, 0.2395, 0.2222]
2026-08-29 13:47:04,011 - fedlf_cifar100_IF50_alpha0p5_seed42.log - INFO - Minority Class Accuracy: [0.0011, 0.035, 0.0217, 0.0128, 0.0606, 0.085, 0.055, 0.085, 0.1183, 0.0628, 0.1078, 0.1089, 0.0828, 0.075, 0.085, 0.1289, 0.1528, 0.1622, 0.1322, 0.1356, 0.1522, 0.1139, 0.1439, 0.1267, 0.1011, 0.1472, 0.1822, 0.1372, 0.135, 0.1489, 0.1611, 0.1622, 0.1606, 0.1733, 0.1383, 0.2011, 0.1572, 0.1872, 0.1617, 0.1972, 0.1633, 0.1406, 0.1361, 0.1206, 0.1539, 0.1456, 0.1956, 0.1606, 0.1472, 0.1856, 0.1561, 0.1217, 0.1889, 0.1528, 0.1422, 0.1967, 0.1933, 0.1589, 0.1206, 0.1656]
2026-08-29 13:47:04,011 - fedlf_cifar100_IF50_alpha0p5_seed42.log - INFO - === Head-Tail Evaluation ===
2026-08-29 13:47:04,011 - fedlf_cifar100_IF50_alpha0p5_seed42.log - INFO - Head Accuracy: 0.4546
2026-08-29 13:47:04,011 - fedlf_cifar100_IF50_alpha0p5_seed42.log - INFO - Tail Accuracy: 0.1656
2026-08-29 13:47:04,013 - fedlf_cifar100_IF50_alpha0p5_seed42.log - INFO - Round 61 selected clients: [0, 2, 8, 10, 11, 14, 15, 17]
2026-08-29 13:47:33,500 - fedlf_cifar100_IF50_alpha0p5_seed42.log - INFO - Round 61 | Global 0.2745 | Head 0.4521 | Tail 0.1617 | Many 0.4521 | Medium 0.2360 | Few 0.1617 | best_tail 0.2011@36 | rollback=False
2026-08-29 13:47:33,501 - fedlf_cifar100_IF50_alpha0p5_seed42.log - INFO - Round 62 selected clients: [0, 2, 4, 7, 8, 10, 12, 14]
2026-08-29 13:48:01,228 - fedlf_cifar100_IF50_alpha0p5_seed42.log - INFO - Round 62 | Global 0.2689 | Head 0.4713 | Tail 0.1511 | Many 0.4713 | Medium 0.2217 | Few 0.1511 | best_tail 0.2011@36 | rollback=False
2026-08-29 13:48:01,229 - fedlf_cifar100_IF50_alpha0p5_seed42.log - INFO - Round 63 selected clients: [7, 8, 10, 12, 15, 17, 18, 19]
2026-08-29 13:48:30,626 - fedlf_cifar100_IF50_alpha0p5_seed42.log - INFO - Round 63 | Global 0.2731 | Head 0.4542 | Tail 0.1544 | Many 0.4542 | Medium 0.2350 | Few 0.1544 | best_tail 0.2011@36 | rollback=False
2026-08-29 13:48:30,627 - fedlf_cifar100_IF50_alpha0p5_seed42.log - INFO - Round 64 selected clients: [3, 5, 6, 9, 10, 13, 18, 19]
2026-08-29 13:49:00,377 - fedlf_cifar100_IF50_alpha0p5_seed42.log - INFO - Round 64 | Global 0.2814 | Head 0.4263 | Tail 0.1989 | Many 0.4263 | Medium 0.2471 | Few 0.1989 | best_tail 0.2011@36 | rollback=False
2026-08-29 13:49:00,378 - fedlf_cifar100_IF50_alpha0p5_seed42.log - INFO - Round 65 selected clients: [1, 2, 3, 5, 9, 11, 13, 18]
2026-08-29 13:49:30,319 - fedlf_cifar100_IF50_alpha0p5_seed42.log - INFO - Round 65 | Global 0.2830 | Head 0.4167 | Tail 0.1706 | Many 0.4167 | Medium 0.2626 | Few 0.1706 | best_tail 0.2011@36 | rollback=False
2026-08-29 13:49:30,319 - fedlf_cifar100_IF50_alpha0p5_seed42.log - INFO - Round 66 selected clients: [0, 1, 3, 4, 5, 6, 11, 13]
2026-08-29 13:49:58,136 - fedlf_cifar100_IF50_alpha0p5_seed42.log - INFO - Round 66 | Global 0.2850 | Head 0.4408 | Tail 0.1861 | Many 0.4408 | Medium 0.2512 | Few 0.1861 | best_tail 0.2011@36 | rollback=False
2026-08-29 13:49:58,137 - fedlf_cifar100_IF50_alpha0p5_seed42.log - INFO - Round 67 selected clients: [0, 1, 4, 7, 10, 12, 14, 16]
2026-08-29 13:50:26,184 - fedlf_cifar100_IF50_alpha0p5_seed42.log - INFO - Round 67 | Global 0.2878 | Head 0.4742 | Tail 0.1817 | Many 0.4742 | Medium 0.2436 | Few 0.1817 | best_tail 0.2011@36 | rollback=False
2026-08-29 13:50:26,185 - fedlf_cifar100_IF50_alpha0p5_seed42.log - INFO - Round 68 selected clients: [1, 3, 4, 5, 15, 16, 17, 18]
2026-08-29 13:50:54,754 - fedlf_cifar100_IF50_alpha0p5_seed42.log - INFO - Round 68 | Global 0.2931 | Head 0.4571 | Tail 0.1828 | Many 0.4571 | Medium 0.2595 | Few 0.1828 | best_tail 0.2011@36 | rollback=False
2026-08-29 13:50:54,755 - fedlf_cifar100_IF50_alpha0p5_seed42.log - INFO - Round 69 selected clients: [0, 5, 7, 9, 10, 12, 15, 16]
2026-08-29 13:51:23,203 - fedlf_cifar100_IF50_alpha0p5_seed42.log - INFO - Round 69 | Global 0.2854 | Head 0.4796 | Tail 0.1661 | Many 0.4796 | Medium 0.2421 | Few 0.1661 | best_tail 0.2011@36 | rollback=False
2026-08-29 13:51:23,204 - fedlf_cifar100_IF50_alpha0p5_seed42.log - INFO - Round 70 selected clients: [0, 2, 5, 7, 9, 10, 11, 18]
2026-08-29 13:51:54,096 - fedlf_cifar100_IF50_alpha0p5_seed42.log - INFO - Round 70 | Global 0.2949 | Head 0.4346 | Tail 0.1672 | Many 0.4346 | Medium 0.2767 | Few 0.1672 | best_tail 0.2011@36 | rollback=False
2026-08-29 13:51:54,120 - fedlf_cifar100_IF50_alpha0p5_seed42.log - INFO - Global Accuracy: [0.033, 0.0436, 0.0569, 0.0647, 0.0746, 0.0754, 0.0896, 0.0908, 0.0942, 0.1041, 0.107, 0.1119, 0.1155, 0.1209, 0.127, 0.1335, 0.1437, 0.1409, 0.1481, 0.151, 0.1579, 0.1645, 0.1746, 0.1725, 0.1799, 0.1886, 0.1908, 0.1919, 0.2032, 0.1917, 0.1927, 0.2096, 0.205, 0.2115, 0.216, 0.2178, 0.2208, 0.237, 0.225, 0.2385, 0.2342, 0.2327, 0.2319, 0.2364, 0.2412, 0.2429, 0.2569, 0.2476, 0.2513, 0.2621, 0.2524, 0.2496, 0.2715, 0.2592, 0.2565, 0.2734, 0.2752, 0.2761, 0.2671, 0.2678, 0.2745, 0.2689, 0.2731, 0.2814, 0.283, 0.285, 0.2878, 0.2931, 0.2854, 0.2949]
2026-08-29 13:51:54,120 - fedlf_cifar100_IF50_alpha0p5_seed42.log - INFO - Majority Class Accuracy: [0.115, 0.1271, 0.1392, 0.175, 0.1883, 0.1454, 0.2417, 0.2075, 0.2213, 0.2742, 0.2283, 0.2637, 0.2854, 0.2683, 0.3071, 0.2571, 0.2783, 0.2587, 0.3417, 0.3392, 0.3229, 0.325, 0.3488, 0.3638, 0.3629, 0.3579, 0.3475, 0.35, 0.3588, 0.34, 0.3542, 0.3679, 0.3883, 0.3683, 0.3917, 0.3696, 0.3921, 0.405, 0.43, 0.4121, 0.4196, 0.4254, 0.3896, 0.4154, 0.42, 0.39, 0.4225, 0.4029, 0.4088, 0.4008, 0.4183, 0.4271, 0.4275, 0.44, 0.4292, 0.4338, 0.4587, 0.4558, 0.4437, 0.4546, 0.4521, 0.4713, 0.4542, 0.4263, 0.4167, 0.4408, 0.4742, 0.4571, 0.4796, 0.4346]
2026-08-29 13:51:54,120 - fedlf_cifar100_IF50_alpha0p5_seed42.log - INFO - Medium Class Accuracy: [0.009, 0.0117, 0.0338, 0.0352, 0.0319, 0.0434, 0.0374, 0.0443, 0.0341, 0.0466, 0.0566, 0.05, 0.0553, 0.0741, 0.0655, 0.0838, 0.0852, 0.0855, 0.0729, 0.0779, 0.0914, 0.1138, 0.1121, 0.1076, 0.1286, 0.1314, 0.1286, 0.1434, 0.16, 0.1436, 0.1357, 0.1588, 0.1429, 0.1584, 0.1674, 0.1602, 0.1697, 0.1829, 0.1598, 0.1795, 0.1795, 0.1816, 0.1964, 0.1983, 0.1943, 0.2122, 0.2074, 0.2103, 0.2184, 0.2284, 0.2136, 0.2159, 0.2326, 0.2174, 0.2205, 0.2309, 0.2247, 0.2381, 0.2395, 0.2222, 0.236, 0.2217, 0.235, 0.2471, 0.2626, 0.2512, 0.2436, 0.2595, 0.2421, 0.2767]
2026-08-29 13:51:54,120 - fedlf_cifar100_IF50_alpha0p5_seed42.log - INFO - Minority Class Accuracy: [0.0011, 0.035, 0.0217, 0.0128, 0.0606, 0.085, 0.055, 0.085, 0.1183, 0.0628, 0.1078, 0.1089, 0.0828, 0.075, 0.085, 0.1289, 0.1528, 0.1622, 0.1322, 0.1356, 0.1522, 0.1139, 0.1439, 0.1267, 0.1011, 0.1472, 0.1822, 0.1372, 0.135, 0.1489, 0.1611, 0.1622, 0.1606, 0.1733, 0.1383, 0.2011, 0.1572, 0.1872, 0.1617, 0.1972, 0.1633, 0.1406, 0.1361, 0.1206, 0.1539, 0.1456, 0.1956, 0.1606, 0.1472, 0.1856, 0.1561, 0.1217, 0.1889, 0.1528, 0.1422, 0.1967, 0.1933, 0.1589, 0.1206, 0.1656, 0.1617, 0.1511, 0.1544, 0.1989, 0.1706, 0.1861, 0.1817, 0.1828, 0.1661, 0.1672]
2026-08-29 13:51:54,120 - fedlf_cifar100_IF50_alpha0p5_seed42.log - INFO - === Head-Tail Evaluation ===
2026-08-29 13:51:54,120 - fedlf_cifar100_IF50_alpha0p5_seed42.log - INFO - Head Accuracy: 0.4346
2026-08-29 13:51:54,120 - fedlf_cifar100_IF50_alpha0p5_seed42.log - INFO - Tail Accuracy: 0.1672
2026-08-29 13:51:54,121 - fedlf_cifar100_IF50_alpha0p5_seed42.log - INFO - Round 71 selected clients: [2, 4, 6, 9, 12, 13, 16, 17]
2026-08-29 13:52:20,650 - fedlf_cifar100_IF50_alpha0p5_seed42.log - INFO - Round 71 | Global 0.2920 | Head 0.5204 | Tail 0.1056 | Many 0.5204 | Medium 0.2553 | Few 0.1056 | best_tail 0.2011@36 | rollback=False
2026-08-29 13:52:20,651 - fedlf_cifar100_IF50_alpha0p5_seed42.log - INFO - Round 72 selected clients: [1, 2, 6, 7, 9, 11, 12, 15]
2026-08-29 13:52:49,199 - fedlf_cifar100_IF50_alpha0p5_seed42.log - INFO - Round 72 | Global 0.3052 | Head 0.4637 | Tail 0.1422 | Many 0.4637 | Medium 0.2902 | Few 0.1422 | best_tail 0.2011@36 | rollback=False
2026-08-29 13:52:49,200 - fedlf_cifar100_IF50_alpha0p5_seed42.log - INFO - Round 73 selected clients: [2, 3, 5, 7, 11, 12, 13, 19]
2026-08-29 13:53:16,252 - fedlf_cifar100_IF50_alpha0p5_seed42.log - INFO - Round 73 | Global 0.2971 | Head 0.4558 | Tail 0.1467 | Many 0.4558 | Medium 0.2781 | Few 0.1467 | best_tail 0.2011@36 | rollback=False
2026-08-29 13:53:16,252 - fedlf_cifar100_IF50_alpha0p5_seed42.log - INFO - Round 74 selected clients: [1, 3, 4, 5, 6, 10, 11, 18]
2026-08-29 13:53:45,815 - fedlf_cifar100_IF50_alpha0p5_seed42.log - INFO - Round 74 | Global 0.3039 | Head 0.4313 | Tail 0.1928 | Many 0.4313 | Medium 0.2857 | Few 0.1928 | best_tail 0.2011@36 | rollback=False
2026-08-29 13:53:45,816 - fedlf_cifar100_IF50_alpha0p5_seed42.log - INFO - Round 75 selected clients: [2, 3, 5, 8, 12, 16, 17, 19]
2026-08-29 13:54:14,051 - fedlf_cifar100_IF50_alpha0p5_seed42.log - INFO - Round 75 | Global 0.2996 | Head 0.4892 | Tail 0.1361 | Many 0.4892 | Medium 0.2719 | Few 0.1361 | best_tail 0.2011@36 | rollback=False
2026-08-29 13:54:14,052 - fedlf_cifar100_IF50_alpha0p5_seed42.log - INFO - Round 76 selected clients: [4, 5, 6, 8, 10, 11, 15, 18]
2026-08-29 13:54:43,275 - fedlf_cifar100_IF50_alpha0p5_seed42.log - INFO - Round 76 | Global 0.3066 | Head 0.4525 | Tail 0.1744 | Many 0.4525 | Medium 0.2872 | Few 0.1744 | best_tail 0.2011@36 | rollback=False
2026-08-29 13:54:43,276 - fedlf_cifar100_IF50_alpha0p5_seed42.log - INFO - Round 77 selected clients: [0, 2, 3, 5, 6, 10, 11, 12]
2026-08-29 13:55:12,621 - fedlf_cifar100_IF50_alpha0p5_seed42.log - INFO - Round 77 | Global 0.3098 | Head 0.4658 | Tail 0.1850 | Many 0.4658 | Medium 0.2840 | Few 0.1850 | best_tail 0.2011@36 | rollback=False
2026-08-29 13:55:12,621 - fedlf_cifar100_IF50_alpha0p5_seed42.log - INFO - Round 78 selected clients: [1, 2, 5, 6, 7, 13, 16, 19]
2026-08-29 13:55:39,985 - fedlf_cifar100_IF50_alpha0p5_seed42.log - INFO - Round 78 | Global 0.2953 | Head 0.4650 | Tail 0.1339 | Many 0.4650 | Medium 0.2752 | Few 0.1339 | best_tail 0.2011@36 | rollback=False
2026-08-29 13:55:39,986 - fedlf_cifar100_IF50_alpha0p5_seed42.log - INFO - Round 79 selected clients: [7, 8, 9, 12, 15, 16, 18, 19]
2026-08-29 13:56:09,028 - fedlf_cifar100_IF50_alpha0p5_seed42.log - INFO - Round 79 | Global 0.3011 | Head 0.4842 | Tail 0.1350 | Many 0.4842 | Medium 0.2769 | Few 0.1350 | best_tail 0.2011@36 | rollback=False
2026-08-29 13:56:09,028 - fedlf_cifar100_IF50_alpha0p5_seed42.log - INFO - Round 80 selected clients: [1, 2, 3, 11, 14, 15, 17, 18]
2026-08-29 13:56:38,586 - fedlf_cifar100_IF50_alpha0p5_seed42.log - INFO - Round 80 | Global 0.3160 | Head 0.4596 | Tail 0.1861 | Many 0.4596 | Medium 0.2969 | Few 0.1861 | best_tail 0.2011@36 | rollback=False
2026-08-29 13:56:38,611 - fedlf_cifar100_IF50_alpha0p5_seed42.log - INFO - Global Accuracy: [0.033, 0.0436, 0.0569, 0.0647, 0.0746, 0.0754, 0.0896, 0.0908, 0.0942, 0.1041, 0.107, 0.1119, 0.1155, 0.1209, 0.127, 0.1335, 0.1437, 0.1409, 0.1481, 0.151, 0.1579, 0.1645, 0.1746, 0.1725, 0.1799, 0.1886, 0.1908, 0.1919, 0.2032, 0.1917, 0.1927, 0.2096, 0.205, 0.2115, 0.216, 0.2178, 0.2208, 0.237, 0.225, 0.2385, 0.2342, 0.2327, 0.2319, 0.2364, 0.2412, 0.2429, 0.2569, 0.2476, 0.2513, 0.2621, 0.2524, 0.2496, 0.2715, 0.2592, 0.2565, 0.2734, 0.2752, 0.2761, 0.2671, 0.2678, 0.2745, 0.2689, 0.2731, 0.2814, 0.283, 0.285, 0.2878, 0.2931, 0.2854, 0.2949, 0.292, 0.3052, 0.2971, 0.3039, 0.2996, 0.3066, 0.3098, 0.2953, 0.3011, 0.316]
2026-08-29 13:56:38,611 - fedlf_cifar100_IF50_alpha0p5_seed42.log - INFO - Majority Class Accuracy: [0.115, 0.1271, 0.1392, 0.175, 0.1883, 0.1454, 0.2417, 0.2075, 0.2213, 0.2742, 0.2283, 0.2637, 0.2854, 0.2683, 0.3071, 0.2571, 0.2783, 0.2587, 0.3417, 0.3392, 0.3229, 0.325, 0.3488, 0.3638, 0.3629, 0.3579, 0.3475, 0.35, 0.3588, 0.34, 0.3542, 0.3679, 0.3883, 0.3683, 0.3917, 0.3696, 0.3921, 0.405, 0.43, 0.4121, 0.4196, 0.4254, 0.3896, 0.4154, 0.42, 0.39, 0.4225, 0.4029, 0.4088, 0.4008, 0.4183, 0.4271, 0.4275, 0.44, 0.4292, 0.4338, 0.4587, 0.4558, 0.4437, 0.4546, 0.4521, 0.4713, 0.4542, 0.4263, 0.4167, 0.4408, 0.4742, 0.4571, 0.4796, 0.4346, 0.5204, 0.4637, 0.4558, 0.4313, 0.4892, 0.4525, 0.4658, 0.465, 0.4842, 0.4596]
2026-08-29 13:56:38,611 - fedlf_cifar100_IF50_alpha0p5_seed42.log - INFO - Medium Class Accuracy: [0.009, 0.0117, 0.0338, 0.0352, 0.0319, 0.0434, 0.0374, 0.0443, 0.0341, 0.0466, 0.0566, 0.05, 0.0553, 0.0741, 0.0655, 0.0838, 0.0852, 0.0855, 0.0729, 0.0779, 0.0914, 0.1138, 0.1121, 0.1076, 0.1286, 0.1314, 0.1286, 0.1434, 0.16, 0.1436, 0.1357, 0.1588, 0.1429, 0.1584, 0.1674, 0.1602, 0.1697, 0.1829, 0.1598, 0.1795, 0.1795, 0.1816, 0.1964, 0.1983, 0.1943, 0.2122, 0.2074, 0.2103, 0.2184, 0.2284, 0.2136, 0.2159, 0.2326, 0.2174, 0.2205, 0.2309, 0.2247, 0.2381, 0.2395, 0.2222, 0.236, 0.2217, 0.235, 0.2471, 0.2626, 0.2512, 0.2436, 0.2595, 0.2421, 0.2767, 0.2553, 0.2902, 0.2781, 0.2857, 0.2719, 0.2872, 0.284, 0.2752, 0.2769, 0.2969]
2026-08-29 13:56:38,611 - fedlf_cifar100_IF50_alpha0p5_seed42.log - INFO - Minority Class Accuracy: [0.0011, 0.035, 0.0217, 0.0128, 0.0606, 0.085, 0.055, 0.085, 0.1183, 0.0628, 0.1078, 0.1089, 0.0828, 0.075, 0.085, 0.1289, 0.1528, 0.1622, 0.1322, 0.1356, 0.1522, 0.1139, 0.1439, 0.1267, 0.1011, 0.1472, 0.1822, 0.1372, 0.135, 0.1489, 0.1611, 0.1622, 0.1606, 0.1733, 0.1383, 0.2011, 0.1572, 0.1872, 0.1617, 0.1972, 0.1633, 0.1406, 0.1361, 0.1206, 0.1539, 0.1456, 0.1956, 0.1606, 0.1472, 0.1856, 0.1561, 0.1217, 0.1889, 0.1528, 0.1422, 0.1967, 0.1933, 0.1589, 0.1206, 0.1656, 0.1617, 0.1511, 0.1544, 0.1989, 0.1706, 0.1861, 0.1817, 0.1828, 0.1661, 0.1672, 0.1056, 0.1422, 0.1467, 0.1928, 0.1361, 0.1744, 0.185, 0.1339, 0.135, 0.1861]
2026-08-29 13:56:38,612 - fedlf_cifar100_IF50_alpha0p5_seed42.log - INFO - === Head-Tail Evaluation ===
2026-08-29 13:56:38,612 - fedlf_cifar100_IF50_alpha0p5_seed42.log - INFO - Head Accuracy: 0.4596
2026-08-29 13:56:38,612 - fedlf_cifar100_IF50_alpha0p5_seed42.log - INFO - Tail Accuracy: 0.1861
2026-08-29 13:56:38,613 - fedlf_cifar100_IF50_alpha0p5_seed42.log - INFO - Round 81 selected clients: [3, 4, 7, 8, 10, 13, 16, 18]
2026-08-29 13:57:07,488 - fedlf_cifar100_IF50_alpha0p5_seed42.log - INFO - Round 81 | Global 0.3171 | Head 0.5079 | Tail 0.2056 | Many 0.5079 | Medium 0.2728 | Few 0.2056 | best_tail 0.2056@81 | rollback=False
2026-08-29 13:57:07,489 - fedlf_cifar100_IF50_alpha0p5_seed42.log - INFO - Round 82 selected clients: [4, 6, 7, 9, 10, 15, 16, 18]
2026-08-29 13:57:35,882 - fedlf_cifar100_IF50_alpha0p5_seed42.log - INFO - Round 82 | Global 0.3090 | Head 0.4838 | Tail 0.1833 | Many 0.4838 | Medium 0.2757 | Few 0.1833 | best_tail 0.2056@81 | rollback=False
2026-08-29 13:57:35,882 - fedlf_cifar100_IF50_alpha0p5_seed42.log - INFO - Round 83 selected clients: [2, 3, 7, 8, 11, 12, 16, 18]
2026-08-29 13:58:04,282 - fedlf_cifar100_IF50_alpha0p5_seed42.log - INFO - Round 83 | Global 0.3186 | Head 0.5038 | Tail 0.1628 | Many 0.5038 | Medium 0.2903 | Few 0.1628 | best_tail 0.2056@81 | rollback=False
2026-08-29 13:58:04,283 - fedlf_cifar100_IF50_alpha0p5_seed42.log - INFO - Round 84 selected clients: [3, 5, 6, 11, 12, 15, 16, 18]
2026-08-29 13:58:32,381 - fedlf_cifar100_IF50_alpha0p5_seed42.log - INFO - Round 84 | Global 0.3128 | Head 0.4696 | Tail 0.1522 | Many 0.4696 | Medium 0.2978 | Few 0.1522 | best_tail 0.2056@81 | rollback=False
2026-08-29 13:58:32,382 - fedlf_cifar100_IF50_alpha0p5_seed42.log - INFO - Round 85 selected clients: [0, 2, 3, 7, 11, 15, 16, 17]
2026-08-29 13:59:00,016 - fedlf_cifar100_IF50_alpha0p5_seed42.log - INFO - Round 85 | Global 0.3086 | Head 0.4842 | Tail 0.1511 | Many 0.4842 | Medium 0.2848 | Few 0.1511 | best_tail 0.2056@81 | rollback=False
2026-08-29 13:59:00,017 - fedlf_cifar100_IF50_alpha0p5_seed42.log - INFO - Round 86 selected clients: [3, 4, 5, 8, 10, 13, 14, 16]
2026-08-29 13:59:27,615 - fedlf_cifar100_IF50_alpha0p5_seed42.log - INFO - Round 86 | Global 0.3111 | Head 0.5075 | Tail 0.1839 | Many 0.5075 | Medium 0.2693 | Few 0.1839 | best_tail 0.2056@81 | rollback=False
2026-08-29 13:59:27,615 - fedlf_cifar100_IF50_alpha0p5_seed42.log - INFO - Round 87 selected clients: [3, 7, 8, 9, 11, 12, 18, 19]
2026-08-29 13:59:57,736 - fedlf_cifar100_IF50_alpha0p5_seed42.log - INFO - Round 87 | Global 0.3189 | Head 0.4846 | Tail 0.1539 | Many 0.4846 | Medium 0.3016 | Few 0.1539 | best_tail 0.2056@81 | rollback=False
2026-08-29 13:59:57,737 - fedlf_cifar100_IF50_alpha0p5_seed42.log - INFO - Round 88 selected clients: [0, 10, 11, 12, 13, 14, 17, 18]
2026-08-29 14:00:26,300 - fedlf_cifar100_IF50_alpha0p5_seed42.log - INFO - Round 88 | Global 0.3182 | Head 0.5175 | Tail 0.1722 | Many 0.5175 | Medium 0.2810 | Few 0.1722 | best_tail 0.2056@81 | rollback=False
2026-08-29 14:00:26,301 - fedlf_cifar100_IF50_alpha0p5_seed42.log - INFO - Round 89 selected clients: [1, 3, 8, 9, 11, 12, 15, 18]
2026-08-29 14:00:57,095 - fedlf_cifar100_IF50_alpha0p5_seed42.log - INFO - Round 89 | Global 0.3221 | Head 0.4696 | Tail 0.1778 | Many 0.4696 | Medium 0.3059 | Few 0.1778 | best_tail 0.2056@81 | rollback=False
2026-08-29 14:00:57,096 - fedlf_cifar100_IF50_alpha0p5_seed42.log - INFO - Round 90 selected clients: [2, 8, 10, 12, 16, 17, 18, 19]
2026-08-29 14:01:26,960 - fedlf_cifar100_IF50_alpha0p5_seed42.log - INFO - Round 90 | Global 0.3271 | Head 0.5142 | Tail 0.1883 | Many 0.5142 | Medium 0.2928 | Few 0.1883 | best_tail 0.2056@81 | rollback=False
2026-08-29 14:01:26,982 - fedlf_cifar100_IF50_alpha0p5_seed42.log - INFO - Global Accuracy: [0.033, 0.0436, 0.0569, 0.0647, 0.0746, 0.0754, 0.0896, 0.0908, 0.0942, 0.1041, 0.107, 0.1119, 0.1155, 0.1209, 0.127, 0.1335, 0.1437, 0.1409, 0.1481, 0.151, 0.1579, 0.1645, 0.1746, 0.1725, 0.1799, 0.1886, 0.1908, 0.1919, 0.2032, 0.1917, 0.1927, 0.2096, 0.205, 0.2115, 0.216, 0.2178, 0.2208, 0.237, 0.225, 0.2385, 0.2342, 0.2327, 0.2319, 0.2364, 0.2412, 0.2429, 0.2569, 0.2476, 0.2513, 0.2621, 0.2524, 0.2496, 0.2715, 0.2592, 0.2565, 0.2734, 0.2752, 0.2761, 0.2671, 0.2678, 0.2745, 0.2689, 0.2731, 0.2814, 0.283, 0.285, 0.2878, 0.2931, 0.2854, 0.2949, 0.292, 0.3052, 0.2971, 0.3039, 0.2996, 0.3066, 0.3098, 0.2953, 0.3011, 0.316, 0.3171, 0.309, 0.3186, 0.3128, 0.3086, 0.3111, 0.3189, 0.3182, 0.3221, 0.3271]
2026-08-29 14:01:26,982 - fedlf_cifar100_IF50_alpha0p5_seed42.log - INFO - Majority Class Accuracy: [0.115, 0.1271, 0.1392, 0.175, 0.1883, 0.1454, 0.2417, 0.2075, 0.2213, 0.2742, 0.2283, 0.2637, 0.2854, 0.2683, 0.3071, 0.2571, 0.2783, 0.2587, 0.3417, 0.3392, 0.3229, 0.325, 0.3488, 0.3638, 0.3629, 0.3579, 0.3475, 0.35, 0.3588, 0.34, 0.3542, 0.3679, 0.3883, 0.3683, 0.3917, 0.3696, 0.3921, 0.405, 0.43, 0.4121, 0.4196, 0.4254, 0.3896, 0.4154, 0.42, 0.39, 0.4225, 0.4029, 0.4088, 0.4008, 0.4183, 0.4271, 0.4275, 0.44, 0.4292, 0.4338, 0.4587, 0.4558, 0.4437, 0.4546, 0.4521, 0.4713, 0.4542, 0.4263, 0.4167, 0.4408, 0.4742, 0.4571, 0.4796, 0.4346, 0.5204, 0.4637, 0.4558, 0.4313, 0.4892, 0.4525, 0.4658, 0.465, 0.4842, 0.4596, 0.5079, 0.4838, 0.5038, 0.4696, 0.4842, 0.5075, 0.4846, 0.5175, 0.4696, 0.5142]
2026-08-29 14:01:26,982 - fedlf_cifar100_IF50_alpha0p5_seed42.log - INFO - Medium Class Accuracy: [0.009, 0.0117, 0.0338, 0.0352, 0.0319, 0.0434, 0.0374, 0.0443, 0.0341, 0.0466, 0.0566, 0.05, 0.0553, 0.0741, 0.0655, 0.0838, 0.0852, 0.0855, 0.0729, 0.0779, 0.0914, 0.1138, 0.1121, 0.1076, 0.1286, 0.1314, 0.1286, 0.1434, 0.16, 0.1436, 0.1357, 0.1588, 0.1429, 0.1584, 0.1674, 0.1602, 0.1697, 0.1829, 0.1598, 0.1795, 0.1795, 0.1816, 0.1964, 0.1983, 0.1943, 0.2122, 0.2074, 0.2103, 0.2184, 0.2284, 0.2136, 0.2159, 0.2326, 0.2174, 0.2205, 0.2309, 0.2247, 0.2381, 0.2395, 0.2222, 0.236, 0.2217, 0.235, 0.2471, 0.2626, 0.2512, 0.2436, 0.2595, 0.2421, 0.2767, 0.2553, 0.2902, 0.2781, 0.2857, 0.2719, 0.2872, 0.284, 0.2752, 0.2769, 0.2969, 0.2728, 0.2757, 0.2903, 0.2978, 0.2848, 0.2693, 0.3016, 0.281, 0.3059, 0.2928]
2026-08-29 14:01:26,983 - fedlf_cifar100_IF50_alpha0p5_seed42.log - INFO - Minority Class Accuracy: [0.0011, 0.035, 0.0217, 0.0128, 0.0606, 0.085, 0.055, 0.085, 0.1183, 0.0628, 0.1078, 0.1089, 0.0828, 0.075, 0.085, 0.1289, 0.1528, 0.1622, 0.1322, 0.1356, 0.1522, 0.1139, 0.1439, 0.1267, 0.1011, 0.1472, 0.1822, 0.1372, 0.135, 0.1489, 0.1611, 0.1622, 0.1606, 0.1733, 0.1383, 0.2011, 0.1572, 0.1872, 0.1617, 0.1972, 0.1633, 0.1406, 0.1361, 0.1206, 0.1539, 0.1456, 0.1956, 0.1606, 0.1472, 0.1856, 0.1561, 0.1217, 0.1889, 0.1528, 0.1422, 0.1967, 0.1933, 0.1589, 0.1206, 0.1656, 0.1617, 0.1511, 0.1544, 0.1989, 0.1706, 0.1861, 0.1817, 0.1828, 0.1661, 0.1672, 0.1056, 0.1422, 0.1467, 0.1928, 0.1361, 0.1744, 0.185, 0.1339, 0.135, 0.1861, 0.2056, 0.1833, 0.1628, 0.1522, 0.1511, 0.1839, 0.1539, 0.1722, 0.1778, 0.1883]
2026-08-29 14:01:26,983 - fedlf_cifar100_IF50_alpha0p5_seed42.log - INFO - === Head-Tail Evaluation ===
2026-08-29 14:01:26,983 - fedlf_cifar100_IF50_alpha0p5_seed42.log - INFO - Head Accuracy: 0.5142
2026-08-29 14:01:26,983 - fedlf_cifar100_IF50_alpha0p5_seed42.log - INFO - Tail Accuracy: 0.1883
2026-08-29 14:01:26,984 - fedlf_cifar100_IF50_alpha0p5_seed42.log - INFO - Round 91 selected clients: [0, 1, 6, 7, 8, 11, 16, 18]
2026-08-29 14:01:56,727 - fedlf_cifar100_IF50_alpha0p5_seed42.log - INFO - Round 91 | Global 0.3293 | Head 0.4979 | Tail 0.1789 | Many 0.4979 | Medium 0.3062 | Few 0.1789 | best_tail 0.2056@81 | rollback=False
2026-08-29 14:01:56,728 - fedlf_cifar100_IF50_alpha0p5_seed42.log - INFO - Round 92 selected clients: [3, 4, 7, 9, 10, 11, 15, 18]
2026-08-29 14:02:26,506 - fedlf_cifar100_IF50_alpha0p5_seed42.log - INFO - Round 92 | Global 0.3267 | Head 0.4688 | Tail 0.1944 | Many 0.4688 | Medium 0.3090 | Few 0.1944 | best_tail 0.2056@81 | rollback=False
2026-08-29 14:02:26,506 - fedlf_cifar100_IF50_alpha0p5_seed42.log - INFO - Round 93 selected clients: [0, 2, 3, 7, 9, 12, 13, 19]
2026-08-29 14:02:55,372 - fedlf_cifar100_IF50_alpha0p5_seed42.log - INFO - Round 93 | Global 0.3216 | Head 0.4988 | Tail 0.1517 | Many 0.4988 | Medium 0.3010 | Few 0.1517 | best_tail 0.2056@81 | rollback=False
2026-08-29 14:02:55,373 - fedlf_cifar100_IF50_alpha0p5_seed42.log - INFO - Round 94 selected clients: [1, 3, 4, 10, 12, 15, 18, 19]
2026-08-29 14:03:25,382 - fedlf_cifar100_IF50_alpha0p5_seed42.log - INFO - Round 94 | Global 0.3307 | Head 0.4542 | Tail 0.2233 | Many 0.4542 | Medium 0.3129 | Few 0.2233 | best_tail 0.2233@94 | rollback=False
2026-08-29 14:03:25,383 - fedlf_cifar100_IF50_alpha0p5_seed42.log - INFO - Round 95 selected clients: [0, 1, 7, 9, 10, 11, 13, 15]
2026-08-29 14:03:55,320 - fedlf_cifar100_IF50_alpha0p5_seed42.log - INFO - Round 95 | Global 0.3326 | Head 0.4817 | Tail 0.2067 | Many 0.4817 | Medium 0.3100 | Few 0.2067 | best_tail 0.2233@94 | rollback=False
2026-08-29 14:03:55,321 - fedlf_cifar100_IF50_alpha0p5_seed42.log - INFO - Round 96 selected clients: [0, 3, 5, 7, 8, 13, 17, 19]
2026-08-29 14:04:24,091 - fedlf_cifar100_IF50_alpha0p5_seed42.log - INFO - Round 96 | Global 0.3272 | Head 0.5133 | Tail 0.1644 | Many 0.5133 | Medium 0.3007 | Few 0.1644 | best_tail 0.2233@94 | rollback=False
2026-08-29 14:04:24,092 - fedlf_cifar100_IF50_alpha0p5_seed42.log - INFO - Round 97 selected clients: [0, 2, 3, 4, 5, 13, 14, 17]
2026-08-29 14:04:51,658 - fedlf_cifar100_IF50_alpha0p5_seed42.log - INFO - Round 97 | Global 0.3127 | Head 0.5154 | Tail 0.1394 | Many 0.5154 | Medium 0.2826 | Few 0.1394 | best_tail 0.2233@94 | rollback=False
2026-08-29 14:04:51,659 - fedlf_cifar100_IF50_alpha0p5_seed42.log - INFO - Round 98 selected clients: [2, 5, 8, 11, 13, 14, 16, 17]
2026-08-29 14:05:19,986 - fedlf_cifar100_IF50_alpha0p5_seed42.log - INFO - Round 98 | Global 0.3127 | Head 0.5308 | Tail 0.1100 | Many 0.5308 | Medium 0.2853 | Few 0.1100 | best_tail 0.2233@94 | rollback=False
2026-08-29 14:05:19,987 - fedlf_cifar100_IF50_alpha0p5_seed42.log - INFO - Round 99 selected clients: [0, 1, 3, 4, 6, 11, 13, 18]
2026-08-29 14:05:49,171 - fedlf_cifar100_IF50_alpha0p5_seed42.log - INFO - Round 99 | Global 0.3324 | Head 0.4971 | Tail 0.1844 | Many 0.4971 | Medium 0.3102 | Few 0.1844 | best_tail 0.2233@94 | rollback=False
2026-08-29 14:05:49,172 - fedlf_cifar100_IF50_alpha0p5_seed42.log - INFO - Round 100 selected clients: [5, 7, 8, 9, 11, 12, 16, 18]
2026-08-29 14:06:18,392 - fedlf_cifar100_IF50_alpha0p5_seed42.log - INFO - Round 100 | Global 0.3344 | Head 0.5138 | Tail 0.1333 | Many 0.5138 | Medium 0.3226 | Few 0.1333 | best_tail 0.2233@94 | rollback=False
2026-08-29 14:06:18,414 - fedlf_cifar100_IF50_alpha0p5_seed42.log - INFO - Global Accuracy: [0.033, 0.0436, 0.0569, 0.0647, 0.0746, 0.0754, 0.0896, 0.0908, 0.0942, 0.1041, 0.107, 0.1119, 0.1155, 0.1209, 0.127, 0.1335, 0.1437, 0.1409, 0.1481, 0.151, 0.1579, 0.1645, 0.1746, 0.1725, 0.1799, 0.1886, 0.1908, 0.1919, 0.2032, 0.1917, 0.1927, 0.2096, 0.205, 0.2115, 0.216, 0.2178, 0.2208, 0.237, 0.225, 0.2385, 0.2342, 0.2327, 0.2319, 0.2364, 0.2412, 0.2429, 0.2569, 0.2476, 0.2513, 0.2621, 0.2524, 0.2496, 0.2715, 0.2592, 0.2565, 0.2734, 0.2752, 0.2761, 0.2671, 0.2678, 0.2745, 0.2689, 0.2731, 0.2814, 0.283, 0.285, 0.2878, 0.2931, 0.2854, 0.2949, 0.292, 0.3052, 0.2971, 0.3039, 0.2996, 0.3066, 0.3098, 0.2953, 0.3011, 0.316, 0.3171, 0.309, 0.3186, 0.3128, 0.3086, 0.3111, 0.3189, 0.3182, 0.3221, 0.3271, 0.3293, 0.3267, 0.3216, 0.3307, 0.3326, 0.3272, 0.3127, 0.3127, 0.3324, 0.3344]
2026-08-29 14:06:18,415 - fedlf_cifar100_IF50_alpha0p5_seed42.log - INFO - Majority Class Accuracy: [0.115, 0.1271, 0.1392, 0.175, 0.1883, 0.1454, 0.2417, 0.2075, 0.2213, 0.2742, 0.2283, 0.2637, 0.2854, 0.2683, 0.3071, 0.2571, 0.2783, 0.2587, 0.3417, 0.3392, 0.3229, 0.325, 0.3488, 0.3638, 0.3629, 0.3579, 0.3475, 0.35, 0.3588, 0.34, 0.3542, 0.3679, 0.3883, 0.3683, 0.3917, 0.3696, 0.3921, 0.405, 0.43, 0.4121, 0.4196, 0.4254, 0.3896, 0.4154, 0.42, 0.39, 0.4225, 0.4029, 0.4088, 0.4008, 0.4183, 0.4271, 0.4275, 0.44, 0.4292, 0.4338, 0.4587, 0.4558, 0.4437, 0.4546, 0.4521, 0.4713, 0.4542, 0.4263, 0.4167, 0.4408, 0.4742, 0.4571, 0.4796, 0.4346, 0.5204, 0.4637, 0.4558, 0.4313, 0.4892, 0.4525, 0.4658, 0.465, 0.4842, 0.4596, 0.5079, 0.4838, 0.5038, 0.4696, 0.4842, 0.5075, 0.4846, 0.5175, 0.4696, 0.5142, 0.4979, 0.4688, 0.4988, 0.4542, 0.4817, 0.5133, 0.5154, 0.5308, 0.4971, 0.5138]
2026-08-29 14:06:18,415 - fedlf_cifar100_IF50_alpha0p5_seed42.log - INFO - Medium Class Accuracy: [0.009, 0.0117, 0.0338, 0.0352, 0.0319, 0.0434, 0.0374, 0.0443, 0.0341, 0.0466, 0.0566, 0.05, 0.0553, 0.0741, 0.0655, 0.0838, 0.0852, 0.0855, 0.0729, 0.0779, 0.0914, 0.1138, 0.1121, 0.1076, 0.1286, 0.1314, 0.1286, 0.1434, 0.16, 0.1436, 0.1357, 0.1588, 0.1429, 0.1584, 0.1674, 0.1602, 0.1697, 0.1829, 0.1598, 0.1795, 0.1795, 0.1816, 0.1964, 0.1983, 0.1943, 0.2122, 0.2074, 0.2103, 0.2184, 0.2284, 0.2136, 0.2159, 0.2326, 0.2174, 0.2205, 0.2309, 0.2247, 0.2381, 0.2395, 0.2222, 0.236, 0.2217, 0.235, 0.2471, 0.2626, 0.2512, 0.2436, 0.2595, 0.2421, 0.2767, 0.2553, 0.2902, 0.2781, 0.2857, 0.2719, 0.2872, 0.284, 0.2752, 0.2769, 0.2969, 0.2728, 0.2757, 0.2903, 0.2978, 0.2848, 0.2693, 0.3016, 0.281, 0.3059, 0.2928, 0.3062, 0.309, 0.301, 0.3129, 0.31, 0.3007, 0.2826, 0.2853, 0.3102, 0.3226]
2026-08-29 14:06:18,415 - fedlf_cifar100_IF50_alpha0p5_seed42.log - INFO - Minority Class Accuracy: [0.0011, 0.035, 0.0217, 0.0128, 0.0606, 0.085, 0.055, 0.085, 0.1183, 0.0628, 0.1078, 0.1089, 0.0828, 0.075, 0.085, 0.1289, 0.1528, 0.1622, 0.1322, 0.1356, 0.1522, 0.1139, 0.1439, 0.1267, 0.1011, 0.1472, 0.1822, 0.1372, 0.135, 0.1489, 0.1611, 0.1622, 0.1606, 0.1733, 0.1383, 0.2011, 0.1572, 0.1872, 0.1617, 0.1972, 0.1633, 0.1406, 0.1361, 0.1206, 0.1539, 0.1456, 0.1956, 0.1606, 0.1472, 0.1856, 0.1561, 0.1217, 0.1889, 0.1528, 0.1422, 0.1967, 0.1933, 0.1589, 0.1206, 0.1656, 0.1617, 0.1511, 0.1544, 0.1989, 0.1706, 0.1861, 0.1817, 0.1828, 0.1661, 0.1672, 0.1056, 0.1422, 0.1467, 0.1928, 0.1361, 0.1744, 0.185, 0.1339, 0.135, 0.1861, 0.2056, 0.1833, 0.1628, 0.1522, 0.1511, 0.1839, 0.1539, 0.1722, 0.1778, 0.1883, 0.1789, 0.1944, 0.1517, 0.2233, 0.2067, 0.1644, 0.1394, 0.11, 0.1844, 0.1333]
2026-08-29 14:06:18,415 - fedlf_cifar100_IF50_alpha0p5_seed42.log - INFO - === Head-Tail Evaluation ===
2026-08-29 14:06:18,415 - fedlf_cifar100_IF50_alpha0p5_seed42.log - INFO - Head Accuracy: 0.5138
2026-08-29 14:06:18,415 - fedlf_cifar100_IF50_alpha0p5_seed42.log - INFO - Tail Accuracy: 0.1333
2026-08-29 14:06:18,416 - fedlf_cifar100_IF50_alpha0p5_seed42.log - INFO - Round 101 selected clients: [3, 6, 9, 10, 15, 17, 18, 19]
2026-08-29 14:06:49,798 - fedlf_cifar100_IF50_alpha0p5_seed42.log - INFO - Round 101 | Global 0.3351 | Head 0.4888 | Tail 0.1867 | Many 0.4888 | Medium 0.3176 | Few 0.1867 | best_tail 0.2233@94 | rollback=False
2026-08-29 14:06:49,798 - fedlf_cifar100_IF50_alpha0p5_seed42.log - INFO - Round 102 selected clients: [0, 3, 5, 8, 11, 13, 16, 17]
2026-08-29 14:07:18,760 - fedlf_cifar100_IF50_alpha0p5_seed42.log - INFO - Round 102 | Global 0.3293 | Head 0.5229 | Tail 0.1622 | Many 0.5229 | Medium 0.3010 | Few 0.1622 | best_tail 0.2233@94 | rollback=False
2026-08-29 14:07:18,761 - fedlf_cifar100_IF50_alpha0p5_seed42.log - INFO - Round 103 selected clients: [0, 2, 3, 5, 10, 11, 18, 19]
2026-08-29 14:07:49,645 - fedlf_cifar100_IF50_alpha0p5_seed42.log - INFO - Round 103 | Global 0.3361 | Head 0.4867 | Tail 0.1939 | Many 0.4867 | Medium 0.3179 | Few 0.1939 | best_tail 0.2233@94 | rollback=False
2026-08-29 14:07:49,646 - fedlf_cifar100_IF50_alpha0p5_seed42.log - INFO - Round 104 selected clients: [0, 2, 4, 5, 11, 13, 16, 18]
2026-08-29 14:08:17,442 - fedlf_cifar100_IF50_alpha0p5_seed42.log - INFO - Round 104 | Global 0.3275 | Head 0.5121 | Tail 0.1678 | Many 0.5121 | Medium 0.3007 | Few 0.1678 | best_tail 0.2233@94 | rollback=False
2026-08-29 14:08:17,443 - fedlf_cifar100_IF50_alpha0p5_seed42.log - INFO - Round 105 selected clients: [0, 3, 8, 9, 12, 13, 17, 18]
2026-08-29 14:08:47,286 - fedlf_cifar100_IF50_alpha0p5_seed42.log - INFO - Round 105 | Global 0.3296 | Head 0.5346 | Tail 0.1611 | Many 0.5346 | Medium 0.2971 | Few 0.1611 | best_tail 0.2233@94 | rollback=False
2026-08-29 14:08:47,287 - fedlf_cifar100_IF50_alpha0p5_seed42.log - INFO - Round 106 selected clients: [1, 3, 5, 6, 7, 8, 12, 15]
2026-08-29 14:09:16,033 - fedlf_cifar100_IF50_alpha0p5_seed42.log - INFO - Round 106 | Global 0.3381 | Head 0.5042 | Tail 0.1594 | Many 0.5042 | Medium 0.3248 | Few 0.1594 | best_tail 0.2233@94 | rollback=False
2026-08-29 14:09:16,034 - fedlf_cifar100_IF50_alpha0p5_seed42.log - INFO - Round 107 selected clients: [0, 4, 6, 9, 11, 13, 14, 18]
2026-08-29 14:09:44,152 - fedlf_cifar100_IF50_alpha0p5_seed42.log - INFO - Round 107 | Global 0.3287 | Head 0.5200 | Tail 0.1533 | Many 0.5200 | Medium 0.3040 | Few 0.1533 | best_tail 0.2233@94 | rollback=False
2026-08-29 14:09:44,153 - fedlf_cifar100_IF50_alpha0p5_seed42.log - INFO - Round 108 selected clients: [1, 2, 3, 5, 7, 10, 12, 15]
2026-08-29 14:10:13,928 - fedlf_cifar100_IF50_alpha0p5_seed42.log - INFO - Round 108 | Global 0.3424 | Head 0.4921 | Tail 0.2044 | Many 0.4921 | Medium 0.3233 | Few 0.2044 | best_tail 0.2233@94 | rollback=False
2026-08-29 14:10:13,928 - fedlf_cifar100_IF50_alpha0p5_seed42.log - INFO - Round 109 selected clients: [4, 5, 6, 9, 10, 12, 14, 16]
2026-08-29 14:10:41,525 - fedlf_cifar100_IF50_alpha0p5_seed42.log - INFO - Round 109 | Global 0.3320 | Head 0.5138 | Tail 0.1889 | Many 0.5138 | Medium 0.3012 | Few 0.1889 | best_tail 0.2233@94 | rollback=False
2026-08-29 14:10:41,526 - fedlf_cifar100_IF50_alpha0p5_seed42.log - INFO - Round 110 selected clients: [1, 2, 3, 9, 11, 17, 18, 19]
2026-08-29 14:11:12,891 - fedlf_cifar100_IF50_alpha0p5_seed42.log - INFO - Round 110 | Global 0.3473 | Head 0.4863 | Tail 0.1861 | Many 0.4863 | Medium 0.3398 | Few 0.1861 | best_tail 0.2233@94 | rollback=False
2026-08-29 14:11:12,916 - fedlf_cifar100_IF50_alpha0p5_seed42.log - INFO - Global Accuracy: [0.033, 0.0436, 0.0569, 0.0647, 0.0746, 0.0754, 0.0896, 0.0908, 0.0942, 0.1041, 0.107, 0.1119, 0.1155, 0.1209, 0.127, 0.1335, 0.1437, 0.1409, 0.1481, 0.151, 0.1579, 0.1645, 0.1746, 0.1725, 0.1799, 0.1886, 0.1908, 0.1919, 0.2032, 0.1917, 0.1927, 0.2096, 0.205, 0.2115, 0.216, 0.2178, 0.2208, 0.237, 0.225, 0.2385, 0.2342, 0.2327, 0.2319, 0.2364, 0.2412, 0.2429, 0.2569, 0.2476, 0.2513, 0.2621, 0.2524, 0.2496, 0.2715, 0.2592, 0.2565, 0.2734, 0.2752, 0.2761, 0.2671, 0.2678, 0.2745, 0.2689, 0.2731, 0.2814, 0.283, 0.285, 0.2878, 0.2931, 0.2854, 0.2949, 0.292, 0.3052, 0.2971, 0.3039, 0.2996, 0.3066, 0.3098, 0.2953, 0.3011, 0.316, 0.3171, 0.309, 0.3186, 0.3128, 0.3086, 0.3111, 0.3189, 0.3182, 0.3221, 0.3271, 0.3293, 0.3267, 0.3216, 0.3307, 0.3326, 0.3272, 0.3127, 0.3127, 0.3324, 0.3344, 0.3351, 0.3293, 0.3361, 0.3275, 0.3296, 0.3381, 0.3287, 0.3424, 0.332, 0.3473]
2026-08-29 14:11:12,916 - fedlf_cifar100_IF50_alpha0p5_seed42.log - INFO - Majority Class Accuracy: [0.115, 0.1271, 0.1392, 0.175, 0.1883, 0.1454, 0.2417, 0.2075, 0.2213, 0.2742, 0.2283, 0.2637, 0.2854, 0.2683, 0.3071, 0.2571, 0.2783, 0.2587, 0.3417, 0.3392, 0.3229, 0.325, 0.3488, 0.3638, 0.3629, 0.3579, 0.3475, 0.35, 0.3588, 0.34, 0.3542, 0.3679, 0.3883, 0.3683, 0.3917, 0.3696, 0.3921, 0.405, 0.43, 0.4121, 0.4196, 0.4254, 0.3896, 0.4154, 0.42, 0.39, 0.4225, 0.4029, 0.4088, 0.4008, 0.4183, 0.4271, 0.4275, 0.44, 0.4292, 0.4338, 0.4587, 0.4558, 0.4437, 0.4546, 0.4521, 0.4713, 0.4542, 0.4263, 0.4167, 0.4408, 0.4742, 0.4571, 0.4796, 0.4346, 0.5204, 0.4637, 0.4558, 0.4313, 0.4892, 0.4525, 0.4658, 0.465, 0.4842, 0.4596, 0.5079, 0.4838, 0.5038, 0.4696, 0.4842, 0.5075, 0.4846, 0.5175, 0.4696, 0.5142, 0.4979, 0.4688, 0.4988, 0.4542, 0.4817, 0.5133, 0.5154, 0.5308, 0.4971, 0.5138, 0.4888, 0.5229, 0.4867, 0.5121, 0.5346, 0.5042, 0.52, 0.4921, 0.5138, 0.4863]
2026-08-29 14:11:12,917 - fedlf_cifar100_IF50_alpha0p5_seed42.log - INFO - Medium Class Accuracy: [0.009, 0.0117, 0.0338, 0.0352, 0.0319, 0.0434, 0.0374, 0.0443, 0.0341, 0.0466, 0.0566, 0.05, 0.0553, 0.0741, 0.0655, 0.0838, 0.0852, 0.0855, 0.0729, 0.0779, 0.0914, 0.1138, 0.1121, 0.1076, 0.1286, 0.1314, 0.1286, 0.1434, 0.16, 0.1436, 0.1357, 0.1588, 0.1429, 0.1584, 0.1674, 0.1602, 0.1697, 0.1829, 0.1598, 0.1795, 0.1795, 0.1816, 0.1964, 0.1983, 0.1943, 0.2122, 0.2074, 0.2103, 0.2184, 0.2284, 0.2136, 0.2159, 0.2326, 0.2174, 0.2205, 0.2309, 0.2247, 0.2381, 0.2395, 0.2222, 0.236, 0.2217, 0.235, 0.2471, 0.2626, 0.2512, 0.2436, 0.2595, 0.2421, 0.2767, 0.2553, 0.2902, 0.2781, 0.2857, 0.2719, 0.2872, 0.284, 0.2752, 0.2769, 0.2969, 0.2728, 0.2757, 0.2903, 0.2978, 0.2848, 0.2693, 0.3016, 0.281, 0.3059, 0.2928, 0.3062, 0.309, 0.301, 0.3129, 0.31, 0.3007, 0.2826, 0.2853, 0.3102, 0.3226, 0.3176, 0.301, 0.3179, 0.3007, 0.2971, 0.3248, 0.304, 0.3233, 0.3012, 0.3398]
2026-08-29 14:11:12,917 - fedlf_cifar100_IF50_alpha0p5_seed42.log - INFO - Minority Class Accuracy: [0.0011, 0.035, 0.0217, 0.0128, 0.0606, 0.085, 0.055, 0.085, 0.1183, 0.0628, 0.1078, 0.1089, 0.0828, 0.075, 0.085, 0.1289, 0.1528, 0.1622, 0.1322, 0.1356, 0.1522, 0.1139, 0.1439, 0.1267, 0.1011, 0.1472, 0.1822, 0.1372, 0.135, 0.1489, 0.1611, 0.1622, 0.1606, 0.1733, 0.1383, 0.2011, 0.1572, 0.1872, 0.1617, 0.1972, 0.1633, 0.1406, 0.1361, 0.1206, 0.1539, 0.1456, 0.1956, 0.1606, 0.1472, 0.1856, 0.1561, 0.1217, 0.1889, 0.1528, 0.1422, 0.1967, 0.1933, 0.1589, 0.1206, 0.1656, 0.1617, 0.1511, 0.1544, 0.1989, 0.1706, 0.1861, 0.1817, 0.1828, 0.1661, 0.1672, 0.1056, 0.1422, 0.1467, 0.1928, 0.1361, 0.1744, 0.185, 0.1339, 0.135, 0.1861, 0.2056, 0.1833, 0.1628, 0.1522, 0.1511, 0.1839, 0.1539, 0.1722, 0.1778, 0.1883, 0.1789, 0.1944, 0.1517, 0.2233, 0.2067, 0.1644, 0.1394, 0.11, 0.1844, 0.1333, 0.1867, 0.1622, 0.1939, 0.1678, 0.1611, 0.1594, 0.1533, 0.2044, 0.1889, 0.1861]
2026-08-29 14:11:12,917 - fedlf_cifar100_IF50_alpha0p5_seed42.log - INFO - === Head-Tail Evaluation ===
2026-08-29 14:11:12,917 - fedlf_cifar100_IF50_alpha0p5_seed42.log - INFO - Head Accuracy: 0.4863
2026-08-29 14:11:12,918 - fedlf_cifar100_IF50_alpha0p5_seed42.log - INFO - Tail Accuracy: 0.1861
2026-08-29 14:11:12,918 - fedlf_cifar100_IF50_alpha0p5_seed42.log - INFO - Round 111 selected clients: [4, 5, 10, 13, 14, 16, 17, 19]
2026-08-29 14:11:40,166 - fedlf_cifar100_IF50_alpha0p5_seed42.log - INFO - Round 111 | Global 0.3310 | Head 0.5212 | Tail 0.1906 | Many 0.5212 | Medium 0.2959 | Few 0.1906 | best_tail 0.2233@94 | rollback=False
2026-08-29 14:11:40,166 - fedlf_cifar100_IF50_alpha0p5_seed42.log - INFO - Round 112 selected clients: [0, 3, 6, 11, 13, 14, 17, 18]
2026-08-29 14:12:09,141 - fedlf_cifar100_IF50_alpha0p5_seed42.log - INFO - Round 112 | Global 0.3353 | Head 0.5267 | Tail 0.1711 | Many 0.5267 | Medium 0.3071 | Few 0.1711 | best_tail 0.2233@94 | rollback=False
2026-08-29 14:12:09,141 - fedlf_cifar100_IF50_alpha0p5_seed42.log - INFO - Round 113 selected clients: [0, 6, 9, 10, 16, 17, 18, 19]
2026-08-29 14:12:39,914 - fedlf_cifar100_IF50_alpha0p5_seed42.log - INFO - Round 113 | Global 0.3439 | Head 0.5400 | Tail 0.1856 | Many 0.5400 | Medium 0.3119 | Few 0.1856 | best_tail 0.2233@94 | rollback=False
2026-08-29 14:12:39,914 - fedlf_cifar100_IF50_alpha0p5_seed42.log - INFO - Round 114 selected clients: [1, 2, 4, 6, 7, 12, 14, 17]
2026-08-29 14:13:06,661 - fedlf_cifar100_IF50_alpha0p5_seed42.log - INFO - Round 114 | Global 0.3297 | Head 0.5200 | Tail 0.1594 | Many 0.5200 | Medium 0.3038 | Few 0.1594 | best_tail 0.2233@94 | rollback=False
2026-08-29 14:13:06,662 - fedlf_cifar100_IF50_alpha0p5_seed42.log - INFO - Round 115 selected clients: [0, 4, 6, 11, 12, 17, 18, 19]
2026-08-29 14:13:35,446 - fedlf_cifar100_IF50_alpha0p5_seed42.log - INFO - Round 115 | Global 0.3371 | Head 0.5229 | Tail 0.1567 | Many 0.5229 | Medium 0.3162 | Few 0.1567 | best_tail 0.2233@94 | rollback=False
2026-08-29 14:13:35,447 - fedlf_cifar100_IF50_alpha0p5_seed42.log - INFO - Round 116 selected clients: [7, 8, 10, 12, 15, 16, 17, 19]
2026-08-29 14:14:04,091 - fedlf_cifar100_IF50_alpha0p5_seed42.log - INFO - Round 116 | Global 0.3362 | Head 0.5283 | Tail 0.1744 | Many 0.5283 | Medium 0.3069 | Few 0.1744 | best_tail 0.2233@94 | rollback=False
2026-08-29 14:14:04,092 - fedlf_cifar100_IF50_alpha0p5_seed42.log - INFO - Round 117 selected clients: [2, 4, 5, 6, 7, 8, 15, 19]
2026-08-29 14:14:31,943 - fedlf_cifar100_IF50_alpha0p5_seed42.log - INFO - Round 117 | Global 0.3311 | Head 0.5104 | Tail 0.1283 | Many 0.5104 | Medium 0.3198 | Few 0.1283 | best_tail 0.2233@94 | rollback=False
2026-08-29 14:14:31,944 - fedlf_cifar100_IF50_alpha0p5_seed42.log - INFO - Round 118 selected clients: [0, 2, 4, 8, 9, 13, 15, 19]
2026-08-29 14:15:01,406 - fedlf_cifar100_IF50_alpha0p5_seed42.log - INFO - Round 118 | Global 0.3333 | Head 0.5396 | Tail 0.1283 | Many 0.5396 | Medium 0.3116 | Few 0.1283 | best_tail 0.2233@94 | rollback=False
2026-08-29 14:15:01,407 - fedlf_cifar100_IF50_alpha0p5_seed42.log - INFO - Round 119 selected clients: [3, 4, 9, 11, 12, 17, 18, 19]
2026-08-29 14:15:31,215 - fedlf_cifar100_IF50_alpha0p5_seed42.log - INFO - Round 119 | Global 0.3421 | Head 0.5171 | Tail 0.1500 | Many 0.5171 | Medium 0.3293 | Few 0.1500 | best_tail 0.2233@94 | rollback=False
2026-08-29 14:15:31,216 - fedlf_cifar100_IF50_alpha0p5_seed42.log - INFO - Round 120 selected clients: [0, 3, 4, 7, 10, 12, 15, 19]
2026-08-29 14:15:59,493 - fedlf_cifar100_IF50_alpha0p5_seed42.log - INFO - Round 120 | Global 0.3450 | Head 0.4954 | Tail 0.2067 | Many 0.4954 | Medium 0.3257 | Few 0.2067 | best_tail 0.2233@94 | rollback=False
2026-08-29 14:15:59,517 - fedlf_cifar100_IF50_alpha0p5_seed42.log - INFO - Global Accuracy: [0.033, 0.0436, 0.0569, 0.0647, 0.0746, 0.0754, 0.0896, 0.0908, 0.0942, 0.1041, 0.107, 0.1119, 0.1155, 0.1209, 0.127, 0.1335, 0.1437, 0.1409, 0.1481, 0.151, 0.1579, 0.1645, 0.1746, 0.1725, 0.1799, 0.1886, 0.1908, 0.1919, 0.2032, 0.1917, 0.1927, 0.2096, 0.205, 0.2115, 0.216, 0.2178, 0.2208, 0.237, 0.225, 0.2385, 0.2342, 0.2327, 0.2319, 0.2364, 0.2412, 0.2429, 0.2569, 0.2476, 0.2513, 0.2621, 0.2524, 0.2496, 0.2715, 0.2592, 0.2565, 0.2734, 0.2752, 0.2761, 0.2671, 0.2678, 0.2745, 0.2689, 0.2731, 0.2814, 0.283, 0.285, 0.2878, 0.2931, 0.2854, 0.2949, 0.292, 0.3052, 0.2971, 0.3039, 0.2996, 0.3066, 0.3098, 0.2953, 0.3011, 0.316, 0.3171, 0.309, 0.3186, 0.3128, 0.3086, 0.3111, 0.3189, 0.3182, 0.3221, 0.3271, 0.3293, 0.3267, 0.3216, 0.3307, 0.3326, 0.3272, 0.3127, 0.3127, 0.3324, 0.3344, 0.3351, 0.3293, 0.3361, 0.3275, 0.3296, 0.3381, 0.3287, 0.3424, 0.332, 0.3473, 0.331, 0.3353, 0.3439, 0.3297, 0.3371, 0.3362, 0.3311, 0.3333, 0.3421, 0.345]
2026-08-29 14:15:59,517 - fedlf_cifar100_IF50_alpha0p5_seed42.log - INFO - Majority Class Accuracy: [0.115, 0.1271, 0.1392, 0.175, 0.1883, 0.1454, 0.2417, 0.2075, 0.2213, 0.2742, 0.2283, 0.2637, 0.2854, 0.2683, 0.3071, 0.2571, 0.2783, 0.2587, 0.3417, 0.3392, 0.3229, 0.325, 0.3488, 0.3638, 0.3629, 0.3579, 0.3475, 0.35, 0.3588, 0.34, 0.3542, 0.3679, 0.3883, 0.3683, 0.3917, 0.3696, 0.3921, 0.405, 0.43, 0.4121, 0.4196, 0.4254, 0.3896, 0.4154, 0.42, 0.39, 0.4225, 0.4029, 0.4088, 0.4008, 0.4183, 0.4271, 0.4275, 0.44, 0.4292, 0.4338, 0.4587, 0.4558, 0.4437, 0.4546, 0.4521, 0.4713, 0.4542, 0.4263, 0.4167, 0.4408, 0.4742, 0.4571, 0.4796, 0.4346, 0.5204, 0.4637, 0.4558, 0.4313, 0.4892, 0.4525, 0.4658, 0.465, 0.4842, 0.4596, 0.5079, 0.4838, 0.5038, 0.4696, 0.4842, 0.5075, 0.4846, 0.5175, 0.4696, 0.5142, 0.4979, 0.4688, 0.4988, 0.4542, 0.4817, 0.5133, 0.5154, 0.5308, 0.4971, 0.5138, 0.4888, 0.5229, 0.4867, 0.5121, 0.5346, 0.5042, 0.52, 0.4921, 0.5138, 0.4863, 0.5212, 0.5267, 0.54, 0.52, 0.5229, 0.5283, 0.5104, 0.5396, 0.5171, 0.4954]
2026-08-29 14:15:59,517 - fedlf_cifar100_IF50_alpha0p5_seed42.log - INFO - Medium Class Accuracy: [0.009, 0.0117, 0.0338, 0.0352, 0.0319, 0.0434, 0.0374, 0.0443, 0.0341, 0.0466, 0.0566, 0.05, 0.0553, 0.0741, 0.0655, 0.0838, 0.0852, 0.0855, 0.0729, 0.0779, 0.0914, 0.1138, 0.1121, 0.1076, 0.1286, 0.1314, 0.1286, 0.1434, 0.16, 0.1436, 0.1357, 0.1588, 0.1429, 0.1584, 0.1674, 0.1602, 0.1697, 0.1829, 0.1598, 0.1795, 0.1795, 0.1816, 0.1964, 0.1983, 0.1943, 0.2122, 0.2074, 0.2103, 0.2184, 0.2284, 0.2136, 0.2159, 0.2326, 0.2174, 0.2205, 0.2309, 0.2247, 0.2381, 0.2395, 0.2222, 0.236, 0.2217, 0.235, 0.2471, 0.2626, 0.2512, 0.2436, 0.2595, 0.2421, 0.2767, 0.2553, 0.2902, 0.2781, 0.2857, 0.2719, 0.2872, 0.284, 0.2752, 0.2769, 0.2969, 0.2728, 0.2757, 0.2903, 0.2978, 0.2848, 0.2693, 0.3016, 0.281, 0.3059, 0.2928, 0.3062, 0.309, 0.301, 0.3129, 0.31, 0.3007, 0.2826, 0.2853, 0.3102, 0.3226, 0.3176, 0.301, 0.3179, 0.3007, 0.2971, 0.3248, 0.304, 0.3233, 0.3012, 0.3398, 0.2959, 0.3071, 0.3119, 0.3038, 0.3162, 0.3069, 0.3198, 0.3116, 0.3293, 0.3257]
2026-08-29 14:15:59,517 - fedlf_cifar100_IF50_alpha0p5_seed42.log - INFO - Minority Class Accuracy: [0.0011, 0.035, 0.0217, 0.0128, 0.0606, 0.085, 0.055, 0.085, 0.1183, 0.0628, 0.1078, 0.1089, 0.0828, 0.075, 0.085, 0.1289, 0.1528, 0.1622, 0.1322, 0.1356, 0.1522, 0.1139, 0.1439, 0.1267, 0.1011, 0.1472, 0.1822, 0.1372, 0.135, 0.1489, 0.1611, 0.1622, 0.1606, 0.1733, 0.1383, 0.2011, 0.1572, 0.1872, 0.1617, 0.1972, 0.1633, 0.1406, 0.1361, 0.1206, 0.1539, 0.1456, 0.1956, 0.1606, 0.1472, 0.1856, 0.1561, 0.1217, 0.1889, 0.1528, 0.1422, 0.1967, 0.1933, 0.1589, 0.1206, 0.1656, 0.1617, 0.1511, 0.1544, 0.1989, 0.1706, 0.1861, 0.1817, 0.1828, 0.1661, 0.1672, 0.1056, 0.1422, 0.1467, 0.1928, 0.1361, 0.1744, 0.185, 0.1339, 0.135, 0.1861, 0.2056, 0.1833, 0.1628, 0.1522, 0.1511, 0.1839, 0.1539, 0.1722, 0.1778, 0.1883, 0.1789, 0.1944, 0.1517, 0.2233, 0.2067, 0.1644, 0.1394, 0.11, 0.1844, 0.1333, 0.1867, 0.1622, 0.1939, 0.1678, 0.1611, 0.1594, 0.1533, 0.2044, 0.1889, 0.1861, 0.1906, 0.1711, 0.1856, 0.1594, 0.1567, 0.1744, 0.1283, 0.1283, 0.15, 0.2067]
2026-08-29 14:15:59,519 - fedlf_cifar100_IF50_alpha0p5_seed42.log - INFO - === Head-Tail Evaluation ===
2026-08-29 14:15:59,519 - fedlf_cifar100_IF50_alpha0p5_seed42.log - INFO - Head Accuracy: 0.4954
2026-08-29 14:15:59,519 - fedlf_cifar100_IF50_alpha0p5_seed42.log - INFO - Tail Accuracy: 0.2067
2026-08-29 14:15:59,520 - fedlf_cifar100_IF50_alpha0p5_seed42.log - INFO - Round 121 selected clients: [3, 8, 12, 14, 15, 17, 18, 19]
2026-08-29 14:16:29,026 - fedlf_cifar100_IF50_alpha0p5_seed42.log - INFO - Round 121 | Global 0.3376 | Head 0.5200 | Tail 0.1583 | Many 0.5200 | Medium 0.3178 | Few 0.1583 | best_tail 0.2233@94 | rollback=False
2026-08-29 14:16:29,027 - fedlf_cifar100_IF50_alpha0p5_seed42.log - INFO - Round 122 selected clients: [1, 2, 4, 5, 11, 12, 17, 18]
2026-08-29 14:16:57,839 - fedlf_cifar100_IF50_alpha0p5_seed42.log - INFO - Round 122 | Global 0.3400 | Head 0.4925 | Tail 0.1711 | Many 0.4925 | Medium 0.3293 | Few 0.1711 | best_tail 0.2233@94 | rollback=False
2026-08-29 14:16:57,840 - fedlf_cifar100_IF50_alpha0p5_seed42.log - INFO - Round 123 selected clients: [1, 7, 8, 11, 13, 16, 17, 19]
2026-08-29 14:17:26,617 - fedlf_cifar100_IF50_alpha0p5_seed42.log - INFO - Round 123 | Global 0.3455 | Head 0.5217 | Tail 0.1711 | Many 0.5217 | Medium 0.3267 | Few 0.1711 | best_tail 0.2233@94 | rollback=False
2026-08-29 14:17:26,618 - fedlf_cifar100_IF50_alpha0p5_seed42.log - INFO - Round 124 selected clients: [1, 4, 5, 10, 11, 12, 14, 17]
2026-08-29 14:17:55,143 - fedlf_cifar100_IF50_alpha0p5_seed42.log - INFO - Round 124 | Global 0.3438 | Head 0.5033 | Tail 0.1894 | Many 0.5033 | Medium 0.3257 | Few 0.1894 | best_tail 0.2233@94 | rollback=False
2026-08-29 14:17:55,144 - fedlf_cifar100_IF50_alpha0p5_seed42.log - INFO - Round 125 selected clients: [5, 7, 11, 12, 13, 16, 17, 18]
2026-08-29 14:18:21,739 - fedlf_cifar100_IF50_alpha0p5_seed42.log - INFO - Round 125 | Global 0.3452 | Head 0.5396 | Tail 0.1550 | Many 0.5396 | Medium 0.3238 | Few 0.1550 | best_tail 0.2233@94 | rollback=False
2026-08-29 14:18:21,740 - fedlf_cifar100_IF50_alpha0p5_seed42.log - INFO - Round 126 selected clients: [0, 3, 12, 13, 14, 15, 16, 17]
2026-08-29 14:18:48,666 - fedlf_cifar100_IF50_alpha0p5_seed42.log - INFO - Round 126 | Global 0.3387 | Head 0.5504 | Tail 0.1650 | Many 0.5504 | Medium 0.3050 | Few 0.1650 | best_tail 0.2233@94 | rollback=False
2026-08-29 14:18:48,667 - fedlf_cifar100_IF50_alpha0p5_seed42.log - INFO - Round 127 selected clients: [0, 2, 3, 6, 7, 10, 15, 16]
2026-08-29 14:19:17,798 - fedlf_cifar100_IF50_alpha0p5_seed42.log - INFO - Round 127 | Global 0.3511 | Head 0.5375 | Tail 0.1989 | Many 0.5375 | Medium 0.3212 | Few 0.1989 | best_tail 0.2233@94 | rollback=False
2026-08-29 14:19:17,799 - fedlf_cifar100_IF50_alpha0p5_seed42.log - INFO - Round 128 selected clients: [2, 5, 11, 12, 13, 15, 16, 19]
2026-08-29 14:19:44,578 - fedlf_cifar100_IF50_alpha0p5_seed42.log - INFO - Round 128 | Global 0.3432 | Head 0.5337 | Tail 0.1506 | Many 0.5337 | Medium 0.3241 | Few 0.1506 | best_tail 0.2233@94 | rollback=False
2026-08-29 14:19:44,579 - fedlf_cifar100_IF50_alpha0p5_seed42.log - INFO - Round 129 selected clients: [0, 2, 7, 11, 13, 14, 18, 19]
2026-08-29 14:20:13,185 - fedlf_cifar100_IF50_alpha0p5_seed42.log - INFO - Round 129 | Global 0.3420 | Head 0.5279 | Tail 0.1394 | Many 0.5279 | Medium 0.3279 | Few 0.1394 | best_tail 0.2233@94 | rollback=False
2026-08-29 14:20:13,186 - fedlf_cifar100_IF50_alpha0p5_seed42.log - INFO - Round 130 selected clients: [0, 1, 6, 7, 12, 14, 17, 19]
2026-08-29 14:20:41,602 - fedlf_cifar100_IF50_alpha0p5_seed42.log - INFO - Round 130 | Global 0.3359 | Head 0.5271 | Tail 0.1500 | Many 0.5271 | Medium 0.3145 | Few 0.1500 | best_tail 0.2233@94 | rollback=False
2026-08-29 14:20:41,624 - fedlf_cifar100_IF50_alpha0p5_seed42.log - INFO - Global Accuracy: [0.033, 0.0436, 0.0569, 0.0647, 0.0746, 0.0754, 0.0896, 0.0908, 0.0942, 0.1041, 0.107, 0.1119, 0.1155, 0.1209, 0.127, 0.1335, 0.1437, 0.1409, 0.1481, 0.151, 0.1579, 0.1645, 0.1746, 0.1725, 0.1799, 0.1886, 0.1908, 0.1919, 0.2032, 0.1917, 0.1927, 0.2096, 0.205, 0.2115, 0.216, 0.2178, 0.2208, 0.237, 0.225, 0.2385, 0.2342, 0.2327, 0.2319, 0.2364, 0.2412, 0.2429, 0.2569, 0.2476, 0.2513, 0.2621, 0.2524, 0.2496, 0.2715, 0.2592, 0.2565, 0.2734, 0.2752, 0.2761, 0.2671, 0.2678, 0.2745, 0.2689, 0.2731, 0.2814, 0.283, 0.285, 0.2878, 0.2931, 0.2854, 0.2949, 0.292, 0.3052, 0.2971, 0.3039, 0.2996, 0.3066, 0.3098, 0.2953, 0.3011, 0.316, 0.3171, 0.309, 0.3186, 0.3128, 0.3086, 0.3111, 0.3189, 0.3182, 0.3221, 0.3271, 0.3293, 0.3267, 0.3216, 0.3307, 0.3326, 0.3272, 0.3127, 0.3127, 0.3324, 0.3344, 0.3351, 0.3293, 0.3361, 0.3275, 0.3296, 0.3381, 0.3287, 0.3424, 0.332, 0.3473, 0.331, 0.3353, 0.3439, 0.3297, 0.3371, 0.3362, 0.3311, 0.3333, 0.3421, 0.345, 0.3376, 0.34, 0.3455, 0.3438, 0.3452, 0.3387, 0.3511, 0.3432, 0.342, 0.3359]
2026-08-29 14:20:41,624 - fedlf_cifar100_IF50_alpha0p5_seed42.log - INFO - Majority Class Accuracy: [0.115, 0.1271, 0.1392, 0.175, 0.1883, 0.1454, 0.2417, 0.2075, 0.2213, 0.2742, 0.2283, 0.2637, 0.2854, 0.2683, 0.3071, 0.2571, 0.2783, 0.2587, 0.3417, 0.3392, 0.3229, 0.325, 0.3488, 0.3638, 0.3629, 0.3579, 0.3475, 0.35, 0.3588, 0.34, 0.3542, 0.3679, 0.3883, 0.3683, 0.3917, 0.3696, 0.3921, 0.405, 0.43, 0.4121, 0.4196, 0.4254, 0.3896, 0.4154, 0.42, 0.39, 0.4225, 0.4029, 0.4088, 0.4008, 0.4183, 0.4271, 0.4275, 0.44, 0.4292, 0.4338, 0.4587, 0.4558, 0.4437, 0.4546, 0.4521, 0.4713, 0.4542, 0.4263, 0.4167, 0.4408, 0.4742, 0.4571, 0.4796, 0.4346, 0.5204, 0.4637, 0.4558, 0.4313, 0.4892, 0.4525, 0.4658, 0.465, 0.4842, 0.4596, 0.5079, 0.4838, 0.5038, 0.4696, 0.4842, 0.5075, 0.4846, 0.5175, 0.4696, 0.5142, 0.4979, 0.4688, 0.4988, 0.4542, 0.4817, 0.5133, 0.5154, 0.5308, 0.4971, 0.5138, 0.4888, 0.5229, 0.4867, 0.5121, 0.5346, 0.5042, 0.52, 0.4921, 0.5138, 0.4863, 0.5212, 0.5267, 0.54, 0.52, 0.5229, 0.5283, 0.5104, 0.5396, 0.5171, 0.4954, 0.52, 0.4925, 0.5217, 0.5033, 0.5396, 0.5504, 0.5375, 0.5337, 0.5279, 0.5271]
2026-08-29 14:20:41,624 - fedlf_cifar100_IF50_alpha0p5_seed42.log - INFO - Medium Class Accuracy: [0.009, 0.0117, 0.0338, 0.0352, 0.0319, 0.0434, 0.0374, 0.0443, 0.0341, 0.0466, 0.0566, 0.05, 0.0553, 0.0741, 0.0655, 0.0838, 0.0852, 0.0855, 0.0729, 0.0779, 0.0914, 0.1138, 0.1121, 0.1076, 0.1286, 0.1314, 0.1286, 0.1434, 0.16, 0.1436, 0.1357, 0.1588, 0.1429, 0.1584, 0.1674, 0.1602, 0.1697, 0.1829, 0.1598, 0.1795, 0.1795, 0.1816, 0.1964, 0.1983, 0.1943, 0.2122, 0.2074, 0.2103, 0.2184, 0.2284, 0.2136, 0.2159, 0.2326, 0.2174, 0.2205, 0.2309, 0.2247, 0.2381, 0.2395, 0.2222, 0.236, 0.2217, 0.235, 0.2471, 0.2626, 0.2512, 0.2436, 0.2595, 0.2421, 0.2767, 0.2553, 0.2902, 0.2781, 0.2857, 0.2719, 0.2872, 0.284, 0.2752, 0.2769, 0.2969, 0.2728, 0.2757, 0.2903, 0.2978, 0.2848, 0.2693, 0.3016, 0.281, 0.3059, 0.2928, 0.3062, 0.309, 0.301, 0.3129, 0.31, 0.3007, 0.2826, 0.2853, 0.3102, 0.3226, 0.3176, 0.301, 0.3179, 0.3007, 0.2971, 0.3248, 0.304, 0.3233, 0.3012, 0.3398, 0.2959, 0.3071, 0.3119, 0.3038, 0.3162, 0.3069, 0.3198, 0.3116, 0.3293, 0.3257, 0.3178, 0.3293, 0.3267, 0.3257, 0.3238, 0.305, 0.3212, 0.3241, 0.3279, 0.3145]
2026-08-29 14:20:41,624 - fedlf_cifar100_IF50_alpha0p5_seed42.log - INFO - Minority Class Accuracy: [0.0011, 0.035, 0.0217, 0.0128, 0.0606, 0.085, 0.055, 0.085, 0.1183, 0.0628, 0.1078, 0.1089, 0.0828, 0.075, 0.085, 0.1289, 0.1528, 0.1622, 0.1322, 0.1356, 0.1522, 0.1139, 0.1439, 0.1267, 0.1011, 0.1472, 0.1822, 0.1372, 0.135, 0.1489, 0.1611, 0.1622, 0.1606, 0.1733, 0.1383, 0.2011, 0.1572, 0.1872, 0.1617, 0.1972, 0.1633, 0.1406, 0.1361, 0.1206, 0.1539, 0.1456, 0.1956, 0.1606, 0.1472, 0.1856, 0.1561, 0.1217, 0.1889, 0.1528, 0.1422, 0.1967, 0.1933, 0.1589, 0.1206, 0.1656, 0.1617, 0.1511, 0.1544, 0.1989, 0.1706, 0.1861, 0.1817, 0.1828, 0.1661, 0.1672, 0.1056, 0.1422, 0.1467, 0.1928, 0.1361, 0.1744, 0.185, 0.1339, 0.135, 0.1861, 0.2056, 0.1833, 0.1628, 0.1522, 0.1511, 0.1839, 0.1539, 0.1722, 0.1778, 0.1883, 0.1789, 0.1944, 0.1517, 0.2233, 0.2067, 0.1644, 0.1394, 0.11, 0.1844, 0.1333, 0.1867, 0.1622, 0.1939, 0.1678, 0.1611, 0.1594, 0.1533, 0.2044, 0.1889, 0.1861, 0.1906, 0.1711, 0.1856, 0.1594, 0.1567, 0.1744, 0.1283, 0.1283, 0.15, 0.2067, 0.1583, 0.1711, 0.1711, 0.1894, 0.155, 0.165, 0.1989, 0.1506, 0.1394, 0.15]
2026-08-29 14:20:41,624 - fedlf_cifar100_IF50_alpha0p5_seed42.log - INFO - === Head-Tail Evaluation ===
2026-08-29 14:20:41,624 - fedlf_cifar100_IF50_alpha0p5_seed42.log - INFO - Head Accuracy: 0.5271
2026-08-29 14:20:41,624 - fedlf_cifar100_IF50_alpha0p5_seed42.log - INFO - Tail Accuracy: 0.1500
2026-08-29 14:20:41,625 - fedlf_cifar100_IF50_alpha0p5_seed42.log - INFO - Round 131 selected clients: [0, 2, 6, 10, 13, 14, 15, 19]
2026-08-29 14:21:10,297 - fedlf_cifar100_IF50_alpha0p5_seed42.log - INFO - Round 131 | Global 0.3395 | Head 0.5279 | Tail 0.1739 | Many 0.5279 | Medium 0.3129 | Few 0.1739 | best_tail 0.2233@94 | rollback=False
2026-08-29 14:21:10,298 - fedlf_cifar100_IF50_alpha0p5_seed42.log - INFO - Round 132 selected clients: [3, 4, 5, 8, 9, 14, 16, 19]
2026-08-29 14:21:39,100 - fedlf_cifar100_IF50_alpha0p5_seed42.log - INFO - Round 132 | Global 0.3409 | Head 0.5262 | Tail 0.1539 | Many 0.5262 | Medium 0.3222 | Few 0.1539 | best_tail 0.2233@94 | rollback=False
2026-08-29 14:21:39,101 - fedlf_cifar100_IF50_alpha0p5_seed42.log - INFO - Round 133 selected clients: [1, 3, 5, 8, 9, 13, 18, 19]
2026-08-29 14:22:10,673 - fedlf_cifar100_IF50_alpha0p5_seed42.log - INFO - Round 133 | Global 0.3512 | Head 0.5167 | Tail 0.1900 | Many 0.5167 | Medium 0.3328 | Few 0.1900 | best_tail 0.2233@94 | rollback=False
2026-08-29 14:22:10,674 - fedlf_cifar100_IF50_alpha0p5_seed42.log - INFO - Round 134 selected clients: [0, 4, 5, 8, 12, 13, 18, 19]
2026-08-29 14:22:39,327 - fedlf_cifar100_IF50_alpha0p5_seed42.log - INFO - Round 134 | Global 0.3399 | Head 0.5258 | Tail 0.1633 | Many 0.5258 | Medium 0.3178 | Few 0.1633 | best_tail 0.2233@94 | rollback=False
2026-08-29 14:22:39,327 - fedlf_cifar100_IF50_alpha0p5_seed42.log - INFO - Round 135 selected clients: [3, 7, 9, 13, 14, 15, 17, 19]
2026-08-29 14:23:06,252 - fedlf_cifar100_IF50_alpha0p5_seed42.log - INFO - Round 135 | Global 0.3427 | Head 0.5288 | Tail 0.1572 | Many 0.5288 | Medium 0.3233 | Few 0.1572 | best_tail 0.2233@94 | rollback=False
2026-08-29 14:23:06,253 - fedlf_cifar100_IF50_alpha0p5_seed42.log - INFO - Round 136 selected clients: [0, 2, 3, 10, 12, 13, 16, 18]
2026-08-29 14:23:34,248 - fedlf_cifar100_IF50_alpha0p5_seed42.log - INFO - Round 136 | Global 0.3497 | Head 0.5450 | Tail 0.2011 | Many 0.5450 | Medium 0.3150 | Few 0.2011 | best_tail 0.2233@94 | rollback=False
2026-08-29 14:23:34,249 - fedlf_cifar100_IF50_alpha0p5_seed42.log - INFO - Round 137 selected clients: [1, 4, 5, 6, 9, 10, 12, 16]
2026-08-29 14:24:01,823 - fedlf_cifar100_IF50_alpha0p5_seed42.log - INFO - Round 137 | Global 0.3551 | Head 0.5200 | Tail 0.2100 | Many 0.5200 | Medium 0.3319 | Few 0.2100 | best_tail 0.2233@94 | rollback=False
2026-08-29 14:24:01,824 - fedlf_cifar100_IF50_alpha0p5_seed42.log - INFO - Round 138 selected clients: [0, 1, 6, 8, 9, 10, 12, 14]
2026-08-29 14:24:31,379 - fedlf_cifar100_IF50_alpha0p5_seed42.log - INFO - Round 138 | Global 0.3559 | Head 0.5292 | Tail 0.2072 | Many 0.5292 | Medium 0.3303 | Few 0.2072 | best_tail 0.2233@94 | rollback=False
2026-08-29 14:24:31,380 - fedlf_cifar100_IF50_alpha0p5_seed42.log - INFO - Round 139 selected clients: [0, 2, 3, 5, 10, 15, 17, 19]
2026-08-29 14:25:00,489 - fedlf_cifar100_IF50_alpha0p5_seed42.log - INFO - Round 139 | Global 0.3575 | Head 0.5171 | Tail 0.2039 | Many 0.5171 | Medium 0.3391 | Few 0.2039 | best_tail 0.2233@94 | rollback=False
2026-08-29 14:25:00,490 - fedlf_cifar100_IF50_alpha0p5_seed42.log - INFO - Round 140 selected clients: [0, 1, 6, 7, 10, 11, 12, 14]
2026-08-29 14:25:27,966 - fedlf_cifar100_IF50_alpha0p5_seed42.log - INFO - Round 140 | Global 0.3543 | Head 0.5171 | Tail 0.2022 | Many 0.5171 | Medium 0.3341 | Few 0.2022 | best_tail 0.2233@94 | rollback=False
2026-08-29 14:25:27,987 - fedlf_cifar100_IF50_alpha0p5_seed42.log - INFO - Global Accuracy: [0.033, 0.0436, 0.0569, 0.0647, 0.0746, 0.0754, 0.0896, 0.0908, 0.0942, 0.1041, 0.107, 0.1119, 0.1155, 0.1209, 0.127, 0.1335, 0.1437, 0.1409, 0.1481, 0.151, 0.1579, 0.1645, 0.1746, 0.1725, 0.1799, 0.1886, 0.1908, 0.1919, 0.2032, 0.1917, 0.1927, 0.2096, 0.205, 0.2115, 0.216, 0.2178, 0.2208, 0.237, 0.225, 0.2385, 0.2342, 0.2327, 0.2319, 0.2364, 0.2412, 0.2429, 0.2569, 0.2476, 0.2513, 0.2621, 0.2524, 0.2496, 0.2715, 0.2592, 0.2565, 0.2734, 0.2752, 0.2761, 0.2671, 0.2678, 0.2745, 0.2689, 0.2731, 0.2814, 0.283, 0.285, 0.2878, 0.2931, 0.2854, 0.2949, 0.292, 0.3052, 0.2971, 0.3039, 0.2996, 0.3066, 0.3098, 0.2953, 0.3011, 0.316, 0.3171, 0.309, 0.3186, 0.3128, 0.3086, 0.3111, 0.3189, 0.3182, 0.3221, 0.3271, 0.3293, 0.3267, 0.3216, 0.3307, 0.3326, 0.3272, 0.3127, 0.3127, 0.3324, 0.3344, 0.3351, 0.3293, 0.3361, 0.3275, 0.3296, 0.3381, 0.3287, 0.3424, 0.332, 0.3473, 0.331, 0.3353, 0.3439, 0.3297, 0.3371, 0.3362, 0.3311, 0.3333, 0.3421, 0.345, 0.3376, 0.34, 0.3455, 0.3438, 0.3452, 0.3387, 0.3511, 0.3432, 0.342, 0.3359, 0.3395, 0.3409, 0.3512, 0.3399, 0.3427, 0.3497, 0.3551, 0.3559, 0.3575, 0.3543]
2026-08-29 14:25:27,987 - fedlf_cifar100_IF50_alpha0p5_seed42.log - INFO - Majority Class Accuracy: [0.115, 0.1271, 0.1392, 0.175, 0.1883, 0.1454, 0.2417, 0.2075, 0.2213, 0.2742, 0.2283, 0.2637, 0.2854, 0.2683, 0.3071, 0.2571, 0.2783, 0.2587, 0.3417, 0.3392, 0.3229, 0.325, 0.3488, 0.3638, 0.3629, 0.3579, 0.3475, 0.35, 0.3588, 0.34, 0.3542, 0.3679, 0.3883, 0.3683, 0.3917, 0.3696, 0.3921, 0.405, 0.43, 0.4121, 0.4196, 0.4254, 0.3896, 0.4154, 0.42, 0.39, 0.4225, 0.4029, 0.4088, 0.4008, 0.4183, 0.4271, 0.4275, 0.44, 0.4292, 0.4338, 0.4587, 0.4558, 0.4437, 0.4546, 0.4521, 0.4713, 0.4542, 0.4263, 0.4167, 0.4408, 0.4742, 0.4571, 0.4796, 0.4346, 0.5204, 0.4637, 0.4558, 0.4313, 0.4892, 0.4525, 0.4658, 0.465, 0.4842, 0.4596, 0.5079, 0.4838, 0.5038, 0.4696, 0.4842, 0.5075, 0.4846, 0.5175, 0.4696, 0.5142, 0.4979, 0.4688, 0.4988, 0.4542, 0.4817, 0.5133, 0.5154, 0.5308, 0.4971, 0.5138, 0.4888, 0.5229, 0.4867, 0.5121, 0.5346, 0.5042, 0.52, 0.4921, 0.5138, 0.4863, 0.5212, 0.5267, 0.54, 0.52, 0.5229, 0.5283, 0.5104, 0.5396, 0.5171, 0.4954, 0.52, 0.4925, 0.5217, 0.5033, 0.5396, 0.5504, 0.5375, 0.5337, 0.5279, 0.5271, 0.5279, 0.5262, 0.5167, 0.5258, 0.5288, 0.545, 0.52, 0.5292, 0.5171, 0.5171]
2026-08-29 14:25:27,988 - fedlf_cifar100_IF50_alpha0p5_seed42.log - INFO - Medium Class Accuracy: [0.009, 0.0117, 0.0338, 0.0352, 0.0319, 0.0434, 0.0374, 0.0443, 0.0341, 0.0466, 0.0566, 0.05, 0.0553, 0.0741, 0.0655, 0.0838, 0.0852, 0.0855, 0.0729, 0.0779, 0.0914, 0.1138, 0.1121, 0.1076, 0.1286, 0.1314, 0.1286, 0.1434, 0.16, 0.1436, 0.1357, 0.1588, 0.1429, 0.1584, 0.1674, 0.1602, 0.1697, 0.1829, 0.1598, 0.1795, 0.1795, 0.1816, 0.1964, 0.1983, 0.1943, 0.2122, 0.2074, 0.2103, 0.2184, 0.2284, 0.2136, 0.2159, 0.2326, 0.2174, 0.2205, 0.2309, 0.2247, 0.2381, 0.2395, 0.2222, 0.236, 0.2217, 0.235, 0.2471, 0.2626, 0.2512, 0.2436, 0.2595, 0.2421, 0.2767, 0.2553, 0.2902, 0.2781, 0.2857, 0.2719, 0.2872, 0.284, 0.2752, 0.2769, 0.2969, 0.2728, 0.2757, 0.2903, 0.2978, 0.2848, 0.2693, 0.3016, 0.281, 0.3059, 0.2928, 0.3062, 0.309, 0.301, 0.3129, 0.31, 0.3007, 0.2826, 0.2853, 0.3102, 0.3226, 0.3176, 0.301, 0.3179, 0.3007, 0.2971, 0.3248, 0.304, 0.3233, 0.3012, 0.3398, 0.2959, 0.3071, 0.3119, 0.3038, 0.3162, 0.3069, 0.3198, 0.3116, 0.3293, 0.3257, 0.3178, 0.3293, 0.3267, 0.3257, 0.3238, 0.305, 0.3212, 0.3241, 0.3279, 0.3145, 0.3129, 0.3222, 0.3328, 0.3178, 0.3233, 0.315, 0.3319, 0.3303, 0.3391, 0.3341]
2026-08-29 14:25:27,988 - fedlf_cifar100_IF50_alpha0p5_seed42.log - INFO - Minority Class Accuracy: [0.0011, 0.035, 0.0217, 0.0128, 0.0606, 0.085, 0.055, 0.085, 0.1183, 0.0628, 0.1078, 0.1089, 0.0828, 0.075, 0.085, 0.1289, 0.1528, 0.1622, 0.1322, 0.1356, 0.1522, 0.1139, 0.1439, 0.1267, 0.1011, 0.1472, 0.1822, 0.1372, 0.135, 0.1489, 0.1611, 0.1622, 0.1606, 0.1733, 0.1383, 0.2011, 0.1572, 0.1872, 0.1617, 0.1972, 0.1633, 0.1406, 0.1361, 0.1206, 0.1539, 0.1456, 0.1956, 0.1606, 0.1472, 0.1856, 0.1561, 0.1217, 0.1889, 0.1528, 0.1422, 0.1967, 0.1933, 0.1589, 0.1206, 0.1656, 0.1617, 0.1511, 0.1544, 0.1989, 0.1706, 0.1861, 0.1817, 0.1828, 0.1661, 0.1672, 0.1056, 0.1422, 0.1467, 0.1928, 0.1361, 0.1744, 0.185, 0.1339, 0.135, 0.1861, 0.2056, 0.1833, 0.1628, 0.1522, 0.1511, 0.1839, 0.1539, 0.1722, 0.1778, 0.1883, 0.1789, 0.1944, 0.1517, 0.2233, 0.2067, 0.1644, 0.1394, 0.11, 0.1844, 0.1333, 0.1867, 0.1622, 0.1939, 0.1678, 0.1611, 0.1594, 0.1533, 0.2044, 0.1889, 0.1861, 0.1906, 0.1711, 0.1856, 0.1594, 0.1567, 0.1744, 0.1283, 0.1283, 0.15, 0.2067, 0.1583, 0.1711, 0.1711, 0.1894, 0.155, 0.165, 0.1989, 0.1506, 0.1394, 0.15, 0.1739, 0.1539, 0.19, 0.1633, 0.1572, 0.2011, 0.21, 0.2072, 0.2039, 0.2022]
2026-08-29 14:25:27,988 - fedlf_cifar100_IF50_alpha0p5_seed42.log - INFO - === Head-Tail Evaluation ===
2026-08-29 14:25:27,988 - fedlf_cifar100_IF50_alpha0p5_seed42.log - INFO - Head Accuracy: 0.5171
2026-08-29 14:25:27,989 - fedlf_cifar100_IF50_alpha0p5_seed42.log - INFO - Tail Accuracy: 0.2022
2026-08-29 14:25:27,990 - fedlf_cifar100_IF50_alpha0p5_seed42.log - INFO - Round 141 selected clients: [0, 1, 2, 4, 8, 11, 14, 16]
2026-08-29 14:25:56,075 - fedlf_cifar100_IF50_alpha0p5_seed42.log - INFO - Round 141 | Global 0.3479 | Head 0.5296 | Tail 0.1861 | Many 0.5296 | Medium 0.3229 | Few 0.1861 | best_tail 0.2233@94 | rollback=False
2026-08-29 14:25:56,075 - fedlf_cifar100_IF50_alpha0p5_seed42.log - INFO - Round 142 selected clients: [0, 1, 2, 3, 11, 13, 14, 18]
2026-08-29 14:26:24,722 - fedlf_cifar100_IF50_alpha0p5_seed42.log - INFO - Round 142 | Global 0.3526 | Head 0.5125 | Tail 0.1989 | Many 0.5125 | Medium 0.3341 | Few 0.1989 | best_tail 0.2233@94 | rollback=False
2026-08-29 14:26:24,723 - fedlf_cifar100_IF50_alpha0p5_seed42.log - INFO - Round 143 selected clients: [1, 7, 9, 13, 14, 16, 17, 18]
2026-08-29 14:26:52,126 - fedlf_cifar100_IF50_alpha0p5_seed42.log - INFO - Round 143 | Global 0.3484 | Head 0.5475 | Tail 0.1828 | Many 0.5475 | Medium 0.3174 | Few 0.1828 | best_tail 0.2233@94 | rollback=False
2026-08-29 14:26:52,126 - fedlf_cifar100_IF50_alpha0p5_seed42.log - INFO - Round 144 selected clients: [1, 3, 5, 9, 10, 13, 14, 18]
2026-08-29 14:27:21,728 - fedlf_cifar100_IF50_alpha0p5_seed42.log - INFO - Round 144 | Global 0.3517 | Head 0.4971 | Tail 0.2144 | Many 0.4971 | Medium 0.3341 | Few 0.2144 | best_tail 0.2233@94 | rollback=False
2026-08-29 14:27:21,729 - fedlf_cifar100_IF50_alpha0p5_seed42.log - INFO - Round 145 selected clients: [3, 4, 7, 10, 11, 13, 16, 19]
2026-08-29 14:27:48,143 - fedlf_cifar100_IF50_alpha0p5_seed42.log - INFO - Round 145 | Global 0.3563 | Head 0.5179 | Tail 0.2350 | Many 0.5179 | Medium 0.3271 | Few 0.2350 | best_tail 0.2350@145 | rollback=False
2026-08-29 14:27:48,144 - fedlf_cifar100_IF50_alpha0p5_seed42.log - INFO - Round 146 selected clients: [0, 1, 4, 6, 9, 13, 14, 19]
2026-08-29 14:28:15,809 - fedlf_cifar100_IF50_alpha0p5_seed42.log - INFO - Round 146 | Global 0.3516 | Head 0.5212 | Tail 0.1911 | Many 0.5212 | Medium 0.3312 | Few 0.1911 | best_tail 0.2350@145 | rollback=False
2026-08-29 14:28:15,809 - fedlf_cifar100_IF50_alpha0p5_seed42.log - INFO - Round 147 selected clients: [0, 7, 8, 14, 15, 16, 17, 19]
2026-08-29 14:28:43,087 - fedlf_cifar100_IF50_alpha0p5_seed42.log - INFO - Round 147 | Global 0.3473 | Head 0.5517 | Tail 0.1700 | Many 0.5517 | Medium 0.3178 | Few 0.1700 | best_tail 0.2350@145 | rollback=False
2026-08-29 14:28:43,088 - fedlf_cifar100_IF50_alpha0p5_seed42.log - INFO - Round 148 selected clients: [5, 8, 9, 10, 11, 14, 17, 18]
2026-08-29 14:29:12,896 - fedlf_cifar100_IF50_alpha0p5_seed42.log - INFO - Round 148 | Global 0.3579 | Head 0.5288 | Tail 0.1911 | Many 0.5288 | Medium 0.3390 | Few 0.1911 | best_tail 0.2350@145 | rollback=False
2026-08-29 14:29:12,897 - fedlf_cifar100_IF50_alpha0p5_seed42.log - INFO - Round 149 selected clients: [2, 3, 4, 12, 13, 14, 17, 18]
2026-08-29 14:29:39,008 - fedlf_cifar100_IF50_alpha0p5_seed42.log - INFO - Round 149 | Global 0.3571 | Head 0.5471 | Tail 0.1844 | Many 0.5471 | Medium 0.3321 | Few 0.1844 | best_tail 0.2350@145 | rollback=False
2026-08-29 14:29:39,008 - fedlf_cifar100_IF50_alpha0p5_seed42.log - INFO - Round 150 selected clients: [3, 5, 7, 9, 10, 11, 17, 19]
2026-08-29 14:30:07,994 - fedlf_cifar100_IF50_alpha0p5_seed42.log - INFO - Round 150 | Global 0.3599 | Head 0.5079 | Tail 0.2039 | Many 0.5079 | Medium 0.3471 | Few 0.2039 | best_tail 0.2350@145 | rollback=False
2026-08-29 14:30:08,016 - fedlf_cifar100_IF50_alpha0p5_seed42.log - INFO - Global Accuracy: [0.033, 0.0436, 0.0569, 0.0647, 0.0746, 0.0754, 0.0896, 0.0908, 0.0942, 0.1041, 0.107, 0.1119, 0.1155, 0.1209, 0.127, 0.1335, 0.1437, 0.1409, 0.1481, 0.151, 0.1579, 0.1645, 0.1746, 0.1725, 0.1799, 0.1886, 0.1908, 0.1919, 0.2032, 0.1917, 0.1927, 0.2096, 0.205, 0.2115, 0.216, 0.2178, 0.2208, 0.237, 0.225, 0.2385, 0.2342, 0.2327, 0.2319, 0.2364, 0.2412, 0.2429, 0.2569, 0.2476, 0.2513, 0.2621, 0.2524, 0.2496, 0.2715, 0.2592, 0.2565, 0.2734, 0.2752, 0.2761, 0.2671, 0.2678, 0.2745, 0.2689, 0.2731, 0.2814, 0.283, 0.285, 0.2878, 0.2931, 0.2854, 0.2949, 0.292, 0.3052, 0.2971, 0.3039, 0.2996, 0.3066, 0.3098, 0.2953, 0.3011, 0.316, 0.3171, 0.309, 0.3186, 0.3128, 0.3086, 0.3111, 0.3189, 0.3182, 0.3221, 0.3271, 0.3293, 0.3267, 0.3216, 0.3307, 0.3326, 0.3272, 0.3127, 0.3127, 0.3324, 0.3344, 0.3351, 0.3293, 0.3361, 0.3275, 0.3296, 0.3381, 0.3287, 0.3424, 0.332, 0.3473, 0.331, 0.3353, 0.3439, 0.3297, 0.3371, 0.3362, 0.3311, 0.3333, 0.3421, 0.345, 0.3376, 0.34, 0.3455, 0.3438, 0.3452, 0.3387, 0.3511, 0.3432, 0.342, 0.3359, 0.3395, 0.3409, 0.3512, 0.3399, 0.3427, 0.3497, 0.3551, 0.3559, 0.3575, 0.3543, 0.3479, 0.3526, 0.3484, 0.3517, 0.3563, 0.3516, 0.3473, 0.3579, 0.3571, 0.3599]
2026-08-29 14:30:08,016 - fedlf_cifar100_IF50_alpha0p5_seed42.log - INFO - Majority Class Accuracy: [0.115, 0.1271, 0.1392, 0.175, 0.1883, 0.1454, 0.2417, 0.2075, 0.2213, 0.2742, 0.2283, 0.2637, 0.2854, 0.2683, 0.3071, 0.2571, 0.2783, 0.2587, 0.3417, 0.3392, 0.3229, 0.325, 0.3488, 0.3638, 0.3629, 0.3579, 0.3475, 0.35, 0.3588, 0.34, 0.3542, 0.3679, 0.3883, 0.3683, 0.3917, 0.3696, 0.3921, 0.405, 0.43, 0.4121, 0.4196, 0.4254, 0.3896, 0.4154, 0.42, 0.39, 0.4225, 0.4029, 0.4088, 0.4008, 0.4183, 0.4271, 0.4275, 0.44, 0.4292, 0.4338, 0.4587, 0.4558, 0.4437, 0.4546, 0.4521, 0.4713, 0.4542, 0.4263, 0.4167, 0.4408, 0.4742, 0.4571, 0.4796, 0.4346, 0.5204, 0.4637, 0.4558, 0.4313, 0.4892, 0.4525, 0.4658, 0.465, 0.4842, 0.4596, 0.5079, 0.4838, 0.5038, 0.4696, 0.4842, 0.5075, 0.4846, 0.5175, 0.4696, 0.5142, 0.4979, 0.4688, 0.4988, 0.4542, 0.4817, 0.5133, 0.5154, 0.5308, 0.4971, 0.5138, 0.4888, 0.5229, 0.4867, 0.5121, 0.5346, 0.5042, 0.52, 0.4921, 0.5138, 0.4863, 0.5212, 0.5267, 0.54, 0.52, 0.5229, 0.5283, 0.5104, 0.5396, 0.5171, 0.4954, 0.52, 0.4925, 0.5217, 0.5033, 0.5396, 0.5504, 0.5375, 0.5337, 0.5279, 0.5271, 0.5279, 0.5262, 0.5167, 0.5258, 0.5288, 0.545, 0.52, 0.5292, 0.5171, 0.5171, 0.5296, 0.5125, 0.5475, 0.4971, 0.5179, 0.5212, 0.5517, 0.5288, 0.5471, 0.5079]
2026-08-29 14:30:08,016 - fedlf_cifar100_IF50_alpha0p5_seed42.log - INFO - Medium Class Accuracy: [0.009, 0.0117, 0.0338, 0.0352, 0.0319, 0.0434, 0.0374, 0.0443, 0.0341, 0.0466, 0.0566, 0.05, 0.0553, 0.0741, 0.0655, 0.0838, 0.0852, 0.0855, 0.0729, 0.0779, 0.0914, 0.1138, 0.1121, 0.1076, 0.1286, 0.1314, 0.1286, 0.1434, 0.16, 0.1436, 0.1357, 0.1588, 0.1429, 0.1584, 0.1674, 0.1602, 0.1697, 0.1829, 0.1598, 0.1795, 0.1795, 0.1816, 0.1964, 0.1983, 0.1943, 0.2122, 0.2074, 0.2103, 0.2184, 0.2284, 0.2136, 0.2159, 0.2326, 0.2174, 0.2205, 0.2309, 0.2247, 0.2381, 0.2395, 0.2222, 0.236, 0.2217, 0.235, 0.2471, 0.2626, 0.2512, 0.2436, 0.2595, 0.2421, 0.2767, 0.2553, 0.2902, 0.2781, 0.2857, 0.2719, 0.2872, 0.284, 0.2752, 0.2769, 0.2969, 0.2728, 0.2757, 0.2903, 0.2978, 0.2848, 0.2693, 0.3016, 0.281, 0.3059, 0.2928, 0.3062, 0.309, 0.301, 0.3129, 0.31, 0.3007, 0.2826, 0.2853, 0.3102, 0.3226, 0.3176, 0.301, 0.3179, 0.3007, 0.2971, 0.3248, 0.304, 0.3233, 0.3012, 0.3398, 0.2959, 0.3071, 0.3119, 0.3038, 0.3162, 0.3069, 0.3198, 0.3116, 0.3293, 0.3257, 0.3178, 0.3293, 0.3267, 0.3257, 0.3238, 0.305, 0.3212, 0.3241, 0.3279, 0.3145, 0.3129, 0.3222, 0.3328, 0.3178, 0.3233, 0.315, 0.3319, 0.3303, 0.3391, 0.3341, 0.3229, 0.3341, 0.3174, 0.3341, 0.3271, 0.3312, 0.3178, 0.339, 0.3321, 0.3471]
2026-08-29 14:30:08,016 - fedlf_cifar100_IF50_alpha0p5_seed42.log - INFO - Minority Class Accuracy: [0.0011, 0.035, 0.0217, 0.0128, 0.0606, 0.085, 0.055, 0.085, 0.1183, 0.0628, 0.1078, 0.1089, 0.0828, 0.075, 0.085, 0.1289, 0.1528, 0.1622, 0.1322, 0.1356, 0.1522, 0.1139, 0.1439, 0.1267, 0.1011, 0.1472, 0.1822, 0.1372, 0.135, 0.1489, 0.1611, 0.1622, 0.1606, 0.1733, 0.1383, 0.2011, 0.1572, 0.1872, 0.1617, 0.1972, 0.1633, 0.1406, 0.1361, 0.1206, 0.1539, 0.1456, 0.1956, 0.1606, 0.1472, 0.1856, 0.1561, 0.1217, 0.1889, 0.1528, 0.1422, 0.1967, 0.1933, 0.1589, 0.1206, 0.1656, 0.1617, 0.1511, 0.1544, 0.1989, 0.1706, 0.1861, 0.1817, 0.1828, 0.1661, 0.1672, 0.1056, 0.1422, 0.1467, 0.1928, 0.1361, 0.1744, 0.185, 0.1339, 0.135, 0.1861, 0.2056, 0.1833, 0.1628, 0.1522, 0.1511, 0.1839, 0.1539, 0.1722, 0.1778, 0.1883, 0.1789, 0.1944, 0.1517, 0.2233, 0.2067, 0.1644, 0.1394, 0.11, 0.1844, 0.1333, 0.1867, 0.1622, 0.1939, 0.1678, 0.1611, 0.1594, 0.1533, 0.2044, 0.1889, 0.1861, 0.1906, 0.1711, 0.1856, 0.1594, 0.1567, 0.1744, 0.1283, 0.1283, 0.15, 0.2067, 0.1583, 0.1711, 0.1711, 0.1894, 0.155, 0.165, 0.1989, 0.1506, 0.1394, 0.15, 0.1739, 0.1539, 0.19, 0.1633, 0.1572, 0.2011, 0.21, 0.2072, 0.2039, 0.2022, 0.1861, 0.1989, 0.1828, 0.2144, 0.235, 0.1911, 0.17, 0.1911, 0.1844, 0.2039]
2026-08-29 14:30:08,017 - fedlf_cifar100_IF50_alpha0p5_seed42.log - INFO - === Head-Tail Evaluation ===
2026-08-29 14:30:08,017 - fedlf_cifar100_IF50_alpha0p5_seed42.log - INFO - Head Accuracy: 0.5079
2026-08-29 14:30:08,017 - fedlf_cifar100_IF50_alpha0p5_seed42.log - INFO - Tail Accuracy: 0.2039
2026-08-29 14:30:08,018 - fedlf_cifar100_IF50_alpha0p5_seed42.log - INFO - Round 151 selected clients: [3, 5, 6, 8, 12, 13, 15, 19]
2026-08-29 14:30:36,226 - fedlf_cifar100_IF50_alpha0p5_seed42.log - INFO - Round 151 | Global 0.3580 | Head 0.5238 | Tail 0.1883 | Many 0.5238 | Medium 0.3421 | Few 0.1883 | best_tail 0.2350@145 | rollback=False
2026-08-29 14:30:36,227 - fedlf_cifar100_IF50_alpha0p5_seed42.log - INFO - Round 152 selected clients: [1, 2, 3, 5, 7, 9, 10, 19]
2026-08-29 14:31:07,106 - fedlf_cifar100_IF50_alpha0p5_seed42.log - INFO - Round 152 | Global 0.3581 | Head 0.4971 | Tail 0.2094 | Many 0.4971 | Medium 0.3467 | Few 0.2094 | best_tail 0.2350@145 | rollback=False
2026-08-29 14:31:07,106 - fedlf_cifar100_IF50_alpha0p5_seed42.log - INFO - Round 153 selected clients: [0, 3, 5, 9, 12, 14, 15, 16]
2026-08-29 14:31:35,407 - fedlf_cifar100_IF50_alpha0p5_seed42.log - INFO - Round 153 | Global 0.3560 | Head 0.5221 | Tail 0.1833 | Many 0.5221 | Medium 0.3409 | Few 0.1833 | best_tail 0.2350@145 | rollback=False
2026-08-29 14:31:35,408 - fedlf_cifar100_IF50_alpha0p5_seed42.log - INFO - Round 154 selected clients: [2, 4, 5, 9, 12, 13, 16, 17]
2026-08-29 14:32:01,948 - fedlf_cifar100_IF50_alpha0p5_seed42.log - INFO - Round 154 | Global 0.3478 | Head 0.5371 | Tail 0.1600 | Many 0.5371 | Medium 0.3278 | Few 0.1600 | best_tail 0.2350@145 | rollback=False
2026-08-29 14:32:01,949 - fedlf_cifar100_IF50_alpha0p5_seed42.log - INFO - Round 155 selected clients: [0, 1, 2, 6, 9, 11, 12, 18]
2026-08-29 14:32:32,303 - fedlf_cifar100_IF50_alpha0p5_seed42.log - INFO - Round 155 | Global 0.3611 | Head 0.5154 | Tail 0.1717 | Many 0.5154 | Medium 0.3560 | Few 0.1717 | best_tail 0.2350@145 | rollback=False
2026-08-29 14:32:32,304 - fedlf_cifar100_IF50_alpha0p5_seed42.log - INFO - Round 156 selected clients: [0, 3, 9, 10, 12, 13, 17, 19]
2026-08-29 14:33:01,767 - fedlf_cifar100_IF50_alpha0p5_seed42.log - INFO - Round 156 | Global 0.3593 | Head 0.5275 | Tail 0.2106 | Many 0.5275 | Medium 0.3359 | Few 0.2106 | best_tail 0.2350@145 | rollback=False
2026-08-29 14:33:01,768 - fedlf_cifar100_IF50_alpha0p5_seed42.log - INFO - Round 157 selected clients: [0, 2, 3, 4, 6, 13, 14, 19]
2026-08-29 14:33:29,152 - fedlf_cifar100_IF50_alpha0p5_seed42.log - INFO - Round 157 | Global 0.3498 | Head 0.5254 | Tail 0.1817 | Many 0.5254 | Medium 0.3293 | Few 0.1817 | best_tail 0.2350@145 | rollback=False
2026-08-29 14:33:29,153 - fedlf_cifar100_IF50_alpha0p5_seed42.log - INFO - Round 158 selected clients: [3, 7, 9, 13, 14, 16, 17, 18]
2026-08-29 14:33:56,690 - fedlf_cifar100_IF50_alpha0p5_seed42.log - INFO - Round 158 | Global 0.3530 | Head 0.5446 | Tail 0.1817 | Many 0.5446 | Medium 0.3269 | Few 0.1817 | best_tail 0.2350@145 | rollback=False
2026-08-29 14:33:56,691 - fedlf_cifar100_IF50_alpha0p5_seed42.log - INFO - Round 159 selected clients: [0, 4, 11, 12, 13, 14, 17, 18]
2026-08-29 14:34:23,463 - fedlf_cifar100_IF50_alpha0p5_seed42.log - INFO - Round 159 | Global 0.3525 | Head 0.5483 | Tail 0.1739 | Many 0.5483 | Medium 0.3269 | Few 0.1739 | best_tail 0.2350@145 | rollback=False
2026-08-29 14:34:23,463 - fedlf_cifar100_IF50_alpha0p5_seed42.log - INFO - Round 160 selected clients: [1, 2, 8, 9, 13, 15, 17, 19]
2026-08-29 14:34:53,140 - fedlf_cifar100_IF50_alpha0p5_seed42.log - INFO - Round 160 | Global 0.3564 | Head 0.5392 | Tail 0.1744 | Many 0.5392 | Medium 0.3372 | Few 0.1744 | best_tail 0.2350@145 | rollback=False
2026-08-29 14:34:53,163 - fedlf_cifar100_IF50_alpha0p5_seed42.log - INFO - Global Accuracy: [0.033, 0.0436, 0.0569, 0.0647, 0.0746, 0.0754, 0.0896, 0.0908, 0.0942, 0.1041, 0.107, 0.1119, 0.1155, 0.1209, 0.127, 0.1335, 0.1437, 0.1409, 0.1481, 0.151, 0.1579, 0.1645, 0.1746, 0.1725, 0.1799, 0.1886, 0.1908, 0.1919, 0.2032, 0.1917, 0.1927, 0.2096, 0.205, 0.2115, 0.216, 0.2178, 0.2208, 0.237, 0.225, 0.2385, 0.2342, 0.2327, 0.2319, 0.2364, 0.2412, 0.2429, 0.2569, 0.2476, 0.2513, 0.2621, 0.2524, 0.2496, 0.2715, 0.2592, 0.2565, 0.2734, 0.2752, 0.2761, 0.2671, 0.2678, 0.2745, 0.2689, 0.2731, 0.2814, 0.283, 0.285, 0.2878, 0.2931, 0.2854, 0.2949, 0.292, 0.3052, 0.2971, 0.3039, 0.2996, 0.3066, 0.3098, 0.2953, 0.3011, 0.316, 0.3171, 0.309, 0.3186, 0.3128, 0.3086, 0.3111, 0.3189, 0.3182, 0.3221, 0.3271, 0.3293, 0.3267, 0.3216, 0.3307, 0.3326, 0.3272, 0.3127, 0.3127, 0.3324, 0.3344, 0.3351, 0.3293, 0.3361, 0.3275, 0.3296, 0.3381, 0.3287, 0.3424, 0.332, 0.3473, 0.331, 0.3353, 0.3439, 0.3297, 0.3371, 0.3362, 0.3311, 0.3333, 0.3421, 0.345, 0.3376, 0.34, 0.3455, 0.3438, 0.3452, 0.3387, 0.3511, 0.3432, 0.342, 0.3359, 0.3395, 0.3409, 0.3512, 0.3399, 0.3427, 0.3497, 0.3551, 0.3559, 0.3575, 0.3543, 0.3479, 0.3526, 0.3484, 0.3517, 0.3563, 0.3516, 0.3473, 0.3579, 0.3571, 0.3599, 0.358, 0.3581, 0.356, 0.3478, 0.3611, 0.3593, 0.3498, 0.353, 0.3525, 0.3564]
2026-08-29 14:34:53,163 - fedlf_cifar100_IF50_alpha0p5_seed42.log - INFO - Majority Class Accuracy: [0.115, 0.1271, 0.1392, 0.175, 0.1883, 0.1454, 0.2417, 0.2075, 0.2213, 0.2742, 0.2283, 0.2637, 0.2854, 0.2683, 0.3071, 0.2571, 0.2783, 0.2587, 0.3417, 0.3392, 0.3229, 0.325, 0.3488, 0.3638, 0.3629, 0.3579, 0.3475, 0.35, 0.3588, 0.34, 0.3542, 0.3679, 0.3883, 0.3683, 0.3917, 0.3696, 0.3921, 0.405, 0.43, 0.4121, 0.4196, 0.4254, 0.3896, 0.4154, 0.42, 0.39, 0.4225, 0.4029, 0.4088, 0.4008, 0.4183, 0.4271, 0.4275, 0.44, 0.4292, 0.4338, 0.4587, 0.4558, 0.4437, 0.4546, 0.4521, 0.4713, 0.4542, 0.4263, 0.4167, 0.4408, 0.4742, 0.4571, 0.4796, 0.4346, 0.5204, 0.4637, 0.4558, 0.4313, 0.4892, 0.4525, 0.4658, 0.465, 0.4842, 0.4596, 0.5079, 0.4838, 0.5038, 0.4696, 0.4842, 0.5075, 0.4846, 0.5175, 0.4696, 0.5142, 0.4979, 0.4688, 0.4988, 0.4542, 0.4817, 0.5133, 0.5154, 0.5308, 0.4971, 0.5138, 0.4888, 0.5229, 0.4867, 0.5121, 0.5346, 0.5042, 0.52, 0.4921, 0.5138, 0.4863, 0.5212, 0.5267, 0.54, 0.52, 0.5229, 0.5283, 0.5104, 0.5396, 0.5171, 0.4954, 0.52, 0.4925, 0.5217, 0.5033, 0.5396, 0.5504, 0.5375, 0.5337, 0.5279, 0.5271, 0.5279, 0.5262, 0.5167, 0.5258, 0.5288, 0.545, 0.52, 0.5292, 0.5171, 0.5171, 0.5296, 0.5125, 0.5475, 0.4971, 0.5179, 0.5212, 0.5517, 0.5288, 0.5471, 0.5079, 0.5238, 0.4971, 0.5221, 0.5371, 0.5154, 0.5275, 0.5254, 0.5446, 0.5483, 0.5392]
2026-08-29 14:34:53,163 - fedlf_cifar100_IF50_alpha0p5_seed42.log - INFO - Medium Class Accuracy: [0.009, 0.0117, 0.0338, 0.0352, 0.0319, 0.0434, 0.0374, 0.0443, 0.0341, 0.0466, 0.0566, 0.05, 0.0553, 0.0741, 0.0655, 0.0838, 0.0852, 0.0855, 0.0729, 0.0779, 0.0914, 0.1138, 0.1121, 0.1076, 0.1286, 0.1314, 0.1286, 0.1434, 0.16, 0.1436, 0.1357, 0.1588, 0.1429, 0.1584, 0.1674, 0.1602, 0.1697, 0.1829, 0.1598, 0.1795, 0.1795, 0.1816, 0.1964, 0.1983, 0.1943, 0.2122, 0.2074, 0.2103, 0.2184, 0.2284, 0.2136, 0.2159, 0.2326, 0.2174, 0.2205, 0.2309, 0.2247, 0.2381, 0.2395, 0.2222, 0.236, 0.2217, 0.235, 0.2471, 0.2626, 0.2512, 0.2436, 0.2595, 0.2421, 0.2767, 0.2553, 0.2902, 0.2781, 0.2857, 0.2719, 0.2872, 0.284, 0.2752, 0.2769, 0.2969, 0.2728, 0.2757, 0.2903, 0.2978, 0.2848, 0.2693, 0.3016, 0.281, 0.3059, 0.2928, 0.3062, 0.309, 0.301, 0.3129, 0.31, 0.3007, 0.2826, 0.2853, 0.3102, 0.3226, 0.3176, 0.301, 0.3179, 0.3007, 0.2971, 0.3248, 0.304, 0.3233, 0.3012, 0.3398, 0.2959, 0.3071, 0.3119, 0.3038, 0.3162, 0.3069, 0.3198, 0.3116, 0.3293, 0.3257, 0.3178, 0.3293, 0.3267, 0.3257, 0.3238, 0.305, 0.3212, 0.3241, 0.3279, 0.3145, 0.3129, 0.3222, 0.3328, 0.3178, 0.3233, 0.315, 0.3319, 0.3303, 0.3391, 0.3341, 0.3229, 0.3341, 0.3174, 0.3341, 0.3271, 0.3312, 0.3178, 0.339, 0.3321, 0.3471, 0.3421, 0.3467, 0.3409, 0.3278, 0.356, 0.3359, 0.3293, 0.3269, 0.3269, 0.3372]
2026-08-29 14:34:53,164 - fedlf_cifar100_IF50_alpha0p5_seed42.log - INFO - Minority Class Accuracy: [0.0011, 0.035, 0.0217, 0.0128, 0.0606, 0.085, 0.055, 0.085, 0.1183, 0.0628, 0.1078, 0.1089, 0.0828, 0.075, 0.085, 0.1289, 0.1528, 0.1622, 0.1322, 0.1356, 0.1522, 0.1139, 0.1439, 0.1267, 0.1011, 0.1472, 0.1822, 0.1372, 0.135, 0.1489, 0.1611, 0.1622, 0.1606, 0.1733, 0.1383, 0.2011, 0.1572, 0.1872, 0.1617, 0.1972, 0.1633, 0.1406, 0.1361, 0.1206, 0.1539, 0.1456, 0.1956, 0.1606, 0.1472, 0.1856, 0.1561, 0.1217, 0.1889, 0.1528, 0.1422, 0.1967, 0.1933, 0.1589, 0.1206, 0.1656, 0.1617, 0.1511, 0.1544, 0.1989, 0.1706, 0.1861, 0.1817, 0.1828, 0.1661, 0.1672, 0.1056, 0.1422, 0.1467, 0.1928, 0.1361, 0.1744, 0.185, 0.1339, 0.135, 0.1861, 0.2056, 0.1833, 0.1628, 0.1522, 0.1511, 0.1839, 0.1539, 0.1722, 0.1778, 0.1883, 0.1789, 0.1944, 0.1517, 0.2233, 0.2067, 0.1644, 0.1394, 0.11, 0.1844, 0.1333, 0.1867, 0.1622, 0.1939, 0.1678, 0.1611, 0.1594, 0.1533, 0.2044, 0.1889, 0.1861, 0.1906, 0.1711, 0.1856, 0.1594, 0.1567, 0.1744, 0.1283, 0.1283, 0.15, 0.2067, 0.1583, 0.1711, 0.1711, 0.1894, 0.155, 0.165, 0.1989, 0.1506, 0.1394, 0.15, 0.1739, 0.1539, 0.19, 0.1633, 0.1572, 0.2011, 0.21, 0.2072, 0.2039, 0.2022, 0.1861, 0.1989, 0.1828, 0.2144, 0.235, 0.1911, 0.17, 0.1911, 0.1844, 0.2039, 0.1883, 0.2094, 0.1833, 0.16, 0.1717, 0.2106, 0.1817, 0.1817, 0.1739, 0.1744]
2026-08-29 14:34:53,164 - fedlf_cifar100_IF50_alpha0p5_seed42.log - INFO - === Head-Tail Evaluation ===
2026-08-29 14:34:53,164 - fedlf_cifar100_IF50_alpha0p5_seed42.log - INFO - Head Accuracy: 0.5392
2026-08-29 14:34:53,164 - fedlf_cifar100_IF50_alpha0p5_seed42.log - INFO - Tail Accuracy: 0.1744
2026-08-29 14:34:53,165 - fedlf_cifar100_IF50_alpha0p5_seed42.log - INFO - Round 161 selected clients: [6, 8, 11, 13, 14, 15, 16, 17]
2026-08-29 14:35:20,219 - fedlf_cifar100_IF50_alpha0p5_seed42.log - INFO - Round 161 | Global 0.3565 | Head 0.5479 | Tail 0.1661 | Many 0.5479 | Medium 0.3364 | Few 0.1661 | best_tail 0.2350@145 | rollback=False
2026-08-29 14:35:20,219 - fedlf_cifar100_IF50_alpha0p5_seed42.log - INFO - Round 162 selected clients: [0, 2, 6, 7, 8, 9, 11, 16]
2026-08-29 14:35:49,243 - fedlf_cifar100_IF50_alpha0p5_seed42.log - INFO - Round 162 | Global 0.3630 | Head 0.5433 | Tail 0.1439 | Many 0.5433 | Medium 0.3564 | Few 0.1439 | best_tail 0.2350@145 | rollback=False
2026-08-29 14:35:49,243 - fedlf_cifar100_IF50_alpha0p5_seed42.log - INFO - Round 163 selected clients: [1, 4, 5, 7, 8, 9, 12, 14]
2026-08-29 14:36:17,850 - fedlf_cifar100_IF50_alpha0p5_seed42.log - INFO - Round 163 | Global 0.3555 | Head 0.5337 | Tail 0.1572 | Many 0.5337 | Medium 0.3433 | Few 0.1572 | best_tail 0.2350@145 | rollback=False
2026-08-29 14:36:17,850 - fedlf_cifar100_IF50_alpha0p5_seed42.log - INFO - Round 164 selected clients: [0, 5, 8, 9, 10, 12, 13, 17]
2026-08-29 14:36:47,183 - fedlf_cifar100_IF50_alpha0p5_seed42.log - INFO - Round 164 | Global 0.3603 | Head 0.5417 | Tail 0.1833 | Many 0.5417 | Medium 0.3402 | Few 0.1833 | best_tail 0.2350@145 | rollback=False
2026-08-29 14:36:47,183 - fedlf_cifar100_IF50_alpha0p5_seed42.log - INFO - Round 165 selected clients: [0, 8, 11, 12, 14, 15, 16, 19]
2026-08-29 14:37:15,677 - fedlf_cifar100_IF50_alpha0p5_seed42.log - INFO - Round 165 | Global 0.3537 | Head 0.5442 | Tail 0.1689 | Many 0.5442 | Medium 0.3322 | Few 0.1689 | best_tail 0.2350@145 | rollback=False
2026-08-29 14:37:15,677 - fedlf_cifar100_IF50_alpha0p5_seed42.log - INFO - Round 166 selected clients: [0, 1, 3, 4, 5, 9, 13, 18]
2026-08-29 14:37:45,318 - fedlf_cifar100_IF50_alpha0p5_seed42.log - INFO - Round 166 | Global 0.3617 | Head 0.5138 | Tail 0.2033 | Many 0.5138 | Medium 0.3479 | Few 0.2033 | best_tail 0.2350@145 | rollback=False
2026-08-29 14:37:45,319 - fedlf_cifar100_IF50_alpha0p5_seed42.log - INFO - Round 167 selected clients: [4, 5, 6, 10, 11, 12, 15, 16]
2026-08-29 14:38:11,615 - fedlf_cifar100_IF50_alpha0p5_seed42.log - INFO - Round 167 | Global 0.3638 | Head 0.5179 | Tail 0.2228 | Many 0.5179 | Medium 0.3438 | Few 0.2228 | best_tail 0.2350@145 | rollback=False
2026-08-29 14:38:11,616 - fedlf_cifar100_IF50_alpha0p5_seed42.log - INFO - Round 168 selected clients: [2, 3, 5, 8, 10, 12, 13, 14]
2026-08-29 14:38:40,008 - fedlf_cifar100_IF50_alpha0p5_seed42.log - INFO - Round 168 | Global 0.3644 | Head 0.5329 | Tail 0.2089 | Many 0.5329 | Medium 0.3429 | Few 0.2089 | best_tail 0.2350@145 | rollback=False
2026-08-29 14:38:40,009 - fedlf_cifar100_IF50_alpha0p5_seed42.log - INFO - Round 169 selected clients: [0, 10, 11, 12, 13, 15, 16, 19]
2026-08-29 14:39:07,469 - fedlf_cifar100_IF50_alpha0p5_seed42.log - INFO - Round 169 | Global 0.3596 | Head 0.5333 | Tail 0.2056 | Many 0.5333 | Medium 0.3355 | Few 0.2056 | best_tail 0.2350@145 | rollback=False
2026-08-29 14:39:07,469 - fedlf_cifar100_IF50_alpha0p5_seed42.log - INFO - Round 170 selected clients: [3, 4, 7, 8, 12, 15, 17, 18]
2026-08-29 14:39:35,425 - fedlf_cifar100_IF50_alpha0p5_seed42.log - INFO - Round 170 | Global 0.3598 | Head 0.5229 | Tail 0.2033 | Many 0.5229 | Medium 0.3409 | Few 0.2033 | best_tail 0.2350@145 | rollback=False
2026-08-29 14:39:35,448 - fedlf_cifar100_IF50_alpha0p5_seed42.log - INFO - Global Accuracy: [0.033, 0.0436, 0.0569, 0.0647, 0.0746, 0.0754, 0.0896, 0.0908, 0.0942, 0.1041, 0.107, 0.1119, 0.1155, 0.1209, 0.127, 0.1335, 0.1437, 0.1409, 0.1481, 0.151, 0.1579, 0.1645, 0.1746, 0.1725, 0.1799, 0.1886, 0.1908, 0.1919, 0.2032, 0.1917, 0.1927, 0.2096, 0.205, 0.2115, 0.216, 0.2178, 0.2208, 0.237, 0.225, 0.2385, 0.2342, 0.2327, 0.2319, 0.2364, 0.2412, 0.2429, 0.2569, 0.2476, 0.2513, 0.2621, 0.2524, 0.2496, 0.2715, 0.2592, 0.2565, 0.2734, 0.2752, 0.2761, 0.2671, 0.2678, 0.2745, 0.2689, 0.2731, 0.2814, 0.283, 0.285, 0.2878, 0.2931, 0.2854, 0.2949, 0.292, 0.3052, 0.2971, 0.3039, 0.2996, 0.3066, 0.3098, 0.2953, 0.3011, 0.316, 0.3171, 0.309, 0.3186, 0.3128, 0.3086, 0.3111, 0.3189, 0.3182, 0.3221, 0.3271, 0.3293, 0.3267, 0.3216, 0.3307, 0.3326, 0.3272, 0.3127, 0.3127, 0.3324, 0.3344, 0.3351, 0.3293, 0.3361, 0.3275, 0.3296, 0.3381, 0.3287, 0.3424, 0.332, 0.3473, 0.331, 0.3353, 0.3439, 0.3297, 0.3371, 0.3362, 0.3311, 0.3333, 0.3421, 0.345, 0.3376, 0.34, 0.3455, 0.3438, 0.3452, 0.3387, 0.3511, 0.3432, 0.342, 0.3359, 0.3395, 0.3409, 0.3512, 0.3399, 0.3427, 0.3497, 0.3551, 0.3559, 0.3575, 0.3543, 0.3479, 0.3526, 0.3484, 0.3517, 0.3563, 0.3516, 0.3473, 0.3579, 0.3571, 0.3599, 0.358, 0.3581, 0.356, 0.3478, 0.3611, 0.3593, 0.3498, 0.353, 0.3525, 0.3564, 0.3565, 0.363, 0.3555, 0.3603, 0.3537, 0.3617, 0.3638, 0.3644, 0.3596, 0.3598]
2026-08-29 14:39:35,448 - fedlf_cifar100_IF50_alpha0p5_seed42.log - INFO - Majority Class Accuracy: [0.115, 0.1271, 0.1392, 0.175, 0.1883, 0.1454, 0.2417, 0.2075, 0.2213, 0.2742, 0.2283, 0.2637, 0.2854, 0.2683, 0.3071, 0.2571, 0.2783, 0.2587, 0.3417, 0.3392, 0.3229, 0.325, 0.3488, 0.3638, 0.3629, 0.3579, 0.3475, 0.35, 0.3588, 0.34, 0.3542, 0.3679, 0.3883, 0.3683, 0.3917, 0.3696, 0.3921, 0.405, 0.43, 0.4121, 0.4196, 0.4254, 0.3896, 0.4154, 0.42, 0.39, 0.4225, 0.4029, 0.4088, 0.4008, 0.4183, 0.4271, 0.4275, 0.44, 0.4292, 0.4338, 0.4587, 0.4558, 0.4437, 0.4546, 0.4521, 0.4713, 0.4542, 0.4263, 0.4167, 0.4408, 0.4742, 0.4571, 0.4796, 0.4346, 0.5204, 0.4637, 0.4558, 0.4313, 0.4892, 0.4525, 0.4658, 0.465, 0.4842, 0.4596, 0.5079, 0.4838, 0.5038, 0.4696, 0.4842, 0.5075, 0.4846, 0.5175, 0.4696, 0.5142, 0.4979, 0.4688, 0.4988, 0.4542, 0.4817, 0.5133, 0.5154, 0.5308, 0.4971, 0.5138, 0.4888, 0.5229, 0.4867, 0.5121, 0.5346, 0.5042, 0.52, 0.4921, 0.5138, 0.4863, 0.5212, 0.5267, 0.54, 0.52, 0.5229, 0.5283, 0.5104, 0.5396, 0.5171, 0.4954, 0.52, 0.4925, 0.5217, 0.5033, 0.5396, 0.5504, 0.5375, 0.5337, 0.5279, 0.5271, 0.5279, 0.5262, 0.5167, 0.5258, 0.5288, 0.545, 0.52, 0.5292, 0.5171, 0.5171, 0.5296, 0.5125, 0.5475, 0.4971, 0.5179, 0.5212, 0.5517, 0.5288, 0.5471, 0.5079, 0.5238, 0.4971, 0.5221, 0.5371, 0.5154, 0.5275, 0.5254, 0.5446, 0.5483, 0.5392, 0.5479, 0.5433, 0.5337, 0.5417, 0.5442, 0.5138, 0.5179, 0.5329, 0.5333, 0.5229]
2026-08-29 14:39:35,448 - fedlf_cifar100_IF50_alpha0p5_seed42.log - INFO - Medium Class Accuracy: [0.009, 0.0117, 0.0338, 0.0352, 0.0319, 0.0434, 0.0374, 0.0443, 0.0341, 0.0466, 0.0566, 0.05, 0.0553, 0.0741, 0.0655, 0.0838, 0.0852, 0.0855, 0.0729, 0.0779, 0.0914, 0.1138, 0.1121, 0.1076, 0.1286, 0.1314, 0.1286, 0.1434, 0.16, 0.1436, 0.1357, 0.1588, 0.1429, 0.1584, 0.1674, 0.1602, 0.1697, 0.1829, 0.1598, 0.1795, 0.1795, 0.1816, 0.1964, 0.1983, 0.1943, 0.2122, 0.2074, 0.2103, 0.2184, 0.2284, 0.2136, 0.2159, 0.2326, 0.2174, 0.2205, 0.2309, 0.2247, 0.2381, 0.2395, 0.2222, 0.236, 0.2217, 0.235, 0.2471, 0.2626, 0.2512, 0.2436, 0.2595, 0.2421, 0.2767, 0.2553, 0.2902, 0.2781, 0.2857, 0.2719, 0.2872, 0.284, 0.2752, 0.2769, 0.2969, 0.2728, 0.2757, 0.2903, 0.2978, 0.2848, 0.2693, 0.3016, 0.281, 0.3059, 0.2928, 0.3062, 0.309, 0.301, 0.3129, 0.31, 0.3007, 0.2826, 0.2853, 0.3102, 0.3226, 0.3176, 0.301, 0.3179, 0.3007, 0.2971, 0.3248, 0.304, 0.3233, 0.3012, 0.3398, 0.2959, 0.3071, 0.3119, 0.3038, 0.3162, 0.3069, 0.3198, 0.3116, 0.3293, 0.3257, 0.3178, 0.3293, 0.3267, 0.3257, 0.3238, 0.305, 0.3212, 0.3241, 0.3279, 0.3145, 0.3129, 0.3222, 0.3328, 0.3178, 0.3233, 0.315, 0.3319, 0.3303, 0.3391, 0.3341, 0.3229, 0.3341, 0.3174, 0.3341, 0.3271, 0.3312, 0.3178, 0.339, 0.3321, 0.3471, 0.3421, 0.3467, 0.3409, 0.3278, 0.356, 0.3359, 0.3293, 0.3269, 0.3269, 0.3372, 0.3364, 0.3564, 0.3433, 0.3402, 0.3322, 0.3479, 0.3438, 0.3429, 0.3355, 0.3409]
2026-08-29 14:39:35,449 - fedlf_cifar100_IF50_alpha0p5_seed42.log - INFO - Minority Class Accuracy: [0.0011, 0.035, 0.0217, 0.0128, 0.0606, 0.085, 0.055, 0.085, 0.1183, 0.0628, 0.1078, 0.1089, 0.0828, 0.075, 0.085, 0.1289, 0.1528, 0.1622, 0.1322, 0.1356, 0.1522, 0.1139, 0.1439, 0.1267, 0.1011, 0.1472, 0.1822, 0.1372, 0.135, 0.1489, 0.1611, 0.1622, 0.1606, 0.1733, 0.1383, 0.2011, 0.1572, 0.1872, 0.1617, 0.1972, 0.1633, 0.1406, 0.1361, 0.1206, 0.1539, 0.1456, 0.1956, 0.1606, 0.1472, 0.1856, 0.1561, 0.1217, 0.1889, 0.1528, 0.1422, 0.1967, 0.1933, 0.1589, 0.1206, 0.1656, 0.1617, 0.1511, 0.1544, 0.1989, 0.1706, 0.1861, 0.1817, 0.1828, 0.1661, 0.1672, 0.1056, 0.1422, 0.1467, 0.1928, 0.1361, 0.1744, 0.185, 0.1339, 0.135, 0.1861, 0.2056, 0.1833, 0.1628, 0.1522, 0.1511, 0.1839, 0.1539, 0.1722, 0.1778, 0.1883, 0.1789, 0.1944, 0.1517, 0.2233, 0.2067, 0.1644, 0.1394, 0.11, 0.1844, 0.1333, 0.1867, 0.1622, 0.1939, 0.1678, 0.1611, 0.1594, 0.1533, 0.2044, 0.1889, 0.1861, 0.1906, 0.1711, 0.1856, 0.1594, 0.1567, 0.1744, 0.1283, 0.1283, 0.15, 0.2067, 0.1583, 0.1711, 0.1711, 0.1894, 0.155, 0.165, 0.1989, 0.1506, 0.1394, 0.15, 0.1739, 0.1539, 0.19, 0.1633, 0.1572, 0.2011, 0.21, 0.2072, 0.2039, 0.2022, 0.1861, 0.1989, 0.1828, 0.2144, 0.235, 0.1911, 0.17, 0.1911, 0.1844, 0.2039, 0.1883, 0.2094, 0.1833, 0.16, 0.1717, 0.2106, 0.1817, 0.1817, 0.1739, 0.1744, 0.1661, 0.1439, 0.1572, 0.1833, 0.1689, 0.2033, 0.2228, 0.2089, 0.2056, 0.2033]
2026-08-29 14:39:35,449 - fedlf_cifar100_IF50_alpha0p5_seed42.log - INFO - === Head-Tail Evaluation ===
2026-08-29 14:39:35,449 - fedlf_cifar100_IF50_alpha0p5_seed42.log - INFO - Head Accuracy: 0.5229
2026-08-29 14:39:35,449 - fedlf_cifar100_IF50_alpha0p5_seed42.log - INFO - Tail Accuracy: 0.2033
2026-08-29 14:39:35,449 - fedlf_cifar100_IF50_alpha0p5_seed42.log - INFO - Round 171 selected clients: [2, 3, 5, 8, 9, 12, 13, 16]
2026-08-29 14:40:03,562 - fedlf_cifar100_IF50_alpha0p5_seed42.log - INFO - Round 171 | Global 0.3634 | Head 0.5413 | Tail 0.1844 | Many 0.5413 | Medium 0.3453 | Few 0.1844 | best_tail 0.2350@145 | rollback=False
2026-08-29 14:40:03,563 - fedlf_cifar100_IF50_alpha0p5_seed42.log - INFO - Round 172 selected clients: [0, 2, 4, 11, 12, 13, 15, 17]
2026-08-29 14:40:30,060 - fedlf_cifar100_IF50_alpha0p5_seed42.log - INFO - Round 172 | Global 0.3528 | Head 0.5333 | Tail 0.1561 | Many 0.5333 | Medium 0.3391 | Few 0.1561 | best_tail 0.2350@145 | rollback=False
2026-08-29 14:40:30,061 - fedlf_cifar100_IF50_alpha0p5_seed42.log - INFO - Round 173 selected clients: [2, 4, 7, 8, 10, 12, 14, 19]
2026-08-29 14:40:57,971 - fedlf_cifar100_IF50_alpha0p5_seed42.log - INFO - Round 173 | Global 0.3570 | Head 0.5383 | Tail 0.1806 | Many 0.5383 | Medium 0.3367 | Few 0.1806 | best_tail 0.2350@145 | rollback=False
2026-08-29 14:40:57,972 - fedlf_cifar100_IF50_alpha0p5_seed42.log - INFO - Round 174 selected clients: [1, 2, 4, 5, 11, 14, 17, 19]
2026-08-29 14:41:26,076 - fedlf_cifar100_IF50_alpha0p5_seed42.log - INFO - Round 174 | Global 0.3546 | Head 0.5112 | Tail 0.1661 | Many 0.5112 | Medium 0.3483 | Few 0.1661 | best_tail 0.2350@145 | rollback=False
2026-08-29 14:41:26,077 - fedlf_cifar100_IF50_alpha0p5_seed42.log - INFO - Round 175 selected clients: [1, 4, 6, 7, 10, 12, 16, 18]
2026-08-29 14:41:53,644 - fedlf_cifar100_IF50_alpha0p5_seed42.log - INFO - Round 175 | Global 0.3635 | Head 0.5262 | Tail 0.2250 | Many 0.5262 | Medium 0.3391 | Few 0.2250 | best_tail 0.2350@145 | rollback=False
2026-08-29 14:41:53,645 - fedlf_cifar100_IF50_alpha0p5_seed42.log - INFO - Round 176 selected clients: [0, 6, 7, 9, 11, 13, 15, 19]
2026-08-29 14:42:21,056 - fedlf_cifar100_IF50_alpha0p5_seed42.log - INFO - Round 176 | Global 0.3620 | Head 0.5221 | Tail 0.1794 | Many 0.5221 | Medium 0.3524 | Few 0.1794 | best_tail 0.2350@145 | rollback=False
2026-08-29 14:42:21,057 - fedlf_cifar100_IF50_alpha0p5_seed42.log - INFO - Round 177 selected clients: [2, 3, 4, 9, 11, 14, 16, 19]
2026-08-29 14:42:49,246 - fedlf_cifar100_IF50_alpha0p5_seed42.log - INFO - Round 177 | Global 0.3631 | Head 0.5212 | Tail 0.1844 | Many 0.5212 | Medium 0.3531 | Few 0.1844 | best_tail 0.2350@145 | rollback=False
2026-08-29 14:42:49,247 - fedlf_cifar100_IF50_alpha0p5_seed42.log - INFO - Round 178 selected clients: [3, 5, 7, 8, 13, 16, 18, 19]
2026-08-29 14:43:18,324 - fedlf_cifar100_IF50_alpha0p5_seed42.log - INFO - Round 178 | Global 0.3603 | Head 0.5254 | Tail 0.1944 | Many 0.5254 | Medium 0.3434 | Few 0.1944 | best_tail 0.2350@145 | rollback=False
2026-08-29 14:43:18,325 - fedlf_cifar100_IF50_alpha0p5_seed42.log - INFO - Round 179 selected clients: [1, 2, 10, 11, 12, 15, 17, 18]
2026-08-29 14:43:48,482 - fedlf_cifar100_IF50_alpha0p5_seed42.log - INFO - Round 179 | Global 0.3685 | Head 0.5071 | Tail 0.2172 | Many 0.5071 | Medium 0.3581 | Few 0.2172 | best_tail 0.2350@145 | rollback=False
2026-08-29 14:43:48,483 - fedlf_cifar100_IF50_alpha0p5_seed42.log - INFO - Round 180 selected clients: [0, 1, 5, 6, 7, 14, 15, 16]
2026-08-29 14:44:15,490 - fedlf_cifar100_IF50_alpha0p5_seed42.log - INFO - Round 180 | Global 0.3609 | Head 0.5217 | Tail 0.1967 | Many 0.5217 | Medium 0.3453 | Few 0.1967 | best_tail 0.2350@145 | rollback=False
2026-08-29 14:44:15,515 - fedlf_cifar100_IF50_alpha0p5_seed42.log - INFO - Global Accuracy: [0.033, 0.0436, 0.0569, 0.0647, 0.0746, 0.0754, 0.0896, 0.0908, 0.0942, 0.1041, 0.107, 0.1119, 0.1155, 0.1209, 0.127, 0.1335, 0.1437, 0.1409, 0.1481, 0.151, 0.1579, 0.1645, 0.1746, 0.1725, 0.1799, 0.1886, 0.1908, 0.1919, 0.2032, 0.1917, 0.1927, 0.2096, 0.205, 0.2115, 0.216, 0.2178, 0.2208, 0.237, 0.225, 0.2385, 0.2342, 0.2327, 0.2319, 0.2364, 0.2412, 0.2429, 0.2569, 0.2476, 0.2513, 0.2621, 0.2524, 0.2496, 0.2715, 0.2592, 0.2565, 0.2734, 0.2752, 0.2761, 0.2671, 0.2678, 0.2745, 0.2689, 0.2731, 0.2814, 0.283, 0.285, 0.2878, 0.2931, 0.2854, 0.2949, 0.292, 0.3052, 0.2971, 0.3039, 0.2996, 0.3066, 0.3098, 0.2953, 0.3011, 0.316, 0.3171, 0.309, 0.3186, 0.3128, 0.3086, 0.3111, 0.3189, 0.3182, 0.3221, 0.3271, 0.3293, 0.3267, 0.3216, 0.3307, 0.3326, 0.3272, 0.3127, 0.3127, 0.3324, 0.3344, 0.3351, 0.3293, 0.3361, 0.3275, 0.3296, 0.3381, 0.3287, 0.3424, 0.332, 0.3473, 0.331, 0.3353, 0.3439, 0.3297, 0.3371, 0.3362, 0.3311, 0.3333, 0.3421, 0.345, 0.3376, 0.34, 0.3455, 0.3438, 0.3452, 0.3387, 0.3511, 0.3432, 0.342, 0.3359, 0.3395, 0.3409, 0.3512, 0.3399, 0.3427, 0.3497, 0.3551, 0.3559, 0.3575, 0.3543, 0.3479, 0.3526, 0.3484, 0.3517, 0.3563, 0.3516, 0.3473, 0.3579, 0.3571, 0.3599, 0.358, 0.3581, 0.356, 0.3478, 0.3611, 0.3593, 0.3498, 0.353, 0.3525, 0.3564, 0.3565, 0.363, 0.3555, 0.3603, 0.3537, 0.3617, 0.3638, 0.3644, 0.3596, 0.3598, 0.3634, 0.3528, 0.357, 0.3546, 0.3635, 0.362, 0.3631, 0.3603, 0.3685, 0.3609]
2026-08-29 14:44:15,515 - fedlf_cifar100_IF50_alpha0p5_seed42.log - INFO - Majority Class Accuracy: [0.115, 0.1271, 0.1392, 0.175, 0.1883, 0.1454, 0.2417, 0.2075, 0.2213, 0.2742, 0.2283, 0.2637, 0.2854, 0.2683, 0.3071, 0.2571, 0.2783, 0.2587, 0.3417, 0.3392, 0.3229, 0.325, 0.3488, 0.3638, 0.3629, 0.3579, 0.3475, 0.35, 0.3588, 0.34, 0.3542, 0.3679, 0.3883, 0.3683, 0.3917, 0.3696, 0.3921, 0.405, 0.43, 0.4121, 0.4196, 0.4254, 0.3896, 0.4154, 0.42, 0.39, 0.4225, 0.4029, 0.4088, 0.4008, 0.4183, 0.4271, 0.4275, 0.44, 0.4292, 0.4338, 0.4587, 0.4558, 0.4437, 0.4546, 0.4521, 0.4713, 0.4542, 0.4263, 0.4167, 0.4408, 0.4742, 0.4571, 0.4796, 0.4346, 0.5204, 0.4637, 0.4558, 0.4313, 0.4892, 0.4525, 0.4658, 0.465, 0.4842, 0.4596, 0.5079, 0.4838, 0.5038, 0.4696, 0.4842, 0.5075, 0.4846, 0.5175, 0.4696, 0.5142, 0.4979, 0.4688, 0.4988, 0.4542, 0.4817, 0.5133, 0.5154, 0.5308, 0.4971, 0.5138, 0.4888, 0.5229, 0.4867, 0.5121, 0.5346, 0.5042, 0.52, 0.4921, 0.5138, 0.4863, 0.5212, 0.5267, 0.54, 0.52, 0.5229, 0.5283, 0.5104, 0.5396, 0.5171, 0.4954, 0.52, 0.4925, 0.5217, 0.5033, 0.5396, 0.5504, 0.5375, 0.5337, 0.5279, 0.5271, 0.5279, 0.5262, 0.5167, 0.5258, 0.5288, 0.545, 0.52, 0.5292, 0.5171, 0.5171, 0.5296, 0.5125, 0.5475, 0.4971, 0.5179, 0.5212, 0.5517, 0.5288, 0.5471, 0.5079, 0.5238, 0.4971, 0.5221, 0.5371, 0.5154, 0.5275, 0.5254, 0.5446, 0.5483, 0.5392, 0.5479, 0.5433, 0.5337, 0.5417, 0.5442, 0.5138, 0.5179, 0.5329, 0.5333, 0.5229, 0.5413, 0.5333, 0.5383, 0.5112, 0.5262, 0.5221, 0.5212, 0.5254, 0.5071, 0.5217]
2026-08-29 14:44:15,515 - fedlf_cifar100_IF50_alpha0p5_seed42.log - INFO - Medium Class Accuracy: [0.009, 0.0117, 0.0338, 0.0352, 0.0319, 0.0434, 0.0374, 0.0443, 0.0341, 0.0466, 0.0566, 0.05, 0.0553, 0.0741, 0.0655, 0.0838, 0.0852, 0.0855, 0.0729, 0.0779, 0.0914, 0.1138, 0.1121, 0.1076, 0.1286, 0.1314, 0.1286, 0.1434, 0.16, 0.1436, 0.1357, 0.1588, 0.1429, 0.1584, 0.1674, 0.1602, 0.1697, 0.1829, 0.1598, 0.1795, 0.1795, 0.1816, 0.1964, 0.1983, 0.1943, 0.2122, 0.2074, 0.2103, 0.2184, 0.2284, 0.2136, 0.2159, 0.2326, 0.2174, 0.2205, 0.2309, 0.2247, 0.2381, 0.2395, 0.2222, 0.236, 0.2217, 0.235, 0.2471, 0.2626, 0.2512, 0.2436, 0.2595, 0.2421, 0.2767, 0.2553, 0.2902, 0.2781, 0.2857, 0.2719, 0.2872, 0.284, 0.2752, 0.2769, 0.2969, 0.2728, 0.2757, 0.2903, 0.2978, 0.2848, 0.2693, 0.3016, 0.281, 0.3059, 0.2928, 0.3062, 0.309, 0.301, 0.3129, 0.31, 0.3007, 0.2826, 0.2853, 0.3102, 0.3226, 0.3176, 0.301, 0.3179, 0.3007, 0.2971, 0.3248, 0.304, 0.3233, 0.3012, 0.3398, 0.2959, 0.3071, 0.3119, 0.3038, 0.3162, 0.3069, 0.3198, 0.3116, 0.3293, 0.3257, 0.3178, 0.3293, 0.3267, 0.3257, 0.3238, 0.305, 0.3212, 0.3241, 0.3279, 0.3145, 0.3129, 0.3222, 0.3328, 0.3178, 0.3233, 0.315, 0.3319, 0.3303, 0.3391, 0.3341, 0.3229, 0.3341, 0.3174, 0.3341, 0.3271, 0.3312, 0.3178, 0.339, 0.3321, 0.3471, 0.3421, 0.3467, 0.3409, 0.3278, 0.356, 0.3359, 0.3293, 0.3269, 0.3269, 0.3372, 0.3364, 0.3564, 0.3433, 0.3402, 0.3322, 0.3479, 0.3438, 0.3429, 0.3355, 0.3409, 0.3453, 0.3391, 0.3367, 0.3483, 0.3391, 0.3524, 0.3531, 0.3434, 0.3581, 0.3453]
2026-08-29 14:44:15,515 - fedlf_cifar100_IF50_alpha0p5_seed42.log - INFO - Minority Class Accuracy: [0.0011, 0.035, 0.0217, 0.0128, 0.0606, 0.085, 0.055, 0.085, 0.1183, 0.0628, 0.1078, 0.1089, 0.0828, 0.075, 0.085, 0.1289, 0.1528, 0.1622, 0.1322, 0.1356, 0.1522, 0.1139, 0.1439, 0.1267, 0.1011, 0.1472, 0.1822, 0.1372, 0.135, 0.1489, 0.1611, 0.1622, 0.1606, 0.1733, 0.1383, 0.2011, 0.1572, 0.1872, 0.1617, 0.1972, 0.1633, 0.1406, 0.1361, 0.1206, 0.1539, 0.1456, 0.1956, 0.1606, 0.1472, 0.1856, 0.1561, 0.1217, 0.1889, 0.1528, 0.1422, 0.1967, 0.1933, 0.1589, 0.1206, 0.1656, 0.1617, 0.1511, 0.1544, 0.1989, 0.1706, 0.1861, 0.1817, 0.1828, 0.1661, 0.1672, 0.1056, 0.1422, 0.1467, 0.1928, 0.1361, 0.1744, 0.185, 0.1339, 0.135, 0.1861, 0.2056, 0.1833, 0.1628, 0.1522, 0.1511, 0.1839, 0.1539, 0.1722, 0.1778, 0.1883, 0.1789, 0.1944, 0.1517, 0.2233, 0.2067, 0.1644, 0.1394, 0.11, 0.1844, 0.1333, 0.1867, 0.1622, 0.1939, 0.1678, 0.1611, 0.1594, 0.1533, 0.2044, 0.1889, 0.1861, 0.1906, 0.1711, 0.1856, 0.1594, 0.1567, 0.1744, 0.1283, 0.1283, 0.15, 0.2067, 0.1583, 0.1711, 0.1711, 0.1894, 0.155, 0.165, 0.1989, 0.1506, 0.1394, 0.15, 0.1739, 0.1539, 0.19, 0.1633, 0.1572, 0.2011, 0.21, 0.2072, 0.2039, 0.2022, 0.1861, 0.1989, 0.1828, 0.2144, 0.235, 0.1911, 0.17, 0.1911, 0.1844, 0.2039, 0.1883, 0.2094, 0.1833, 0.16, 0.1717, 0.2106, 0.1817, 0.1817, 0.1739, 0.1744, 0.1661, 0.1439, 0.1572, 0.1833, 0.1689, 0.2033, 0.2228, 0.2089, 0.2056, 0.2033, 0.1844, 0.1561, 0.1806, 0.1661, 0.225, 0.1794, 0.1844, 0.1944, 0.2172, 0.1967]
2026-08-29 14:44:15,516 - fedlf_cifar100_IF50_alpha0p5_seed42.log - INFO - === Head-Tail Evaluation ===
2026-08-29 14:44:15,516 - fedlf_cifar100_IF50_alpha0p5_seed42.log - INFO - Head Accuracy: 0.5217
2026-08-29 14:44:15,516 - fedlf_cifar100_IF50_alpha0p5_seed42.log - INFO - Tail Accuracy: 0.1967
2026-08-29 14:44:15,517 - fedlf_cifar100_IF50_alpha0p5_seed42.log - INFO - Round 181 selected clients: [6, 7, 8, 9, 10, 11, 12, 18]
2026-08-29 14:44:44,844 - fedlf_cifar100_IF50_alpha0p5_seed42.log - INFO - Round 181 | Global 0.3677 | Head 0.5033 | Tail 0.2056 | Many 0.5033 | Medium 0.3619 | Few 0.2056 | best_tail 0.2350@145 | rollback=False
2026-08-29 14:44:44,844 - fedlf_cifar100_IF50_alpha0p5_seed42.log - INFO - Round 182 selected clients: [2, 4, 8, 14, 16, 17, 18, 19]
2026-08-29 14:45:13,542 - fedlf_cifar100_IF50_alpha0p5_seed42.log - INFO - Round 182 | Global 0.3627 | Head 0.5467 | Tail 0.1944 | Many 0.5467 | Medium 0.3388 | Few 0.1944 | best_tail 0.2350@145 | rollback=False
2026-08-29 14:45:13,543 - fedlf_cifar100_IF50_alpha0p5_seed42.log - INFO - Round 183 selected clients: [1, 3, 6, 7, 8, 14, 16, 19]
2026-08-29 14:45:42,511 - fedlf_cifar100_IF50_alpha0p5_seed42.log - INFO - Round 183 | Global 0.3629 | Head 0.5337 | Tail 0.2017 | Many 0.5337 | Medium 0.3422 | Few 0.2017 | best_tail 0.2350@145 | rollback=False
2026-08-29 14:45:42,512 - fedlf_cifar100_IF50_alpha0p5_seed42.log - INFO - Round 184 selected clients: [2, 10, 12, 13, 15, 16, 17, 18]
2026-08-29 14:46:09,864 - fedlf_cifar100_IF50_alpha0p5_seed42.log - INFO - Round 184 | Global 0.3630 | Head 0.5442 | Tail 0.2050 | Many 0.5442 | Medium 0.3371 | Few 0.2050 | best_tail 0.2350@145 | rollback=False
2026-08-29 14:46:09,865 - fedlf_cifar100_IF50_alpha0p5_seed42.log - INFO - Round 185 selected clients: [0, 1, 2, 3, 7, 8, 10, 19]
2026-08-29 14:46:41,042 - fedlf_cifar100_IF50_alpha0p5_seed42.log - INFO - Round 185 | Global 0.3692 | Head 0.5192 | Tail 0.2317 | Many 0.5192 | Medium 0.3498 | Few 0.2317 | best_tail 0.2350@145 | rollback=False
2026-08-29 14:46:41,043 - fedlf_cifar100_IF50_alpha0p5_seed42.log - INFO - Round 186 selected clients: [2, 4, 6, 9, 10, 11, 13, 19]
2026-08-29 14:47:09,741 - fedlf_cifar100_IF50_alpha0p5_seed42.log - INFO - Round 186 | Global 0.3695 | Head 0.5171 | Tail 0.2222 | Many 0.5171 | Medium 0.3541 | Few 0.2222 | best_tail 0.2350@145 | rollback=False
2026-08-29 14:47:09,741 - fedlf_cifar100_IF50_alpha0p5_seed42.log - INFO - Round 187 selected clients: [0, 1, 3, 9, 12, 13, 15, 19]
2026-08-29 14:47:38,350 - fedlf_cifar100_IF50_alpha0p5_seed42.log - INFO - Round 187 | Global 0.3673 | Head 0.5196 | Tail 0.2144 | Many 0.5196 | Medium 0.3517 | Few 0.2144 | best_tail 0.2350@145 | rollback=False
2026-08-29 14:47:38,351 - fedlf_cifar100_IF50_alpha0p5_seed42.log - INFO - Round 188 selected clients: [0, 2, 3, 5, 6, 11, 14, 19]
2026-08-29 14:48:05,592 - fedlf_cifar100_IF50_alpha0p5_seed42.log - INFO - Round 188 | Global 0.3607 | Head 0.5050 | Tail 0.1867 | Many 0.5050 | Medium 0.3550 | Few 0.1867 | best_tail 0.2350@145 | rollback=False
2026-08-29 14:48:05,593 - fedlf_cifar100_IF50_alpha0p5_seed42.log - INFO - Round 189 selected clients: [2, 6, 8, 10, 12, 16, 17, 19]
2026-08-29 14:48:32,429 - fedlf_cifar100_IF50_alpha0p5_seed42.log - INFO - Round 189 | Global 0.3703 | Head 0.5525 | Tail 0.2056 | Many 0.5525 | Medium 0.3460 | Few 0.2056 | best_tail 0.2350@145 | rollback=False
2026-08-29 14:48:32,429 - fedlf_cifar100_IF50_alpha0p5_seed42.log - INFO - Round 190 selected clients: [0, 4, 7, 8, 9, 14, 15, 16]
2026-08-29 14:48:58,895 - fedlf_cifar100_IF50_alpha0p5_seed42.log - INFO - Round 190 | Global 0.3598 | Head 0.5483 | Tail 0.1850 | Many 0.5483 | Medium 0.3360 | Few 0.1850 | best_tail 0.2350@145 | rollback=False
2026-08-29 14:48:58,919 - fedlf_cifar100_IF50_alpha0p5_seed42.log - INFO - Global Accuracy: [0.033, 0.0436, 0.0569, 0.0647, 0.0746, 0.0754, 0.0896, 0.0908, 0.0942, 0.1041, 0.107, 0.1119, 0.1155, 0.1209, 0.127, 0.1335, 0.1437, 0.1409, 0.1481, 0.151, 0.1579, 0.1645, 0.1746, 0.1725, 0.1799, 0.1886, 0.1908, 0.1919, 0.2032, 0.1917, 0.1927, 0.2096, 0.205, 0.2115, 0.216, 0.2178, 0.2208, 0.237, 0.225, 0.2385, 0.2342, 0.2327, 0.2319, 0.2364, 0.2412, 0.2429, 0.2569, 0.2476, 0.2513, 0.2621, 0.2524, 0.2496, 0.2715, 0.2592, 0.2565, 0.2734, 0.2752, 0.2761, 0.2671, 0.2678, 0.2745, 0.2689, 0.2731, 0.2814, 0.283, 0.285, 0.2878, 0.2931, 0.2854, 0.2949, 0.292, 0.3052, 0.2971, 0.3039, 0.2996, 0.3066, 0.3098, 0.2953, 0.3011, 0.316, 0.3171, 0.309, 0.3186, 0.3128, 0.3086, 0.3111, 0.3189, 0.3182, 0.3221, 0.3271, 0.3293, 0.3267, 0.3216, 0.3307, 0.3326, 0.3272, 0.3127, 0.3127, 0.3324, 0.3344, 0.3351, 0.3293, 0.3361, 0.3275, 0.3296, 0.3381, 0.3287, 0.3424, 0.332, 0.3473, 0.331, 0.3353, 0.3439, 0.3297, 0.3371, 0.3362, 0.3311, 0.3333, 0.3421, 0.345, 0.3376, 0.34, 0.3455, 0.3438, 0.3452, 0.3387, 0.3511, 0.3432, 0.342, 0.3359, 0.3395, 0.3409, 0.3512, 0.3399, 0.3427, 0.3497, 0.3551, 0.3559, 0.3575, 0.3543, 0.3479, 0.3526, 0.3484, 0.3517, 0.3563, 0.3516, 0.3473, 0.3579, 0.3571, 0.3599, 0.358, 0.3581, 0.356, 0.3478, 0.3611, 0.3593, 0.3498, 0.353, 0.3525, 0.3564, 0.3565, 0.363, 0.3555, 0.3603, 0.3537, 0.3617, 0.3638, 0.3644, 0.3596, 0.3598, 0.3634, 0.3528, 0.357, 0.3546, 0.3635, 0.362, 0.3631, 0.3603, 0.3685, 0.3609, 0.3677, 0.3627, 0.3629, 0.363, 0.3692, 0.3695, 0.3673, 0.3607, 0.3703, 0.3598]
2026-08-29 14:48:58,919 - fedlf_cifar100_IF50_alpha0p5_seed42.log - INFO - Majority Class Accuracy: [0.115, 0.1271, 0.1392, 0.175, 0.1883, 0.1454, 0.2417, 0.2075, 0.2213, 0.2742, 0.2283, 0.2637, 0.2854, 0.2683, 0.3071, 0.2571, 0.2783, 0.2587, 0.3417, 0.3392, 0.3229, 0.325, 0.3488, 0.3638, 0.3629, 0.3579, 0.3475, 0.35, 0.3588, 0.34, 0.3542, 0.3679, 0.3883, 0.3683, 0.3917, 0.3696, 0.3921, 0.405, 0.43, 0.4121, 0.4196, 0.4254, 0.3896, 0.4154, 0.42, 0.39, 0.4225, 0.4029, 0.4088, 0.4008, 0.4183, 0.4271, 0.4275, 0.44, 0.4292, 0.4338, 0.4587, 0.4558, 0.4437, 0.4546, 0.4521, 0.4713, 0.4542, 0.4263, 0.4167, 0.4408, 0.4742, 0.4571, 0.4796, 0.4346, 0.5204, 0.4637, 0.4558, 0.4313, 0.4892, 0.4525, 0.4658, 0.465, 0.4842, 0.4596, 0.5079, 0.4838, 0.5038, 0.4696, 0.4842, 0.5075, 0.4846, 0.5175, 0.4696, 0.5142, 0.4979, 0.4688, 0.4988, 0.4542, 0.4817, 0.5133, 0.5154, 0.5308, 0.4971, 0.5138, 0.4888, 0.5229, 0.4867, 0.5121, 0.5346, 0.5042, 0.52, 0.4921, 0.5138, 0.4863, 0.5212, 0.5267, 0.54, 0.52, 0.5229, 0.5283, 0.5104, 0.5396, 0.5171, 0.4954, 0.52, 0.4925, 0.5217, 0.5033, 0.5396, 0.5504, 0.5375, 0.5337, 0.5279, 0.5271, 0.5279, 0.5262, 0.5167, 0.5258, 0.5288, 0.545, 0.52, 0.5292, 0.5171, 0.5171, 0.5296, 0.5125, 0.5475, 0.4971, 0.5179, 0.5212, 0.5517, 0.5288, 0.5471, 0.5079, 0.5238, 0.4971, 0.5221, 0.5371, 0.5154, 0.5275, 0.5254, 0.5446, 0.5483, 0.5392, 0.5479, 0.5433, 0.5337, 0.5417, 0.5442, 0.5138, 0.5179, 0.5329, 0.5333, 0.5229, 0.5413, 0.5333, 0.5383, 0.5112, 0.5262, 0.5221, 0.5212, 0.5254, 0.5071, 0.5217, 0.5033, 0.5467, 0.5337, 0.5442, 0.5192, 0.5171, 0.5196, 0.505, 0.5525, 0.5483]
2026-08-29 14:48:58,919 - fedlf_cifar100_IF50_alpha0p5_seed42.log - INFO - Medium Class Accuracy: [0.009, 0.0117, 0.0338, 0.0352, 0.0319, 0.0434, 0.0374, 0.0443, 0.0341, 0.0466, 0.0566, 0.05, 0.0553, 0.0741, 0.0655, 0.0838, 0.0852, 0.0855, 0.0729, 0.0779, 0.0914, 0.1138, 0.1121, 0.1076, 0.1286, 0.1314, 0.1286, 0.1434, 0.16, 0.1436, 0.1357, 0.1588, 0.1429, 0.1584, 0.1674, 0.1602, 0.1697, 0.1829, 0.1598, 0.1795, 0.1795, 0.1816, 0.1964, 0.1983, 0.1943, 0.2122, 0.2074, 0.2103, 0.2184, 0.2284, 0.2136, 0.2159, 0.2326, 0.2174, 0.2205, 0.2309, 0.2247, 0.2381, 0.2395, 0.2222, 0.236, 0.2217, 0.235, 0.2471, 0.2626, 0.2512, 0.2436, 0.2595, 0.2421, 0.2767, 0.2553, 0.2902, 0.2781, 0.2857, 0.2719, 0.2872, 0.284, 0.2752, 0.2769, 0.2969, 0.2728, 0.2757, 0.2903, 0.2978, 0.2848, 0.2693, 0.3016, 0.281, 0.3059, 0.2928, 0.3062, 0.309, 0.301, 0.3129, 0.31, 0.3007, 0.2826, 0.2853, 0.3102, 0.3226, 0.3176, 0.301, 0.3179, 0.3007, 0.2971, 0.3248, 0.304, 0.3233, 0.3012, 0.3398, 0.2959, 0.3071, 0.3119, 0.3038, 0.3162, 0.3069, 0.3198, 0.3116, 0.3293, 0.3257, 0.3178, 0.3293, 0.3267, 0.3257, 0.3238, 0.305, 0.3212, 0.3241, 0.3279, 0.3145, 0.3129, 0.3222, 0.3328, 0.3178, 0.3233, 0.315, 0.3319, 0.3303, 0.3391, 0.3341, 0.3229, 0.3341, 0.3174, 0.3341, 0.3271, 0.3312, 0.3178, 0.339, 0.3321, 0.3471, 0.3421, 0.3467, 0.3409, 0.3278, 0.356, 0.3359, 0.3293, 0.3269, 0.3269, 0.3372, 0.3364, 0.3564, 0.3433, 0.3402, 0.3322, 0.3479, 0.3438, 0.3429, 0.3355, 0.3409, 0.3453, 0.3391, 0.3367, 0.3483, 0.3391, 0.3524, 0.3531, 0.3434, 0.3581, 0.3453, 0.3619, 0.3388, 0.3422, 0.3371, 0.3498, 0.3541, 0.3517, 0.355, 0.346, 0.336]
2026-08-29 14:48:58,919 - fedlf_cifar100_IF50_alpha0p5_seed42.log - INFO - Minority Class Accuracy: [0.0011, 0.035, 0.0217, 0.0128, 0.0606, 0.085, 0.055, 0.085, 0.1183, 0.0628, 0.1078, 0.1089, 0.0828, 0.075, 0.085, 0.1289, 0.1528, 0.1622, 0.1322, 0.1356, 0.1522, 0.1139, 0.1439, 0.1267, 0.1011, 0.1472, 0.1822, 0.1372, 0.135, 0.1489, 0.1611, 0.1622, 0.1606, 0.1733, 0.1383, 0.2011, 0.1572, 0.1872, 0.1617, 0.1972, 0.1633, 0.1406, 0.1361, 0.1206, 0.1539, 0.1456, 0.1956, 0.1606, 0.1472, 0.1856, 0.1561, 0.1217, 0.1889, 0.1528, 0.1422, 0.1967, 0.1933, 0.1589, 0.1206, 0.1656, 0.1617, 0.1511, 0.1544, 0.1989, 0.1706, 0.1861, 0.1817, 0.1828, 0.1661, 0.1672, 0.1056, 0.1422, 0.1467, 0.1928, 0.1361, 0.1744, 0.185, 0.1339, 0.135, 0.1861, 0.2056, 0.1833, 0.1628, 0.1522, 0.1511, 0.1839, 0.1539, 0.1722, 0.1778, 0.1883, 0.1789, 0.1944, 0.1517, 0.2233, 0.2067, 0.1644, 0.1394, 0.11, 0.1844, 0.1333, 0.1867, 0.1622, 0.1939, 0.1678, 0.1611, 0.1594, 0.1533, 0.2044, 0.1889, 0.1861, 0.1906, 0.1711, 0.1856, 0.1594, 0.1567, 0.1744, 0.1283, 0.1283, 0.15, 0.2067, 0.1583, 0.1711, 0.1711, 0.1894, 0.155, 0.165, 0.1989, 0.1506, 0.1394, 0.15, 0.1739, 0.1539, 0.19, 0.1633, 0.1572, 0.2011, 0.21, 0.2072, 0.2039, 0.2022, 0.1861, 0.1989, 0.1828, 0.2144, 0.235, 0.1911, 0.17, 0.1911, 0.1844, 0.2039, 0.1883, 0.2094, 0.1833, 0.16, 0.1717, 0.2106, 0.1817, 0.1817, 0.1739, 0.1744, 0.1661, 0.1439, 0.1572, 0.1833, 0.1689, 0.2033, 0.2228, 0.2089, 0.2056, 0.2033, 0.1844, 0.1561, 0.1806, 0.1661, 0.225, 0.1794, 0.1844, 0.1944, 0.2172, 0.1967, 0.2056, 0.1944, 0.2017, 0.205, 0.2317, 0.2222, 0.2144, 0.1867, 0.2056, 0.185]
2026-08-29 14:48:58,919 - fedlf_cifar100_IF50_alpha0p5_seed42.log - INFO - === Head-Tail Evaluation ===
2026-08-29 14:48:58,919 - fedlf_cifar100_IF50_alpha0p5_seed42.log - INFO - Head Accuracy: 0.5483
2026-08-29 14:48:58,920 - fedlf_cifar100_IF50_alpha0p5_seed42.log - INFO - Tail Accuracy: 0.1850
2026-08-29 14:48:58,920 - fedlf_cifar100_IF50_alpha0p5_seed42.log - INFO - Round 191 selected clients: [0, 2, 4, 5, 8, 10, 11, 15]
2026-08-29 14:49:26,656 - fedlf_cifar100_IF50_alpha0p5_seed42.log - INFO - Round 191 | Global 0.3642 | Head 0.5142 | Tail 0.2106 | Many 0.5142 | Medium 0.3498 | Few 0.2106 | best_tail 0.2350@145 | rollback=False
2026-08-29 14:49:26,656 - fedlf_cifar100_IF50_alpha0p5_seed42.log - INFO - Round 192 selected clients: [0, 2, 5, 9, 10, 11, 16, 19]
2026-08-29 14:49:55,061 - fedlf_cifar100_IF50_alpha0p5_seed42.log - INFO - Round 192 | Global 0.3634 | Head 0.5150 | Tail 0.2028 | Many 0.5150 | Medium 0.3505 | Few 0.2028 | best_tail 0.2350@145 | rollback=False
2026-08-29 14:49:55,062 - fedlf_cifar100_IF50_alpha0p5_seed42.log - INFO - Round 193 selected clients: [2, 3, 6, 7, 9, 10, 15, 17]
2026-08-29 14:50:23,318 - fedlf_cifar100_IF50_alpha0p5_seed42.log - INFO - Round 193 | Global 0.3720 | Head 0.5258 | Tail 0.2156 | Many 0.5258 | Medium 0.3569 | Few 0.2156 | best_tail 0.2350@145 | rollback=False
2026-08-29 14:50:23,318 - fedlf_cifar100_IF50_alpha0p5_seed42.log - INFO - Round 194 selected clients: [6, 8, 9, 14, 15, 16, 17, 19]
2026-08-29 14:50:51,269 - fedlf_cifar100_IF50_alpha0p5_seed42.log - INFO - Round 194 | Global 0.3619 | Head 0.5337 | Tail 0.1817 | Many 0.5337 | Medium 0.3467 | Few 0.1817 | best_tail 0.2350@145 | rollback=False
2026-08-29 14:50:51,270 - fedlf_cifar100_IF50_alpha0p5_seed42.log - INFO - Round 195 selected clients: [0, 5, 9, 12, 13, 16, 17, 18]
2026-08-29 14:51:18,595 - fedlf_cifar100_IF50_alpha0p5_seed42.log - INFO - Round 195 | Global 0.3621 | Head 0.5429 | Tail 0.1867 | Many 0.5429 | Medium 0.3417 | Few 0.1867 | best_tail 0.2350@145 | rollback=False
2026-08-29 14:51:18,596 - fedlf_cifar100_IF50_alpha0p5_seed42.log - INFO - Round 196 selected clients: [0, 1, 3, 4, 10, 12, 13, 15]
2026-08-29 14:51:45,754 - fedlf_cifar100_IF50_alpha0p5_seed42.log - INFO - Round 196 | Global 0.3685 | Head 0.5288 | Tail 0.2211 | Many 0.5288 | Medium 0.3479 | Few 0.2211 | best_tail 0.2350@145 | rollback=False
2026-08-29 14:51:45,754 - fedlf_cifar100_IF50_alpha0p5_seed42.log - INFO - Round 197 selected clients: [0, 1, 6, 7, 8, 14, 15, 19]
2026-08-29 14:52:15,204 - fedlf_cifar100_IF50_alpha0p5_seed42.log - INFO - Round 197 | Global 0.3633 | Head 0.5238 | Tail 0.2011 | Many 0.5238 | Medium 0.3472 | Few 0.2011 | best_tail 0.2350@145 | rollback=False
2026-08-29 14:52:15,205 - fedlf_cifar100_IF50_alpha0p5_seed42.log - INFO - Round 198 selected clients: [0, 1, 2, 3, 5, 13, 15, 19]
2026-08-29 14:52:45,430 - fedlf_cifar100_IF50_alpha0p5_seed42.log - INFO - Round 198 | Global 0.3635 | Head 0.4992 | Tail 0.1989 | Many 0.4992 | Medium 0.3584 | Few 0.1989 | best_tail 0.2350@145 | rollback=False
2026-08-29 14:52:45,431 - fedlf_cifar100_IF50_alpha0p5_seed42.log - INFO - Round 199 selected clients: [2, 4, 6, 8, 11, 12, 14, 15]
2026-08-29 14:53:12,375 - fedlf_cifar100_IF50_alpha0p5_seed42.log - INFO - Round 199 | Global 0.3642 | Head 0.5196 | Tail 0.1778 | Many 0.5196 | Medium 0.3578 | Few 0.1778 | best_tail 0.2350@145 | rollback=False
2026-08-29 14:53:12,376 - fedlf_cifar100_IF50_alpha0p5_seed42.log - INFO - Round 200 selected clients: [0, 6, 11, 12, 14, 15, 16, 19]
2026-08-29 14:53:39,971 - fedlf_cifar100_IF50_alpha0p5_seed42.log - INFO - Round 200 | Global 0.3562 | Head 0.5200 | Tail 0.1633 | Many 0.5200 | Medium 0.3483 | Few 0.1633 | best_tail 0.2350@145 | rollback=False
2026-08-29 14:53:39,991 - fedlf_cifar100_IF50_alpha0p5_seed42.log - INFO - Global Accuracy: [0.033, 0.0436, 0.0569, 0.0647, 0.0746, 0.0754, 0.0896, 0.0908, 0.0942, 0.1041, 0.107, 0.1119, 0.1155, 0.1209, 0.127, 0.1335, 0.1437, 0.1409, 0.1481, 0.151, 0.1579, 0.1645, 0.1746, 0.1725, 0.1799, 0.1886, 0.1908, 0.1919, 0.2032, 0.1917, 0.1927, 0.2096, 0.205, 0.2115, 0.216, 0.2178, 0.2208, 0.237, 0.225, 0.2385, 0.2342, 0.2327, 0.2319, 0.2364, 0.2412, 0.2429, 0.2569, 0.2476, 0.2513, 0.2621, 0.2524, 0.2496, 0.2715, 0.2592, 0.2565, 0.2734, 0.2752, 0.2761, 0.2671, 0.2678, 0.2745, 0.2689, 0.2731, 0.2814, 0.283, 0.285, 0.2878, 0.2931, 0.2854, 0.2949, 0.292, 0.3052, 0.2971, 0.3039, 0.2996, 0.3066, 0.3098, 0.2953, 0.3011, 0.316, 0.3171, 0.309, 0.3186, 0.3128, 0.3086, 0.3111, 0.3189, 0.3182, 0.3221, 0.3271, 0.3293, 0.3267, 0.3216, 0.3307, 0.3326, 0.3272, 0.3127, 0.3127, 0.3324, 0.3344, 0.3351, 0.3293, 0.3361, 0.3275, 0.3296, 0.3381, 0.3287, 0.3424, 0.332, 0.3473, 0.331, 0.3353, 0.3439, 0.3297, 0.3371, 0.3362, 0.3311, 0.3333, 0.3421, 0.345, 0.3376, 0.34, 0.3455, 0.3438, 0.3452, 0.3387, 0.3511, 0.3432, 0.342, 0.3359, 0.3395, 0.3409, 0.3512, 0.3399, 0.3427, 0.3497, 0.3551, 0.3559, 0.3575, 0.3543, 0.3479, 0.3526, 0.3484, 0.3517, 0.3563, 0.3516, 0.3473, 0.3579, 0.3571, 0.3599, 0.358, 0.3581, 0.356, 0.3478, 0.3611, 0.3593, 0.3498, 0.353, 0.3525, 0.3564, 0.3565, 0.363, 0.3555, 0.3603, 0.3537, 0.3617, 0.3638, 0.3644, 0.3596, 0.3598, 0.3634, 0.3528, 0.357, 0.3546, 0.3635, 0.362, 0.3631, 0.3603, 0.3685, 0.3609, 0.3677, 0.3627, 0.3629, 0.363, 0.3692, 0.3695, 0.3673, 0.3607, 0.3703, 0.3598, 0.3642, 0.3634, 0.372, 0.3619, 0.3621, 0.3685, 0.3633, 0.3635, 0.3642, 0.3562]
2026-08-29 14:53:39,991 - fedlf_cifar100_IF50_alpha0p5_seed42.log - INFO - Majority Class Accuracy: [0.115, 0.1271, 0.1392, 0.175, 0.1883, 0.1454, 0.2417, 0.2075, 0.2213, 0.2742, 0.2283, 0.2637, 0.2854, 0.2683, 0.3071, 0.2571, 0.2783, 0.2587, 0.3417, 0.3392, 0.3229, 0.325, 0.3488, 0.3638, 0.3629, 0.3579, 0.3475, 0.35, 0.3588, 0.34, 0.3542, 0.3679, 0.3883, 0.3683, 0.3917, 0.3696, 0.3921, 0.405, 0.43, 0.4121, 0.4196, 0.4254, 0.3896, 0.4154, 0.42, 0.39, 0.4225, 0.4029, 0.4088, 0.4008, 0.4183, 0.4271, 0.4275, 0.44, 0.4292, 0.4338, 0.4587, 0.4558, 0.4437, 0.4546, 0.4521, 0.4713, 0.4542, 0.4263, 0.4167, 0.4408, 0.4742, 0.4571, 0.4796, 0.4346, 0.5204, 0.4637, 0.4558, 0.4313, 0.4892, 0.4525, 0.4658, 0.465, 0.4842, 0.4596, 0.5079, 0.4838, 0.5038, 0.4696, 0.4842, 0.5075, 0.4846, 0.5175, 0.4696, 0.5142, 0.4979, 0.4688, 0.4988, 0.4542, 0.4817, 0.5133, 0.5154, 0.5308, 0.4971, 0.5138, 0.4888, 0.5229, 0.4867, 0.5121, 0.5346, 0.5042, 0.52, 0.4921, 0.5138, 0.4863, 0.5212, 0.5267, 0.54, 0.52, 0.5229, 0.5283, 0.5104, 0.5396, 0.5171, 0.4954, 0.52, 0.4925, 0.5217, 0.5033, 0.5396, 0.5504, 0.5375, 0.5337, 0.5279, 0.5271, 0.5279, 0.5262, 0.5167, 0.5258, 0.5288, 0.545, 0.52, 0.5292, 0.5171, 0.5171, 0.5296, 0.5125, 0.5475, 0.4971, 0.5179, 0.5212, 0.5517, 0.5288, 0.5471, 0.5079, 0.5238, 0.4971, 0.5221, 0.5371, 0.5154, 0.5275, 0.5254, 0.5446, 0.5483, 0.5392, 0.5479, 0.5433, 0.5337, 0.5417, 0.5442, 0.5138, 0.5179, 0.5329, 0.5333, 0.5229, 0.5413, 0.5333, 0.5383, 0.5112, 0.5262, 0.5221, 0.5212, 0.5254, 0.5071, 0.5217, 0.5033, 0.5467, 0.5337, 0.5442, 0.5192, 0.5171, 0.5196, 0.505, 0.5525, 0.5483, 0.5142, 0.515, 0.5258, 0.5337, 0.5429, 0.5288, 0.5238, 0.4992, 0.5196, 0.52]
2026-08-29 14:53:39,991 - fedlf_cifar100_IF50_alpha0p5_seed42.log - INFO - Medium Class Accuracy: [0.009, 0.0117, 0.0338, 0.0352, 0.0319, 0.0434, 0.0374, 0.0443, 0.0341, 0.0466, 0.0566, 0.05, 0.0553, 0.0741, 0.0655, 0.0838, 0.0852, 0.0855, 0.0729, 0.0779, 0.0914, 0.1138, 0.1121, 0.1076, 0.1286, 0.1314, 0.1286, 0.1434, 0.16, 0.1436, 0.1357, 0.1588, 0.1429, 0.1584, 0.1674, 0.1602, 0.1697, 0.1829, 0.1598, 0.1795, 0.1795, 0.1816, 0.1964, 0.1983, 0.1943, 0.2122, 0.2074, 0.2103, 0.2184, 0.2284, 0.2136, 0.2159, 0.2326, 0.2174, 0.2205, 0.2309, 0.2247, 0.2381, 0.2395, 0.2222, 0.236, 0.2217, 0.235, 0.2471, 0.2626, 0.2512, 0.2436, 0.2595, 0.2421, 0.2767, 0.2553, 0.2902, 0.2781, 0.2857, 0.2719, 0.2872, 0.284, 0.2752, 0.2769, 0.2969, 0.2728, 0.2757, 0.2903, 0.2978, 0.2848, 0.2693, 0.3016, 0.281, 0.3059, 0.2928, 0.3062, 0.309, 0.301, 0.3129, 0.31, 0.3007, 0.2826, 0.2853, 0.3102, 0.3226, 0.3176, 0.301, 0.3179, 0.3007, 0.2971, 0.3248, 0.304, 0.3233, 0.3012, 0.3398, 0.2959, 0.3071, 0.3119, 0.3038, 0.3162, 0.3069, 0.3198, 0.3116, 0.3293, 0.3257, 0.3178, 0.3293, 0.3267, 0.3257, 0.3238, 0.305, 0.3212, 0.3241, 0.3279, 0.3145, 0.3129, 0.3222, 0.3328, 0.3178, 0.3233, 0.315, 0.3319, 0.3303, 0.3391, 0.3341, 0.3229, 0.3341, 0.3174, 0.3341, 0.3271, 0.3312, 0.3178, 0.339, 0.3321, 0.3471, 0.3421, 0.3467, 0.3409, 0.3278, 0.356, 0.3359, 0.3293, 0.3269, 0.3269, 0.3372, 0.3364, 0.3564, 0.3433, 0.3402, 0.3322, 0.3479, 0.3438, 0.3429, 0.3355, 0.3409, 0.3453, 0.3391, 0.3367, 0.3483, 0.3391, 0.3524, 0.3531, 0.3434, 0.3581, 0.3453, 0.3619, 0.3388, 0.3422, 0.3371, 0.3498, 0.3541, 0.3517, 0.355, 0.346, 0.336, 0.3498, 0.3505, 0.3569, 0.3467, 0.3417, 0.3479, 0.3472, 0.3584, 0.3578, 0.3483]
2026-08-29 14:53:39,991 - fedlf_cifar100_IF50_alpha0p5_seed42.log - INFO - Minority Class Accuracy: [0.0011, 0.035, 0.0217, 0.0128, 0.0606, 0.085, 0.055, 0.085, 0.1183, 0.0628, 0.1078, 0.1089, 0.0828, 0.075, 0.085, 0.1289, 0.1528, 0.1622, 0.1322, 0.1356, 0.1522, 0.1139, 0.1439, 0.1267, 0.1011, 0.1472, 0.1822, 0.1372, 0.135, 0.1489, 0.1611, 0.1622, 0.1606, 0.1733, 0.1383, 0.2011, 0.1572, 0.1872, 0.1617, 0.1972, 0.1633, 0.1406, 0.1361, 0.1206, 0.1539, 0.1456, 0.1956, 0.1606, 0.1472, 0.1856, 0.1561, 0.1217, 0.1889, 0.1528, 0.1422, 0.1967, 0.1933, 0.1589, 0.1206, 0.1656, 0.1617, 0.1511, 0.1544, 0.1989, 0.1706, 0.1861, 0.1817, 0.1828, 0.1661, 0.1672, 0.1056, 0.1422, 0.1467, 0.1928, 0.1361, 0.1744, 0.185, 0.1339, 0.135, 0.1861, 0.2056, 0.1833, 0.1628, 0.1522, 0.1511, 0.1839, 0.1539, 0.1722, 0.1778, 0.1883, 0.1789, 0.1944, 0.1517, 0.2233, 0.2067, 0.1644, 0.1394, 0.11, 0.1844, 0.1333, 0.1867, 0.1622, 0.1939, 0.1678, 0.1611, 0.1594, 0.1533, 0.2044, 0.1889, 0.1861, 0.1906, 0.1711, 0.1856, 0.1594, 0.1567, 0.1744, 0.1283, 0.1283, 0.15, 0.2067, 0.1583, 0.1711, 0.1711, 0.1894, 0.155, 0.165, 0.1989, 0.1506, 0.1394, 0.15, 0.1739, 0.1539, 0.19, 0.1633, 0.1572, 0.2011, 0.21, 0.2072, 0.2039, 0.2022, 0.1861, 0.1989, 0.1828, 0.2144, 0.235, 0.1911, 0.17, 0.1911, 0.1844, 0.2039, 0.1883, 0.2094, 0.1833, 0.16, 0.1717, 0.2106, 0.1817, 0.1817, 0.1739, 0.1744, 0.1661, 0.1439, 0.1572, 0.1833, 0.1689, 0.2033, 0.2228, 0.2089, 0.2056, 0.2033, 0.1844, 0.1561, 0.1806, 0.1661, 0.225, 0.1794, 0.1844, 0.1944, 0.2172, 0.1967, 0.2056, 0.1944, 0.2017, 0.205, 0.2317, 0.2222, 0.2144, 0.1867, 0.2056, 0.185, 0.2106, 0.2028, 0.2156, 0.1817, 0.1867, 0.2211, 0.2011, 0.1989, 0.1778, 0.1633]
2026-08-29 14:53:39,992 - fedlf_cifar100_IF50_alpha0p5_seed42.log - INFO - === Head-Tail Evaluation ===
2026-08-29 14:53:39,992 - fedlf_cifar100_IF50_alpha0p5_seed42.log - INFO - Head Accuracy: 0.5200
2026-08-29 14:53:39,992 - fedlf_cifar100_IF50_alpha0p5_seed42.log - INFO - Tail Accuracy: 0.1633
2026-08-29 14:53:40,016 - fedlf_cifar100_IF50_alpha0p5_seed42.log - INFO - ========== FINISHED ==========
2026-08-29 14:53:40,017 - fedlf_cifar100_IF50_alpha0p5_seed42.log - INFO - Final Global: 0.3562
2026-08-29 14:53:40,017 - fedlf_cifar100_IF50_alpha0p5_seed42.log - INFO - Final Head: 0.5200
2026-08-29 14:53:40,017 - fedlf_cifar100_IF50_alpha0p5_seed42.log - INFO - Final Tail: 0.1633
2026-08-29 14:53:40,017 - fedlf_cifar100_IF50_alpha0p5_seed42.log - INFO - Best Tail (diagnostic only; do NOT use for Table-1 reporting): 0.2350 @ round 145
2026-08-29 14:53:40,018 - fedlf_cifar100_IF50_alpha0p5_seed42.log - INFO - History file: D:\Desktop\FedLF_project\FedLF\outputs\fedlf_cifar100_IF50_alpha0p5_seed42\head_tail_history.pkl
2026-08-29 14:53:40,018 - fedlf_cifar100_IF50_alpha0p5_seed42.log - INFO - Checkpoint file: D:\Desktop\FedLF_project\FedLF\outputs\fedlf_cifar100_IF50_alpha0p5_seed42\checkpoint.pth
2026-08-29 14:53:40,018 - fedlf_cifar100_IF50_alpha0p5_seed42.log - INFO - Final model file: D:\Desktop\FedLF_project\FedLF\outputs\fedlf_cifar100_IF50_alpha0p5_seed42\final_model.pth
