2026-08-30 19:51:45,015 - ear_direct_cifar10_c_IF100_alpha0p5_h2_m4_seed42_eps0p75_ca0p7_w30_taw1p5.log - INFO - ==========================================================================================
2026-08-30 19:51:45,015 - ear_direct_cifar10_c_IF100_alpha0p5_h2_m4_seed42_eps0p75_ca0p7_w30_taw1p5.log - INFO - EXPERIMENT 11: E/A/R DIRECT MECHANISM EVIDENCE
2026-08-30 19:51:45,016 - ear_direct_cifar10_c_IF100_alpha0p5_h2_m4_seed42_eps0p75_ca0p7_w30_taw1p5.log - INFO - Run name: ear_direct_cifar10_c_IF100_alpha0p5_h2_m4_seed42_eps0p75_ca0p7_w30_taw1p5
2026-08-30 19:51:45,016 - ear_direct_cifar10_c_IF100_alpha0p5_h2_m4_seed42_eps0p75_ca0p7_w30_taw1p5.log - INFO - Mode: c | S=False C=True A=False
2026-08-30 19:51:45,017 - ear_direct_cifar10_c_IF100_alpha0p5_h2_m4_seed42_eps0p75_ca0p7_w30_taw1p5.log - INFO - dataset:cifar10, num_classes:10
2026-08-30 19:51:45,017 - ear_direct_cifar10_c_IF100_alpha0p5_h2_m4_seed42_eps0p75_ca0p7_w30_taw1p5.log - INFO - imb_factor:0.01 (IF=100), non_iid_alpha:0.5, rs_alpha:0.5
2026-08-30 19:51:45,017 - ear_direct_cifar10_c_IF100_alpha0p5_h2_m4_seed42_eps0p75_ca0p7_w30_taw1p5.log - INFO - K=20, online=4, participation=0.2000
2026-08-30 19:51:45,017 - ear_direct_cifar10_c_IF100_alpha0p5_h2_m4_seed42_eps0p75_ca0p7_w30_taw1p5.log - INFO - rounds=200, local_epochs=10, batch=32, base_lr=0.1, lr_schedule=fixed
2026-08-30 19:51:45,017 - ear_direct_cifar10_c_IF100_alpha0p5_h2_m4_seed42_eps0p75_ca0p7_w30_taw1p5.log - INFO - S epsilon=0.7500 | C alpha=0.7000 warmup=30 | A tail_agg_weight=1.5000 beta=0.1250 residual_factor=1.1250
2026-08-30 19:51:45,017 - ear_direct_cifar10_c_IF100_alpha0p5_h2_m4_seed42_eps0p75_ca0p7_w30_taw1p5.log - INFO - seed=42
2026-08-30 19:51:45,018 - ear_direct_cifar10_c_IF100_alpha0p5_h2_m4_seed42_eps0p75_ca0p7_w30_taw1p5.log - INFO - test-set rollback enabled: False
2026-08-30 19:51:45,018 - ear_direct_cifar10_c_IF100_alpha0p5_h2_m4_seed42_eps0p75_ca0p7_w30_taw1p5.log - INFO - Log file: D:\Desktop\FedLF_project\FedLF\Logs\ear_direct_cifar10_c_IF100_alpha0p5_h2_m4_seed42_eps0p75_ca0p7_w30_taw1p5.log
2026-08-30 19:51:45,018 - ear_direct_cifar10_c_IF100_alpha0p5_h2_m4_seed42_eps0p75_ca0p7_w30_taw1p5.log - INFO - Output directory: D:\Desktop\FedLF_project\FedLF\outputs\ear_direct_cifar10_c_IF100_alpha0p5_h2_m4_seed42_eps0p75_ca0p7_w30_taw1p5
2026-08-30 19:51:45,018 - ear_direct_cifar10_c_IF100_alpha0p5_h2_m4_seed42_eps0p75_ca0p7_w30_taw1p5.log - INFO - ==========================================================================================
2026-08-30 19:51:51,347 - ear_direct_cifar10_c_IF100_alpha0p5_h2_m4_seed42_eps0p75_ca0p7_w30_taw1p5.log - INFO - Global class counts: [5000, 2997, 1796, 1077, 645, 387, 232, 139, 83, 50]
2026-08-30 19:51:51,347 - ear_direct_cifar10_c_IF100_alpha0p5_h2_m4_seed42_eps0p75_ca0p7_w30_taw1p5.log - INFO - Controlled target class 9 | N=50 | h=2 | hosts=[4, 6] | per_host={6: 25, 4: 25}
2026-08-30 19:51:51,348 - ear_direct_cifar10_c_IF100_alpha0p5_h2_m4_seed42_eps0p75_ca0p7_w30_taw1p5.log - INFO - Random-sampling theoretical target Exposure at m=4: 0.368421
2026-08-30 19:51:51,348 - ear_direct_cifar10_c_IF100_alpha0p5_h2_m4_seed42_eps0p75_ca0p7_w30_taw1p5.log - INFO - Base partition SHA256: 91fc508fdd8b116a19ca7809c6dfe5d6b9f4161086b898c272ecff4fedcd1acf
2026-08-30 19:51:51,348 - ear_direct_cifar10_c_IF100_alpha0p5_h2_m4_seed42_eps0p75_ca0p7_w30_taw1p5.log - INFO - Paper thresholds: Head > 1500, Tail < 200
2026-08-30 19:51:51,348 - ear_direct_cifar10_c_IF100_alpha0p5_h2_m4_seed42_eps0p75_ca0p7_w30_taw1p5.log - INFO - Tail classes (<200): [7, 8, 9]
2026-08-30 19:51:51,348 - ear_direct_cifar10_c_IF100_alpha0p5_h2_m4_seed42_eps0p75_ca0p7_w30_taw1p5.log - INFO - Client data sizes: [621, 621, 621, 605, 646, 620, 643, 620, 620, 614, 620, 620, 620, 620, 620, 613, 620, 620, 612, 610]
2026-08-30 19:51:51,348 - ear_direct_cifar10_c_IF100_alpha0p5_h2_m4_seed42_eps0p75_ca0p7_w30_taw1p5.log - INFO - Partition SHA256: 3239af1f32e2f8eb835b2750615bde3424bff7c575ad6f7be96c35d7d67dab7c
2026-08-30 19:51:51,478 - ear_direct_cifar10_c_IF100_alpha0p5_h2_m4_seed42_eps0p75_ca0p7_w30_taw1p5.log - INFO - Round 1 selected clients: [0, 1, 15, 17]
2026-08-30 19:52:05,227 - ear_direct_cifar10_c_IF100_alpha0p5_h2_m4_seed42_eps0p75_ca0p7_w30_taw1p5.log - INFO - Round 1 | Global 0.1346 | Head 0.3657 | Middle 0.0622 | Tail 0.0000 | Hmean 0.0000 | ExpEvent 0 | ExpMass 0.020606 | best_tail 0.0000@1
2026-08-30 19:52:05,227 - ear_direct_cifar10_c_IF100_alpha0p5_h2_m4_seed42_eps0p75_ca0p7_w30_taw1p5.log - INFO - EAR Round 1 | targetExp 0 targetSamples 0 tailExpRate 0.6667 | gradShare 0.075599 | Retention proj 0.784035 -> 0.784035 (gain 0.000000) | cos 0.781116 -> 0.781116
2026-08-30 19:52:05,230 - ear_direct_cifar10_c_IF100_alpha0p5_h2_m4_seed42_eps0p75_ca0p7_w30_taw1p5.log - INFO - Round 2 selected clients: [5, 15, 16, 19]
2026-08-30 19:52:18,749 - ear_direct_cifar10_c_IF100_alpha0p5_h2_m4_seed42_eps0p75_ca0p7_w30_taw1p5.log - INFO - Round 2 | Global 0.2380 | Head 0.6487 | Middle 0.1085 | Tail 0.0000 | Hmean 0.0000 | ExpEvent 0 | ExpMass 0.024361 | best_tail 0.0000@2
2026-08-30 19:52:18,749 - ear_direct_cifar10_c_IF100_alpha0p5_h2_m4_seed42_eps0p75_ca0p7_w30_taw1p5.log - INFO - EAR Round 2 | targetExp 0 targetSamples 0 tailExpRate 0.6667 | gradShare 0.119327 | Retention proj 0.584779 -> 0.584779 (gain 0.000000) | cos 0.992354 -> 0.992354
2026-08-30 19:52:18,751 - ear_direct_cifar10_c_IF100_alpha0p5_h2_m4_seed42_eps0p75_ca0p7_w30_taw1p5.log - INFO - Round 3 selected clients: [0, 2, 7, 10]
2026-08-30 19:52:32,606 - ear_direct_cifar10_c_IF100_alpha0p5_h2_m4_seed42_eps0p75_ca0p7_w30_taw1p5.log - INFO - Round 3 | Global 0.1572 | Head 0.4223 | Middle 0.0762 | Tail 0.0000 | Hmean 0.0000 | ExpEvent 0 | ExpMass 0.010475 | best_tail 0.0000@2
2026-08-30 19:52:32,606 - ear_direct_cifar10_c_IF100_alpha0p5_h2_m4_seed42_eps0p75_ca0p7_w30_taw1p5.log - INFO - EAR Round 3 | targetExp 0 targetSamples 0 tailExpRate 0.6667 | gradShare 0.080639 | Retention proj 0.244713 -> 0.244713 (gain 0.000000) | cos 0.882220 -> 0.882220
2026-08-30 19:52:32,608 - ear_direct_cifar10_c_IF100_alpha0p5_h2_m4_seed42_eps0p75_ca0p7_w30_taw1p5.log - INFO - Round 4 selected clients: [0, 6, 8, 18]
2026-08-30 19:52:46,103 - ear_direct_cifar10_c_IF100_alpha0p5_h2_m4_seed42_eps0p75_ca0p7_w30_taw1p5.log - INFO - Round 4 | Global 0.2450 | Head 0.7050 | Middle 0.0838 | Tail 0.0000 | Hmean 0.0000 | ExpEvent 1 | ExpMass 0.036458 | best_tail 0.0000@4
2026-08-30 19:52:46,103 - ear_direct_cifar10_c_IF100_alpha0p5_h2_m4_seed42_eps0p75_ca0p7_w30_taw1p5.log - INFO - EAR Round 4 | targetExp 1 targetSamples 25 tailExpRate 1.0000 | gradShare 0.150484 | Retention proj 0.395722 -> 0.395722 (gain 0.000000) | cos 0.993126 -> 0.993126
2026-08-30 19:52:46,105 - ear_direct_cifar10_c_IF100_alpha0p5_h2_m4_seed42_eps0p75_ca0p7_w30_taw1p5.log - INFO - Round 5 selected clients: [2, 5, 10, 19]
2026-08-30 19:52:59,396 - ear_direct_cifar10_c_IF100_alpha0p5_h2_m4_seed42_eps0p75_ca0p7_w30_taw1p5.log - INFO - Round 5 | Global 0.3346 | Head 0.6920 | Middle 0.3035 | Tail 0.0187 | Hmean 0.0364 | ExpEvent 0 | ExpMass 0.033994 | best_tail 0.0187@5
2026-08-30 19:52:59,397 - ear_direct_cifar10_c_IF100_alpha0p5_h2_m4_seed42_eps0p75_ca0p7_w30_taw1p5.log - INFO - EAR Round 5 | targetExp 0 targetSamples 0 tailExpRate 0.6667 | gradShare 0.181731 | Retention proj 0.741907 -> 0.741907 (gain 0.000000) | cos 0.999873 -> 0.999873
2026-08-30 19:52:59,399 - ear_direct_cifar10_c_IF100_alpha0p5_h2_m4_seed42_eps0p75_ca0p7_w30_taw1p5.log - INFO - Round 6 selected clients: [1, 3, 4, 5]
2026-08-30 19:53:12,940 - ear_direct_cifar10_c_IF100_alpha0p5_h2_m4_seed42_eps0p75_ca0p7_w30_taw1p5.log - INFO - Round 6 | Global 0.3184 | Head 0.7410 | Middle 0.2402 | Tail 0.0000 | Hmean 0.0000 | ExpEvent 1 | ExpMass 0.027689 | best_tail 0.0187@5
2026-08-30 19:53:12,940 - ear_direct_cifar10_c_IF100_alpha0p5_h2_m4_seed42_eps0p75_ca0p7_w30_taw1p5.log - INFO - EAR Round 6 | targetExp 1 targetSamples 25 tailExpRate 1.0000 | gradShare 0.194109 | Retention proj 0.414744 -> 0.414744 (gain 0.000000) | cos 0.837029 -> 0.837029
2026-08-30 19:53:12,942 - ear_direct_cifar10_c_IF100_alpha0p5_h2_m4_seed42_eps0p75_ca0p7_w30_taw1p5.log - INFO - Round 7 selected clients: [10, 12, 13, 16]
2026-08-30 19:53:26,513 - ear_direct_cifar10_c_IF100_alpha0p5_h2_m4_seed42_eps0p75_ca0p7_w30_taw1p5.log - INFO - Round 7 | Global 0.3131 | Head 0.7877 | Middle 0.1920 | Tail 0.0000 | Hmean 0.0000 | ExpEvent 0 | ExpMass 0.000403 | best_tail 0.0187@5
2026-08-30 19:53:26,514 - ear_direct_cifar10_c_IF100_alpha0p5_h2_m4_seed42_eps0p75_ca0p7_w30_taw1p5.log - INFO - EAR Round 7 | targetExp 0 targetSamples 0 tailExpRate 0.3333 | gradShare 0.032564 | Retention proj 0.240273 -> 0.240273 (gain 0.000000) | cos 0.746531 -> 0.746531
2026-08-30 19:53:26,515 - ear_direct_cifar10_c_IF100_alpha0p5_h2_m4_seed42_eps0p75_ca0p7_w30_taw1p5.log - INFO - Round 8 selected clients: [1, 5, 17, 18]
2026-08-30 19:53:40,043 - ear_direct_cifar10_c_IF100_alpha0p5_h2_m4_seed42_eps0p75_ca0p7_w30_taw1p5.log - INFO - Round 8 | Global 0.3204 | Head 0.7307 | Middle 0.2230 | Tail 0.0400 | Hmean 0.0758 | ExpEvent 0 | ExpMass 0.043267 | best_tail 0.0400@8
2026-08-30 19:53:40,043 - ear_direct_cifar10_c_IF100_alpha0p5_h2_m4_seed42_eps0p75_ca0p7_w30_taw1p5.log - INFO - EAR Round 8 | targetExp 0 targetSamples 0 tailExpRate 0.6667 | gradShare 0.177519 | Retention proj 0.729912 -> 0.729912 (gain 0.000000) | cos 0.998702 -> 0.998702
2026-08-30 19:53:40,045 - ear_direct_cifar10_c_IF100_alpha0p5_h2_m4_seed42_eps0p75_ca0p7_w30_taw1p5.log - INFO - Round 9 selected clients: [7, 11, 13, 17]
2026-08-30 19:53:53,799 - ear_direct_cifar10_c_IF100_alpha0p5_h2_m4_seed42_eps0p75_ca0p7_w30_taw1p5.log - INFO - Round 9 | Global 0.3424 | Head 0.6640 | Middle 0.3038 | Tail 0.0723 | Hmean 0.1304 | ExpEvent 0 | ExpMass 0.019758 | best_tail 0.0723@9
2026-08-30 19:53:53,799 - ear_direct_cifar10_c_IF100_alpha0p5_h2_m4_seed42_eps0p75_ca0p7_w30_taw1p5.log - INFO - EAR Round 9 | targetExp 0 targetSamples 0 tailExpRate 0.6667 | gradShare 0.081037 | Retention proj 0.244754 -> 0.244754 (gain 0.000000) | cos 0.926850 -> 0.926850
2026-08-30 19:53:53,801 - ear_direct_cifar10_c_IF100_alpha0p5_h2_m4_seed42_eps0p75_ca0p7_w30_taw1p5.log - INFO - Round 10 selected clients: [1, 4, 9, 15]
2026-08-30 19:54:07,151 - ear_direct_cifar10_c_IF100_alpha0p5_h2_m4_seed42_eps0p75_ca0p7_w30_taw1p5.log - INFO - Round 10 | Global 0.3106 | Head 0.6707 | Middle 0.2735 | Tail 0.0000 | Hmean 0.0000 | ExpEvent 1 | ExpMass 0.012831 | best_tail 0.0723@9
2026-08-30 19:54:07,152 - ear_direct_cifar10_c_IF100_alpha0p5_h2_m4_seed42_eps0p75_ca0p7_w30_taw1p5.log - INFO - EAR Round 10 | targetExp 1 targetSamples 25 tailExpRate 1.0000 | gradShare 0.127970 | Retention proj 0.415668 -> 0.415668 (gain 0.000000) | cos 0.880411 -> 0.880411
2026-08-30 19:54:07,180 - ear_direct_cifar10_c_IF100_alpha0p5_h2_m4_seed42_eps0p75_ca0p7_w30_taw1p5.log - INFO - Checkpoint @10 | Global 0.3106 | Head 0.6707 | Middle 0.2735 | Tail 0.0000 | Hmean 0.0000
2026-08-30 19:54:07,181 - ear_direct_cifar10_c_IF100_alpha0p5_h2_m4_seed42_eps0p75_ca0p7_w30_taw1p5.log - INFO - Round 11 selected clients: [2, 4, 6, 16]
2026-08-30 19:54:20,546 - ear_direct_cifar10_c_IF100_alpha0p5_h2_m4_seed42_eps0p75_ca0p7_w30_taw1p5.log - INFO - Round 11 | Global 0.3776 | Head 0.7427 | Middle 0.3272 | Tail 0.0797 | Hmean 0.1440 | ExpEvent 1 | ExpMass 0.044664 | best_tail 0.0797@11
2026-08-30 19:54:20,546 - ear_direct_cifar10_c_IF100_alpha0p5_h2_m4_seed42_eps0p75_ca0p7_w30_taw1p5.log - INFO - EAR Round 11 | targetExp 1 targetSamples 50 tailExpRate 1.0000 | gradShare 0.214180 | Retention proj 0.423757 -> 0.423757 (gain 0.000000) | cos 0.982574 -> 0.982574
2026-08-30 19:54:20,549 - ear_direct_cifar10_c_IF100_alpha0p5_h2_m4_seed42_eps0p75_ca0p7_w30_taw1p5.log - INFO - Round 12 selected clients: [3, 9, 14, 18]
2026-08-30 19:54:33,533 - ear_direct_cifar10_c_IF100_alpha0p5_h2_m4_seed42_eps0p75_ca0p7_w30_taw1p5.log - INFO - Round 12 | Global 0.4302 | Head 0.7263 | Middle 0.4273 | Tail 0.1380 | Hmean 0.2319 | ExpEvent 0 | ExpMass 0.019992 | best_tail 0.1380@12
2026-08-30 19:54:33,534 - ear_direct_cifar10_c_IF100_alpha0p5_h2_m4_seed42_eps0p75_ca0p7_w30_taw1p5.log - INFO - EAR Round 12 | targetExp 0 targetSamples 0 tailExpRate 0.6667 | gradShare 0.157087 | Retention proj 0.727750 -> 0.727750 (gain 0.000000) | cos 0.998245 -> 0.998245
2026-08-30 19:54:33,536 - ear_direct_cifar10_c_IF100_alpha0p5_h2_m4_seed42_eps0p75_ca0p7_w30_taw1p5.log - INFO - Round 13 selected clients: [6, 8, 9, 14]
2026-08-30 19:54:46,739 - ear_direct_cifar10_c_IF100_alpha0p5_h2_m4_seed42_eps0p75_ca0p7_w30_taw1p5.log - INFO - Round 13 | Global 0.3469 | Head 0.6587 | Middle 0.3160 | Tail 0.0763 | Hmean 0.1368 | ExpEvent 1 | ExpMass 0.026832 | best_tail 0.1380@12
2026-08-30 19:54:46,739 - ear_direct_cifar10_c_IF100_alpha0p5_h2_m4_seed42_eps0p75_ca0p7_w30_taw1p5.log - INFO - EAR Round 13 | targetExp 1 targetSamples 25 tailExpRate 1.0000 | gradShare 0.130590 | Retention proj 0.403855 -> 0.403855 (gain 0.000000) | cos 0.984136 -> 0.984136
2026-08-30 19:54:46,742 - ear_direct_cifar10_c_IF100_alpha0p5_h2_m4_seed42_eps0p75_ca0p7_w30_taw1p5.log - INFO - Round 14 selected clients: [4, 5, 11, 19]
2026-08-30 19:54:59,975 - ear_direct_cifar10_c_IF100_alpha0p5_h2_m4_seed42_eps0p75_ca0p7_w30_taw1p5.log - INFO - Round 14 | Global 0.3713 | Head 0.6720 | Middle 0.3503 | Tail 0.0987 | Hmean 0.1721 | ExpEvent 1 | ExpMass 0.033253 | best_tail 0.1380@12
2026-08-30 19:54:59,975 - ear_direct_cifar10_c_IF100_alpha0p5_h2_m4_seed42_eps0p75_ca0p7_w30_taw1p5.log - INFO - EAR Round 14 | targetExp 1 targetSamples 25 tailExpRate 1.0000 | gradShare 0.187448 | Retention proj 0.329663 -> 0.329663 (gain 0.000000) | cos 0.894174 -> 0.894174
2026-08-30 19:54:59,977 - ear_direct_cifar10_c_IF100_alpha0p5_h2_m4_seed42_eps0p75_ca0p7_w30_taw1p5.log - INFO - Round 15 selected clients: [13, 14, 16, 19]
2026-08-30 19:55:13,100 - ear_direct_cifar10_c_IF100_alpha0p5_h2_m4_seed42_eps0p75_ca0p7_w30_taw1p5.log - INFO - Round 15 | Global 0.3593 | Head 0.7057 | Middle 0.2905 | Tail 0.1047 | Hmean 0.1823 | ExpEvent 0 | ExpMass 0.011741 | best_tail 0.1380@12
2026-08-30 19:55:13,100 - ear_direct_cifar10_c_IF100_alpha0p5_h2_m4_seed42_eps0p75_ca0p7_w30_taw1p5.log - INFO - EAR Round 15 | targetExp 0 targetSamples 0 tailExpRate 0.6667 | gradShare 0.074999 | Retention proj 0.175201 -> 0.175201 (gain 0.000000) | cos 0.864762 -> 0.864762
2026-08-30 19:55:13,102 - ear_direct_cifar10_c_IF100_alpha0p5_h2_m4_seed42_eps0p75_ca0p7_w30_taw1p5.log - INFO - Round 16 selected clients: [1, 4, 6, 11]
2026-08-30 19:55:26,507 - ear_direct_cifar10_c_IF100_alpha0p5_h2_m4_seed42_eps0p75_ca0p7_w30_taw1p5.log - INFO - Round 16 | Global 0.3787 | Head 0.7413 | Middle 0.3315 | Tail 0.0790 | Hmean 0.1428 | ExpEvent 1 | ExpMass 0.034387 | best_tail 0.1380@12
2026-08-30 19:55:26,507 - ear_direct_cifar10_c_IF100_alpha0p5_h2_m4_seed42_eps0p75_ca0p7_w30_taw1p5.log - INFO - EAR Round 16 | targetExp 1 targetSamples 50 tailExpRate 1.0000 | gradShare 0.163851 | Retention proj 0.241579 -> 0.241579 (gain 0.000000) | cos 0.695613 -> 0.695613
2026-08-30 19:55:26,509 - ear_direct_cifar10_c_IF100_alpha0p5_h2_m4_seed42_eps0p75_ca0p7_w30_taw1p5.log - INFO - Round 17 selected clients: [6, 7, 12, 14]
2026-08-30 19:55:39,949 - ear_direct_cifar10_c_IF100_alpha0p5_h2_m4_seed42_eps0p75_ca0p7_w30_taw1p5.log - INFO - Round 17 | Global 0.4208 | Head 0.6523 | Middle 0.4600 | Tail 0.1370 | Hmean 0.2264 | ExpEvent 1 | ExpMass 0.025170 | best_tail 0.1380@12
2026-08-30 19:55:39,949 - ear_direct_cifar10_c_IF100_alpha0p5_h2_m4_seed42_eps0p75_ca0p7_w30_taw1p5.log - INFO - EAR Round 17 | targetExp 1 targetSamples 25 tailExpRate 1.0000 | gradShare 0.108114 | Retention proj 0.294242 -> 0.294242 (gain 0.000000) | cos 0.871661 -> 0.871661
2026-08-30 19:55:39,951 - ear_direct_cifar10_c_IF100_alpha0p5_h2_m4_seed42_eps0p75_ca0p7_w30_taw1p5.log - INFO - Round 18 selected clients: [3, 4, 7, 18]
2026-08-30 19:55:53,126 - ear_direct_cifar10_c_IF100_alpha0p5_h2_m4_seed42_eps0p75_ca0p7_w30_taw1p5.log - INFO - Round 18 | Global 0.4310 | Head 0.7120 | Middle 0.4825 | Tail 0.0813 | Hmean 0.1459 | ExpEvent 1 | ExpMass 0.027789 | best_tail 0.1380@12
2026-08-30 19:55:53,127 - ear_direct_cifar10_c_IF100_alpha0p5_h2_m4_seed42_eps0p75_ca0p7_w30_taw1p5.log - INFO - EAR Round 18 | targetExp 1 targetSamples 25 tailExpRate 1.0000 | gradShare 0.207607 | Retention proj 0.288982 -> 0.288982 (gain 0.000000) | cos 0.868161 -> 0.868161
2026-08-30 19:55:53,129 - ear_direct_cifar10_c_IF100_alpha0p5_h2_m4_seed42_eps0p75_ca0p7_w30_taw1p5.log - INFO - Round 19 selected clients: [1, 6, 7, 8]
2026-08-30 19:56:06,382 - ear_direct_cifar10_c_IF100_alpha0p5_h2_m4_seed42_eps0p75_ca0p7_w30_taw1p5.log - INFO - Round 19 | Global 0.3778 | Head 0.6857 | Middle 0.3210 | Tail 0.1457 | Hmean 0.2403 | ExpEvent 1 | ExpMass 0.024760 | best_tail 0.1457@19
2026-08-30 19:56:06,382 - ear_direct_cifar10_c_IF100_alpha0p5_h2_m4_seed42_eps0p75_ca0p7_w30_taw1p5.log - INFO - EAR Round 19 | targetExp 1 targetSamples 25 tailExpRate 1.0000 | gradShare 0.122584 | Retention proj 0.210331 -> 0.210331 (gain 0.000000) | cos 0.955129 -> 0.955129
2026-08-30 19:56:06,384 - ear_direct_cifar10_c_IF100_alpha0p5_h2_m4_seed42_eps0p75_ca0p7_w30_taw1p5.log - INFO - Round 20 selected clients: [3, 4, 10, 17]
2026-08-30 19:56:19,531 - ear_direct_cifar10_c_IF100_alpha0p5_h2_m4_seed42_eps0p75_ca0p7_w30_taw1p5.log - INFO - Round 20 | Global 0.4508 | Head 0.7137 | Middle 0.4492 | Tail 0.1900 | Hmean 0.3001 | ExpEvent 1 | ExpMass 0.035729 | best_tail 0.1900@20
2026-08-30 19:56:19,531 - ear_direct_cifar10_c_IF100_alpha0p5_h2_m4_seed42_eps0p75_ca0p7_w30_taw1p5.log - INFO - EAR Round 20 | targetExp 1 targetSamples 25 tailExpRate 1.0000 | gradShare 0.214220 | Retention proj 0.348022 -> 0.348022 (gain 0.000000) | cos 0.933164 -> 0.933164
2026-08-30 19:56:19,554 - ear_direct_cifar10_c_IF100_alpha0p5_h2_m4_seed42_eps0p75_ca0p7_w30_taw1p5.log - INFO - Checkpoint @20 | Global 0.4508 | Head 0.7137 | Middle 0.4492 | Tail 0.1900 | Hmean 0.3001
2026-08-30 19:56:19,555 - ear_direct_cifar10_c_IF100_alpha0p5_h2_m4_seed42_eps0p75_ca0p7_w30_taw1p5.log - INFO - Round 21 selected clients: [13, 14, 15, 17]
2026-08-30 19:56:32,700 - ear_direct_cifar10_c_IF100_alpha0p5_h2_m4_seed42_eps0p75_ca0p7_w30_taw1p5.log - INFO - Round 21 | Global 0.4565 | Head 0.7210 | Middle 0.4815 | Tail 0.1587 | Hmean 0.2601 | ExpEvent 0 | ExpMass 0.020623 | best_tail 0.1900@20
2026-08-30 19:56:32,700 - ear_direct_cifar10_c_IF100_alpha0p5_h2_m4_seed42_eps0p75_ca0p7_w30_taw1p5.log - INFO - EAR Round 21 | targetExp 0 targetSamples 0 tailExpRate 0.6667 | gradShare 0.093855 | Retention proj 0.526006 -> 0.526006 (gain 0.000000) | cos 0.971493 -> 0.971493
2026-08-30 19:56:32,702 - ear_direct_cifar10_c_IF100_alpha0p5_h2_m4_seed42_eps0p75_ca0p7_w30_taw1p5.log - INFO - Round 22 selected clients: [4, 8, 17, 19]
2026-08-30 19:56:45,931 - ear_direct_cifar10_c_IF100_alpha0p5_h2_m4_seed42_eps0p75_ca0p7_w30_taw1p5.log - INFO - Round 22 | Global 0.4600 | Head 0.6750 | Middle 0.4910 | Tail 0.2037 | Hmean 0.3130 | ExpEvent 1 | ExpMass 0.041266 | best_tail 0.2037@22
2026-08-30 19:56:45,931 - ear_direct_cifar10_c_IF100_alpha0p5_h2_m4_seed42_eps0p75_ca0p7_w30_taw1p5.log - INFO - EAR Round 22 | targetExp 1 targetSamples 25 tailExpRate 1.0000 | gradShare 0.212018 | Retention proj 0.288362 -> 0.288362 (gain 0.000000) | cos 0.934217 -> 0.934217
2026-08-30 19:56:45,933 - ear_direct_cifar10_c_IF100_alpha0p5_h2_m4_seed42_eps0p75_ca0p7_w30_taw1p5.log - INFO - Round 23 selected clients: [1, 2, 13, 19]
2026-08-30 19:56:59,137 - ear_direct_cifar10_c_IF100_alpha0p5_h2_m4_seed42_eps0p75_ca0p7_w30_taw1p5.log - INFO - Round 23 | Global 0.4251 | Head 0.5743 | Middle 0.4690 | Tail 0.2173 | Hmean 0.3153 | ExpEvent 0 | ExpMass 0.022249 | best_tail 0.2173@23
2026-08-30 19:56:59,137 - ear_direct_cifar10_c_IF100_alpha0p5_h2_m4_seed42_eps0p75_ca0p7_w30_taw1p5.log - INFO - EAR Round 23 | targetExp 0 targetSamples 0 tailExpRate 0.6667 | gradShare 0.118636 | Retention proj 0.445008 -> 0.445008 (gain 0.000000) | cos 0.950598 -> 0.950598
2026-08-30 19:56:59,139 - ear_direct_cifar10_c_IF100_alpha0p5_h2_m4_seed42_eps0p75_ca0p7_w30_taw1p5.log - INFO - Round 24 selected clients: [3, 5, 13, 14]
2026-08-30 19:57:12,153 - ear_direct_cifar10_c_IF100_alpha0p5_h2_m4_seed42_eps0p75_ca0p7_w30_taw1p5.log - INFO - Round 24 | Global 0.4883 | Head 0.7557 | Middle 0.4840 | Tail 0.2267 | Hmean 0.3488 | ExpEvent 0 | ExpMass 0.017850 | best_tail 0.2267@24
2026-08-30 19:57:12,155 - ear_direct_cifar10_c_IF100_alpha0p5_h2_m4_seed42_eps0p75_ca0p7_w30_taw1p5.log - INFO - EAR Round 24 | targetExp 0 targetSamples 0 tailExpRate 0.6667 | gradShare 0.127198 | Retention proj 0.477329 -> 0.477329 (gain 0.000000) | cos 0.975868 -> 0.975868
2026-08-30 19:57:12,156 - ear_direct_cifar10_c_IF100_alpha0p5_h2_m4_seed42_eps0p75_ca0p7_w30_taw1p5.log - INFO - Round 25 selected clients: [2, 3, 15, 18]
2026-08-30 19:57:25,459 - ear_direct_cifar10_c_IF100_alpha0p5_h2_m4_seed42_eps0p75_ca0p7_w30_taw1p5.log - INFO - Round 25 | Global 0.4744 | Head 0.7407 | Middle 0.4502 | Tail 0.2403 | Hmean 0.3629 | ExpEvent 0 | ExpMass 0.029376 | best_tail 0.2403@25
2026-08-30 19:57:25,460 - ear_direct_cifar10_c_IF100_alpha0p5_h2_m4_seed42_eps0p75_ca0p7_w30_taw1p5.log - INFO - EAR Round 25 | targetExp 0 targetSamples 0 tailExpRate 0.6667 | gradShare 0.161457 | Retention proj 0.807802 -> 0.807802 (gain 0.000000) | cos 0.992300 -> 0.992300
2026-08-30 19:57:25,462 - ear_direct_cifar10_c_IF100_alpha0p5_h2_m4_seed42_eps0p75_ca0p7_w30_taw1p5.log - INFO - Round 26 selected clients: [1, 2, 5, 7]
2026-08-30 19:57:38,848 - ear_direct_cifar10_c_IF100_alpha0p5_h2_m4_seed42_eps0p75_ca0p7_w30_taw1p5.log - INFO - Round 26 | Global 0.5040 | Head 0.6927 | Middle 0.5337 | Tail 0.2757 | Hmean 0.3944 | ExpEvent 0 | ExpMass 0.022160 | best_tail 0.2757@26
2026-08-30 19:57:38,849 - ear_direct_cifar10_c_IF100_alpha0p5_h2_m4_seed42_eps0p75_ca0p7_w30_taw1p5.log - INFO - EAR Round 26 | targetExp 0 targetSamples 0 tailExpRate 0.6667 | gradShare 0.124480 | Retention proj 0.482127 -> 0.482127 (gain 0.000000) | cos 0.905707 -> 0.905707
2026-08-30 19:57:38,851 - ear_direct_cifar10_c_IF100_alpha0p5_h2_m4_seed42_eps0p75_ca0p7_w30_taw1p5.log - INFO - Round 27 selected clients: [5, 10, 13, 14]
2026-08-30 19:57:52,317 - ear_direct_cifar10_c_IF100_alpha0p5_h2_m4_seed42_eps0p75_ca0p7_w30_taw1p5.log - INFO - Round 27 | Global 0.4742 | Head 0.7230 | Middle 0.5228 | Tail 0.1607 | Hmean 0.2630 | ExpEvent 0 | ExpMass 0.011694 | best_tail 0.2757@26
2026-08-30 19:57:52,317 - ear_direct_cifar10_c_IF100_alpha0p5_h2_m4_seed42_eps0p75_ca0p7_w30_taw1p5.log - INFO - EAR Round 27 | targetExp 0 targetSamples 0 tailExpRate 0.6667 | gradShare 0.077290 | Retention proj 0.261751 -> 0.261751 (gain 0.000000) | cos 0.958390 -> 0.958390
2026-08-30 19:57:52,319 - ear_direct_cifar10_c_IF100_alpha0p5_h2_m4_seed42_eps0p75_ca0p7_w30_taw1p5.log - INFO - Round 28 selected clients: [5, 6, 8, 19]
2026-08-30 19:58:05,919 - ear_direct_cifar10_c_IF100_alpha0p5_h2_m4_seed42_eps0p75_ca0p7_w30_taw1p5.log - INFO - Round 28 | Global 0.5188 | Head 0.6730 | Middle 0.5098 | Tail 0.3767 | Hmean 0.4830 | ExpEvent 1 | ExpMass 0.048135 | best_tail 0.3767@28
2026-08-30 19:58:05,919 - ear_direct_cifar10_c_IF100_alpha0p5_h2_m4_seed42_eps0p75_ca0p7_w30_taw1p5.log - INFO - EAR Round 28 | targetExp 1 targetSamples 25 tailExpRate 1.0000 | gradShare 0.188373 | Retention proj 0.575656 -> 0.575656 (gain 0.000000) | cos 0.999485 -> 0.999485
2026-08-30 19:58:05,922 - ear_direct_cifar10_c_IF100_alpha0p5_h2_m4_seed42_eps0p75_ca0p7_w30_taw1p5.log - INFO - Round 29 selected clients: [4, 5, 12, 15]
2026-08-30 19:58:19,294 - ear_direct_cifar10_c_IF100_alpha0p5_h2_m4_seed42_eps0p75_ca0p7_w30_taw1p5.log - INFO - Round 29 | Global 0.5050 | Head 0.7413 | Middle 0.5667 | Tail 0.1863 | Hmean 0.2978 | ExpEvent 1 | ExpMass 0.022809 | best_tail 0.3767@28
2026-08-30 19:58:19,295 - ear_direct_cifar10_c_IF100_alpha0p5_h2_m4_seed42_eps0p75_ca0p7_w30_taw1p5.log - INFO - EAR Round 29 | targetExp 1 targetSamples 25 tailExpRate 1.0000 | gradShare 0.157000 | Retention proj 0.724882 -> 0.724882 (gain 0.000000) | cos 0.815051 -> 0.815051
2026-08-30 19:58:19,297 - ear_direct_cifar10_c_IF100_alpha0p5_h2_m4_seed42_eps0p75_ca0p7_w30_taw1p5.log - INFO - Round 30 selected clients: [13, 14, 16, 19]
2026-08-30 19:58:34,360 - ear_direct_cifar10_c_IF100_alpha0p5_h2_m4_seed42_eps0p75_ca0p7_w30_taw1p5.log - INFO - Round 30 | Global 0.4952 | Head 0.7803 | Middle 0.4675 | Tail 0.2470 | Hmean 0.3752 | ExpEvent 0 | ExpMass 0.011741 | best_tail 0.3767@28
2026-08-30 19:58:34,360 - ear_direct_cifar10_c_IF100_alpha0p5_h2_m4_seed42_eps0p75_ca0p7_w30_taw1p5.log - INFO - EAR Round 30 | targetExp 0 targetSamples 0 tailExpRate 0.6667 | gradShare 0.070022 | Retention proj 0.201192 -> 0.201192 (gain 0.000000) | cos 0.978821 -> 0.978821
2026-08-30 19:58:34,388 - ear_direct_cifar10_c_IF100_alpha0p5_h2_m4_seed42_eps0p75_ca0p7_w30_taw1p5.log - INFO - Checkpoint @30 | Global 0.4952 | Head 0.7803 | Middle 0.4675 | Tail 0.2470 | Hmean 0.3752
2026-08-30 19:58:34,388 - ear_direct_cifar10_c_IF100_alpha0p5_h2_m4_seed42_eps0p75_ca0p7_w30_taw1p5.log - INFO - Round 31 selected clients: [1, 6, 9, 11]
2026-08-30 19:58:48,199 - ear_direct_cifar10_c_IF100_alpha0p5_h2_m4_seed42_eps0p75_ca0p7_w30_taw1p5.log - INFO - Round 31 | Global 0.5358 | Head 0.7943 | Middle 0.4993 | Tail 0.3260 | Hmean 0.4623 | ExpEvent 1 | ExpMass 0.026821 | best_tail 0.3767@28
2026-08-30 19:58:48,199 - ear_direct_cifar10_c_IF100_alpha0p5_h2_m4_seed42_eps0p75_ca0p7_w30_taw1p5.log - INFO - EAR Round 31 | targetExp 1 targetSamples 25 tailExpRate 1.0000 | gradShare 0.090926 | Retention proj 0.365237 -> 0.365237 (gain 0.000000) | cos 0.982540 -> 0.982540
2026-08-30 19:58:48,201 - ear_direct_cifar10_c_IF100_alpha0p5_h2_m4_seed42_eps0p75_ca0p7_w30_taw1p5.log - INFO - Round 32 selected clients: [1, 5, 12, 19]
2026-08-30 19:59:01,455 - ear_direct_cifar10_c_IF100_alpha0p5_h2_m4_seed42_eps0p75_ca0p7_w30_taw1p5.log - INFO - Round 32 | Global 0.5236 | Head 0.7530 | Middle 0.5008 | Tail 0.3247 | Hmean 0.4537 | ExpEvent 0 | ExpMass 0.023877 | best_tail 0.3767@28
2026-08-30 19:59:01,455 - ear_direct_cifar10_c_IF100_alpha0p5_h2_m4_seed42_eps0p75_ca0p7_w30_taw1p5.log - INFO - EAR Round 32 | targetExp 0 targetSamples 0 tailExpRate 0.6667 | gradShare 0.101053 | Retention proj 0.507598 -> 0.507598 (gain 0.000000) | cos 0.955624 -> 0.955624
2026-08-30 19:59:01,457 - ear_direct_cifar10_c_IF100_alpha0p5_h2_m4_seed42_eps0p75_ca0p7_w30_taw1p5.log - INFO - Round 33 selected clients: [3, 11, 14, 16]
2026-08-30 19:59:15,018 - ear_direct_cifar10_c_IF100_alpha0p5_h2_m4_seed42_eps0p75_ca0p7_w30_taw1p5.log - INFO - Round 33 | Global 0.4967 | Head 0.7837 | Middle 0.4825 | Tail 0.2287 | Hmean 0.3541 | ExpEvent 0 | ExpMass 0.006085 | best_tail 0.3767@28
2026-08-30 19:59:15,019 - ear_direct_cifar10_c_IF100_alpha0p5_h2_m4_seed42_eps0p75_ca0p7_w30_taw1p5.log - INFO - EAR Round 33 | targetExp 0 targetSamples 0 tailExpRate 0.6667 | gradShare 0.050368 | Retention proj 0.167790 -> 0.167790 (gain 0.000000) | cos 0.842158 -> 0.842158
2026-08-30 19:59:15,021 - ear_direct_cifar10_c_IF100_alpha0p5_h2_m4_seed42_eps0p75_ca0p7_w30_taw1p5.log - INFO - Round 34 selected clients: [9, 10, 14, 18]
2026-08-30 19:59:28,684 - ear_direct_cifar10_c_IF100_alpha0p5_h2_m4_seed42_eps0p75_ca0p7_w30_taw1p5.log - INFO - Round 34 | Global 0.5163 | Head 0.7227 | Middle 0.5740 | Tail 0.2330 | Hmean 0.3524 | ExpEvent 0 | ExpMass 0.013788 | best_tail 0.3767@28
2026-08-30 19:59:28,684 - ear_direct_cifar10_c_IF100_alpha0p5_h2_m4_seed42_eps0p75_ca0p7_w30_taw1p5.log - INFO - EAR Round 34 | targetExp 0 targetSamples 0 tailExpRate 0.6667 | gradShare 0.070283 | Retention proj 0.486170 -> 0.486170 (gain 0.000000) | cos 0.997436 -> 0.997436
2026-08-30 19:59:28,685 - ear_direct_cifar10_c_IF100_alpha0p5_h2_m4_seed42_eps0p75_ca0p7_w30_taw1p5.log - INFO - Round 35 selected clients: [8, 10, 12, 19]
2026-08-30 19:59:42,333 - ear_direct_cifar10_c_IF100_alpha0p5_h2_m4_seed42_eps0p75_ca0p7_w30_taw1p5.log - INFO - Round 35 | Global 0.5131 | Head 0.6987 | Middle 0.5695 | Tail 0.2523 | Hmean 0.3707 | ExpEvent 0 | ExpMass 0.012146 | best_tail 0.3767@28
2026-08-30 19:59:42,333 - ear_direct_cifar10_c_IF100_alpha0p5_h2_m4_seed42_eps0p75_ca0p7_w30_taw1p5.log - INFO - EAR Round 35 | targetExp 0 targetSamples 0 tailExpRate 0.6667 | gradShare 0.075789 | Retention proj 0.296822 -> 0.296822 (gain 0.000000) | cos 0.890446 -> 0.890446
2026-08-30 19:59:42,335 - ear_direct_cifar10_c_IF100_alpha0p5_h2_m4_seed42_eps0p75_ca0p7_w30_taw1p5.log - INFO - Round 36 selected clients: [1, 8, 10, 18]
2026-08-30 19:59:55,665 - ear_direct_cifar10_c_IF100_alpha0p5_h2_m4_seed42_eps0p75_ca0p7_w30_taw1p5.log - INFO - Round 36 | Global 0.5129 | Head 0.7213 | Middle 0.5395 | Tail 0.2690 | Hmean 0.3919 | ExpEvent 0 | ExpMass 0.011727 | best_tail 0.3767@28
2026-08-30 19:59:55,665 - ear_direct_cifar10_c_IF100_alpha0p5_h2_m4_seed42_eps0p75_ca0p7_w30_taw1p5.log - INFO - EAR Round 36 | targetExp 0 targetSamples 0 tailExpRate 0.6667 | gradShare 0.066834 | Retention proj 0.189969 -> 0.189969 (gain 0.000000) | cos 0.957677 -> 0.957677
2026-08-30 19:59:55,667 - ear_direct_cifar10_c_IF100_alpha0p5_h2_m4_seed42_eps0p75_ca0p7_w30_taw1p5.log - INFO - Round 37 selected clients: [7, 11, 15, 17]
2026-08-30 20:00:09,270 - ear_direct_cifar10_c_IF100_alpha0p5_h2_m4_seed42_eps0p75_ca0p7_w30_taw1p5.log - INFO - Round 37 | Global 0.5276 | Head 0.7613 | Middle 0.5867 | Tail 0.2150 | Hmean 0.3353 | ExpEvent 0 | ExpMass 0.020623 | best_tail 0.3767@28
2026-08-30 20:00:09,270 - ear_direct_cifar10_c_IF100_alpha0p5_h2_m4_seed42_eps0p75_ca0p7_w30_taw1p5.log - INFO - EAR Round 37 | targetExp 0 targetSamples 0 tailExpRate 0.6667 | gradShare 0.090153 | Retention proj 0.529922 -> 0.529922 (gain 0.000000) | cos 0.995133 -> 0.995133
2026-08-30 20:00:09,272 - ear_direct_cifar10_c_IF100_alpha0p5_h2_m4_seed42_eps0p75_ca0p7_w30_taw1p5.log - INFO - Round 38 selected clients: [1, 2, 9, 12]
2026-08-30 20:00:23,118 - ear_direct_cifar10_c_IF100_alpha0p5_h2_m4_seed42_eps0p75_ca0p7_w30_taw1p5.log - INFO - Round 38 | Global 0.5370 | Head 0.8027 | Middle 0.5180 | Tail 0.2967 | Hmean 0.4333 | ExpEvent 0 | ExpMass 0.012924 | best_tail 0.3767@28
2026-08-30 20:00:23,119 - ear_direct_cifar10_c_IF100_alpha0p5_h2_m4_seed42_eps0p75_ca0p7_w30_taw1p5.log - INFO - EAR Round 38 | targetExp 0 targetSamples 0 tailExpRate 0.6667 | gradShare 0.058857 | Retention proj 0.735931 -> 0.735931 (gain 0.000000) | cos 0.899726 -> 0.899726
2026-08-30 20:00:23,120 - ear_direct_cifar10_c_IF100_alpha0p5_h2_m4_seed42_eps0p75_ca0p7_w30_taw1p5.log - INFO - Round 39 selected clients: [2, 3, 11, 13]
2026-08-30 20:00:36,491 - ear_direct_cifar10_c_IF100_alpha0p5_h2_m4_seed42_eps0p75_ca0p7_w30_taw1p5.log - INFO - Round 39 | Global 0.5258 | Head 0.8267 | Middle 0.5272 | Tail 0.2230 | Hmean 0.3513 | ExpEvent 0 | ExpMass 0.016626 | best_tail 0.3767@28
2026-08-30 20:00:36,491 - ear_direct_cifar10_c_IF100_alpha0p5_h2_m4_seed42_eps0p75_ca0p7_w30_taw1p5.log - INFO - EAR Round 39 | targetExp 0 targetSamples 0 tailExpRate 0.6667 | gradShare 0.083884 | Retention proj 0.461952 -> 0.461952 (gain 0.000000) | cos 0.997793 -> 0.997793
2026-08-30 20:00:36,493 - ear_direct_cifar10_c_IF100_alpha0p5_h2_m4_seed42_eps0p75_ca0p7_w30_taw1p5.log - INFO - Round 40 selected clients: [3, 9, 14, 15]
2026-08-30 20:00:49,787 - ear_direct_cifar10_c_IF100_alpha0p5_h2_m4_seed42_eps0p75_ca0p7_w30_taw1p5.log - INFO - Round 40 | Global 0.5131 | Head 0.7127 | Middle 0.5958 | Tail 0.2033 | Hmean 0.3164 | ExpEvent 0 | ExpMass 0.008972 | best_tail 0.3767@28
2026-08-30 20:00:49,788 - ear_direct_cifar10_c_IF100_alpha0p5_h2_m4_seed42_eps0p75_ca0p7_w30_taw1p5.log - INFO - EAR Round 40 | targetExp 0 targetSamples 0 tailExpRate 0.6667 | gradShare 0.067597 | Retention proj 0.558001 -> 0.558001 (gain 0.000000) | cos 0.725383 -> 0.725383
2026-08-30 20:00:49,813 - ear_direct_cifar10_c_IF100_alpha0p5_h2_m4_seed42_eps0p75_ca0p7_w30_taw1p5.log - INFO - Checkpoint @40 | Global 0.5131 | Head 0.7127 | Middle 0.5958 | Tail 0.2033 | Hmean 0.3164
2026-08-30 20:00:49,813 - ear_direct_cifar10_c_IF100_alpha0p5_h2_m4_seed42_eps0p75_ca0p7_w30_taw1p5.log - INFO - Round 41 selected clients: [5, 11, 14, 15]
2026-08-30 20:01:03,755 - ear_direct_cifar10_c_IF100_alpha0p5_h2_m4_seed42_eps0p75_ca0p7_w30_taw1p5.log - INFO - Round 41 | Global 0.4760 | Head 0.6703 | Middle 0.5800 | Tail 0.1430 | Hmean 0.2357 | ExpEvent 0 | ExpMass 0.012535 | best_tail 0.3767@28
2026-08-30 20:01:03,755 - ear_direct_cifar10_c_IF100_alpha0p5_h2_m4_seed42_eps0p75_ca0p7_w30_taw1p5.log - INFO - EAR Round 41 | targetExp 0 targetSamples 0 tailExpRate 0.6667 | gradShare 0.064371 | Retention proj 0.534706 -> 0.534706 (gain 0.000000) | cos 0.917386 -> 0.917386
2026-08-30 20:01:03,757 - ear_direct_cifar10_c_IF100_alpha0p5_h2_m4_seed42_eps0p75_ca0p7_w30_taw1p5.log - INFO - Round 42 selected clients: [3, 7, 9, 12]
2026-08-30 20:01:17,312 - ear_direct_cifar10_c_IF100_alpha0p5_h2_m4_seed42_eps0p75_ca0p7_w30_taw1p5.log - INFO - Round 42 | Global 0.5245 | Head 0.7547 | Middle 0.6062 | Tail 0.1853 | Hmean 0.2975 | ExpEvent 0 | ExpMass 0.008540 | best_tail 0.3767@28
2026-08-30 20:01:17,312 - ear_direct_cifar10_c_IF100_alpha0p5_h2_m4_seed42_eps0p75_ca0p7_w30_taw1p5.log - INFO - EAR Round 42 | targetExp 0 targetSamples 0 tailExpRate 0.6667 | gradShare 0.062389 | Retention proj 0.619884 -> 0.619884 (gain 0.000000) | cos 0.913144 -> 0.913144
2026-08-30 20:01:17,315 - ear_direct_cifar10_c_IF100_alpha0p5_h2_m4_seed42_eps0p75_ca0p7_w30_taw1p5.log - INFO - Round 43 selected clients: [4, 7, 9, 12]
2026-08-30 20:01:30,778 - ear_direct_cifar10_c_IF100_alpha0p5_h2_m4_seed42_eps0p75_ca0p7_w30_taw1p5.log - INFO - Round 43 | Global 0.4946 | Head 0.7673 | Middle 0.5915 | Tail 0.0927 | Hmean 0.1654 | ExpEvent 1 | ExpMass 0.012400 | best_tail 0.3767@28
2026-08-30 20:01:30,778 - ear_direct_cifar10_c_IF100_alpha0p5_h2_m4_seed42_eps0p75_ca0p7_w30_taw1p5.log - INFO - EAR Round 43 | targetExp 1 targetSamples 25 tailExpRate 1.0000 | gradShare 0.112658 | Retention proj 0.473132 -> 0.473132 (gain 0.000000) | cos 0.687541 -> 0.687541
2026-08-30 20:01:30,780 - ear_direct_cifar10_c_IF100_alpha0p5_h2_m4_seed42_eps0p75_ca0p7_w30_taw1p5.log - INFO - Round 44 selected clients: [6, 12, 13, 15]
2026-08-30 20:01:44,352 - ear_direct_cifar10_c_IF100_alpha0p5_h2_m4_seed42_eps0p75_ca0p7_w30_taw1p5.log - INFO - Round 44 | Global 0.5299 | Head 0.6993 | Middle 0.5883 | Tail 0.2827 | Hmean 0.4026 | ExpEvent 1 | ExpMass 0.026042 | best_tail 0.3767@28
2026-08-30 20:01:44,352 - ear_direct_cifar10_c_IF100_alpha0p5_h2_m4_seed42_eps0p75_ca0p7_w30_taw1p5.log - INFO - EAR Round 44 | targetExp 1 targetSamples 25 tailExpRate 1.0000 | gradShare 0.091560 | Retention proj 0.337330 -> 0.337330 (gain 0.000000) | cos 0.977026 -> 0.977026
2026-08-30 20:01:44,354 - ear_direct_cifar10_c_IF100_alpha0p5_h2_m4_seed42_eps0p75_ca0p7_w30_taw1p5.log - INFO - Round 45 selected clients: [0, 5, 11, 12]
2026-08-30 20:01:57,908 - ear_direct_cifar10_c_IF100_alpha0p5_h2_m4_seed42_eps0p75_ca0p7_w30_taw1p5.log - INFO - Round 45 | Global 0.4386 | Head 0.5610 | Middle 0.5445 | Tail 0.1750 | Hmean 0.2668 | ExpEvent 0 | ExpMass 0.012092 | best_tail 0.3767@28
2026-08-30 20:01:57,908 - ear_direct_cifar10_c_IF100_alpha0p5_h2_m4_seed42_eps0p75_ca0p7_w30_taw1p5.log - INFO - EAR Round 45 | targetExp 0 targetSamples 0 tailExpRate 0.6667 | gradShare 0.056576 | Retention proj 0.403090 -> 0.403090 (gain 0.000000) | cos 0.782807 -> 0.782807
2026-08-30 20:01:57,911 - ear_direct_cifar10_c_IF100_alpha0p5_h2_m4_seed42_eps0p75_ca0p7_w30_taw1p5.log - INFO - Round 46 selected clients: [3, 7, 14, 16]
2026-08-30 20:02:11,169 - ear_direct_cifar10_c_IF100_alpha0p5_h2_m4_seed42_eps0p75_ca0p7_w30_taw1p5.log - INFO - Round 46 | Global 0.5264 | Head 0.8183 | Middle 0.5485 | Tail 0.2050 | Hmean 0.3279 | ExpEvent 0 | ExpMass 0.006085 | best_tail 0.3767@28
2026-08-30 20:02:11,169 - ear_direct_cifar10_c_IF100_alpha0p5_h2_m4_seed42_eps0p75_ca0p7_w30_taw1p5.log - INFO - EAR Round 46 | targetExp 0 targetSamples 0 tailExpRate 0.6667 | gradShare 0.056434 | Retention proj 0.173854 -> 0.173854 (gain 0.000000) | cos 0.935561 -> 0.935561
2026-08-30 20:02:11,172 - ear_direct_cifar10_c_IF100_alpha0p5_h2_m4_seed42_eps0p75_ca0p7_w30_taw1p5.log - INFO - Round 47 selected clients: [10, 11, 13, 18]
2026-08-30 20:02:24,912 - ear_direct_cifar10_c_IF100_alpha0p5_h2_m4_seed42_eps0p75_ca0p7_w30_taw1p5.log - INFO - Round 47 | Global 0.5290 | Head 0.8250 | Middle 0.5178 | Tail 0.2480 | Hmean 0.3814 | ExpEvent 0 | ExpMass 0.011731 | best_tail 0.3767@28
2026-08-30 20:02:24,912 - ear_direct_cifar10_c_IF100_alpha0p5_h2_m4_seed42_eps0p75_ca0p7_w30_taw1p5.log - INFO - EAR Round 47 | targetExp 0 targetSamples 0 tailExpRate 0.6667 | gradShare 0.057611 | Retention proj 0.230856 -> 0.230856 (gain 0.000000) | cos 0.996855 -> 0.996855
2026-08-30 20:02:24,914 - ear_direct_cifar10_c_IF100_alpha0p5_h2_m4_seed42_eps0p75_ca0p7_w30_taw1p5.log - INFO - Round 48 selected clients: [7, 8, 16, 17]
2026-08-30 20:02:39,022 - ear_direct_cifar10_c_IF100_alpha0p5_h2_m4_seed42_eps0p75_ca0p7_w30_taw1p5.log - INFO - Round 48 | Global 0.5045 | Head 0.8060 | Middle 0.5090 | Tail 0.1970 | Hmean 0.3166 | ExpEvent 0 | ExpMass 0.019758 | best_tail 0.3767@28
2026-08-30 20:02:39,022 - ear_direct_cifar10_c_IF100_alpha0p5_h2_m4_seed42_eps0p75_ca0p7_w30_taw1p5.log - INFO - EAR Round 48 | targetExp 0 targetSamples 0 tailExpRate 0.6667 | gradShare 0.087884 | Retention proj 0.302287 -> 0.302287 (gain 0.000000) | cos 0.997334 -> 0.997334
2026-08-30 20:02:39,023 - ear_direct_cifar10_c_IF100_alpha0p5_h2_m4_seed42_eps0p75_ca0p7_w30_taw1p5.log - INFO - Round 49 selected clients: [0, 4, 7, 10]
2026-08-30 20:02:52,334 - ear_direct_cifar10_c_IF100_alpha0p5_h2_m4_seed42_eps0p75_ca0p7_w30_taw1p5.log - INFO - Round 49 | Global 0.4925 | Head 0.8293 | Middle 0.4983 | Tail 0.1480 | Hmean 0.2512 | ExpEvent 1 | ExpMass 0.009972 | best_tail 0.3767@28
2026-08-30 20:02:52,334 - ear_direct_cifar10_c_IF100_alpha0p5_h2_m4_seed42_eps0p75_ca0p7_w30_taw1p5.log - INFO - EAR Round 49 | targetExp 1 targetSamples 25 tailExpRate 0.3333 | gradShare 0.103687 | Retention proj 0.254959 -> 0.254959 (gain 0.000000) | cos 0.999995 -> 0.999995
2026-08-30 20:02:52,336 - ear_direct_cifar10_c_IF100_alpha0p5_h2_m4_seed42_eps0p75_ca0p7_w30_taw1p5.log - INFO - Round 50 selected clients: [2, 6, 12, 14]
2026-08-30 20:03:05,919 - ear_direct_cifar10_c_IF100_alpha0p5_h2_m4_seed42_eps0p75_ca0p7_w30_taw1p5.log - INFO - Round 50 | Global 0.4683 | Head 0.6003 | Middle 0.5250 | Tail 0.2607 | Hmean 0.3635 | ExpEvent 1 | ExpMass 0.035543 | best_tail 0.3767@28
2026-08-30 20:03:05,919 - ear_direct_cifar10_c_IF100_alpha0p5_h2_m4_seed42_eps0p75_ca0p7_w30_taw1p5.log - INFO - EAR Round 50 | targetExp 1 targetSamples 25 tailExpRate 1.0000 | gradShare 0.114207 | Retention proj 0.456013 -> 0.456013 (gain 0.000000) | cos 0.983801 -> 0.983801
2026-08-30 20:03:05,940 - ear_direct_cifar10_c_IF100_alpha0p5_h2_m4_seed42_eps0p75_ca0p7_w30_taw1p5.log - INFO - Checkpoint @50 | Global 0.4683 | Head 0.6003 | Middle 0.5250 | Tail 0.2607 | Hmean 0.3635
2026-08-30 20:03:05,941 - ear_direct_cifar10_c_IF100_alpha0p5_h2_m4_seed42_eps0p75_ca0p7_w30_taw1p5.log - INFO - Round 51 selected clients: [0, 9, 11, 16]
2026-08-30 20:03:18,986 - ear_direct_cifar10_c_IF100_alpha0p5_h2_m4_seed42_eps0p75_ca0p7_w30_taw1p5.log - INFO - Round 51 | Global 0.5271 | Head 0.7973 | Middle 0.5315 | Tail 0.2510 | Hmean 0.3818 | ExpEvent 0 | ExpMass 0.002020 | best_tail 0.3767@28
2026-08-30 20:03:18,986 - ear_direct_cifar10_c_IF100_alpha0p5_h2_m4_seed42_eps0p75_ca0p7_w30_taw1p5.log - INFO - EAR Round 51 | targetExp 0 targetSamples 0 tailExpRate 0.6667 | gradShare 0.031730 | Retention proj 0.315288 -> 0.315288 (gain 0.000000) | cos 0.616415 -> 0.616415
2026-08-30 20:03:18,987 - ear_direct_cifar10_c_IF100_alpha0p5_h2_m4_seed42_eps0p75_ca0p7_w30_taw1p5.log - INFO - Round 52 selected clients: [6, 8, 15, 17]
2026-08-30 20:03:32,961 - ear_direct_cifar10_c_IF100_alpha0p5_h2_m4_seed42_eps0p75_ca0p7_w30_taw1p5.log - INFO - Round 52 | Global 0.5150 | Head 0.6597 | Middle 0.5607 | Tail 0.3093 | Hmean 0.4211 | ExpEvent 1 | ExpMass 0.045272 | best_tail 0.3767@28
2026-08-30 20:03:32,962 - ear_direct_cifar10_c_IF100_alpha0p5_h2_m4_seed42_eps0p75_ca0p7_w30_taw1p5.log - INFO - EAR Round 52 | targetExp 1 targetSamples 25 tailExpRate 1.0000 | gradShare 0.145533 | Retention proj 0.450849 -> 0.450849 (gain 0.000000) | cos 0.882126 -> 0.882126
2026-08-30 20:03:32,964 - ear_direct_cifar10_c_IF100_alpha0p5_h2_m4_seed42_eps0p75_ca0p7_w30_taw1p5.log - INFO - Round 53 selected clients: [8, 9, 11, 12]
2026-08-30 20:03:46,758 - ear_direct_cifar10_c_IF100_alpha0p5_h2_m4_seed42_eps0p75_ca0p7_w30_taw1p5.log - INFO - Round 53 | Global 0.5384 | Head 0.7400 | Middle 0.6005 | Tail 0.2540 | Hmean 0.3782 | ExpEvent 0 | ExpMass 0.002425 | best_tail 0.3767@28
2026-08-30 20:03:46,759 - ear_direct_cifar10_c_IF100_alpha0p5_h2_m4_seed42_eps0p75_ca0p7_w30_taw1p5.log - INFO - EAR Round 53 | targetExp 0 targetSamples 0 tailExpRate 0.6667 | gradShare 0.045013 | Retention proj 0.473851 -> 0.473851 (gain 0.000000) | cos 0.984202 -> 0.984202
2026-08-30 20:03:46,762 - ear_direct_cifar10_c_IF100_alpha0p5_h2_m4_seed42_eps0p75_ca0p7_w30_taw1p5.log - INFO - Round 54 selected clients: [3, 11, 13, 18]
2026-08-30 20:04:00,528 - ear_direct_cifar10_c_IF100_alpha0p5_h2_m4_seed42_eps0p75_ca0p7_w30_taw1p5.log - INFO - Round 54 | Global 0.5617 | Head 0.8027 | Middle 0.5933 | Tail 0.2787 | Hmean 0.4137 | ExpEvent 0 | ExpMass 0.017908 | best_tail 0.3767@28
2026-08-30 20:04:00,528 - ear_direct_cifar10_c_IF100_alpha0p5_h2_m4_seed42_eps0p75_ca0p7_w30_taw1p5.log - INFO - EAR Round 54 | targetExp 0 targetSamples 0 tailExpRate 0.6667 | gradShare 0.087394 | Retention proj 0.463854 -> 0.463854 (gain 0.000000) | cos 0.998696 -> 0.998696
2026-08-30 20:04:00,530 - ear_direct_cifar10_c_IF100_alpha0p5_h2_m4_seed42_eps0p75_ca0p7_w30_taw1p5.log - INFO - Round 55 selected clients: [6, 9, 13, 17]
2026-08-30 20:04:13,977 - ear_direct_cifar10_c_IF100_alpha0p5_h2_m4_seed42_eps0p75_ca0p7_w30_taw1p5.log - INFO - Round 55 | Global 0.5264 | Head 0.5773 | Middle 0.5743 | Tail 0.4117 | Hmean 0.4806 | ExpEvent 1 | ExpMass 0.046456 | best_tail 0.4117@55
2026-08-30 20:04:13,977 - ear_direct_cifar10_c_IF100_alpha0p5_h2_m4_seed42_eps0p75_ca0p7_w30_taw1p5.log - INFO - EAR Round 55 | targetExp 1 targetSamples 25 tailExpRate 1.0000 | gradShare 0.146945 | Retention proj 0.571805 -> 0.571805 (gain 0.000000) | cos 0.999106 -> 0.999106
2026-08-30 20:04:13,979 - ear_direct_cifar10_c_IF100_alpha0p5_h2_m4_seed42_eps0p75_ca0p7_w30_taw1p5.log - INFO - Round 56 selected clients: [14, 15, 17, 19]
2026-08-30 20:04:27,197 - ear_direct_cifar10_c_IF100_alpha0p5_h2_m4_seed42_eps0p75_ca0p7_w30_taw1p5.log - INFO - Round 56 | Global 0.5437 | Head 0.7977 | Middle 0.4973 | Tail 0.3517 | Hmean 0.4882 | ExpEvent 0 | ExpMass 0.032481 | best_tail 0.4117@55
2026-08-30 20:04:27,197 - ear_direct_cifar10_c_IF100_alpha0p5_h2_m4_seed42_eps0p75_ca0p7_w30_taw1p5.log - INFO - EAR Round 56 | targetExp 0 targetSamples 0 tailExpRate 0.6667 | gradShare 0.127079 | Retention proj 0.436086 -> 0.436086 (gain 0.000000) | cos 0.818118 -> 0.818118
2026-08-30 20:04:27,200 - ear_direct_cifar10_c_IF100_alpha0p5_h2_m4_seed42_eps0p75_ca0p7_w30_taw1p5.log - INFO - Round 57 selected clients: [0, 8, 10, 15]
2026-08-30 20:04:40,991 - ear_direct_cifar10_c_IF100_alpha0p5_h2_m4_seed42_eps0p75_ca0p7_w30_taw1p5.log - INFO - Round 57 | Global 0.5281 | Head 0.8003 | Middle 0.5355 | Tail 0.2460 | Hmean 0.3763 | ExpEvent 0 | ExpMass 0.000808 | best_tail 0.4117@55
2026-08-30 20:04:40,991 - ear_direct_cifar10_c_IF100_alpha0p5_h2_m4_seed42_eps0p75_ca0p7_w30_taw1p5.log - INFO - EAR Round 57 | targetExp 0 targetSamples 0 tailExpRate 0.3333 | gradShare 0.042393 | Retention proj 0.515020 -> 0.515020 (gain 0.000000) | cos 0.958808 -> 0.958808
2026-08-30 20:04:40,993 - ear_direct_cifar10_c_IF100_alpha0p5_h2_m4_seed42_eps0p75_ca0p7_w30_taw1p5.log - INFO - Round 58 selected clients: [7, 11, 12, 14]
2026-08-30 20:04:54,513 - ear_direct_cifar10_c_IF100_alpha0p5_h2_m4_seed42_eps0p75_ca0p7_w30_taw1p5.log - INFO - Round 58 | Global 0.5195 | Head 0.8080 | Middle 0.5633 | Tail 0.1727 | Hmean 0.2846 | ExpEvent 0 | ExpMass 0.000403 | best_tail 0.4117@55
2026-08-30 20:04:54,513 - ear_direct_cifar10_c_IF100_alpha0p5_h2_m4_seed42_eps0p75_ca0p7_w30_taw1p5.log - INFO - EAR Round 58 | targetExp 0 targetSamples 0 tailExpRate 0.3333 | gradShare 0.029456 | Retention proj 0.410337 -> 0.410337 (gain 0.000000) | cos 0.905660 -> 0.905660
2026-08-30 20:04:54,515 - ear_direct_cifar10_c_IF100_alpha0p5_h2_m4_seed42_eps0p75_ca0p7_w30_taw1p5.log - INFO - Round 59 selected clients: [0, 5, 6, 16]
2026-08-30 20:05:07,653 - ear_direct_cifar10_c_IF100_alpha0p5_h2_m4_seed42_eps0p75_ca0p7_w30_taw1p5.log - INFO - Round 59 | Global 0.5699 | Head 0.8280 | Middle 0.5282 | Tail 0.3673 | Hmean 0.5089 | ExpEvent 1 | ExpMass 0.036342 | best_tail 0.4117@55
2026-08-30 20:05:07,654 - ear_direct_cifar10_c_IF100_alpha0p5_h2_m4_seed42_eps0p75_ca0p7_w30_taw1p5.log - INFO - EAR Round 59 | targetExp 1 targetSamples 25 tailExpRate 1.0000 | gradShare 0.111708 | Retention proj 0.378142 -> 0.378142 (gain 0.000000) | cos 0.994410 -> 0.994410
2026-08-30 20:05:07,655 - ear_direct_cifar10_c_IF100_alpha0p5_h2_m4_seed42_eps0p75_ca0p7_w30_taw1p5.log - INFO - Round 60 selected clients: [4, 8, 13, 15]
2026-08-30 20:05:21,821 - ear_direct_cifar10_c_IF100_alpha0p5_h2_m4_seed42_eps0p75_ca0p7_w30_taw1p5.log - INFO - Round 60 | Global 0.5381 | Head 0.8313 | Middle 0.5753 | Tail 0.1953 | Hmean 0.3163 | ExpEvent 1 | ExpMass 0.010804 | best_tail 0.4117@55
2026-08-30 20:05:21,821 - ear_direct_cifar10_c_IF100_alpha0p5_h2_m4_seed42_eps0p75_ca0p7_w30_taw1p5.log - INFO - EAR Round 60 | targetExp 1 targetSamples 25 tailExpRate 0.6667 | gradShare 0.119365 | Retention proj 0.359739 -> 0.359739 (gain 0.000000) | cos 0.942093 -> 0.942093
2026-08-30 20:05:21,843 - ear_direct_cifar10_c_IF100_alpha0p5_h2_m4_seed42_eps0p75_ca0p7_w30_taw1p5.log - INFO - Checkpoint @60 | Global 0.5381 | Head 0.8313 | Middle 0.5753 | Tail 0.1953 | Hmean 0.3163
2026-08-30 20:05:21,844 - ear_direct_cifar10_c_IF100_alpha0p5_h2_m4_seed42_eps0p75_ca0p7_w30_taw1p5.log - INFO - Round 61 selected clients: [1, 3, 6, 13]
2026-08-30 20:05:35,425 - ear_direct_cifar10_c_IF100_alpha0p5_h2_m4_seed42_eps0p75_ca0p7_w30_taw1p5.log - INFO - Round 61 | Global 0.5931 | Head 0.7737 | Middle 0.5970 | Tail 0.4073 | Hmean 0.5337 | ExpEvent 1 | ExpMass 0.030936 | best_tail 0.4117@55
2026-08-30 20:05:35,425 - ear_direct_cifar10_c_IF100_alpha0p5_h2_m4_seed42_eps0p75_ca0p7_w30_taw1p5.log - INFO - EAR Round 61 | targetExp 1 targetSamples 25 tailExpRate 1.0000 | gradShare 0.113211 | Retention proj 0.359482 -> 0.359482 (gain 0.000000) | cos 0.920461 -> 0.920461
2026-08-30 20:05:35,427 - ear_direct_cifar10_c_IF100_alpha0p5_h2_m4_seed42_eps0p75_ca0p7_w30_taw1p5.log - INFO - Round 62 selected clients: [5, 6, 10, 17]
2026-08-30 20:05:49,053 - ear_direct_cifar10_c_IF100_alpha0p5_h2_m4_seed42_eps0p75_ca0p7_w30_taw1p5.log - INFO - Round 62 | Global 0.6143 | Head 0.7413 | Middle 0.6095 | Tail 0.4937 | Hmean 0.5927 | ExpEvent 1 | ExpMass 0.055933 | best_tail 0.4937@62
2026-08-30 20:05:49,053 - ear_direct_cifar10_c_IF100_alpha0p5_h2_m4_seed42_eps0p75_ca0p7_w30_taw1p5.log - INFO - EAR Round 62 | targetExp 1 targetSamples 25 tailExpRate 1.0000 | gradShare 0.183992 | Retention proj 0.545335 -> 0.545335 (gain 0.000000) | cos 0.951581 -> 0.951581
2026-08-30 20:05:49,056 - ear_direct_cifar10_c_IF100_alpha0p5_h2_m4_seed42_eps0p75_ca0p7_w30_taw1p5.log - INFO - Round 63 selected clients: [8, 9, 13, 16]
2026-08-30 20:06:02,729 - ear_direct_cifar10_c_IF100_alpha0p5_h2_m4_seed42_eps0p75_ca0p7_w30_taw1p5.log - INFO - Round 63 | Global 0.5723 | Head 0.8173 | Middle 0.5635 | Tail 0.3390 | Hmean 0.4792 | ExpEvent 0 | ExpMass 0.002021 | best_tail 0.4937@62
2026-08-30 20:06:02,729 - ear_direct_cifar10_c_IF100_alpha0p5_h2_m4_seed42_eps0p75_ca0p7_w30_taw1p5.log - INFO - EAR Round 63 | targetExp 0 targetSamples 0 tailExpRate 0.6667 | gradShare 0.057728 | Retention proj 0.252082 -> 0.252082 (gain 0.000000) | cos 0.771469 -> 0.771469
2026-08-30 20:06:02,731 - ear_direct_cifar10_c_IF100_alpha0p5_h2_m4_seed42_eps0p75_ca0p7_w30_taw1p5.log - INFO - Round 64 selected clients: [1, 2, 9, 11]
2026-08-30 20:06:16,181 - ear_direct_cifar10_c_IF100_alpha0p5_h2_m4_seed42_eps0p75_ca0p7_w30_taw1p5.log - INFO - Round 64 | Global 0.5804 | Head 0.7660 | Middle 0.6132 | Tail 0.3510 | Hmean 0.4814 | ExpEvent 0 | ExpMass 0.012520 | best_tail 0.4937@62
2026-08-30 20:06:16,181 - ear_direct_cifar10_c_IF100_alpha0p5_h2_m4_seed42_eps0p75_ca0p7_w30_taw1p5.log - INFO - EAR Round 64 | targetExp 0 targetSamples 0 tailExpRate 0.6667 | gradShare 0.057199 | Retention proj 0.489909 -> 0.489909 (gain 0.000000) | cos 0.937929 -> 0.937929
2026-08-30 20:06:16,184 - ear_direct_cifar10_c_IF100_alpha0p5_h2_m4_seed42_eps0p75_ca0p7_w30_taw1p5.log - INFO - Round 65 selected clients: [4, 6, 8, 19]
2026-08-30 20:06:29,675 - ear_direct_cifar10_c_IF100_alpha0p5_h2_m4_seed42_eps0p75_ca0p7_w30_taw1p5.log - INFO - Round 65 | Global 0.5549 | Head 0.7607 | Middle 0.4168 | Tail 0.5333 | Hmean 0.6270 | ExpEvent 1 | ExpMass 0.046050 | best_tail 0.5333@65
2026-08-30 20:06:29,675 - ear_direct_cifar10_c_IF100_alpha0p5_h2_m4_seed42_eps0p75_ca0p7_w30_taw1p5.log - INFO - EAR Round 65 | targetExp 1 targetSamples 50 tailExpRate 1.0000 | gradShare 0.205554 | Retention proj 0.381388 -> 0.381388 (gain 0.000000) | cos 0.932946 -> 0.932946
2026-08-30 20:06:29,677 - ear_direct_cifar10_c_IF100_alpha0p5_h2_m4_seed42_eps0p75_ca0p7_w30_taw1p5.log - INFO - Round 66 selected clients: [3, 7, 8, 15]
2026-08-30 20:06:43,413 - ear_direct_cifar10_c_IF100_alpha0p5_h2_m4_seed42_eps0p75_ca0p7_w30_taw1p5.log - INFO - Round 66 | Global 0.5948 | Head 0.8073 | Middle 0.5985 | Tail 0.3773 | Hmean 0.5143 | ExpEvent 0 | ExpMass 0.006916 | best_tail 0.5333@65
2026-08-30 20:06:43,413 - ear_direct_cifar10_c_IF100_alpha0p5_h2_m4_seed42_eps0p75_ca0p7_w30_taw1p5.log - INFO - EAR Round 66 | targetExp 0 targetSamples 0 tailExpRate 0.6667 | gradShare 0.097438 | Retention proj 0.253716 -> 0.253716 (gain 0.000000) | cos 0.488907 -> 0.488907
2026-08-30 20:06:43,415 - ear_direct_cifar10_c_IF100_alpha0p5_h2_m4_seed42_eps0p75_ca0p7_w30_taw1p5.log - INFO - Round 67 selected clients: [6, 13, 17, 18]
2026-08-30 20:06:56,423 - ear_direct_cifar10_c_IF100_alpha0p5_h2_m4_seed42_eps0p75_ca0p7_w30_taw1p5.log - INFO - Round 67 | Global 0.6283 | Head 0.7593 | Middle 0.5870 | Tail 0.5523 | Hmean 0.6395 | ExpEvent 1 | ExpMass 0.056112 | best_tail 0.5523@67
2026-08-30 20:06:56,423 - ear_direct_cifar10_c_IF100_alpha0p5_h2_m4_seed42_eps0p75_ca0p7_w30_taw1p5.log - INFO - EAR Round 67 | targetExp 1 targetSamples 25 tailExpRate 1.0000 | gradShare 0.169738 | Retention proj 0.532579 -> 0.532579 (gain 0.000000) | cos 0.849332 -> 0.849332
2026-08-30 20:06:56,425 - ear_direct_cifar10_c_IF100_alpha0p5_h2_m4_seed42_eps0p75_ca0p7_w30_taw1p5.log - INFO - Round 68 selected clients: [7, 12, 18, 19]
2026-08-30 20:07:10,056 - ear_direct_cifar10_c_IF100_alpha0p5_h2_m4_seed42_eps0p75_ca0p7_w30_taw1p5.log - INFO - Round 68 | Global 0.5692 | Head 0.7007 | Middle 0.5992 | Tail 0.3977 | Hmean 0.5074 | ExpEvent 0 | ExpMass 0.023964 | best_tail 0.5523@67
2026-08-30 20:07:10,056 - ear_direct_cifar10_c_IF100_alpha0p5_h2_m4_seed42_eps0p75_ca0p7_w30_taw1p5.log - INFO - EAR Round 68 | targetExp 0 targetSamples 0 tailExpRate 0.6667 | gradShare 0.109286 | Retention proj 0.567712 -> 0.567712 (gain 0.000000) | cos 0.832412 -> 0.832412
2026-08-30 20:07:10,058 - ear_direct_cifar10_c_IF100_alpha0p5_h2_m4_seed42_eps0p75_ca0p7_w30_taw1p5.log - INFO - Round 69 selected clients: [12, 13, 15, 17]
2026-08-30 20:07:23,456 - ear_direct_cifar10_c_IF100_alpha0p5_h2_m4_seed42_eps0p75_ca0p7_w30_taw1p5.log - INFO - Round 69 | Global 0.5515 | Head 0.8440 | Middle 0.5295 | Tail 0.2883 | Hmean 0.4298 | ExpEvent 0 | ExpMass 0.021027 | best_tail 0.5523@67
2026-08-30 20:07:23,456 - ear_direct_cifar10_c_IF100_alpha0p5_h2_m4_seed42_eps0p75_ca0p7_w30_taw1p5.log - INFO - EAR Round 69 | targetExp 0 targetSamples 0 tailExpRate 0.6667 | gradShare 0.093454 | Retention proj 0.499085 -> 0.499085 (gain 0.000000) | cos 0.663936 -> 0.663936
2026-08-30 20:07:23,459 - ear_direct_cifar10_c_IF100_alpha0p5_h2_m4_seed42_eps0p75_ca0p7_w30_taw1p5.log - INFO - Round 70 selected clients: [3, 5, 10, 17]
2026-08-30 20:07:37,275 - ear_direct_cifar10_c_IF100_alpha0p5_h2_m4_seed42_eps0p75_ca0p7_w30_taw1p5.log - INFO - Round 70 | Global 0.5607 | Head 0.7040 | Middle 0.6038 | Tail 0.3600 | Hmean 0.4764 | ExpEvent 0 | ExpMass 0.037728 | best_tail 0.5523@67
2026-08-30 20:07:37,276 - ear_direct_cifar10_c_IF100_alpha0p5_h2_m4_seed42_eps0p75_ca0p7_w30_taw1p5.log - INFO - EAR Round 70 | targetExp 0 targetSamples 0 tailExpRate 0.6667 | gradShare 0.156197 | Retention proj 0.732358 -> 0.732358 (gain 0.000000) | cos 0.993597 -> 0.993597
2026-08-30 20:07:37,300 - ear_direct_cifar10_c_IF100_alpha0p5_h2_m4_seed42_eps0p75_ca0p7_w30_taw1p5.log - INFO - Checkpoint @70 | Global 0.5607 | Head 0.7040 | Middle 0.6038 | Tail 0.3600 | Hmean 0.4764
2026-08-30 20:07:37,301 - ear_direct_cifar10_c_IF100_alpha0p5_h2_m4_seed42_eps0p75_ca0p7_w30_taw1p5.log - INFO - Round 71 selected clients: [2, 6, 11, 19]
2026-08-30 20:07:51,532 - ear_direct_cifar10_c_IF100_alpha0p5_h2_m4_seed42_eps0p75_ca0p7_w30_taw1p5.log - INFO - Round 71 | Global 0.5616 | Head 0.6220 | Middle 0.5693 | Tail 0.4910 | Hmean 0.5488 | ExpEvent 1 | ExpMass 0.046913 | best_tail 0.5523@67
2026-08-30 20:07:51,532 - ear_direct_cifar10_c_IF100_alpha0p5_h2_m4_seed42_eps0p75_ca0p7_w30_taw1p5.log - INFO - EAR Round 71 | targetExp 1 targetSamples 25 tailExpRate 1.0000 | gradShare 0.140575 | Retention proj 0.556420 -> 0.556420 (gain 0.000000) | cos 0.997567 -> 0.997567
2026-08-30 20:07:51,534 - ear_direct_cifar10_c_IF100_alpha0p5_h2_m4_seed42_eps0p75_ca0p7_w30_taw1p5.log - INFO - Round 72 selected clients: [2, 10, 13, 17]
2026-08-30 20:08:05,023 - ear_direct_cifar10_c_IF100_alpha0p5_h2_m4_seed42_eps0p75_ca0p7_w30_taw1p5.log - INFO - Round 72 | Global 0.5849 | Head 0.7383 | Middle 0.5978 | Tail 0.4143 | Hmean 0.5308 | ExpEvent 0 | ExpMass 0.030230 | best_tail 0.5523@67
2026-08-30 20:08:05,023 - ear_direct_cifar10_c_IF100_alpha0p5_h2_m4_seed42_eps0p75_ca0p7_w30_taw1p5.log - INFO - EAR Round 72 | targetExp 0 targetSamples 0 tailExpRate 0.6667 | gradShare 0.133093 | Retention proj 0.463451 -> 0.463451 (gain 0.000000) | cos 0.944250 -> 0.944250
2026-08-30 20:08:05,026 - ear_direct_cifar10_c_IF100_alpha0p5_h2_m4_seed42_eps0p75_ca0p7_w30_taw1p5.log - INFO - Round 73 selected clients: [8, 11, 12, 13]
2026-08-30 20:08:18,887 - ear_direct_cifar10_c_IF100_alpha0p5_h2_m4_seed42_eps0p75_ca0p7_w30_taw1p5.log - INFO - Round 73 | Global 0.5850 | Head 0.8013 | Middle 0.5998 | Tail 0.3490 | Hmean 0.4862 | ExpEvent 0 | ExpMass 0.000403 | best_tail 0.5523@67
2026-08-30 20:08:18,887 - ear_direct_cifar10_c_IF100_alpha0p5_h2_m4_seed42_eps0p75_ca0p7_w30_taw1p5.log - INFO - EAR Round 73 | targetExp 0 targetSamples 0 tailExpRate 0.3333 | gradShare 0.061281 | Retention proj 0.443324 -> 0.443324 (gain 0.000000) | cos 0.993649 -> 0.993649
2026-08-30 20:08:18,889 - ear_direct_cifar10_c_IF100_alpha0p5_h2_m4_seed42_eps0p75_ca0p7_w30_taw1p5.log - INFO - Round 74 selected clients: [7, 9, 17, 19]
2026-08-30 20:08:32,773 - ear_direct_cifar10_c_IF100_alpha0p5_h2_m4_seed42_eps0p75_ca0p7_w30_taw1p5.log - INFO - Round 74 | Global 0.6040 | Head 0.7513 | Middle 0.6272 | Tail 0.4257 | Hmean 0.5435 | ExpEvent 0 | ExpMass 0.033685 | best_tail 0.5523@67
2026-08-30 20:08:32,773 - ear_direct_cifar10_c_IF100_alpha0p5_h2_m4_seed42_eps0p75_ca0p7_w30_taw1p5.log - INFO - EAR Round 74 | targetExp 0 targetSamples 0 tailExpRate 0.6667 | gradShare 0.135349 | Retention proj 0.732672 -> 0.732672 (gain 0.000000) | cos 0.999764 -> 0.999764
2026-08-30 20:08:32,775 - ear_direct_cifar10_c_IF100_alpha0p5_h2_m4_seed42_eps0p75_ca0p7_w30_taw1p5.log - INFO - Round 75 selected clients: [0, 8, 16, 17]
2026-08-30 20:08:46,466 - ear_direct_cifar10_c_IF100_alpha0p5_h2_m4_seed42_eps0p75_ca0p7_w30_taw1p5.log - INFO - Round 75 | Global 0.5747 | Head 0.8163 | Middle 0.5473 | Tail 0.3697 | Hmean 0.5089 | ExpEvent 0 | ExpMass 0.019750 | best_tail 0.5523@67
2026-08-30 20:08:46,466 - ear_direct_cifar10_c_IF100_alpha0p5_h2_m4_seed42_eps0p75_ca0p7_w30_taw1p5.log - INFO - EAR Round 75 | targetExp 0 targetSamples 0 tailExpRate 0.6667 | gradShare 0.087346 | Retention proj 0.300305 -> 0.300305 (gain 0.000000) | cos 0.807323 -> 0.807323
2026-08-30 20:08:46,468 - ear_direct_cifar10_c_IF100_alpha0p5_h2_m4_seed42_eps0p75_ca0p7_w30_taw1p5.log - INFO - Round 76 selected clients: [1, 3, 12, 15]
2026-08-30 20:08:59,971 - ear_direct_cifar10_c_IF100_alpha0p5_h2_m4_seed42_eps0p75_ca0p7_w30_taw1p5.log - INFO - Round 76 | Global 0.5018 | Head 0.6577 | Middle 0.5715 | Tail 0.2530 | Hmean 0.3654 | ExpEvent 0 | ExpMass 0.007320 | best_tail 0.5523@67
2026-08-30 20:08:59,972 - ear_direct_cifar10_c_IF100_alpha0p5_h2_m4_seed42_eps0p75_ca0p7_w30_taw1p5.log - INFO - EAR Round 76 | targetExp 0 targetSamples 0 tailExpRate 0.6667 | gradShare 0.054990 | Retention proj 0.453079 -> 0.453079 (gain 0.000000) | cos 0.488631 -> 0.488631
2026-08-30 20:08:59,974 - ear_direct_cifar10_c_IF100_alpha0p5_h2_m4_seed42_eps0p75_ca0p7_w30_taw1p5.log - INFO - Round 77 selected clients: [2, 3, 7, 17]
2026-08-30 20:09:13,674 - ear_direct_cifar10_c_IF100_alpha0p5_h2_m4_seed42_eps0p75_ca0p7_w30_taw1p5.log - INFO - Round 77 | Global 0.5883 | Head 0.7977 | Middle 0.6200 | Tail 0.3367 | Hmean 0.4735 | ExpEvent 0 | ExpMass 0.036496 | best_tail 0.5523@67
2026-08-30 20:09:13,674 - ear_direct_cifar10_c_IF100_alpha0p5_h2_m4_seed42_eps0p75_ca0p7_w30_taw1p5.log - INFO - EAR Round 77 | targetExp 0 targetSamples 0 tailExpRate 0.6667 | gradShare 0.126751 | Retention proj 0.730560 -> 0.730560 (gain 0.000000) | cos 0.999923 -> 0.999923
2026-08-30 20:09:13,677 - ear_direct_cifar10_c_IF100_alpha0p5_h2_m4_seed42_eps0p75_ca0p7_w30_taw1p5.log - INFO - Round 78 selected clients: [5, 8, 11, 13]
2026-08-30 20:09:28,318 - ear_direct_cifar10_c_IF100_alpha0p5_h2_m4_seed42_eps0p75_ca0p7_w30_taw1p5.log - INFO - Round 78 | Global 0.5839 | Head 0.7973 | Middle 0.6285 | Tail 0.3110 | Hmean 0.4475 | ExpEvent 0 | ExpMass 0.011694 | best_tail 0.5523@67
2026-08-30 20:09:28,319 - ear_direct_cifar10_c_IF100_alpha0p5_h2_m4_seed42_eps0p75_ca0p7_w30_taw1p5.log - INFO - EAR Round 78 | targetExp 0 targetSamples 0 tailExpRate 0.6667 | gradShare 0.088573 | Retention proj 0.260864 -> 0.260864 (gain 0.000000) | cos 0.931317 -> 0.931317
2026-08-30 20:09:28,321 - ear_direct_cifar10_c_IF100_alpha0p5_h2_m4_seed42_eps0p75_ca0p7_w30_taw1p5.log - INFO - Round 79 selected clients: [2, 10, 17, 18]
2026-08-30 20:09:42,321 - ear_direct_cifar10_c_IF100_alpha0p5_h2_m4_seed42_eps0p75_ca0p7_w30_taw1p5.log - INFO - Round 79 | Global 0.6061 | Head 0.7187 | Middle 0.6505 | Tail 0.4343 | Hmean 0.5414 | ExpEvent 0 | ExpMass 0.042054 | best_tail 0.5523@67
2026-08-30 20:09:42,321 - ear_direct_cifar10_c_IF100_alpha0p5_h2_m4_seed42_eps0p75_ca0p7_w30_taw1p5.log - INFO - EAR Round 79 | targetExp 0 targetSamples 0 tailExpRate 0.6667 | gradShare 0.125221 | Retention proj 0.742084 -> 0.742084 (gain 0.000000) | cos 0.999978 -> 0.999978
2026-08-30 20:09:42,324 - ear_direct_cifar10_c_IF100_alpha0p5_h2_m4_seed42_eps0p75_ca0p7_w30_taw1p5.log - INFO - Round 80 selected clients: [5, 8, 13, 14]
2026-08-30 20:09:55,797 - ear_direct_cifar10_c_IF100_alpha0p5_h2_m4_seed42_eps0p75_ca0p7_w30_taw1p5.log - INFO - Round 80 | Global 0.5981 | Head 0.7993 | Middle 0.6242 | Tail 0.3620 | Hmean 0.4983 | ExpEvent 0 | ExpMass 0.011694 | best_tail 0.5523@67
2026-08-30 20:09:55,797 - ear_direct_cifar10_c_IF100_alpha0p5_h2_m4_seed42_eps0p75_ca0p7_w30_taw1p5.log - INFO - EAR Round 80 | targetExp 0 targetSamples 0 tailExpRate 0.6667 | gradShare 0.091815 | Retention proj 0.304956 -> 0.304956 (gain 0.000000) | cos 0.862267 -> 0.862267
2026-08-30 20:09:55,828 - ear_direct_cifar10_c_IF100_alpha0p5_h2_m4_seed42_eps0p75_ca0p7_w30_taw1p5.log - INFO - Checkpoint @80 | Global 0.5981 | Head 0.7993 | Middle 0.6242 | Tail 0.3620 | Hmean 0.4983
2026-08-30 20:09:55,829 - ear_direct_cifar10_c_IF100_alpha0p5_h2_m4_seed42_eps0p75_ca0p7_w30_taw1p5.log - INFO - Round 81 selected clients: [5, 9, 10, 15]
2026-08-30 20:10:09,990 - ear_direct_cifar10_c_IF100_alpha0p5_h2_m4_seed42_eps0p75_ca0p7_w30_taw1p5.log - INFO - Round 81 | Global 0.5648 | Head 0.8367 | Middle 0.5660 | Tail 0.2913 | Hmean 0.4321 | ExpEvent 0 | ExpMass 0.014593 | best_tail 0.5523@67
2026-08-30 20:10:09,991 - ear_direct_cifar10_c_IF100_alpha0p5_h2_m4_seed42_eps0p75_ca0p7_w30_taw1p5.log - INFO - EAR Round 81 | targetExp 0 targetSamples 0 tailExpRate 0.6667 | gradShare 0.080142 | Retention proj 0.702705 -> 0.702705 (gain 0.000000) | cos 0.871569 -> 0.871569
2026-08-30 20:10:09,992 - ear_direct_cifar10_c_IF100_alpha0p5_h2_m4_seed42_eps0p75_ca0p7_w30_taw1p5.log - INFO - Round 82 selected clients: [0, 9, 13, 16]
2026-08-30 20:10:23,734 - ear_direct_cifar10_c_IF100_alpha0p5_h2_m4_seed42_eps0p75_ca0p7_w30_taw1p5.log - INFO - Round 82 | Global 0.5058 | Head 0.7043 | Middle 0.5250 | Tail 0.2817 | Hmean 0.4024 | ExpEvent 0 | ExpMass 0.002020 | best_tail 0.5523@67
2026-08-30 20:10:23,734 - ear_direct_cifar10_c_IF100_alpha0p5_h2_m4_seed42_eps0p75_ca0p7_w30_taw1p5.log - INFO - EAR Round 82 | targetExp 0 targetSamples 0 tailExpRate 0.6667 | gradShare 0.027079 | Retention proj 0.314552 -> 0.314552 (gain 0.000000) | cos 0.575183 -> 0.575183
2026-08-30 20:10:23,737 - ear_direct_cifar10_c_IF100_alpha0p5_h2_m4_seed42_eps0p75_ca0p7_w30_taw1p5.log - INFO - Round 83 selected clients: [3, 11, 14, 15]
2026-08-30 20:10:37,469 - ear_direct_cifar10_c_IF100_alpha0p5_h2_m4_seed42_eps0p75_ca0p7_w30_taw1p5.log - INFO - Round 83 | Global 0.5698 | Head 0.8210 | Middle 0.6205 | Tail 0.2510 | Hmean 0.3845 | ExpEvent 0 | ExpMass 0.006916 | best_tail 0.5523@67
2026-08-30 20:10:37,469 - ear_direct_cifar10_c_IF100_alpha0p5_h2_m4_seed42_eps0p75_ca0p7_w30_taw1p5.log - INFO - EAR Round 83 | targetExp 0 targetSamples 0 tailExpRate 0.6667 | gradShare 0.048197 | Retention proj 0.285098 -> 0.285098 (gain 0.000000) | cos 0.889692 -> 0.889692
2026-08-30 20:10:37,471 - ear_direct_cifar10_c_IF100_alpha0p5_h2_m4_seed42_eps0p75_ca0p7_w30_taw1p5.log - INFO - Round 84 selected clients: [3, 6, 13, 14]
2026-08-30 20:10:51,308 - ear_direct_cifar10_c_IF100_alpha0p5_h2_m4_seed42_eps0p75_ca0p7_w30_taw1p5.log - INFO - Round 84 | Global 0.5912 | Head 0.8003 | Middle 0.5715 | Tail 0.4083 | Hmean 0.5407 | ExpEvent 1 | ExpMass 0.030949 | best_tail 0.5523@67
2026-08-30 20:10:51,309 - ear_direct_cifar10_c_IF100_alpha0p5_h2_m4_seed42_eps0p75_ca0p7_w30_taw1p5.log - INFO - EAR Round 84 | targetExp 1 targetSamples 25 tailExpRate 1.0000 | gradShare 0.110521 | Retention proj 0.406452 -> 0.406452 (gain 0.000000) | cos 0.999698 -> 0.999698
2026-08-30 20:10:51,312 - ear_direct_cifar10_c_IF100_alpha0p5_h2_m4_seed42_eps0p75_ca0p7_w30_taw1p5.log - INFO - Round 85 selected clients: [5, 9, 12, 16]
2026-08-30 20:11:05,025 - ear_direct_cifar10_c_IF100_alpha0p5_h2_m4_seed42_eps0p75_ca0p7_w30_taw1p5.log - INFO - Round 85 | Global 0.5925 | Head 0.8080 | Middle 0.6310 | Tail 0.3257 | Hmean 0.4643 | ExpEvent 0 | ExpMass 0.014147 | best_tail 0.5523@67
2026-08-30 20:11:05,025 - ear_direct_cifar10_c_IF100_alpha0p5_h2_m4_seed42_eps0p75_ca0p7_w30_taw1p5.log - INFO - EAR Round 85 | targetExp 0 targetSamples 0 tailExpRate 0.6667 | gradShare 0.070138 | Retention proj 0.515994 -> 0.515994 (gain 0.000000) | cos 0.597646 -> 0.597646
2026-08-30 20:11:05,028 - ear_direct_cifar10_c_IF100_alpha0p5_h2_m4_seed42_eps0p75_ca0p7_w30_taw1p5.log - INFO - Round 86 selected clients: [0, 2, 11, 13]
2026-08-30 20:11:18,798 - ear_direct_cifar10_c_IF100_alpha0p5_h2_m4_seed42_eps0p75_ca0p7_w30_taw1p5.log - INFO - Round 86 | Global 0.6023 | Head 0.8207 | Middle 0.6410 | Tail 0.3323 | Hmean 0.4731 | ExpEvent 0 | ExpMass 0.010475 | best_tail 0.5523@67
2026-08-30 20:11:18,799 - ear_direct_cifar10_c_IF100_alpha0p5_h2_m4_seed42_eps0p75_ca0p7_w30_taw1p5.log - INFO - EAR Round 86 | targetExp 0 targetSamples 0 tailExpRate 0.6667 | gradShare 0.042496 | Retention proj 0.185941 -> 0.185941 (gain 0.000000) | cos 0.809537 -> 0.809537
2026-08-30 20:11:18,801 - ear_direct_cifar10_c_IF100_alpha0p5_h2_m4_seed42_eps0p75_ca0p7_w30_taw1p5.log - INFO - Round 87 selected clients: [4, 6, 13, 15]
2026-08-30 20:11:32,414 - ear_direct_cifar10_c_IF100_alpha0p5_h2_m4_seed42_eps0p75_ca0p7_w30_taw1p5.log - INFO - Round 87 | Global 0.6462 | Head 0.7770 | Middle 0.6365 | Tail 0.5283 | Hmean 0.6290 | ExpEvent 1 | ExpMass 0.035289 | best_tail 0.5523@67
2026-08-30 20:11:32,414 - ear_direct_cifar10_c_IF100_alpha0p5_h2_m4_seed42_eps0p75_ca0p7_w30_taw1p5.log - INFO - EAR Round 87 | targetExp 1 targetSamples 50 tailExpRate 1.0000 | gradShare 0.168332 | Retention proj 0.283772 -> 0.283772 (gain 0.000000) | cos 0.520363 -> 0.520363
2026-08-30 20:11:32,416 - ear_direct_cifar10_c_IF100_alpha0p5_h2_m4_seed42_eps0p75_ca0p7_w30_taw1p5.log - INFO - Round 88 selected clients: [0, 7, 15, 16]
2026-08-30 20:11:45,720 - ear_direct_cifar10_c_IF100_alpha0p5_h2_m4_seed42_eps0p75_ca0p7_w30_taw1p5.log - INFO - Round 88 | Global 0.5851 | Head 0.8397 | Middle 0.5930 | Tail 0.3200 | Hmean 0.4634 | ExpEvent 0 | ExpMass 0.000808 | best_tail 0.5523@67
2026-08-30 20:11:45,721 - ear_direct_cifar10_c_IF100_alpha0p5_h2_m4_seed42_eps0p75_ca0p7_w30_taw1p5.log - INFO - EAR Round 88 | targetExp 0 targetSamples 0 tailExpRate 0.3333 | gradShare 0.048947 | Retention proj 0.587659 -> 0.587659 (gain 0.000000) | cos 0.921180 -> 0.921180
2026-08-30 20:11:45,723 - ear_direct_cifar10_c_IF100_alpha0p5_h2_m4_seed42_eps0p75_ca0p7_w30_taw1p5.log - INFO - Round 89 selected clients: [2, 4, 5, 7]
2026-08-30 20:11:59,327 - ear_direct_cifar10_c_IF100_alpha0p5_h2_m4_seed42_eps0p75_ca0p7_w30_taw1p5.log - INFO - Round 89 | Global 0.6032 | Head 0.8040 | Middle 0.6415 | Tail 0.3513 | Hmean 0.4890 | ExpEvent 1 | ExpMass 0.031911 | best_tail 0.5523@67
2026-08-30 20:11:59,328 - ear_direct_cifar10_c_IF100_alpha0p5_h2_m4_seed42_eps0p75_ca0p7_w30_taw1p5.log - INFO - EAR Round 89 | targetExp 1 targetSamples 25 tailExpRate 1.0000 | gradShare 0.160276 | Retention proj 0.274113 -> 0.274113 (gain 0.000000) | cos 0.939839 -> 0.939839
2026-08-30 20:11:59,330 - ear_direct_cifar10_c_IF100_alpha0p5_h2_m4_seed42_eps0p75_ca0p7_w30_taw1p5.log - INFO - Round 90 selected clients: [0, 2, 10, 12]
2026-08-30 20:12:12,524 - ear_direct_cifar10_c_IF100_alpha0p5_h2_m4_seed42_eps0p75_ca0p7_w30_taw1p5.log - INFO - Round 90 | Global 0.6170 | Head 0.7893 | Middle 0.6495 | Tail 0.4013 | Hmean 0.5321 | ExpEvent 0 | ExpMass 0.010878 | best_tail 0.5523@67
2026-08-30 20:12:12,525 - ear_direct_cifar10_c_IF100_alpha0p5_h2_m4_seed42_eps0p75_ca0p7_w30_taw1p5.log - INFO - EAR Round 90 | targetExp 0 targetSamples 0 tailExpRate 0.6667 | gradShare 0.056698 | Retention proj 0.240750 -> 0.240750 (gain 0.000000) | cos 0.578614 -> 0.578614
2026-08-30 20:12:12,553 - ear_direct_cifar10_c_IF100_alpha0p5_h2_m4_seed42_eps0p75_ca0p7_w30_taw1p5.log - INFO - Checkpoint @90 | Global 0.6170 | Head 0.7893 | Middle 0.6495 | Tail 0.4013 | Hmean 0.5321
2026-08-30 20:12:12,554 - ear_direct_cifar10_c_IF100_alpha0p5_h2_m4_seed42_eps0p75_ca0p7_w30_taw1p5.log - INFO - Round 91 selected clients: [1, 5, 6, 17]
2026-08-30 20:12:26,743 - ear_direct_cifar10_c_IF100_alpha0p5_h2_m4_seed42_eps0p75_ca0p7_w30_taw1p5.log - INFO - Round 91 | Global 0.6424 | Head 0.7730 | Middle 0.6475 | Tail 0.5050 | Hmean 0.6109 | ExpEvent 1 | ExpMass 0.055911 | best_tail 0.5523@67
2026-08-30 20:12:26,743 - ear_direct_cifar10_c_IF100_alpha0p5_h2_m4_seed42_eps0p75_ca0p7_w30_taw1p5.log - INFO - EAR Round 91 | targetExp 1 targetSamples 25 tailExpRate 1.0000 | gradShare 0.162981 | Retention proj 0.557350 -> 0.557350 (gain 0.000000) | cos 0.920267 -> 0.920267
2026-08-30 20:12:26,746 - ear_direct_cifar10_c_IF100_alpha0p5_h2_m4_seed42_eps0p75_ca0p7_w30_taw1p5.log - INFO - Round 92 selected clients: [11, 15, 17, 19]
2026-08-30 20:12:40,757 - ear_direct_cifar10_c_IF100_alpha0p5_h2_m4_seed42_eps0p75_ca0p7_w30_taw1p5.log - INFO - Round 92 | Global 0.5718 | Head 0.8393 | Middle 0.5188 | Tail 0.3750 | Hmean 0.5184 | ExpEvent 0 | ExpMass 0.032481 | best_tail 0.5523@67
2026-08-30 20:12:40,757 - ear_direct_cifar10_c_IF100_alpha0p5_h2_m4_seed42_eps0p75_ca0p7_w30_taw1p5.log - INFO - EAR Round 92 | targetExp 0 targetSamples 0 tailExpRate 0.6667 | gradShare 0.121025 | Retention proj 0.497697 -> 0.497697 (gain 0.000000) | cos 0.985552 -> 0.985552
2026-08-30 20:12:40,760 - ear_direct_cifar10_c_IF100_alpha0p5_h2_m4_seed42_eps0p75_ca0p7_w30_taw1p5.log - INFO - Round 93 selected clients: [1, 6, 8, 9]
2026-08-30 20:12:54,134 - ear_direct_cifar10_c_IF100_alpha0p5_h2_m4_seed42_eps0p75_ca0p7_w30_taw1p5.log - INFO - Round 93 | Global 0.6134 | Head 0.7717 | Middle 0.6062 | Tail 0.4647 | Hmean 0.5801 | ExpEvent 1 | ExpMass 0.026821 | best_tail 0.5523@67
2026-08-30 20:12:54,134 - ear_direct_cifar10_c_IF100_alpha0p5_h2_m4_seed42_eps0p75_ca0p7_w30_taw1p5.log - INFO - EAR Round 93 | targetExp 1 targetSamples 25 tailExpRate 1.0000 | gradShare 0.098160 | Retention proj 0.359761 -> 0.359761 (gain 0.000000) | cos 0.956787 -> 0.956787
2026-08-30 20:12:54,136 - ear_direct_cifar10_c_IF100_alpha0p5_h2_m4_seed42_eps0p75_ca0p7_w30_taw1p5.log - INFO - Round 94 selected clients: [3, 9, 10, 19]
2026-08-30 20:13:07,927 - ear_direct_cifar10_c_IF100_alpha0p5_h2_m4_seed42_eps0p75_ca0p7_w30_taw1p5.log - INFO - Round 94 | Global 0.6024 | Head 0.8220 | Middle 0.5715 | Tail 0.4240 | Hmean 0.5594 | ExpEvent 0 | ExpMass 0.020008 | best_tail 0.5523@67
2026-08-30 20:13:07,927 - ear_direct_cifar10_c_IF100_alpha0p5_h2_m4_seed42_eps0p75_ca0p7_w30_taw1p5.log - INFO - EAR Round 94 | targetExp 0 targetSamples 0 tailExpRate 0.6667 | gradShare 0.106622 | Retention proj 0.726788 -> 0.726788 (gain 0.000000) | cos 0.998611 -> 0.998611
2026-08-30 20:13:07,930 - ear_direct_cifar10_c_IF100_alpha0p5_h2_m4_seed42_eps0p75_ca0p7_w30_taw1p5.log - INFO - Round 95 selected clients: [1, 7, 12, 16]
2026-08-30 20:13:22,200 - ear_direct_cifar10_c_IF100_alpha0p5_h2_m4_seed42_eps0p75_ca0p7_w30_taw1p5.log - INFO - Round 95 | Global 0.6053 | Head 0.8503 | Middle 0.5933 | Tail 0.3763 | Hmean 0.5217 | ExpEvent 0 | ExpMass 0.000403 | best_tail 0.5523@67
2026-08-30 20:13:22,200 - ear_direct_cifar10_c_IF100_alpha0p5_h2_m4_seed42_eps0p75_ca0p7_w30_taw1p5.log - INFO - EAR Round 95 | targetExp 0 targetSamples 0 tailExpRate 0.3333 | gradShare 0.045104 | Retention proj 0.762400 -> 0.762400 (gain 0.000000) | cos 0.974746 -> 0.974746
2026-08-30 20:13:22,203 - ear_direct_cifar10_c_IF100_alpha0p5_h2_m4_seed42_eps0p75_ca0p7_w30_taw1p5.log - INFO - Round 96 selected clients: [6, 14, 15, 17]
2026-08-30 20:13:35,878 - ear_direct_cifar10_c_IF100_alpha0p5_h2_m4_seed42_eps0p75_ca0p7_w30_taw1p5.log - INFO - Round 96 | Global 0.6338 | Head 0.7697 | Middle 0.6348 | Tail 0.4967 | Hmean 0.6038 | ExpEvent 1 | ExpMass 0.045272 | best_tail 0.5523@67
2026-08-30 20:13:35,878 - ear_direct_cifar10_c_IF100_alpha0p5_h2_m4_seed42_eps0p75_ca0p7_w30_taw1p5.log - INFO - EAR Round 96 | targetExp 1 targetSamples 25 tailExpRate 1.0000 | gradShare 0.131293 | Retention proj 0.484873 -> 0.484873 (gain 0.000000) | cos 0.921826 -> 0.921826
2026-08-30 20:13:35,880 - ear_direct_cifar10_c_IF100_alpha0p5_h2_m4_seed42_eps0p75_ca0p7_w30_taw1p5.log - INFO - Round 97 selected clients: [2, 4, 6, 12]
2026-08-30 20:13:49,631 - ear_direct_cifar10_c_IF100_alpha0p5_h2_m4_seed42_eps0p75_ca0p7_w30_taw1p5.log - INFO - Round 97 | Global 0.6041 | Head 0.6053 | Middle 0.6673 | Tail 0.5187 | Hmean 0.5587 | ExpEvent 1 | ExpMass 0.045059 | best_tail 0.5523@67
2026-08-30 20:13:49,631 - ear_direct_cifar10_c_IF100_alpha0p5_h2_m4_seed42_eps0p75_ca0p7_w30_taw1p5.log - INFO - EAR Round 97 | targetExp 1 targetSamples 50 tailExpRate 1.0000 | gradShare 0.186980 | Retention proj 0.254196 -> 0.254196 (gain 0.000000) | cos 0.550563 -> 0.550563
2026-08-30 20:13:49,633 - ear_direct_cifar10_c_IF100_alpha0p5_h2_m4_seed42_eps0p75_ca0p7_w30_taw1p5.log - INFO - Round 98 selected clients: [2, 4, 10, 17]
2026-08-30 20:14:03,662 - ear_direct_cifar10_c_IF100_alpha0p5_h2_m4_seed42_eps0p75_ca0p7_w30_taw1p5.log - INFO - Round 98 | Global 0.6332 | Head 0.7727 | Middle 0.6425 | Tail 0.4813 | Hmean 0.5931 | ExpEvent 1 | ExpMass 0.039888 | best_tail 0.5523@67
2026-08-30 20:14:03,662 - ear_direct_cifar10_c_IF100_alpha0p5_h2_m4_seed42_eps0p75_ca0p7_w30_taw1p5.log - INFO - EAR Round 98 | targetExp 1 targetSamples 25 tailExpRate 1.0000 | gradShare 0.187110 | Retention proj 0.114656 -> 0.114656 (gain 0.000000) | cos 0.597408 -> 0.597408
2026-08-30 20:14:03,664 - ear_direct_cifar10_c_IF100_alpha0p5_h2_m4_seed42_eps0p75_ca0p7_w30_taw1p5.log - INFO - Round 99 selected clients: [0, 4, 13, 14]
2026-08-30 20:14:17,439 - ear_direct_cifar10_c_IF100_alpha0p5_h2_m4_seed42_eps0p75_ca0p7_w30_taw1p5.log - INFO - Round 99 | Global 0.5756 | Head 0.7953 | Middle 0.5715 | Tail 0.3613 | Hmean 0.4969 | ExpEvent 1 | ExpMass 0.009972 | best_tail 0.5523@67
2026-08-30 20:14:17,439 - ear_direct_cifar10_c_IF100_alpha0p5_h2_m4_seed42_eps0p75_ca0p7_w30_taw1p5.log - INFO - EAR Round 99 | targetExp 1 targetSamples 25 tailExpRate 0.3333 | gradShare 0.142247 | Retention proj 0.182985 -> 0.182985 (gain 0.000000) | cos 0.989057 -> 0.989057
2026-08-30 20:14:17,441 - ear_direct_cifar10_c_IF100_alpha0p5_h2_m4_seed42_eps0p75_ca0p7_w30_taw1p5.log - INFO - Round 100 selected clients: [0, 10, 11, 12]
2026-08-30 20:14:31,153 - ear_direct_cifar10_c_IF100_alpha0p5_h2_m4_seed42_eps0p75_ca0p7_w30_taw1p5.log - INFO - Round 100 | Global 0.5917 | Head 0.8190 | Middle 0.6062 | Tail 0.3450 | Hmean 0.4855 | ExpEvent 0 | ExpMass 0.000403 | best_tail 0.5523@67
2026-08-30 20:14:31,153 - ear_direct_cifar10_c_IF100_alpha0p5_h2_m4_seed42_eps0p75_ca0p7_w30_taw1p5.log - INFO - EAR Round 100 | targetExp 0 targetSamples 0 tailExpRate 0.3333 | gradShare 0.062684 | Retention proj 0.462385 -> 0.462385 (gain 0.000000) | cos 0.984185 -> 0.984185
2026-08-30 20:14:31,185 - ear_direct_cifar10_c_IF100_alpha0p5_h2_m4_seed42_eps0p75_ca0p7_w30_taw1p5.log - INFO - Checkpoint @100 | Global 0.5917 | Head 0.8190 | Middle 0.6062 | Tail 0.3450 | Hmean 0.4855
2026-08-30 20:14:31,186 - ear_direct_cifar10_c_IF100_alpha0p5_h2_m4_seed42_eps0p75_ca0p7_w30_taw1p5.log - INFO - Round 101 selected clients: [0, 11, 15, 17]
2026-08-30 20:14:45,650 - ear_direct_cifar10_c_IF100_alpha0p5_h2_m4_seed42_eps0p75_ca0p7_w30_taw1p5.log - INFO - Round 101 | Global 0.5698 | Head 0.7243 | Middle 0.6360 | Tail 0.3270 | Hmean 0.4506 | ExpEvent 0 | ExpMass 0.020614 | best_tail 0.5523@67
2026-08-30 20:14:45,651 - ear_direct_cifar10_c_IF100_alpha0p5_h2_m4_seed42_eps0p75_ca0p7_w30_taw1p5.log - INFO - EAR Round 101 | targetExp 0 targetSamples 0 tailExpRate 0.6667 | gradShare 0.087352 | Retention proj 0.560372 -> 0.560372 (gain 0.000000) | cos 0.994805 -> 0.994805
2026-08-30 20:14:45,653 - ear_direct_cifar10_c_IF100_alpha0p5_h2_m4_seed42_eps0p75_ca0p7_w30_taw1p5.log - INFO - Round 102 selected clients: [1, 10, 12, 17]
2026-08-30 20:15:00,120 - ear_direct_cifar10_c_IF100_alpha0p5_h2_m4_seed42_eps0p75_ca0p7_w30_taw1p5.log - INFO - Round 102 | Global 0.5930 | Head 0.8273 | Middle 0.6248 | Tail 0.3163 | Hmean 0.4576 | ExpEvent 0 | ExpMass 0.020153 | best_tail 0.5523@67
2026-08-30 20:15:00,120 - ear_direct_cifar10_c_IF100_alpha0p5_h2_m4_seed42_eps0p75_ca0p7_w30_taw1p5.log - INFO - EAR Round 102 | targetExp 0 targetSamples 0 tailExpRate 0.6667 | gradShare 0.071939 | Retention proj 0.388154 -> 0.388154 (gain 0.000000) | cos 0.909372 -> 0.909372
2026-08-30 20:15:00,123 - ear_direct_cifar10_c_IF100_alpha0p5_h2_m4_seed42_eps0p75_ca0p7_w30_taw1p5.log - INFO - Round 103 selected clients: [0, 7, 9, 11]
2026-08-30 20:15:14,028 - ear_direct_cifar10_c_IF100_alpha0p5_h2_m4_seed42_eps0p75_ca0p7_w30_taw1p5.log - INFO - Round 103 | Global 0.5798 | Head 0.8213 | Middle 0.5770 | Tail 0.3420 | Hmean 0.4829 | ExpEvent 0 | ExpMass 0.002020 | best_tail 0.5523@67
2026-08-30 20:15:14,029 - ear_direct_cifar10_c_IF100_alpha0p5_h2_m4_seed42_eps0p75_ca0p7_w30_taw1p5.log - INFO - EAR Round 103 | targetExp 0 targetSamples 0 tailExpRate 0.6667 | gradShare 0.045586 | Retention proj 0.315064 -> 0.315064 (gain 0.000000) | cos 0.986370 -> 0.986370
2026-08-30 20:15:14,032 - ear_direct_cifar10_c_IF100_alpha0p5_h2_m4_seed42_eps0p75_ca0p7_w30_taw1p5.log - INFO - Round 104 selected clients: [10, 12, 15, 16]
2026-08-30 20:15:27,740 - ear_direct_cifar10_c_IF100_alpha0p5_h2_m4_seed42_eps0p75_ca0p7_w30_taw1p5.log - INFO - Round 104 | Global 0.5621 | Head 0.8200 | Middle 0.6192 | Tail 0.2280 | Hmean 0.3568 | ExpEvent 0 | ExpMass 0.001213 | best_tail 0.5523@67
2026-08-30 20:15:27,740 - ear_direct_cifar10_c_IF100_alpha0p5_h2_m4_seed42_eps0p75_ca0p7_w30_taw1p5.log - INFO - EAR Round 104 | targetExp 0 targetSamples 0 tailExpRate 0.6667 | gradShare 0.037911 | Retention proj 0.533055 -> 0.533055 (gain 0.000000) | cos 0.748836 -> 0.748836
2026-08-30 20:15:27,743 - ear_direct_cifar10_c_IF100_alpha0p5_h2_m4_seed42_eps0p75_ca0p7_w30_taw1p5.log - INFO - Round 105 selected clients: [9, 12, 15, 19]
2026-08-30 20:15:40,924 - ear_direct_cifar10_c_IF100_alpha0p5_h2_m4_seed42_eps0p75_ca0p7_w30_taw1p5.log - INFO - Round 105 | Global 0.6258 | Head 0.7560 | Middle 0.6823 | Tail 0.4203 | Hmean 0.5402 | ExpEvent 0 | ExpMass 0.015059 | best_tail 0.5523@67
2026-08-30 20:15:40,924 - ear_direct_cifar10_c_IF100_alpha0p5_h2_m4_seed42_eps0p75_ca0p7_w30_taw1p5.log - INFO - EAR Round 105 | targetExp 0 targetSamples 0 tailExpRate 0.6667 | gradShare 0.067895 | Retention proj 0.698153 -> 0.698153 (gain 0.000000) | cos 0.997215 -> 0.997215
2026-08-30 20:15:40,926 - ear_direct_cifar10_c_IF100_alpha0p5_h2_m4_seed42_eps0p75_ca0p7_w30_taw1p5.log - INFO - Round 106 selected clients: [1, 6, 15, 18]
2026-08-30 20:15:54,411 - ear_direct_cifar10_c_IF100_alpha0p5_h2_m4_seed42_eps0p75_ca0p7_w30_taw1p5.log - INFO - Round 106 | Global 0.6400 | Head 0.7117 | Middle 0.6690 | Tail 0.5297 | Hmean 0.6074 | ExpEvent 1 | ExpMass 0.037364 | best_tail 0.5523@67
2026-08-30 20:15:54,411 - ear_direct_cifar10_c_IF100_alpha0p5_h2_m4_seed42_eps0p75_ca0p7_w30_taw1p5.log - INFO - EAR Round 106 | targetExp 1 targetSamples 25 tailExpRate 1.0000 | gradShare 0.105032 | Retention proj 0.430136 -> 0.430136 (gain 0.000000) | cos 0.965170 -> 0.965170
2026-08-30 20:15:54,413 - ear_direct_cifar10_c_IF100_alpha0p5_h2_m4_seed42_eps0p75_ca0p7_w30_taw1p5.log - INFO - Round 107 selected clients: [2, 6, 8, 17]
2026-08-30 20:16:08,030 - ear_direct_cifar10_c_IF100_alpha0p5_h2_m4_seed42_eps0p75_ca0p7_w30_taw1p5.log - INFO - Round 107 | Global 0.6491 | Head 0.6970 | Middle 0.6530 | Tail 0.5960 | Hmean 0.6426 | ExpEvent 1 | ExpMass 0.054712 | best_tail 0.5960@107
2026-08-30 20:16:08,030 - ear_direct_cifar10_c_IF100_alpha0p5_h2_m4_seed42_eps0p75_ca0p7_w30_taw1p5.log - INFO - EAR Round 107 | targetExp 1 targetSamples 25 tailExpRate 1.0000 | gradShare 0.155236 | Retention proj 0.561141 -> 0.561141 (gain 0.000000) | cos 0.979679 -> 0.979679
2026-08-30 20:16:08,032 - ear_direct_cifar10_c_IF100_alpha0p5_h2_m4_seed42_eps0p75_ca0p7_w30_taw1p5.log - INFO - Round 108 selected clients: [6, 7, 8, 11]
2026-08-30 20:16:21,424 - ear_direct_cifar10_c_IF100_alpha0p5_h2_m4_seed42_eps0p75_ca0p7_w30_taw1p5.log - INFO - Round 108 | Global 0.6022 | Head 0.7213 | Middle 0.5840 | Tail 0.5073 | Hmean 0.5957 | ExpEvent 1 | ExpMass 0.024770 | best_tail 0.5960@107
2026-08-30 20:16:21,425 - ear_direct_cifar10_c_IF100_alpha0p5_h2_m4_seed42_eps0p75_ca0p7_w30_taw1p5.log - INFO - EAR Round 108 | targetExp 1 targetSamples 25 tailExpRate 1.0000 | gradShare 0.130325 | Retention proj 0.193693 -> 0.193693 (gain 0.000000) | cos 0.896794 -> 0.896794
2026-08-30 20:16:21,427 - ear_direct_cifar10_c_IF100_alpha0p5_h2_m4_seed42_eps0p75_ca0p7_w30_taw1p5.log - INFO - Round 109 selected clients: [0, 2, 12, 16]
2026-08-30 20:16:35,031 - ear_direct_cifar10_c_IF100_alpha0p5_h2_m4_seed42_eps0p75_ca0p7_w30_taw1p5.log - INFO - Round 109 | Global 0.6425 | Head 0.8123 | Middle 0.6375 | Tail 0.4793 | Hmean 0.6029 | ExpEvent 0 | ExpMass 0.010878 | best_tail 0.5960@107
2026-08-30 20:16:35,031 - ear_direct_cifar10_c_IF100_alpha0p5_h2_m4_seed42_eps0p75_ca0p7_w30_taw1p5.log - INFO - EAR Round 109 | targetExp 0 targetSamples 0 tailExpRate 0.6667 | gradShare 0.051576 | Retention proj -0.034466 -> -0.034466 (gain 0.000000) | cos 0.195685 -> 0.195685
2026-08-30 20:16:35,034 - ear_direct_cifar10_c_IF100_alpha0p5_h2_m4_seed42_eps0p75_ca0p7_w30_taw1p5.log - INFO - Round 110 selected clients: [2, 3, 18, 19]
2026-08-30 20:16:48,414 - ear_direct_cifar10_c_IF100_alpha0p5_h2_m4_seed42_eps0p75_ca0p7_w30_taw1p5.log - INFO - Round 110 | Global 0.6175 | Head 0.6240 | Middle 0.6625 | Tail 0.5510 | Hmean 0.5852 | ExpEvent 0 | ExpMass 0.040441 | best_tail 0.5960@107
2026-08-30 20:16:48,414 - ear_direct_cifar10_c_IF100_alpha0p5_h2_m4_seed42_eps0p75_ca0p7_w30_taw1p5.log - INFO - EAR Round 110 | targetExp 0 targetSamples 0 tailExpRate 0.6667 | gradShare 0.133748 | Retention proj 1.000000 -> 1.000000 (gain 0.000000) | cos 1.000000 -> 1.000000
2026-08-30 20:16:48,451 - ear_direct_cifar10_c_IF100_alpha0p5_h2_m4_seed42_eps0p75_ca0p7_w30_taw1p5.log - INFO - Checkpoint @110 | Global 0.6175 | Head 0.6240 | Middle 0.6625 | Tail 0.5510 | Hmean 0.5852
2026-08-30 20:16:48,451 - ear_direct_cifar10_c_IF100_alpha0p5_h2_m4_seed42_eps0p75_ca0p7_w30_taw1p5.log - INFO - Round 111 selected clients: [7, 11, 15, 18]
2026-08-30 20:17:02,240 - ear_direct_cifar10_c_IF100_alpha0p5_h2_m4_seed42_eps0p75_ca0p7_w30_taw1p5.log - INFO - Round 111 | Global 0.6281 | Head 0.7900 | Middle 0.6440 | Tail 0.4450 | Hmean 0.5693 | ExpEvent 0 | ExpMass 0.012576 | best_tail 0.5960@107
2026-08-30 20:17:02,241 - ear_direct_cifar10_c_IF100_alpha0p5_h2_m4_seed42_eps0p75_ca0p7_w30_taw1p5.log - INFO - EAR Round 111 | targetExp 0 targetSamples 0 tailExpRate 0.6667 | gradShare 0.104432 | Retention proj 0.320983 -> 0.320983 (gain 0.000000) | cos 0.419818 -> 0.419818
2026-08-30 20:17:02,243 - ear_direct_cifar10_c_IF100_alpha0p5_h2_m4_seed42_eps0p75_ca0p7_w30_taw1p5.log - INFO - Round 112 selected clients: [0, 7, 15, 16]
2026-08-30 20:17:15,382 - ear_direct_cifar10_c_IF100_alpha0p5_h2_m4_seed42_eps0p75_ca0p7_w30_taw1p5.log - INFO - Round 112 | Global 0.5897 | Head 0.7283 | Middle 0.6458 | Tail 0.3763 | Hmean 0.4962 | ExpEvent 0 | ExpMass 0.000808 | best_tail 0.5960@107
2026-08-30 20:17:15,383 - ear_direct_cifar10_c_IF100_alpha0p5_h2_m4_seed42_eps0p75_ca0p7_w30_taw1p5.log - INFO - EAR Round 112 | targetExp 0 targetSamples 0 tailExpRate 0.3333 | gradShare 0.059263 | Retention proj 0.282145 -> 0.282145 (gain 0.000000) | cos 0.646267 -> 0.646267
2026-08-30 20:17:15,385 - ear_direct_cifar10_c_IF100_alpha0p5_h2_m4_seed42_eps0p75_ca0p7_w30_taw1p5.log - INFO - Round 113 selected clients: [1, 7, 15, 18]
2026-08-30 20:17:28,407 - ear_direct_cifar10_c_IF100_alpha0p5_h2_m4_seed42_eps0p75_ca0p7_w30_taw1p5.log - INFO - Round 113 | Global 0.6135 | Head 0.7870 | Middle 0.6410 | Tail 0.4033 | Hmean 0.5333 | ExpEvent 0 | ExpMass 0.012571 | best_tail 0.5960@107
2026-08-30 20:17:28,407 - ear_direct_cifar10_c_IF100_alpha0p5_h2_m4_seed42_eps0p75_ca0p7_w30_taw1p5.log - INFO - EAR Round 113 | targetExp 0 targetSamples 0 tailExpRate 0.6667 | gradShare 0.053917 | Retention proj 0.276697 -> 0.276697 (gain 0.000000) | cos 0.966054 -> 0.966054
2026-08-30 20:17:28,409 - ear_direct_cifar10_c_IF100_alpha0p5_h2_m4_seed42_eps0p75_ca0p7_w30_taw1p5.log - INFO - Round 114 selected clients: [0, 6, 12, 17]
2026-08-30 20:17:42,102 - ear_direct_cifar10_c_IF100_alpha0p5_h2_m4_seed42_eps0p75_ca0p7_w30_taw1p5.log - INFO - Round 114 | Global 0.6308 | Head 0.7660 | Middle 0.6488 | Tail 0.4717 | Hmean 0.5839 | ExpEvent 1 | ExpMass 0.044728 | best_tail 0.5960@107
2026-08-30 20:17:42,103 - ear_direct_cifar10_c_IF100_alpha0p5_h2_m4_seed42_eps0p75_ca0p7_w30_taw1p5.log - INFO - EAR Round 114 | targetExp 1 targetSamples 25 tailExpRate 1.0000 | gradShare 0.122567 | Retention proj 0.462512 -> 0.462512 (gain 0.000000) | cos 0.991921 -> 0.991921
2026-08-30 20:17:42,105 - ear_direct_cifar10_c_IF100_alpha0p5_h2_m4_seed42_eps0p75_ca0p7_w30_taw1p5.log - INFO - Round 115 selected clients: [0, 7, 8, 9]
2026-08-30 20:17:55,782 - ear_direct_cifar10_c_IF100_alpha0p5_h2_m4_seed42_eps0p75_ca0p7_w30_taw1p5.log - INFO - Round 115 | Global 0.6067 | Head 0.8303 | Middle 0.5968 | Tail 0.3963 | Hmean 0.5365 | ExpEvent 0 | ExpMass 0.002020 | best_tail 0.5960@107
2026-08-30 20:17:55,782 - ear_direct_cifar10_c_IF100_alpha0p5_h2_m4_seed42_eps0p75_ca0p7_w30_taw1p5.log - INFO - EAR Round 115 | targetExp 0 targetSamples 0 tailExpRate 0.6667 | gradShare 0.052922 | Retention proj 0.246696 -> 0.246696 (gain 0.000000) | cos 0.809106 -> 0.809106
2026-08-30 20:17:55,785 - ear_direct_cifar10_c_IF100_alpha0p5_h2_m4_seed42_eps0p75_ca0p7_w30_taw1p5.log - INFO - Round 116 selected clients: [0, 6, 9, 11]
2026-08-30 20:18:09,756 - ear_direct_cifar10_c_IF100_alpha0p5_h2_m4_seed42_eps0p75_ca0p7_w30_taw1p5.log - INFO - Round 116 | Global 0.6398 | Head 0.7953 | Middle 0.6558 | Tail 0.4630 | Hmean 0.5853 | ExpEvent 1 | ExpMass 0.026821 | best_tail 0.5960@107
2026-08-30 20:18:09,757 - ear_direct_cifar10_c_IF100_alpha0p5_h2_m4_seed42_eps0p75_ca0p7_w30_taw1p5.log - INFO - EAR Round 116 | targetExp 1 targetSamples 25 tailExpRate 1.0000 | gradShare 0.088635 | Retention proj 0.378088 -> 0.378088 (gain 0.000000) | cos 0.992160 -> 0.992160
2026-08-30 20:18:09,759 - ear_direct_cifar10_c_IF100_alpha0p5_h2_m4_seed42_eps0p75_ca0p7_w30_taw1p5.log - INFO - Round 117 selected clients: [4, 6, 11, 18]
2026-08-30 20:18:23,331 - ear_direct_cifar10_c_IF100_alpha0p5_h2_m4_seed42_eps0p75_ca0p7_w30_taw1p5.log - INFO - Round 117 | Global 0.6647 | Head 0.7233 | Middle 0.6082 | Tail 0.6813 | Hmean 0.7017 | ExpEvent 1 | ExpMass 0.046013 | best_tail 0.6813@117
2026-08-30 20:18:23,332 - ear_direct_cifar10_c_IF100_alpha0p5_h2_m4_seed42_eps0p75_ca0p7_w30_taw1p5.log - INFO - EAR Round 117 | targetExp 1 targetSamples 50 tailExpRate 1.0000 | gradShare 0.198729 | Retention proj 0.316577 -> 0.316577 (gain 0.000000) | cos 0.885837 -> 0.885837
2026-08-30 20:18:23,334 - ear_direct_cifar10_c_IF100_alpha0p5_h2_m4_seed42_eps0p75_ca0p7_w30_taw1p5.log - INFO - Round 118 selected clients: [8, 10, 15, 18]
2026-08-30 20:18:36,463 - ear_direct_cifar10_c_IF100_alpha0p5_h2_m4_seed42_eps0p75_ca0p7_w30_taw1p5.log - INFO - Round 118 | Global 0.6279 | Head 0.8093 | Middle 0.6228 | Tail 0.4533 | Hmean 0.5811 | ExpEvent 0 | ExpMass 0.012576 | best_tail 0.6813@117
2026-08-30 20:18:36,463 - ear_direct_cifar10_c_IF100_alpha0p5_h2_m4_seed42_eps0p75_ca0p7_w30_taw1p5.log - INFO - EAR Round 118 | targetExp 0 targetSamples 0 tailExpRate 0.6667 | gradShare 0.090303 | Retention proj 0.390117 -> 0.390117 (gain 0.000000) | cos 0.865832 -> 0.865832
2026-08-30 20:18:36,466 - ear_direct_cifar10_c_IF100_alpha0p5_h2_m4_seed42_eps0p75_ca0p7_w30_taw1p5.log - INFO - Round 119 selected clients: [5, 6, 11, 13]
2026-08-30 20:18:49,348 - ear_direct_cifar10_c_IF100_alpha0p5_h2_m4_seed42_eps0p75_ca0p7_w30_taw1p5.log - INFO - Round 119 | Global 0.6635 | Head 0.7817 | Middle 0.6575 | Tail 0.5533 | Hmean 0.6480 | ExpEvent 1 | ExpMass 0.036356 | best_tail 0.6813@117
2026-08-30 20:18:49,348 - ear_direct_cifar10_c_IF100_alpha0p5_h2_m4_seed42_eps0p75_ca0p7_w30_taw1p5.log - INFO - EAR Round 119 | targetExp 1 targetSamples 25 tailExpRate 1.0000 | gradShare 0.140107 | Retention proj 0.376117 -> 0.376117 (gain 0.000000) | cos 0.942535 -> 0.942535
2026-08-30 20:18:49,351 - ear_direct_cifar10_c_IF100_alpha0p5_h2_m4_seed42_eps0p75_ca0p7_w30_taw1p5.log - INFO - Round 120 selected clients: [5, 8, 15, 16]
2026-08-30 20:19:02,652 - ear_direct_cifar10_c_IF100_alpha0p5_h2_m4_seed42_eps0p75_ca0p7_w30_taw1p5.log - INFO - Round 120 | Global 0.6464 | Head 0.8153 | Middle 0.6492 | Tail 0.4737 | Hmean 0.5992 | ExpEvent 0 | ExpMass 0.012535 | best_tail 0.6813@117
2026-08-30 20:19:02,652 - ear_direct_cifar10_c_IF100_alpha0p5_h2_m4_seed42_eps0p75_ca0p7_w30_taw1p5.log - INFO - EAR Round 120 | targetExp 0 targetSamples 0 tailExpRate 0.6667 | gradShare 0.094643 | Retention proj 0.557768 -> 0.557768 (gain 0.000000) | cos 0.952571 -> 0.952571
2026-08-30 20:19:02,677 - ear_direct_cifar10_c_IF100_alpha0p5_h2_m4_seed42_eps0p75_ca0p7_w30_taw1p5.log - INFO - Checkpoint @120 | Global 0.6464 | Head 0.8153 | Middle 0.6492 | Tail 0.4737 | Hmean 0.5992
2026-08-30 20:19:02,677 - ear_direct_cifar10_c_IF100_alpha0p5_h2_m4_seed42_eps0p75_ca0p7_w30_taw1p5.log - INFO - Round 121 selected clients: [0, 3, 5, 7]
2026-08-30 20:19:15,852 - ear_direct_cifar10_c_IF100_alpha0p5_h2_m4_seed42_eps0p75_ca0p7_w30_taw1p5.log - INFO - Round 121 | Global 0.6285 | Head 0.8123 | Middle 0.6445 | Tail 0.4233 | Hmean 0.5566 | ExpEvent 0 | ExpMass 0.017843 | best_tail 0.6813@117
2026-08-30 20:19:15,852 - ear_direct_cifar10_c_IF100_alpha0p5_h2_m4_seed42_eps0p75_ca0p7_w30_taw1p5.log - INFO - EAR Round 121 | targetExp 0 targetSamples 0 tailExpRate 0.6667 | gradShare 0.099194 | Retention proj 0.387180 -> 0.387180 (gain 0.000000) | cos 0.954968 -> 0.954968
2026-08-30 20:19:15,854 - ear_direct_cifar10_c_IF100_alpha0p5_h2_m4_seed42_eps0p75_ca0p7_w30_taw1p5.log - INFO - Round 122 selected clients: [0, 1, 12, 18]
2026-08-30 20:19:29,120 - ear_direct_cifar10_c_IF100_alpha0p5_h2_m4_seed42_eps0p75_ca0p7_w30_taw1p5.log - INFO - Round 122 | Global 0.6218 | Head 0.8117 | Middle 0.6068 | Tail 0.4520 | Hmean 0.5807 | ExpEvent 0 | ExpMass 0.012126 | best_tail 0.6813@117
2026-08-30 20:19:29,120 - ear_direct_cifar10_c_IF100_alpha0p5_h2_m4_seed42_eps0p75_ca0p7_w30_taw1p5.log - INFO - EAR Round 122 | targetExp 0 targetSamples 0 tailExpRate 0.6667 | gradShare 0.050663 | Retention proj 0.173385 -> 0.173385 (gain 0.000000) | cos 0.345946 -> 0.345946
2026-08-30 20:19:29,123 - ear_direct_cifar10_c_IF100_alpha0p5_h2_m4_seed42_eps0p75_ca0p7_w30_taw1p5.log - INFO - Round 123 selected clients: [13, 14, 15, 16]
2026-08-30 20:19:42,439 - ear_direct_cifar10_c_IF100_alpha0p5_h2_m4_seed42_eps0p75_ca0p7_w30_taw1p5.log - INFO - Round 123 | Global 0.5928 | Head 0.7980 | Middle 0.6380 | Tail 0.3273 | Hmean 0.4642 | ExpEvent 0 | ExpMass 0.000809 | best_tail 0.6813@117
2026-08-30 20:19:42,439 - ear_direct_cifar10_c_IF100_alpha0p5_h2_m4_seed42_eps0p75_ca0p7_w30_taw1p5.log - INFO - EAR Round 123 | targetExp 0 targetSamples 0 tailExpRate 0.3333 | gradShare 0.049392 | Retention proj 0.210020 -> 0.210020 (gain 0.000000) | cos 0.995881 -> 0.995881
2026-08-30 20:19:42,441 - ear_direct_cifar10_c_IF100_alpha0p5_h2_m4_seed42_eps0p75_ca0p7_w30_taw1p5.log - INFO - Round 124 selected clients: [4, 8, 12, 13]
2026-08-30 20:19:56,356 - ear_direct_cifar10_c_IF100_alpha0p5_h2_m4_seed42_eps0p75_ca0p7_w30_taw1p5.log - INFO - Round 124 | Global 0.6140 | Head 0.8453 | Middle 0.6268 | Tail 0.3657 | Hmean 0.5105 | ExpEvent 1 | ExpMass 0.010375 | best_tail 0.6813@117
2026-08-30 20:19:56,356 - ear_direct_cifar10_c_IF100_alpha0p5_h2_m4_seed42_eps0p75_ca0p7_w30_taw1p5.log - INFO - EAR Round 124 | targetExp 1 targetSamples 25 tailExpRate 0.6667 | gradShare 0.124833 | Retention proj 0.956850 -> 0.956850 (gain 0.000000) | cos 0.962018 -> 0.962018
2026-08-30 20:19:56,358 - ear_direct_cifar10_c_IF100_alpha0p5_h2_m4_seed42_eps0p75_ca0p7_w30_taw1p5.log - INFO - Round 125 selected clients: [1, 8, 17, 19]
2026-08-30 20:20:09,956 - ear_direct_cifar10_c_IF100_alpha0p5_h2_m4_seed42_eps0p75_ca0p7_w30_taw1p5.log - INFO - Round 125 | Global 0.5665 | Head 0.6640 | Middle 0.6152 | Tail 0.4040 | Hmean 0.5024 | ExpEvent 0 | ExpMass 0.031566 | best_tail 0.6813@117
2026-08-30 20:20:09,956 - ear_direct_cifar10_c_IF100_alpha0p5_h2_m4_seed42_eps0p75_ca0p7_w30_taw1p5.log - INFO - EAR Round 125 | targetExp 0 targetSamples 0 tailExpRate 0.6667 | gradShare 0.113000 | Retention proj 0.476472 -> 0.476472 (gain 0.000000) | cos 0.999617 -> 0.999617
2026-08-30 20:20:09,959 - ear_direct_cifar10_c_IF100_alpha0p5_h2_m4_seed42_eps0p75_ca0p7_w30_taw1p5.log - INFO - Round 126 selected clients: [2, 8, 12, 16]
2026-08-30 20:20:24,644 - ear_direct_cifar10_c_IF100_alpha0p5_h2_m4_seed42_eps0p75_ca0p7_w30_taw1p5.log - INFO - Round 126 | Global 0.6528 | Head 0.8150 | Middle 0.6562 | Tail 0.4860 | Hmean 0.6089 | ExpEvent 0 | ExpMass 0.010883 | best_tail 0.6813@117
2026-08-30 20:20:24,644 - ear_direct_cifar10_c_IF100_alpha0p5_h2_m4_seed42_eps0p75_ca0p7_w30_taw1p5.log - INFO - EAR Round 126 | targetExp 0 targetSamples 0 tailExpRate 0.6667 | gradShare 0.077914 | Retention proj 0.218294 -> 0.218294 (gain 0.000000) | cos 0.546819 -> 0.546819
2026-08-30 20:20:24,647 - ear_direct_cifar10_c_IF100_alpha0p5_h2_m4_seed42_eps0p75_ca0p7_w30_taw1p5.log - INFO - Round 127 selected clients: [4, 11, 16, 17]
2026-08-30 20:20:38,368 - ear_direct_cifar10_c_IF100_alpha0p5_h2_m4_seed42_eps0p75_ca0p7_w30_taw1p5.log - INFO - Round 127 | Global 0.6315 | Head 0.8453 | Middle 0.6410 | Tail 0.4050 | Hmean 0.5476 | ExpEvent 1 | ExpMass 0.029529 | best_tail 0.6813@117
2026-08-30 20:20:38,368 - ear_direct_cifar10_c_IF100_alpha0p5_h2_m4_seed42_eps0p75_ca0p7_w30_taw1p5.log - INFO - EAR Round 127 | targetExp 1 targetSamples 25 tailExpRate 1.0000 | gradShare 0.174495 | Retention proj 0.405021 -> 0.405021 (gain 0.000000) | cos 0.538994 -> 0.538994
2026-08-30 20:20:38,370 - ear_direct_cifar10_c_IF100_alpha0p5_h2_m4_seed42_eps0p75_ca0p7_w30_taw1p5.log - INFO - Round 128 selected clients: [8, 10, 12, 19]
2026-08-30 20:20:51,453 - ear_direct_cifar10_c_IF100_alpha0p5_h2_m4_seed42_eps0p75_ca0p7_w30_taw1p5.log - INFO - Round 128 | Global 0.6358 | Head 0.8253 | Middle 0.6315 | Tail 0.4520 | Hmean 0.5841 | ExpEvent 0 | ExpMass 0.012146 | best_tail 0.6813@117
2026-08-30 20:20:51,453 - ear_direct_cifar10_c_IF100_alpha0p5_h2_m4_seed42_eps0p75_ca0p7_w30_taw1p5.log - INFO - EAR Round 128 | targetExp 0 targetSamples 0 tailExpRate 0.6667 | gradShare 0.082417 | Retention proj 0.333522 -> 0.333522 (gain 0.000000) | cos 0.965704 -> 0.965704
2026-08-30 20:20:51,456 - ear_direct_cifar10_c_IF100_alpha0p5_h2_m4_seed42_eps0p75_ca0p7_w30_taw1p5.log - INFO - Round 129 selected clients: [4, 7, 11, 17]
2026-08-30 20:21:04,917 - ear_direct_cifar10_c_IF100_alpha0p5_h2_m4_seed42_eps0p75_ca0p7_w30_taw1p5.log - INFO - Round 129 | Global 0.6292 | Head 0.8337 | Middle 0.6238 | Tail 0.4320 | Hmean 0.5691 | ExpEvent 1 | ExpMass 0.029529 | best_tail 0.6813@117
2026-08-30 20:21:04,917 - ear_direct_cifar10_c_IF100_alpha0p5_h2_m4_seed42_eps0p75_ca0p7_w30_taw1p5.log - INFO - EAR Round 129 | targetExp 1 targetSamples 25 tailExpRate 1.0000 | gradShare 0.177794 | Retention proj 0.401531 -> 0.401531 (gain 0.000000) | cos 0.884445 -> 0.884445
2026-08-30 20:21:04,920 - ear_direct_cifar10_c_IF100_alpha0p5_h2_m4_seed42_eps0p75_ca0p7_w30_taw1p5.log - INFO - Round 130 selected clients: [6, 14, 15, 17]
2026-08-30 20:21:18,463 - ear_direct_cifar10_c_IF100_alpha0p5_h2_m4_seed42_eps0p75_ca0p7_w30_taw1p5.log - INFO - Round 130 | Global 0.6725 | Head 0.7700 | Middle 0.6637 | Tail 0.5867 | Hmean 0.6660 | ExpEvent 1 | ExpMass 0.045272 | best_tail 0.6813@117
2026-08-30 20:21:18,464 - ear_direct_cifar10_c_IF100_alpha0p5_h2_m4_seed42_eps0p75_ca0p7_w30_taw1p5.log - INFO - EAR Round 130 | targetExp 1 targetSamples 25 tailExpRate 1.0000 | gradShare 0.148725 | Retention proj 0.392452 -> 0.392452 (gain 0.000000) | cos 0.723846 -> 0.723846
2026-08-30 20:21:18,485 - ear_direct_cifar10_c_IF100_alpha0p5_h2_m4_seed42_eps0p75_ca0p7_w30_taw1p5.log - INFO - Checkpoint @130 | Global 0.6725 | Head 0.7700 | Middle 0.6637 | Tail 0.5867 | Hmean 0.6660
2026-08-30 20:21:18,485 - ear_direct_cifar10_c_IF100_alpha0p5_h2_m4_seed42_eps0p75_ca0p7_w30_taw1p5.log - INFO - Round 131 selected clients: [3, 8, 9, 18]
2026-08-30 20:21:32,044 - ear_direct_cifar10_c_IF100_alpha0p5_h2_m4_seed42_eps0p75_ca0p7_w30_taw1p5.log - INFO - Round 131 | Global 0.6643 | Head 0.7777 | Middle 0.6805 | Tail 0.5293 | Hmean 0.6299 | ExpEvent 0 | ExpMass 0.019992 | best_tail 0.6813@117
2026-08-30 20:21:32,044 - ear_direct_cifar10_c_IF100_alpha0p5_h2_m4_seed42_eps0p75_ca0p7_w30_taw1p5.log - INFO - EAR Round 131 | targetExp 0 targetSamples 0 tailExpRate 0.6667 | gradShare 0.095555 | Retention proj 0.758242 -> 0.758242 (gain 0.000000) | cos 0.999757 -> 0.999757
2026-08-30 20:21:32,046 - ear_direct_cifar10_c_IF100_alpha0p5_h2_m4_seed42_eps0p75_ca0p7_w30_taw1p5.log - INFO - Round 132 selected clients: [1, 5, 7, 12]
2026-08-30 20:21:45,436 - ear_direct_cifar10_c_IF100_alpha0p5_h2_m4_seed42_eps0p75_ca0p7_w30_taw1p5.log - INFO - Round 132 | Global 0.6392 | Head 0.7880 | Middle 0.6657 | Tail 0.4550 | Hmean 0.5769 | ExpEvent 0 | ExpMass 0.012092 | best_tail 0.6813@117
2026-08-30 20:21:45,436 - ear_direct_cifar10_c_IF100_alpha0p5_h2_m4_seed42_eps0p75_ca0p7_w30_taw1p5.log - INFO - EAR Round 132 | targetExp 0 targetSamples 0 tailExpRate 0.6667 | gradShare 0.088894 | Retention proj 0.348994 -> 0.348994 (gain 0.000000) | cos 0.599703 -> 0.599703
2026-08-30 20:21:45,438 - ear_direct_cifar10_c_IF100_alpha0p5_h2_m4_seed42_eps0p75_ca0p7_w30_taw1p5.log - INFO - Round 133 selected clients: [0, 1, 11, 15]
2026-08-30 20:21:58,621 - ear_direct_cifar10_c_IF100_alpha0p5_h2_m4_seed42_eps0p75_ca0p7_w30_taw1p5.log - INFO - Round 133 | Global 0.6199 | Head 0.8193 | Middle 0.6432 | Tail 0.3893 | Hmean 0.5278 | ExpEvent 0 | ExpMass 0.000808 | best_tail 0.6813@117
2026-08-30 20:21:58,622 - ear_direct_cifar10_c_IF100_alpha0p5_h2_m4_seed42_eps0p75_ca0p7_w30_taw1p5.log - INFO - EAR Round 133 | targetExp 0 targetSamples 0 tailExpRate 0.3333 | gradShare 0.035765 | Retention proj 0.481898 -> 0.481898 (gain 0.000000) | cos 0.985724 -> 0.985724
2026-08-30 20:21:58,624 - ear_direct_cifar10_c_IF100_alpha0p5_h2_m4_seed42_eps0p75_ca0p7_w30_taw1p5.log - INFO - Round 134 selected clients: [2, 7, 18, 19]
2026-08-30 20:22:12,089 - ear_direct_cifar10_c_IF100_alpha0p5_h2_m4_seed42_eps0p75_ca0p7_w30_taw1p5.log - INFO - Round 134 | Global 0.6550 | Head 0.7333 | Middle 0.6670 | Tail 0.5607 | Hmean 0.6355 | ExpEvent 0 | ExpMass 0.034105 | best_tail 0.6813@117
2026-08-30 20:22:12,089 - ear_direct_cifar10_c_IF100_alpha0p5_h2_m4_seed42_eps0p75_ca0p7_w30_taw1p5.log - INFO - EAR Round 134 | targetExp 0 targetSamples 0 tailExpRate 0.6667 | gradShare 0.101597 | Retention proj 0.744675 -> 0.744675 (gain 0.000000) | cos 0.999997 -> 0.999997
2026-08-30 20:22:12,092 - ear_direct_cifar10_c_IF100_alpha0p5_h2_m4_seed42_eps0p75_ca0p7_w30_taw1p5.log - INFO - Round 135 selected clients: [6, 12, 13, 19]
2026-08-30 20:22:25,591 - ear_direct_cifar10_c_IF100_alpha0p5_h2_m4_seed42_eps0p75_ca0p7_w30_taw1p5.log - INFO - Round 135 | Global 0.6267 | Head 0.6483 | Middle 0.6720 | Tail 0.5447 | Hmean 0.5920 | ExpEvent 1 | ExpMass 0.036903 | best_tail 0.6813@117
2026-08-30 20:22:25,591 - ear_direct_cifar10_c_IF100_alpha0p5_h2_m4_seed42_eps0p75_ca0p7_w30_taw1p5.log - INFO - EAR Round 135 | targetExp 1 targetSamples 25 tailExpRate 1.0000 | gradShare 0.123240 | Retention proj 0.447292 -> 0.447292 (gain 0.000000) | cos 0.955481 -> 0.955481
2026-08-30 20:22:25,594 - ear_direct_cifar10_c_IF100_alpha0p5_h2_m4_seed42_eps0p75_ca0p7_w30_taw1p5.log - INFO - Round 136 selected clients: [5, 10, 13, 18]
2026-08-30 20:22:39,279 - ear_direct_cifar10_c_IF100_alpha0p5_h2_m4_seed42_eps0p75_ca0p7_w30_taw1p5.log - INFO - Round 136 | Global 0.6584 | Head 0.7743 | Middle 0.6577 | Tail 0.5433 | Hmean 0.6386 | ExpEvent 0 | ExpMass 0.023463 | best_tail 0.6813@117
2026-08-30 20:22:39,279 - ear_direct_cifar10_c_IF100_alpha0p5_h2_m4_seed42_eps0p75_ca0p7_w30_taw1p5.log - INFO - EAR Round 136 | targetExp 0 targetSamples 0 tailExpRate 0.6667 | gradShare 0.121713 | Retention proj 0.401215 -> 0.401215 (gain 0.000000) | cos 0.978724 -> 0.978724
2026-08-30 20:22:39,282 - ear_direct_cifar10_c_IF100_alpha0p5_h2_m4_seed42_eps0p75_ca0p7_w30_taw1p5.log - INFO - Round 137 selected clients: [1, 3, 5, 19]
2026-08-30 20:22:52,833 - ear_direct_cifar10_c_IF100_alpha0p5_h2_m4_seed42_eps0p75_ca0p7_w30_taw1p5.log - INFO - Round 137 | Global 0.6533 | Head 0.7613 | Middle 0.6472 | Tail 0.5533 | Hmean 0.6408 | ExpEvent 0 | ExpMass 0.029723 | best_tail 0.6813@117
2026-08-30 20:22:52,833 - ear_direct_cifar10_c_IF100_alpha0p5_h2_m4_seed42_eps0p75_ca0p7_w30_taw1p5.log - INFO - EAR Round 137 | targetExp 0 targetSamples 0 tailExpRate 0.6667 | gradShare 0.124744 | Retention proj 0.601291 -> 0.601291 (gain 0.000000) | cos 0.883006 -> 0.883006
2026-08-30 20:22:52,836 - ear_direct_cifar10_c_IF100_alpha0p5_h2_m4_seed42_eps0p75_ca0p7_w30_taw1p5.log - INFO - Round 138 selected clients: [0, 7, 12, 18]
2026-08-30 20:23:06,487 - ear_direct_cifar10_c_IF100_alpha0p5_h2_m4_seed42_eps0p75_ca0p7_w30_taw1p5.log - INFO - Round 138 | Global 0.6481 | Head 0.7887 | Middle 0.6625 | Tail 0.4883 | Hmean 0.6032 | ExpEvent 0 | ExpMass 0.012131 | best_tail 0.6813@117
2026-08-30 20:23:06,488 - ear_direct_cifar10_c_IF100_alpha0p5_h2_m4_seed42_eps0p75_ca0p7_w30_taw1p5.log - INFO - EAR Round 138 | targetExp 0 targetSamples 0 tailExpRate 0.6667 | gradShare 0.067529 | Retention proj 0.164063 -> 0.164063 (gain 0.000000) | cos 0.465799 -> 0.465799
2026-08-30 20:23:06,490 - ear_direct_cifar10_c_IF100_alpha0p5_h2_m4_seed42_eps0p75_ca0p7_w30_taw1p5.log - INFO - Round 139 selected clients: [4, 11, 12, 14]
2026-08-30 20:23:20,764 - ear_direct_cifar10_c_IF100_alpha0p5_h2_m4_seed42_eps0p75_ca0p7_w30_taw1p5.log - INFO - Round 139 | Global 0.6302 | Head 0.8187 | Middle 0.6607 | Tail 0.4010 | Hmean 0.5383 | ExpEvent 1 | ExpMass 0.010375 | best_tail 0.6813@117
2026-08-30 20:23:20,764 - ear_direct_cifar10_c_IF100_alpha0p5_h2_m4_seed42_eps0p75_ca0p7_w30_taw1p5.log - INFO - EAR Round 139 | targetExp 1 targetSamples 25 tailExpRate 0.6667 | gradShare 0.130473 | Retention proj 0.695936 -> 0.695936 (gain 0.000000) | cos 0.968126 -> 0.968126
2026-08-30 20:23:20,766 - ear_direct_cifar10_c_IF100_alpha0p5_h2_m4_seed42_eps0p75_ca0p7_w30_taw1p5.log - INFO - Round 140 selected clients: [2, 6, 16, 19]
2026-08-30 20:23:34,343 - ear_direct_cifar10_c_IF100_alpha0p5_h2_m4_seed42_eps0p75_ca0p7_w30_taw1p5.log - INFO - Round 140 | Global 0.6576 | Head 0.7720 | Middle 0.5683 | Tail 0.6623 | Hmean 0.7130 | ExpEvent 1 | ExpMass 0.046913 | best_tail 0.6813@117
2026-08-30 20:23:34,343 - ear_direct_cifar10_c_IF100_alpha0p5_h2_m4_seed42_eps0p75_ca0p7_w30_taw1p5.log - INFO - EAR Round 140 | targetExp 1 targetSamples 25 tailExpRate 1.0000 | gradShare 0.150560 | Retention proj 0.541836 -> 0.541836 (gain 0.000000) | cos 0.955186 -> 0.955186
2026-08-30 20:23:34,373 - ear_direct_cifar10_c_IF100_alpha0p5_h2_m4_seed42_eps0p75_ca0p7_w30_taw1p5.log - INFO - Checkpoint @140 | Global 0.6576 | Head 0.7720 | Middle 0.5683 | Tail 0.6623 | Hmean 0.7130
2026-08-30 20:23:34,374 - ear_direct_cifar10_c_IF100_alpha0p5_h2_m4_seed42_eps0p75_ca0p7_w30_taw1p5.log - INFO - Round 141 selected clients: [3, 12, 15, 19]
2026-08-30 20:23:47,993 - ear_direct_cifar10_c_IF100_alpha0p5_h2_m4_seed42_eps0p75_ca0p7_w30_taw1p5.log - INFO - Round 141 | Global 0.6298 | Head 0.7523 | Middle 0.6385 | Tail 0.4957 | Hmean 0.5976 | ExpEvent 0 | ExpMass 0.019199 | best_tail 0.6813@117
2026-08-30 20:23:47,993 - ear_direct_cifar10_c_IF100_alpha0p5_h2_m4_seed42_eps0p75_ca0p7_w30_taw1p5.log - INFO - EAR Round 141 | targetExp 0 targetSamples 0 tailExpRate 0.6667 | gradShare 0.089482 | Retention proj 0.818675 -> 0.818675 (gain 0.000000) | cos 0.866886 -> 0.866886
2026-08-30 20:23:47,995 - ear_direct_cifar10_c_IF100_alpha0p5_h2_m4_seed42_eps0p75_ca0p7_w30_taw1p5.log - INFO - Round 142 selected clients: [0, 2, 9, 17]
2026-08-30 20:24:02,144 - ear_direct_cifar10_c_IF100_alpha0p5_h2_m4_seed42_eps0p75_ca0p7_w30_taw1p5.log - INFO - Round 142 | Global 0.6580 | Head 0.7690 | Middle 0.6723 | Tail 0.5280 | Hmean 0.6261 | ExpEvent 0 | ExpMass 0.032310 | best_tail 0.6813@117
2026-08-30 20:24:02,144 - ear_direct_cifar10_c_IF100_alpha0p5_h2_m4_seed42_eps0p75_ca0p7_w30_taw1p5.log - INFO - EAR Round 142 | targetExp 0 targetSamples 0 tailExpRate 0.6667 | gradShare 0.098488 | Retention proj 0.497528 -> 0.497528 (gain 0.000000) | cos 0.825671 -> 0.825671
2026-08-30 20:24:02,147 - ear_direct_cifar10_c_IF100_alpha0p5_h2_m4_seed42_eps0p75_ca0p7_w30_taw1p5.log - INFO - Round 143 selected clients: [1, 8, 13, 16]
2026-08-30 20:24:16,036 - ear_direct_cifar10_c_IF100_alpha0p5_h2_m4_seed42_eps0p75_ca0p7_w30_taw1p5.log - INFO - Round 143 | Global 0.6244 | Head 0.8420 | Middle 0.6192 | Tail 0.4137 | Hmean 0.5548 | ExpEvent 0 | ExpMass 0.000000 | best_tail 0.6813@117
2026-08-30 20:24:16,037 - ear_direct_cifar10_c_IF100_alpha0p5_h2_m4_seed42_eps0p75_ca0p7_w30_taw1p5.log - INFO - EAR Round 143 | targetExp 0 targetSamples 0 tailExpRate 0.0000 | gradShare 0.062198 | Retention proj 0.000000 -> 0.000000 (gain 0.000000) | cos 0.000000 -> 0.000000
2026-08-30 20:24:16,040 - ear_direct_cifar10_c_IF100_alpha0p5_h2_m4_seed42_eps0p75_ca0p7_w30_taw1p5.log - INFO - Round 144 selected clients: [6, 8, 12, 15]
2026-08-30 20:24:29,884 - ear_direct_cifar10_c_IF100_alpha0p5_h2_m4_seed42_eps0p75_ca0p7_w30_taw1p5.log - INFO - Round 144 | Global 0.6300 | Head 0.6910 | Middle 0.6567 | Tail 0.5333 | Hmean 0.6020 | ExpEvent 1 | ExpMass 0.026042 | best_tail 0.6813@117
2026-08-30 20:24:29,885 - ear_direct_cifar10_c_IF100_alpha0p5_h2_m4_seed42_eps0p75_ca0p7_w30_taw1p5.log - INFO - EAR Round 144 | targetExp 1 targetSamples 25 tailExpRate 1.0000 | gradShare 0.095946 | Retention proj 0.335641 -> 0.335641 (gain 0.000000) | cos 0.956962 -> 0.956962
2026-08-30 20:24:29,887 - ear_direct_cifar10_c_IF100_alpha0p5_h2_m4_seed42_eps0p75_ca0p7_w30_taw1p5.log - INFO - Round 145 selected clients: [2, 4, 7, 17]
2026-08-30 20:24:44,089 - ear_direct_cifar10_c_IF100_alpha0p5_h2_m4_seed42_eps0p75_ca0p7_w30_taw1p5.log - INFO - Round 145 | Global 0.6566 | Head 0.7867 | Middle 0.6775 | Tail 0.4987 | Hmean 0.6104 | ExpEvent 1 | ExpMass 0.039888 | best_tail 0.6813@117
2026-08-30 20:24:44,089 - ear_direct_cifar10_c_IF100_alpha0p5_h2_m4_seed42_eps0p75_ca0p7_w30_taw1p5.log - INFO - EAR Round 145 | targetExp 1 targetSamples 25 tailExpRate 1.0000 | gradShare 0.174943 | Retention proj 0.018117 -> 0.018117 (gain 0.000000) | cos 0.178977 -> 0.178977
2026-08-30 20:24:44,092 - ear_direct_cifar10_c_IF100_alpha0p5_h2_m4_seed42_eps0p75_ca0p7_w30_taw1p5.log - INFO - Round 146 selected clients: [0, 6, 8, 12]
2026-08-30 20:24:57,640 - ear_direct_cifar10_c_IF100_alpha0p5_h2_m4_seed42_eps0p75_ca0p7_w30_taw1p5.log - INFO - Round 146 | Global 0.6447 | Head 0.7513 | Middle 0.6548 | Tail 0.5247 | Hmean 0.6179 | ExpEvent 1 | ExpMass 0.025160 | best_tail 0.6813@117
2026-08-30 20:24:57,641 - ear_direct_cifar10_c_IF100_alpha0p5_h2_m4_seed42_eps0p75_ca0p7_w30_taw1p5.log - INFO - EAR Round 146 | targetExp 1 targetSamples 25 tailExpRate 1.0000 | gradShare 0.094267 | Retention proj 0.298917 -> 0.298917 (gain 0.000000) | cos 0.840956 -> 0.840956
2026-08-30 20:24:57,643 - ear_direct_cifar10_c_IF100_alpha0p5_h2_m4_seed42_eps0p75_ca0p7_w30_taw1p5.log - INFO - Round 147 selected clients: [1, 10, 12, 19]
2026-08-30 20:25:11,097 - ear_direct_cifar10_c_IF100_alpha0p5_h2_m4_seed42_eps0p75_ca0p7_w30_taw1p5.log - INFO - Round 147 | Global 0.6627 | Head 0.7887 | Middle 0.6615 | Tail 0.5383 | Hmean 0.6399 | ExpEvent 0 | ExpMass 0.012141 | best_tail 0.6813@117
2026-08-30 20:25:11,097 - ear_direct_cifar10_c_IF100_alpha0p5_h2_m4_seed42_eps0p75_ca0p7_w30_taw1p5.log - INFO - EAR Round 147 | targetExp 0 targetSamples 0 tailExpRate 0.6667 | gradShare 0.079921 | Retention proj 0.295010 -> 0.295010 (gain 0.000000) | cos 0.982766 -> 0.982766
2026-08-30 20:25:11,099 - ear_direct_cifar10_c_IF100_alpha0p5_h2_m4_seed42_eps0p75_ca0p7_w30_taw1p5.log - INFO - Round 148 selected clients: [0, 10, 11, 17]
2026-08-30 20:25:24,327 - ear_direct_cifar10_c_IF100_alpha0p5_h2_m4_seed42_eps0p75_ca0p7_w30_taw1p5.log - INFO - Round 148 | Global 0.6229 | Head 0.8187 | Middle 0.6118 | Tail 0.4420 | Hmean 0.5741 | ExpEvent 0 | ExpMass 0.019750 | best_tail 0.6813@117
2026-08-30 20:25:24,327 - ear_direct_cifar10_c_IF100_alpha0p5_h2_m4_seed42_eps0p75_ca0p7_w30_taw1p5.log - INFO - EAR Round 148 | targetExp 0 targetSamples 0 tailExpRate 0.6667 | gradShare 0.100993 | Retention proj 0.242368 -> 0.242368 (gain 0.000000) | cos 0.919640 -> 0.919640
2026-08-30 20:25:24,329 - ear_direct_cifar10_c_IF100_alpha0p5_h2_m4_seed42_eps0p75_ca0p7_w30_taw1p5.log - INFO - Round 149 selected clients: [1, 4, 7, 14]
2026-08-30 20:25:38,242 - ear_direct_cifar10_c_IF100_alpha0p5_h2_m4_seed42_eps0p75_ca0p7_w30_taw1p5.log - INFO - Round 149 | Global 0.5950 | Head 0.8130 | Middle 0.5663 | Tail 0.4153 | Hmean 0.5498 | ExpEvent 1 | ExpMass 0.009972 | best_tail 0.6813@117
2026-08-30 20:25:38,242 - ear_direct_cifar10_c_IF100_alpha0p5_h2_m4_seed42_eps0p75_ca0p7_w30_taw1p5.log - INFO - EAR Round 149 | targetExp 1 targetSamples 25 tailExpRate 0.3333 | gradShare 0.124026 | Retention proj 0.246268 -> 0.246268 (gain 0.000000) | cos 0.999833 -> 0.999833
2026-08-30 20:25:38,245 - ear_direct_cifar10_c_IF100_alpha0p5_h2_m4_seed42_eps0p75_ca0p7_w30_taw1p5.log - INFO - Round 150 selected clients: [11, 12, 18, 19]
2026-08-30 20:25:51,884 - ear_direct_cifar10_c_IF100_alpha0p5_h2_m4_seed42_eps0p75_ca0p7_w30_taw1p5.log - INFO - Round 150 | Global 0.6685 | Head 0.7633 | Middle 0.6727 | Tail 0.5680 | Hmean 0.6513 | ExpEvent 0 | ExpMass 0.023964 | best_tail 0.6813@117
2026-08-30 20:25:51,885 - ear_direct_cifar10_c_IF100_alpha0p5_h2_m4_seed42_eps0p75_ca0p7_w30_taw1p5.log - INFO - EAR Round 150 | targetExp 0 targetSamples 0 tailExpRate 0.6667 | gradShare 0.099394 | Retention proj 0.591095 -> 0.591095 (gain 0.000000) | cos 0.996141 -> 0.996141
2026-08-30 20:25:51,910 - ear_direct_cifar10_c_IF100_alpha0p5_h2_m4_seed42_eps0p75_ca0p7_w30_taw1p5.log - INFO - Checkpoint @150 | Global 0.6685 | Head 0.7633 | Middle 0.6727 | Tail 0.5680 | Hmean 0.6513
2026-08-30 20:25:51,911 - ear_direct_cifar10_c_IF100_alpha0p5_h2_m4_seed42_eps0p75_ca0p7_w30_taw1p5.log - INFO - Round 151 selected clients: [5, 6, 14, 15]
2026-08-30 20:26:05,345 - ear_direct_cifar10_c_IF100_alpha0p5_h2_m4_seed42_eps0p75_ca0p7_w30_taw1p5.log - INFO - Round 151 | Global 0.6497 | Head 0.6813 | Middle 0.6827 | Tail 0.5740 | Hmean 0.6231 | ExpEvent 1 | ExpMass 0.037260 | best_tail 0.6813@117
2026-08-30 20:26:05,346 - ear_direct_cifar10_c_IF100_alpha0p5_h2_m4_seed42_eps0p75_ca0p7_w30_taw1p5.log - INFO - EAR Round 151 | targetExp 1 targetSamples 25 tailExpRate 1.0000 | gradShare 0.136512 | Retention proj 0.517680 -> 0.517680 (gain 0.000000) | cos 0.876472 -> 0.876472
2026-08-30 20:26:05,348 - ear_direct_cifar10_c_IF100_alpha0p5_h2_m4_seed42_eps0p75_ca0p7_w30_taw1p5.log - INFO - Round 152 selected clients: [1, 10, 18, 19]
2026-08-30 20:26:18,304 - ear_direct_cifar10_c_IF100_alpha0p5_h2_m4_seed42_eps0p75_ca0p7_w30_taw1p5.log - INFO - Round 152 | Global 0.6253 | Head 0.7783 | Middle 0.5385 | Tail 0.5880 | Hmean 0.6699 | ExpEvent 0 | ExpMass 0.023549 | best_tail 0.6813@117
2026-08-30 20:26:18,305 - ear_direct_cifar10_c_IF100_alpha0p5_h2_m4_seed42_eps0p75_ca0p7_w30_taw1p5.log - INFO - EAR Round 152 | targetExp 0 targetSamples 0 tailExpRate 0.6667 | gradShare 0.098848 | Retention proj 0.425211 -> 0.425211 (gain 0.000000) | cos 0.997361 -> 0.997361
2026-08-30 20:26:18,307 - ear_direct_cifar10_c_IF100_alpha0p5_h2_m4_seed42_eps0p75_ca0p7_w30_taw1p5.log - INFO - Round 153 selected clients: [0, 4, 10, 19]
2026-08-30 20:26:31,570 - ear_direct_cifar10_c_IF100_alpha0p5_h2_m4_seed42_eps0p75_ca0p7_w30_taw1p5.log - INFO - Round 153 | Global 0.6250 | Head 0.8153 | Middle 0.5497 | Tail 0.5350 | Hmean 0.6461 | ExpEvent 1 | ExpMass 0.021626 | best_tail 0.6813@117
2026-08-30 20:26:31,570 - ear_direct_cifar10_c_IF100_alpha0p5_h2_m4_seed42_eps0p75_ca0p7_w30_taw1p5.log - INFO - EAR Round 153 | targetExp 1 targetSamples 25 tailExpRate 1.0000 | gradShare 0.158941 | Retention proj 0.062635 -> 0.062635 (gain 0.000000) | cos 0.259720 -> 0.259720
2026-08-30 20:26:31,574 - ear_direct_cifar10_c_IF100_alpha0p5_h2_m4_seed42_eps0p75_ca0p7_w30_taw1p5.log - INFO - Round 154 selected clients: [2, 9, 15, 18]
2026-08-30 20:26:45,171 - ear_direct_cifar10_c_IF100_alpha0p5_h2_m4_seed42_eps0p75_ca0p7_w30_taw1p5.log - INFO - Round 154 | Global 0.6420 | Head 0.6950 | Middle 0.6653 | Tail 0.5580 | Hmean 0.6190 | ExpEvent 0 | ExpMass 0.025203 | best_tail 0.6813@117
2026-08-30 20:26:45,171 - ear_direct_cifar10_c_IF100_alpha0p5_h2_m4_seed42_eps0p75_ca0p7_w30_taw1p5.log - INFO - EAR Round 154 | targetExp 0 targetSamples 0 tailExpRate 0.6667 | gradShare 0.077136 | Retention proj 0.808427 -> 0.808427 (gain 0.000000) | cos 0.998213 -> 0.998213
2026-08-30 20:26:45,173 - ear_direct_cifar10_c_IF100_alpha0p5_h2_m4_seed42_eps0p75_ca0p7_w30_taw1p5.log - INFO - Round 155 selected clients: [1, 5, 14, 15]
2026-08-30 20:26:58,349 - ear_direct_cifar10_c_IF100_alpha0p5_h2_m4_seed42_eps0p75_ca0p7_w30_taw1p5.log - INFO - Round 155 | Global 0.6443 | Head 0.7617 | Middle 0.6825 | Tail 0.4760 | Hmean 0.5859 | ExpEvent 0 | ExpMass 0.012530 | best_tail 0.6813@117
2026-08-30 20:26:58,349 - ear_direct_cifar10_c_IF100_alpha0p5_h2_m4_seed42_eps0p75_ca0p7_w30_taw1p5.log - INFO - EAR Round 155 | targetExp 0 targetSamples 0 tailExpRate 0.6667 | gradShare 0.079154 | Retention proj 0.470648 -> 0.470648 (gain 0.000000) | cos 0.921431 -> 0.921431
2026-08-30 20:26:58,351 - ear_direct_cifar10_c_IF100_alpha0p5_h2_m4_seed42_eps0p75_ca0p7_w30_taw1p5.log - INFO - Round 156 selected clients: [2, 4, 14, 19]
2026-08-30 20:27:11,635 - ear_direct_cifar10_c_IF100_alpha0p5_h2_m4_seed42_eps0p75_ca0p7_w30_taw1p5.log - INFO - Round 156 | Global 0.6620 | Head 0.7580 | Middle 0.6583 | Tail 0.5710 | Hmean 0.6513 | ExpEvent 1 | ExpMass 0.032038 | best_tail 0.6813@117
2026-08-30 20:27:11,635 - ear_direct_cifar10_c_IF100_alpha0p5_h2_m4_seed42_eps0p75_ca0p7_w30_taw1p5.log - INFO - EAR Round 156 | targetExp 1 targetSamples 25 tailExpRate 1.0000 | gradShare 0.171821 | Retention proj 0.233111 -> 0.233111 (gain 0.000000) | cos 0.879308 -> 0.879308
2026-08-30 20:27:11,638 - ear_direct_cifar10_c_IF100_alpha0p5_h2_m4_seed42_eps0p75_ca0p7_w30_taw1p5.log - INFO - Round 157 selected clients: [10, 11, 16, 18]
2026-08-30 20:27:25,204 - ear_direct_cifar10_c_IF100_alpha0p5_h2_m4_seed42_eps0p75_ca0p7_w30_taw1p5.log - INFO - Round 157 | Global 0.6484 | Head 0.8347 | Middle 0.6395 | Tail 0.4740 | Hmean 0.6046 | ExpEvent 0 | ExpMass 0.011731 | best_tail 0.6813@117
2026-08-30 20:27:25,204 - ear_direct_cifar10_c_IF100_alpha0p5_h2_m4_seed42_eps0p75_ca0p7_w30_taw1p5.log - INFO - EAR Round 157 | targetExp 0 targetSamples 0 tailExpRate 0.6667 | gradShare 0.091253 | Retention proj 0.126182 -> 0.126182 (gain 0.000000) | cos 0.822225 -> 0.822225
2026-08-30 20:27:25,208 - ear_direct_cifar10_c_IF100_alpha0p5_h2_m4_seed42_eps0p75_ca0p7_w30_taw1p5.log - INFO - Round 158 selected clients: [0, 1, 11, 17]
2026-08-30 20:27:39,039 - ear_direct_cifar10_c_IF100_alpha0p5_h2_m4_seed42_eps0p75_ca0p7_w30_taw1p5.log - INFO - Round 158 | Global 0.6445 | Head 0.8233 | Middle 0.6362 | Tail 0.4767 | Hmean 0.6038 | ExpEvent 0 | ExpMass 0.019742 | best_tail 0.6813@117
2026-08-30 20:27:39,039 - ear_direct_cifar10_c_IF100_alpha0p5_h2_m4_seed42_eps0p75_ca0p7_w30_taw1p5.log - INFO - EAR Round 158 | targetExp 0 targetSamples 0 tailExpRate 0.6667 | gradShare 0.094664 | Retention proj 0.289545 -> 0.289545 (gain 0.000000) | cos 0.998100 -> 0.998100
2026-08-30 20:27:39,042 - ear_direct_cifar10_c_IF100_alpha0p5_h2_m4_seed42_eps0p75_ca0p7_w30_taw1p5.log - INFO - Round 159 selected clients: [4, 8, 10, 19]
2026-08-30 20:27:52,948 - ear_direct_cifar10_c_IF100_alpha0p5_h2_m4_seed42_eps0p75_ca0p7_w30_taw1p5.log - INFO - Round 159 | Global 0.6558 | Head 0.8287 | Middle 0.6230 | Tail 0.5267 | Hmean 0.6441 | ExpEvent 1 | ExpMass 0.021635 | best_tail 0.6813@117
2026-08-30 20:27:52,950 - ear_direct_cifar10_c_IF100_alpha0p5_h2_m4_seed42_eps0p75_ca0p7_w30_taw1p5.log - INFO - EAR Round 159 | targetExp 1 targetSamples 25 tailExpRate 1.0000 | gradShare 0.157877 | Retention proj 0.092219 -> 0.092219 (gain 0.000000) | cos 0.502700 -> 0.502700
2026-08-30 20:27:52,953 - ear_direct_cifar10_c_IF100_alpha0p5_h2_m4_seed42_eps0p75_ca0p7_w30_taw1p5.log - INFO - Round 160 selected clients: [2, 5, 12, 19]
2026-08-30 20:28:06,340 - ear_direct_cifar10_c_IF100_alpha0p5_h2_m4_seed42_eps0p75_ca0p7_w30_taw1p5.log - INFO - Round 160 | Global 0.6297 | Head 0.7270 | Middle 0.5797 | Tail 0.5990 | Hmean 0.6568 | ExpEvent 0 | ExpMass 0.034399 | best_tail 0.6813@117
2026-08-30 20:28:06,340 - ear_direct_cifar10_c_IF100_alpha0p5_h2_m4_seed42_eps0p75_ca0p7_w30_taw1p5.log - INFO - EAR Round 160 | targetExp 0 targetSamples 0 tailExpRate 0.6667 | gradShare 0.119278 | Retention proj 0.805176 -> 0.805176 (gain 0.000000) | cos 0.995455 -> 0.995455
2026-08-30 20:28:06,370 - ear_direct_cifar10_c_IF100_alpha0p5_h2_m4_seed42_eps0p75_ca0p7_w30_taw1p5.log - INFO - Checkpoint @160 | Global 0.6297 | Head 0.7270 | Middle 0.5797 | Tail 0.5990 | Hmean 0.6568
2026-08-30 20:28:06,371 - ear_direct_cifar10_c_IF100_alpha0p5_h2_m4_seed42_eps0p75_ca0p7_w30_taw1p5.log - INFO - Round 161 selected clients: [9, 14, 17, 18]
2026-08-30 20:28:19,389 - ear_direct_cifar10_c_IF100_alpha0p5_h2_m4_seed42_eps0p75_ca0p7_w30_taw1p5.log - INFO - Round 161 | Global 0.6060 | Head 0.6117 | Middle 0.6653 | Tail 0.5213 | Hmean 0.5629 | ExpEvent 0 | ExpMass 0.033658 | best_tail 0.6813@117
2026-08-30 20:28:19,389 - ear_direct_cifar10_c_IF100_alpha0p5_h2_m4_seed42_eps0p75_ca0p7_w30_taw1p5.log - INFO - EAR Round 161 | targetExp 0 targetSamples 0 tailExpRate 0.6667 | gradShare 0.111841 | Retention proj 0.767001 -> 0.767001 (gain 0.000000) | cos 0.959758 -> 0.959758
2026-08-30 20:28:19,392 - ear_direct_cifar10_c_IF100_alpha0p5_h2_m4_seed42_eps0p75_ca0p7_w30_taw1p5.log - INFO - Round 162 selected clients: [2, 7, 14, 15]
2026-08-30 20:28:32,621 - ear_direct_cifar10_c_IF100_alpha0p5_h2_m4_seed42_eps0p75_ca0p7_w30_taw1p5.log - INFO - Round 162 | Global 0.6508 | Head 0.7927 | Middle 0.6867 | Tail 0.4610 | Hmean 0.5830 | ExpEvent 0 | ExpMass 0.011318 | best_tail 0.6813@117
2026-08-30 20:28:32,621 - ear_direct_cifar10_c_IF100_alpha0p5_h2_m4_seed42_eps0p75_ca0p7_w30_taw1p5.log - INFO - EAR Round 162 | targetExp 0 targetSamples 0 tailExpRate 0.6667 | gradShare 0.081367 | Retention proj 0.341684 -> 0.341684 (gain 0.000000) | cos 0.847838 -> 0.847838
2026-08-30 20:28:32,624 - ear_direct_cifar10_c_IF100_alpha0p5_h2_m4_seed42_eps0p75_ca0p7_w30_taw1p5.log - INFO - Round 163 selected clients: [6, 11, 12, 17]
2026-08-30 20:28:45,726 - ear_direct_cifar10_c_IF100_alpha0p5_h2_m4_seed42_eps0p75_ca0p7_w30_taw1p5.log - INFO - Round 163 | Global 0.6480 | Head 0.6587 | Middle 0.6935 | Tail 0.5767 | Hmean 0.6150 | ExpEvent 1 | ExpMass 0.044746 | best_tail 0.6813@117
2026-08-30 20:28:45,726 - ear_direct_cifar10_c_IF100_alpha0p5_h2_m4_seed42_eps0p75_ca0p7_w30_taw1p5.log - INFO - EAR Round 163 | targetExp 1 targetSamples 25 tailExpRate 1.0000 | gradShare 0.139023 | Retention proj 0.480745 -> 0.480745 (gain 0.000000) | cos 0.998350 -> 0.998350
2026-08-30 20:28:45,729 - ear_direct_cifar10_c_IF100_alpha0p5_h2_m4_seed42_eps0p75_ca0p7_w30_taw1p5.log - INFO - Round 164 selected clients: [6, 10, 13, 15]
2026-08-30 20:28:59,081 - ear_direct_cifar10_c_IF100_alpha0p5_h2_m4_seed42_eps0p75_ca0p7_w30_taw1p5.log - INFO - Round 164 | Global 0.6596 | Head 0.7197 | Middle 0.6777 | Tail 0.5753 | Hmean 0.6394 | ExpEvent 1 | ExpMass 0.025641 | best_tail 0.6813@117
2026-08-30 20:28:59,082 - ear_direct_cifar10_c_IF100_alpha0p5_h2_m4_seed42_eps0p75_ca0p7_w30_taw1p5.log - INFO - EAR Round 164 | targetExp 1 targetSamples 25 tailExpRate 1.0000 | gradShare 0.105079 | Retention proj 0.349247 -> 0.349247 (gain 0.000000) | cos 0.835925 -> 0.835925
2026-08-30 20:28:59,084 - ear_direct_cifar10_c_IF100_alpha0p5_h2_m4_seed42_eps0p75_ca0p7_w30_taw1p5.log - INFO - Round 165 selected clients: [7, 9, 15, 17]
2026-08-30 20:29:12,171 - ear_direct_cifar10_c_IF100_alpha0p5_h2_m4_seed42_eps0p75_ca0p7_w30_taw1p5.log - INFO - Round 165 | Global 0.6497 | Head 0.8207 | Middle 0.6627 | Tail 0.4613 | Hmean 0.5906 | ExpEvent 0 | ExpMass 0.022700 | best_tail 0.6813@117
2026-08-30 20:29:12,171 - ear_direct_cifar10_c_IF100_alpha0p5_h2_m4_seed42_eps0p75_ca0p7_w30_taw1p5.log - INFO - EAR Round 165 | targetExp 0 targetSamples 0 tailExpRate 0.6667 | gradShare 0.092694 | Retention proj 0.772947 -> 0.772947 (gain 0.000000) | cos 0.949786 -> 0.949786
2026-08-30 20:29:12,174 - ear_direct_cifar10_c_IF100_alpha0p5_h2_m4_seed42_eps0p75_ca0p7_w30_taw1p5.log - INFO - Round 166 selected clients: [1, 12, 14, 16]
2026-08-30 20:29:25,494 - ear_direct_cifar10_c_IF100_alpha0p5_h2_m4_seed42_eps0p75_ca0p7_w30_taw1p5.log - INFO - Round 166 | Global 0.6279 | Head 0.8523 | Middle 0.6445 | Tail 0.3813 | Hmean 0.5269 | ExpEvent 0 | ExpMass 0.000403 | best_tail 0.6813@117
2026-08-30 20:29:25,494 - ear_direct_cifar10_c_IF100_alpha0p5_h2_m4_seed42_eps0p75_ca0p7_w30_taw1p5.log - INFO - EAR Round 166 | targetExp 0 targetSamples 0 tailExpRate 0.3333 | gradShare 0.052752 | Retention proj 0.676220 -> 0.676220 (gain 0.000000) | cos 0.974040 -> 0.974040
2026-08-30 20:29:25,496 - ear_direct_cifar10_c_IF100_alpha0p5_h2_m4_seed42_eps0p75_ca0p7_w30_taw1p5.log - INFO - Round 167 selected clients: [4, 9, 10, 18]
2026-08-30 20:29:38,599 - ear_direct_cifar10_c_IF100_alpha0p5_h2_m4_seed42_eps0p75_ca0p7_w30_taw1p5.log - INFO - Round 167 | Global 0.6536 | Head 0.7887 | Middle 0.6633 | Tail 0.5057 | Hmean 0.6163 | ExpEvent 1 | ExpMass 0.023676 | best_tail 0.6813@117
2026-08-30 20:29:38,600 - ear_direct_cifar10_c_IF100_alpha0p5_h2_m4_seed42_eps0p75_ca0p7_w30_taw1p5.log - INFO - EAR Round 167 | targetExp 1 targetSamples 25 tailExpRate 1.0000 | gradShare 0.138758 | Retention proj 0.154867 -> 0.154867 (gain 0.000000) | cos 0.582689 -> 0.582689
2026-08-30 20:29:38,602 - ear_direct_cifar10_c_IF100_alpha0p5_h2_m4_seed42_eps0p75_ca0p7_w30_taw1p5.log - INFO - Round 168 selected clients: [0, 3, 4, 15]
2026-08-30 20:29:52,151 - ear_direct_cifar10_c_IF100_alpha0p5_h2_m4_seed42_eps0p75_ca0p7_w30_taw1p5.log - INFO - Round 168 | Global 0.6564 | Head 0.8013 | Middle 0.6562 | Tail 0.5117 | Hmean 0.6246 | ExpEvent 1 | ExpMass 0.016901 | best_tail 0.6813@117
2026-08-30 20:29:52,151 - ear_direct_cifar10_c_IF100_alpha0p5_h2_m4_seed42_eps0p75_ca0p7_w30_taw1p5.log - INFO - EAR Round 168 | targetExp 1 targetSamples 25 tailExpRate 1.0000 | gradShare 0.131274 | Retention proj 0.201884 -> 0.201884 (gain 0.000000) | cos 0.312968 -> 0.312968
2026-08-30 20:29:52,154 - ear_direct_cifar10_c_IF100_alpha0p5_h2_m4_seed42_eps0p75_ca0p7_w30_taw1p5.log - INFO - Round 169 selected clients: [0, 1, 9, 16]
2026-08-30 20:30:05,559 - ear_direct_cifar10_c_IF100_alpha0p5_h2_m4_seed42_eps0p75_ca0p7_w30_taw1p5.log - INFO - Round 169 | Global 0.6381 | Head 0.8403 | Middle 0.6048 | Tail 0.4803 | Hmean 0.6112 | ExpEvent 0 | ExpMass 0.002019 | best_tail 0.6813@117
2026-08-30 20:30:05,559 - ear_direct_cifar10_c_IF100_alpha0p5_h2_m4_seed42_eps0p75_ca0p7_w30_taw1p5.log - INFO - EAR Round 169 | targetExp 0 targetSamples 0 tailExpRate 0.6667 | gradShare 0.046610 | Retention proj 0.395737 -> 0.395737 (gain 0.000000) | cos 0.612840 -> 0.612840
2026-08-30 20:30:05,562 - ear_direct_cifar10_c_IF100_alpha0p5_h2_m4_seed42_eps0p75_ca0p7_w30_taw1p5.log - INFO - Round 170 selected clients: [5, 9, 11, 14]
2026-08-30 20:30:18,948 - ear_direct_cifar10_c_IF100_alpha0p5_h2_m4_seed42_eps0p75_ca0p7_w30_taw1p5.log - INFO - Round 170 | Global 0.6279 | Head 0.8350 | Middle 0.6385 | Tail 0.4067 | Hmean 0.5470 | ExpEvent 0 | ExpMass 0.013743 | best_tail 0.6813@117
2026-08-30 20:30:18,949 - ear_direct_cifar10_c_IF100_alpha0p5_h2_m4_seed42_eps0p75_ca0p7_w30_taw1p5.log - INFO - EAR Round 170 | targetExp 0 targetSamples 0 tailExpRate 0.6667 | gradShare 0.093832 | Retention proj 0.488158 -> 0.488158 (gain 0.000000) | cos 0.998277 -> 0.998277
2026-08-30 20:30:18,973 - ear_direct_cifar10_c_IF100_alpha0p5_h2_m4_seed42_eps0p75_ca0p7_w30_taw1p5.log - INFO - Checkpoint @170 | Global 0.6279 | Head 0.8350 | Middle 0.6385 | Tail 0.4067 | Hmean 0.5470
2026-08-30 20:30:18,974 - ear_direct_cifar10_c_IF100_alpha0p5_h2_m4_seed42_eps0p75_ca0p7_w30_taw1p5.log - INFO - Round 171 selected clients: [5, 6, 7, 12]
2026-08-30 20:30:32,799 - ear_direct_cifar10_c_IF100_alpha0p5_h2_m4_seed42_eps0p75_ca0p7_w30_taw1p5.log - INFO - Round 171 | Global 0.6715 | Head 0.7717 | Middle 0.6597 | Tail 0.5870 | Hmean 0.6668 | ExpEvent 1 | ExpMass 0.036756 | best_tail 0.6813@117
2026-08-30 20:30:32,799 - ear_direct_cifar10_c_IF100_alpha0p5_h2_m4_seed42_eps0p75_ca0p7_w30_taw1p5.log - INFO - EAR Round 171 | targetExp 1 targetSamples 25 tailExpRate 1.0000 | gradShare 0.118874 | Retention proj 0.468423 -> 0.468423 (gain 0.000000) | cos 0.976302 -> 0.976302
2026-08-30 20:30:32,802 - ear_direct_cifar10_c_IF100_alpha0p5_h2_m4_seed42_eps0p75_ca0p7_w30_taw1p5.log - INFO - Round 172 selected clients: [9, 10, 11, 13]
2026-08-30 20:30:46,155 - ear_direct_cifar10_c_IF100_alpha0p5_h2_m4_seed42_eps0p75_ca0p7_w30_taw1p5.log - INFO - Round 172 | Global 0.6440 | Head 0.8317 | Middle 0.6567 | Tail 0.4393 | Hmean 0.5749 | ExpEvent 0 | ExpMass 0.002021 | best_tail 0.6813@117
2026-08-30 20:30:46,155 - ear_direct_cifar10_c_IF100_alpha0p5_h2_m4_seed42_eps0p75_ca0p7_w30_taw1p5.log - INFO - EAR Round 172 | targetExp 0 targetSamples 0 tailExpRate 0.6667 | gradShare 0.066068 | Retention proj 0.273031 -> 0.273031 (gain 0.000000) | cos 0.851084 -> 0.851084
2026-08-30 20:30:46,157 - ear_direct_cifar10_c_IF100_alpha0p5_h2_m4_seed42_eps0p75_ca0p7_w30_taw1p5.log - INFO - Round 173 selected clients: [4, 9, 13, 16]
2026-08-30 20:30:59,491 - ear_direct_cifar10_c_IF100_alpha0p5_h2_m4_seed42_eps0p75_ca0p7_w30_taw1p5.log - INFO - Round 173 | Global 0.6291 | Head 0.8183 | Middle 0.6070 | Tail 0.4693 | Hmean 0.5965 | ExpEvent 1 | ExpMass 0.012000 | best_tail 0.6813@117
2026-08-30 20:30:59,491 - ear_direct_cifar10_c_IF100_alpha0p5_h2_m4_seed42_eps0p75_ca0p7_w30_taw1p5.log - INFO - EAR Round 173 | targetExp 1 targetSamples 25 tailExpRate 1.0000 | gradShare 0.128596 | Retention proj -0.362793 -> -0.362793 (gain 0.000000) | cos 0.005251 -> 0.005251
2026-08-30 20:30:59,494 - ear_direct_cifar10_c_IF100_alpha0p5_h2_m4_seed42_eps0p75_ca0p7_w30_taw1p5.log - INFO - Round 174 selected clients: [1, 3, 6, 15]
2026-08-30 20:31:12,553 - ear_direct_cifar10_c_IF100_alpha0p5_h2_m4_seed42_eps0p75_ca0p7_w30_taw1p5.log - INFO - Round 174 | Global 0.6738 | Head 0.7670 | Middle 0.6587 | Tail 0.6007 | Hmean 0.6737 | ExpEvent 1 | ExpMass 0.031829 | best_tail 0.6813@117
2026-08-30 20:31:12,553 - ear_direct_cifar10_c_IF100_alpha0p5_h2_m4_seed42_eps0p75_ca0p7_w30_taw1p5.log - INFO - EAR Round 174 | targetExp 1 targetSamples 25 tailExpRate 1.0000 | gradShare 0.103604 | Retention proj 0.434570 -> 0.434570 (gain 0.000000) | cos 0.796032 -> 0.796032
2026-08-30 20:31:12,556 - ear_direct_cifar10_c_IF100_alpha0p5_h2_m4_seed42_eps0p75_ca0p7_w30_taw1p5.log - INFO - Round 175 selected clients: [2, 8, 9, 11]
2026-08-30 20:31:25,634 - ear_direct_cifar10_c_IF100_alpha0p5_h2_m4_seed42_eps0p75_ca0p7_w30_taw1p5.log - INFO - Round 175 | Global 0.6505 | Head 0.7987 | Middle 0.6860 | Tail 0.4550 | Hmean 0.5797 | ExpEvent 0 | ExpMass 0.012525 | best_tail 0.6813@117
2026-08-30 20:31:25,634 - ear_direct_cifar10_c_IF100_alpha0p5_h2_m4_seed42_eps0p75_ca0p7_w30_taw1p5.log - INFO - EAR Round 175 | targetExp 0 targetSamples 0 tailExpRate 0.6667 | gradShare 0.074453 | Retention proj 0.447508 -> 0.447508 (gain 0.000000) | cos 0.964458 -> 0.964458
2026-08-30 20:31:25,637 - ear_direct_cifar10_c_IF100_alpha0p5_h2_m4_seed42_eps0p75_ca0p7_w30_taw1p5.log - INFO - Round 176 selected clients: [1, 3, 5, 12]
2026-08-30 20:31:38,634 - ear_direct_cifar10_c_IF100_alpha0p5_h2_m4_seed42_eps0p75_ca0p7_w30_taw1p5.log - INFO - Round 176 | Global 0.6586 | Head 0.7833 | Middle 0.6745 | Tail 0.5127 | Hmean 0.6197 | ExpEvent 0 | ExpMass 0.018248 | best_tail 0.6813@117
2026-08-30 20:31:38,635 - ear_direct_cifar10_c_IF100_alpha0p5_h2_m4_seed42_eps0p75_ca0p7_w30_taw1p5.log - INFO - EAR Round 176 | targetExp 0 targetSamples 0 tailExpRate 0.6667 | gradShare 0.098680 | Retention proj 0.673845 -> 0.673845 (gain 0.000000) | cos 0.989692 -> 0.989692
2026-08-30 20:31:38,638 - ear_direct_cifar10_c_IF100_alpha0p5_h2_m4_seed42_eps0p75_ca0p7_w30_taw1p5.log - INFO - Round 177 selected clients: [5, 8, 10, 18]
2026-08-30 20:31:51,990 - ear_direct_cifar10_c_IF100_alpha0p5_h2_m4_seed42_eps0p75_ca0p7_w30_taw1p5.log - INFO - Round 177 | Global 0.6458 | Head 0.7790 | Middle 0.6607 | Tail 0.4927 | Hmean 0.6036 | ExpEvent 0 | ExpMass 0.023463 | best_tail 0.6813@117
2026-08-30 20:31:51,990 - ear_direct_cifar10_c_IF100_alpha0p5_h2_m4_seed42_eps0p75_ca0p7_w30_taw1p5.log - INFO - EAR Round 177 | targetExp 0 targetSamples 0 tailExpRate 0.6667 | gradShare 0.098467 | Retention proj 0.474704 -> 0.474704 (gain 0.000000) | cos 0.999634 -> 0.999634
2026-08-30 20:31:51,994 - ear_direct_cifar10_c_IF100_alpha0p5_h2_m4_seed42_eps0p75_ca0p7_w30_taw1p5.log - INFO - Round 178 selected clients: [5, 6, 7, 9]
2026-08-30 20:32:05,245 - ear_direct_cifar10_c_IF100_alpha0p5_h2_m4_seed42_eps0p75_ca0p7_w30_taw1p5.log - INFO - Round 178 | Global 0.6508 | Head 0.7147 | Middle 0.6667 | Tail 0.5657 | Hmean 0.6315 | ExpEvent 1 | ExpMass 0.038446 | best_tail 0.6813@117
2026-08-30 20:32:05,245 - ear_direct_cifar10_c_IF100_alpha0p5_h2_m4_seed42_eps0p75_ca0p7_w30_taw1p5.log - INFO - EAR Round 178 | targetExp 1 targetSamples 25 tailExpRate 1.0000 | gradShare 0.126491 | Retention proj 0.558716 -> 0.558716 (gain 0.000000) | cos 0.996434 -> 0.996434
2026-08-30 20:32:05,248 - ear_direct_cifar10_c_IF100_alpha0p5_h2_m4_seed42_eps0p75_ca0p7_w30_taw1p5.log - INFO - Round 179 selected clients: [3, 4, 7, 13]
2026-08-30 20:32:18,607 - ear_direct_cifar10_c_IF100_alpha0p5_h2_m4_seed42_eps0p75_ca0p7_w30_taw1p5.log - INFO - Round 179 | Global 0.6454 | Head 0.8117 | Middle 0.6412 | Tail 0.4847 | Hmean 0.6070 | ExpEvent 1 | ExpMass 0.016058 | best_tail 0.6813@117
2026-08-30 20:32:18,607 - ear_direct_cifar10_c_IF100_alpha0p5_h2_m4_seed42_eps0p75_ca0p7_w30_taw1p5.log - INFO - EAR Round 179 | targetExp 1 targetSamples 25 tailExpRate 1.0000 | gradShare 0.149801 | Retention proj -0.126871 -> -0.126871 (gain 0.000000) | cos 0.171643 -> 0.171643
2026-08-30 20:32:18,610 - ear_direct_cifar10_c_IF100_alpha0p5_h2_m4_seed42_eps0p75_ca0p7_w30_taw1p5.log - INFO - Round 180 selected clients: [3, 9, 10, 17]
2026-08-30 20:32:31,580 - ear_direct_cifar10_c_IF100_alpha0p5_h2_m4_seed42_eps0p75_ca0p7_w30_taw1p5.log - INFO - Round 180 | Global 0.6520 | Head 0.8160 | Middle 0.6613 | Tail 0.4757 | Hmean 0.6010 | ExpEvent 0 | ExpMass 0.028060 | best_tail 0.6813@117
2026-08-30 20:32:31,581 - ear_direct_cifar10_c_IF100_alpha0p5_h2_m4_seed42_eps0p75_ca0p7_w30_taw1p5.log - INFO - EAR Round 180 | targetExp 0 targetSamples 0 tailExpRate 0.6667 | gradShare 0.108436 | Retention proj 0.762089 -> 0.762089 (gain 0.000000) | cos 0.998285 -> 0.998285
2026-08-30 20:32:31,608 - ear_direct_cifar10_c_IF100_alpha0p5_h2_m4_seed42_eps0p75_ca0p7_w30_taw1p5.log - INFO - Checkpoint @180 | Global 0.6520 | Head 0.8160 | Middle 0.6613 | Tail 0.4757 | Hmean 0.6010
2026-08-30 20:32:31,608 - ear_direct_cifar10_c_IF100_alpha0p5_h2_m4_seed42_eps0p75_ca0p7_w30_taw1p5.log - INFO - Round 181 selected clients: [0, 11, 14, 18]
2026-08-30 20:32:44,836 - ear_direct_cifar10_c_IF100_alpha0p5_h2_m4_seed42_eps0p75_ca0p7_w30_taw1p5.log - INFO - Round 181 | Global 0.6372 | Head 0.8320 | Middle 0.6298 | Tail 0.4523 | Hmean 0.5860 | ExpEvent 0 | ExpMass 0.011727 | best_tail 0.6813@117
2026-08-30 20:32:44,836 - ear_direct_cifar10_c_IF100_alpha0p5_h2_m4_seed42_eps0p75_ca0p7_w30_taw1p5.log - INFO - EAR Round 181 | targetExp 0 targetSamples 0 tailExpRate 0.6667 | gradShare 0.073722 | Retention proj 0.193049 -> 0.193049 (gain 0.000000) | cos 0.945676 -> 0.945676
2026-08-30 20:32:44,839 - ear_direct_cifar10_c_IF100_alpha0p5_h2_m4_seed42_eps0p75_ca0p7_w30_taw1p5.log - INFO - Round 182 selected clients: [2, 8, 17, 18]
2026-08-30 20:32:58,746 - ear_direct_cifar10_c_IF100_alpha0p5_h2_m4_seed42_eps0p75_ca0p7_w30_taw1p5.log - INFO - Round 182 | Global 0.6765 | Head 0.7660 | Middle 0.6863 | Tail 0.5740 | Hmean 0.6562 | ExpEvent 0 | ExpMass 0.042054 | best_tail 0.6813@117
2026-08-30 20:32:58,746 - ear_direct_cifar10_c_IF100_alpha0p5_h2_m4_seed42_eps0p75_ca0p7_w30_taw1p5.log - INFO - EAR Round 182 | targetExp 0 targetSamples 0 tailExpRate 0.6667 | gradShare 0.125060 | Retention proj 0.744293 -> 0.744293 (gain 0.000000) | cos 0.999996 -> 0.999996
2026-08-30 20:32:58,749 - ear_direct_cifar10_c_IF100_alpha0p5_h2_m4_seed42_eps0p75_ca0p7_w30_taw1p5.log - INFO - Round 183 selected clients: [6, 8, 12, 18]
2026-08-30 20:33:14,049 - ear_direct_cifar10_c_IF100_alpha0p5_h2_m4_seed42_eps0p75_ca0p7_w30_taw1p5.log - INFO - Round 183 | Global 0.6659 | Head 0.7533 | Middle 0.6402 | Tail 0.6127 | Hmean 0.6758 | ExpEvent 1 | ExpMass 0.036874 | best_tail 0.6813@117
2026-08-30 20:33:14,050 - ear_direct_cifar10_c_IF100_alpha0p5_h2_m4_seed42_eps0p75_ca0p7_w30_taw1p5.log - INFO - EAR Round 183 | targetExp 1 targetSamples 25 tailExpRate 1.0000 | gradShare 0.125970 | Retention proj 0.422520 -> 0.422520 (gain 0.000000) | cos 0.972123 -> 0.972123
2026-08-30 20:33:14,052 - ear_direct_cifar10_c_IF100_alpha0p5_h2_m4_seed42_eps0p75_ca0p7_w30_taw1p5.log - INFO - Round 184 selected clients: [0, 8, 9, 18]
2026-08-30 20:33:29,800 - ear_direct_cifar10_c_IF100_alpha0p5_h2_m4_seed42_eps0p75_ca0p7_w30_taw1p5.log - INFO - Round 184 | Global 0.6308 | Head 0.7487 | Middle 0.6462 | Tail 0.4923 | Hmean 0.5940 | ExpEvent 0 | ExpMass 0.013782 | best_tail 0.6813@117
2026-08-30 20:33:29,800 - ear_direct_cifar10_c_IF100_alpha0p5_h2_m4_seed42_eps0p75_ca0p7_w30_taw1p5.log - INFO - EAR Round 184 | targetExp 0 targetSamples 0 tailExpRate 0.6667 | gradShare 0.054863 | Retention proj 0.581753 -> 0.581753 (gain 0.000000) | cos 0.941835 -> 0.941835
2026-08-30 20:33:29,803 - ear_direct_cifar10_c_IF100_alpha0p5_h2_m4_seed42_eps0p75_ca0p7_w30_taw1p5.log - INFO - Round 185 selected clients: [7, 8, 10, 12]
2026-08-30 20:33:43,896 - ear_direct_cifar10_c_IF100_alpha0p5_h2_m4_seed42_eps0p75_ca0p7_w30_taw1p5.log - INFO - Round 185 | Global 0.6126 | Head 0.8250 | Middle 0.6280 | Tail 0.3797 | Hmean 0.5201 | ExpEvent 0 | ExpMass 0.000403 | best_tail 0.6813@117
2026-08-30 20:33:43,896 - ear_direct_cifar10_c_IF100_alpha0p5_h2_m4_seed42_eps0p75_ca0p7_w30_taw1p5.log - INFO - EAR Round 185 | targetExp 0 targetSamples 0 tailExpRate 0.3333 | gradShare 0.078548 | Retention proj 0.354122 -> 0.354122 (gain 0.000000) | cos 0.995560 -> 0.995560
2026-08-30 20:33:43,900 - ear_direct_cifar10_c_IF100_alpha0p5_h2_m4_seed42_eps0p75_ca0p7_w30_taw1p5.log - INFO - Round 186 selected clients: [7, 9, 10, 14]
2026-08-30 20:33:57,858 - ear_direct_cifar10_c_IF100_alpha0p5_h2_m4_seed42_eps0p75_ca0p7_w30_taw1p5.log - INFO - Round 186 | Global 0.6018 | Head 0.8260 | Middle 0.6248 | Tail 0.3470 | Hmean 0.4887 | ExpEvent 0 | ExpMass 0.002021 | best_tail 0.6813@117
2026-08-30 20:33:57,858 - ear_direct_cifar10_c_IF100_alpha0p5_h2_m4_seed42_eps0p75_ca0p7_w30_taw1p5.log - INFO - EAR Round 186 | targetExp 0 targetSamples 0 tailExpRate 0.6667 | gradShare 0.067125 | Retention proj 0.246451 -> 0.246451 (gain 0.000000) | cos 0.997808 -> 0.997808
2026-08-30 20:33:57,861 - ear_direct_cifar10_c_IF100_alpha0p5_h2_m4_seed42_eps0p75_ca0p7_w30_taw1p5.log - INFO - Round 187 selected clients: [1, 5, 7, 19]
2026-08-30 20:34:10,931 - ear_direct_cifar10_c_IF100_alpha0p5_h2_m4_seed42_eps0p75_ca0p7_w30_taw1p5.log - INFO - Round 187 | Global 0.6456 | Head 0.8233 | Middle 0.6350 | Tail 0.4820 | Hmean 0.6080 | ExpEvent 0 | ExpMass 0.023472 | best_tail 0.6813@117
2026-08-30 20:34:10,931 - ear_direct_cifar10_c_IF100_alpha0p5_h2_m4_seed42_eps0p75_ca0p7_w30_taw1p5.log - INFO - EAR Round 187 | targetExp 0 targetSamples 0 tailExpRate 0.6667 | gradShare 0.102120 | Retention proj 0.427860 -> 0.427860 (gain 0.000000) | cos 0.996737 -> 0.996737
2026-08-30 20:34:10,934 - ear_direct_cifar10_c_IF100_alpha0p5_h2_m4_seed42_eps0p75_ca0p7_w30_taw1p5.log - INFO - Round 188 selected clients: [0, 12, 14, 15]
2026-08-30 20:34:24,163 - ear_direct_cifar10_c_IF100_alpha0p5_h2_m4_seed42_eps0p75_ca0p7_w30_taw1p5.log - INFO - Round 188 | Global 0.6444 | Head 0.8217 | Middle 0.6817 | Tail 0.4173 | Hmean 0.5535 | ExpEvent 0 | ExpMass 0.001213 | best_tail 0.6813@117
2026-08-30 20:34:24,164 - ear_direct_cifar10_c_IF100_alpha0p5_h2_m4_seed42_eps0p75_ca0p7_w30_taw1p5.log - INFO - EAR Round 188 | targetExp 0 targetSamples 0 tailExpRate 0.6667 | gradShare 0.042264 | Retention proj 0.641463 -> 0.641463 (gain 0.000000) | cos 0.973974 -> 0.973974
2026-08-30 20:34:24,166 - ear_direct_cifar10_c_IF100_alpha0p5_h2_m4_seed42_eps0p75_ca0p7_w30_taw1p5.log - INFO - Round 189 selected clients: [2, 8, 9, 16]
2026-08-30 20:34:37,096 - ear_direct_cifar10_c_IF100_alpha0p5_h2_m4_seed42_eps0p75_ca0p7_w30_taw1p5.log - INFO - Round 189 | Global 0.6588 | Head 0.8220 | Middle 0.6767 | Tail 0.4717 | Hmean 0.5994 | ExpEvent 0 | ExpMass 0.012525 | best_tail 0.6813@117
2026-08-30 20:34:37,097 - ear_direct_cifar10_c_IF100_alpha0p5_h2_m4_seed42_eps0p75_ca0p7_w30_taw1p5.log - INFO - EAR Round 189 | targetExp 0 targetSamples 0 tailExpRate 0.6667 | gradShare 0.062330 | Retention proj 0.368044 -> 0.368044 (gain 0.000000) | cos 0.943787 -> 0.943787
2026-08-30 20:34:37,100 - ear_direct_cifar10_c_IF100_alpha0p5_h2_m4_seed42_eps0p75_ca0p7_w30_taw1p5.log - INFO - Round 190 selected clients: [1, 4, 8, 10]
2026-08-30 20:34:50,562 - ear_direct_cifar10_c_IF100_alpha0p5_h2_m4_seed42_eps0p75_ca0p7_w30_taw1p5.log - INFO - Round 190 | Global 0.6310 | Head 0.8440 | Middle 0.6302 | Tail 0.4190 | Hmean 0.5600 | ExpEvent 1 | ExpMass 0.009972 | best_tail 0.6813@117
2026-08-30 20:34:50,562 - ear_direct_cifar10_c_IF100_alpha0p5_h2_m4_seed42_eps0p75_ca0p7_w30_taw1p5.log - INFO - EAR Round 190 | targetExp 1 targetSamples 25 tailExpRate 0.3333 | gradShare 0.120099 | Retention proj 0.253847 -> 0.253847 (gain 0.000000) | cos 0.999986 -> 0.999986
2026-08-30 20:34:50,585 - ear_direct_cifar10_c_IF100_alpha0p5_h2_m4_seed42_eps0p75_ca0p7_w30_taw1p5.log - INFO - Checkpoint @190 | Global 0.6310 | Head 0.8440 | Middle 0.6302 | Tail 0.4190 | Hmean 0.5600
2026-08-30 20:34:50,585 - ear_direct_cifar10_c_IF100_alpha0p5_h2_m4_seed42_eps0p75_ca0p7_w30_taw1p5.log - INFO - Round 191 selected clients: [1, 9, 10, 11]
2026-08-30 20:35:04,109 - ear_direct_cifar10_c_IF100_alpha0p5_h2_m4_seed42_eps0p75_ca0p7_w30_taw1p5.log - INFO - Round 191 | Global 0.6284 | Head 0.8640 | Middle 0.6192 | Tail 0.4050 | Hmean 0.5515 | ExpEvent 0 | ExpMass 0.002020 | best_tail 0.6813@117
2026-08-30 20:35:04,109 - ear_direct_cifar10_c_IF100_alpha0p5_h2_m4_seed42_eps0p75_ca0p7_w30_taw1p5.log - INFO - EAR Round 191 | targetExp 0 targetSamples 0 tailExpRate 0.6667 | gradShare 0.056362 | Retention proj 0.199136 -> 0.199136 (gain 0.000000) | cos 0.815211 -> 0.815211
2026-08-30 20:35:04,112 - ear_direct_cifar10_c_IF100_alpha0p5_h2_m4_seed42_eps0p75_ca0p7_w30_taw1p5.log - INFO - Round 192 selected clients: [0, 3, 7, 8]
2026-08-30 20:35:17,561 - ear_direct_cifar10_c_IF100_alpha0p5_h2_m4_seed42_eps0p75_ca0p7_w30_taw1p5.log - INFO - Round 192 | Global 0.6144 | Head 0.8533 | Middle 0.6100 | Tail 0.3813 | Hmean 0.5271 | ExpEvent 0 | ExpMass 0.006083 | best_tail 0.6813@117
2026-08-30 20:35:17,562 - ear_direct_cifar10_c_IF100_alpha0p5_h2_m4_seed42_eps0p75_ca0p7_w30_taw1p5.log - INFO - EAR Round 192 | targetExp 0 targetSamples 0 tailExpRate 0.6667 | gradShare 0.062489 | Retention proj 0.216956 -> 0.216956 (gain 0.000000) | cos 0.987826 -> 0.987826
2026-08-30 20:35:17,565 - ear_direct_cifar10_c_IF100_alpha0p5_h2_m4_seed42_eps0p75_ca0p7_w30_taw1p5.log - INFO - Round 193 selected clients: [1, 5, 8, 10]
2026-08-30 20:35:32,300 - ear_direct_cifar10_c_IF100_alpha0p5_h2_m4_seed42_eps0p75_ca0p7_w30_taw1p5.log - INFO - Round 193 | Global 0.6221 | Head 0.8323 | Middle 0.6210 | Tail 0.4133 | Hmean 0.5523 | ExpEvent 0 | ExpMass 0.011689 | best_tail 0.6813@117
2026-08-30 20:35:32,300 - ear_direct_cifar10_c_IF100_alpha0p5_h2_m4_seed42_eps0p75_ca0p7_w30_taw1p5.log - INFO - EAR Round 193 | targetExp 0 targetSamples 0 tailExpRate 0.6667 | gradShare 0.065110 | Retention proj 0.328945 -> 0.328945 (gain 0.000000) | cos 0.947350 -> 0.947350
2026-08-30 20:35:32,303 - ear_direct_cifar10_c_IF100_alpha0p5_h2_m4_seed42_eps0p75_ca0p7_w30_taw1p5.log - INFO - Round 194 selected clients: [4, 10, 11, 18]
2026-08-30 20:35:46,133 - ear_direct_cifar10_c_IF100_alpha0p5_h2_m4_seed42_eps0p75_ca0p7_w30_taw1p5.log - INFO - Round 194 | Global 0.6431 | Head 0.8377 | Middle 0.6335 | Tail 0.4613 | Hmean 0.5950 | ExpEvent 1 | ExpMass 0.021617 | best_tail 0.6813@117
2026-08-30 20:35:46,133 - ear_direct_cifar10_c_IF100_alpha0p5_h2_m4_seed42_eps0p75_ca0p7_w30_taw1p5.log - INFO - EAR Round 194 | targetExp 1 targetSamples 25 tailExpRate 1.0000 | gradShare 0.143785 | Retention proj 0.114931 -> 0.114931 (gain 0.000000) | cos 0.570440 -> 0.570440
2026-08-30 20:35:46,136 - ear_direct_cifar10_c_IF100_alpha0p5_h2_m4_seed42_eps0p75_ca0p7_w30_taw1p5.log - INFO - Round 195 selected clients: [2, 10, 13, 18]
2026-08-30 20:35:59,787 - ear_direct_cifar10_c_IF100_alpha0p5_h2_m4_seed42_eps0p75_ca0p7_w30_taw1p5.log - INFO - Round 195 | Global 0.6089 | Head 0.8063 | Middle 0.5745 | Tail 0.4573 | Hmean 0.5836 | ExpEvent 0 | ExpMass 0.022240 | best_tail 0.6813@117
2026-08-30 20:35:59,788 - ear_direct_cifar10_c_IF100_alpha0p5_h2_m4_seed42_eps0p75_ca0p7_w30_taw1p5.log - INFO - EAR Round 195 | targetExp 0 targetSamples 0 tailExpRate 0.6667 | gradShare 0.075977 | Retention proj 0.442502 -> 0.442502 (gain 0.000000) | cos 0.994496 -> 0.994496
2026-08-30 20:35:59,791 - ear_direct_cifar10_c_IF100_alpha0p5_h2_m4_seed42_eps0p75_ca0p7_w30_taw1p5.log - INFO - Round 196 selected clients: [1, 3, 9, 18]
2026-08-30 20:36:13,512 - ear_direct_cifar10_c_IF100_alpha0p5_h2_m4_seed42_eps0p75_ca0p7_w30_taw1p5.log - INFO - Round 196 | Global 0.6345 | Head 0.7647 | Middle 0.6370 | Tail 0.5010 | Hmean 0.6054 | ExpEvent 0 | ExpMass 0.019984 | best_tail 0.6813@117
2026-08-30 20:36:13,513 - ear_direct_cifar10_c_IF100_alpha0p5_h2_m4_seed42_eps0p75_ca0p7_w30_taw1p5.log - INFO - EAR Round 196 | targetExp 0 targetSamples 0 tailExpRate 0.6667 | gradShare 0.071224 | Retention proj 0.914428 -> 0.914428 (gain 0.000000) | cos 0.876224 -> 0.876224
2026-08-30 20:36:13,515 - ear_direct_cifar10_c_IF100_alpha0p5_h2_m4_seed42_eps0p75_ca0p7_w30_taw1p5.log - INFO - Round 197 selected clients: [0, 2, 11, 18]
2026-08-30 20:36:26,335 - ear_direct_cifar10_c_IF100_alpha0p5_h2_m4_seed42_eps0p75_ca0p7_w30_taw1p5.log - INFO - Round 197 | Global 0.6530 | Head 0.7873 | Middle 0.6723 | Tail 0.4930 | Hmean 0.6063 | ExpEvent 0 | ExpMass 0.022231 | best_tail 0.6813@117
2026-08-30 20:36:26,335 - ear_direct_cifar10_c_IF100_alpha0p5_h2_m4_seed42_eps0p75_ca0p7_w30_taw1p5.log - INFO - EAR Round 197 | targetExp 0 targetSamples 0 tailExpRate 0.6667 | gradShare 0.070409 | Retention proj 0.462862 -> 0.462862 (gain 0.000000) | cos 0.996646 -> 0.996646
2026-08-30 20:36:26,337 - ear_direct_cifar10_c_IF100_alpha0p5_h2_m4_seed42_eps0p75_ca0p7_w30_taw1p5.log - INFO - Round 198 selected clients: [2, 3, 5, 16]
2026-08-30 20:36:39,639 - ear_direct_cifar10_c_IF100_alpha0p5_h2_m4_seed42_eps0p75_ca0p7_w30_taw1p5.log - INFO - Round 198 | Global 0.6724 | Head 0.7960 | Middle 0.6837 | Tail 0.5337 | Hmean 0.6390 | ExpEvent 0 | ExpMass 0.028386 | best_tail 0.6813@117
2026-08-30 20:36:39,639 - ear_direct_cifar10_c_IF100_alpha0p5_h2_m4_seed42_eps0p75_ca0p7_w30_taw1p5.log - INFO - EAR Round 198 | targetExp 0 targetSamples 0 tailExpRate 0.6667 | gradShare 0.104581 | Retention proj 0.561930 -> 0.561930 (gain 0.000000) | cos 0.780175 -> 0.780175
2026-08-30 20:36:39,641 - ear_direct_cifar10_c_IF100_alpha0p5_h2_m4_seed42_eps0p75_ca0p7_w30_taw1p5.log - INFO - Round 199 selected clients: [1, 3, 13, 14]
2026-08-30 20:36:53,226 - ear_direct_cifar10_c_IF100_alpha0p5_h2_m4_seed42_eps0p75_ca0p7_w30_taw1p5.log - INFO - Round 199 | Global 0.6502 | Head 0.8237 | Middle 0.6655 | Tail 0.4563 | Hmean 0.5873 | ExpEvent 0 | ExpMass 0.006083 | best_tail 0.6813@117
2026-08-30 20:36:53,226 - ear_direct_cifar10_c_IF100_alpha0p5_h2_m4_seed42_eps0p75_ca0p7_w30_taw1p5.log - INFO - EAR Round 199 | targetExp 0 targetSamples 0 tailExpRate 0.6667 | gradShare 0.079079 | Retention proj 0.387059 -> 0.387059 (gain 0.000000) | cos 0.444604 -> 0.444604
2026-08-30 20:36:53,229 - ear_direct_cifar10_c_IF100_alpha0p5_h2_m4_seed42_eps0p75_ca0p7_w30_taw1p5.log - INFO - Round 200 selected clients: [8, 14, 17, 19]
2026-08-30 20:37:06,369 - ear_direct_cifar10_c_IF100_alpha0p5_h2_m4_seed42_eps0p75_ca0p7_w30_taw1p5.log - INFO - Round 200 | Global 0.6467 | Head 0.7840 | Middle 0.6567 | Tail 0.4960 | Hmean 0.6076 | ExpEvent 0 | ExpMass 0.031579 | best_tail 0.6813@117
2026-08-30 20:37:06,369 - ear_direct_cifar10_c_IF100_alpha0p5_h2_m4_seed42_eps0p75_ca0p7_w30_taw1p5.log - INFO - EAR Round 200 | targetExp 0 targetSamples 0 tailExpRate 0.6667 | gradShare 0.130733 | Retention proj 0.483633 -> 0.483633 (gain 0.000000) | cos 0.999928 -> 0.999928
2026-08-30 20:37:06,402 - ear_direct_cifar10_c_IF100_alpha0p5_h2_m4_seed42_eps0p75_ca0p7_w30_taw1p5.log - INFO - Checkpoint @200 | Global 0.6467 | Head 0.7840 | Middle 0.6567 | Tail 0.4960 | Hmean 0.6076
2026-08-30 20:37:06,423 - ear_direct_cifar10_c_IF100_alpha0p5_h2_m4_seed42_eps0p75_ca0p7_w30_taw1p5.log - INFO - ==========================================================================================
2026-08-30 20:37:06,423 - ear_direct_cifar10_c_IF100_alpha0p5_h2_m4_seed42_eps0p75_ca0p7_w30_taw1p5.log - INFO - FINISHED UNIFIED C
2026-08-30 20:37:06,423 - ear_direct_cifar10_c_IF100_alpha0p5_h2_m4_seed42_eps0p75_ca0p7_w30_taw1p5.log - INFO - Final Global: 0.6467
2026-08-30 20:37:06,423 - ear_direct_cifar10_c_IF100_alpha0p5_h2_m4_seed42_eps0p75_ca0p7_w30_taw1p5.log - INFO - Final Head: 0.7840
2026-08-30 20:37:06,423 - ear_direct_cifar10_c_IF100_alpha0p5_h2_m4_seed42_eps0p75_ca0p7_w30_taw1p5.log - INFO - Final Middle: 0.6567
2026-08-30 20:37:06,424 - ear_direct_cifar10_c_IF100_alpha0p5_h2_m4_seed42_eps0p75_ca0p7_w30_taw1p5.log - INFO - Final Tail: 0.4960
2026-08-30 20:37:06,424 - ear_direct_cifar10_c_IF100_alpha0p5_h2_m4_seed42_eps0p75_ca0p7_w30_taw1p5.log - INFO - Final Hmean: 0.6076
2026-08-30 20:37:06,424 - ear_direct_cifar10_c_IF100_alpha0p5_h2_m4_seed42_eps0p75_ca0p7_w30_taw1p5.log - INFO - Best Tail (diagnostic only; NOT fixed-round main result): 0.6813 @ round 117
2026-08-30 20:37:06,424 - ear_direct_cifar10_c_IF100_alpha0p5_h2_m4_seed42_eps0p75_ca0p7_w30_taw1p5.log - INFO - Mean target Exposure over all rounds: 0.355000
2026-08-30 20:37:06,424 - ear_direct_cifar10_c_IF100_alpha0p5_h2_m4_seed42_eps0p75_ca0p7_w30_taw1p5.log - INFO - Mean tail gradient share over all rounds: 0.104709
2026-08-30 20:37:06,425 - ear_direct_cifar10_c_IF100_alpha0p5_h2_m4_seed42_eps0p75_ca0p7_w30_taw1p5.log - INFO - Mean retention projection pre/post: 0.422185 -> 0.422185
2026-08-30 20:37:06,425 - ear_direct_cifar10_c_IF100_alpha0p5_h2_m4_seed42_eps0p75_ca0p7_w30_taw1p5.log - INFO - EAR CSV: D:\Desktop\FedLF_project\FedLF\outputs\ear_direct_cifar10_c_IF100_alpha0p5_h2_m4_seed42_eps0p75_ca0p7_w30_taw1p5\ear_metrics.csv
2026-08-30 20:37:06,425 - ear_direct_cifar10_c_IF100_alpha0p5_h2_m4_seed42_eps0p75_ca0p7_w30_taw1p5.log - INFO - EAR history: D:\Desktop\FedLF_project\FedLF\outputs\ear_direct_cifar10_c_IF100_alpha0p5_h2_m4_seed42_eps0p75_ca0p7_w30_taw1p5\ear_history.pkl
2026-08-30 20:37:06,425 - ear_direct_cifar10_c_IF100_alpha0p5_h2_m4_seed42_eps0p75_ca0p7_w30_taw1p5.log - INFO - History file: D:\Desktop\FedLF_project\FedLF\outputs\ear_direct_cifar10_c_IF100_alpha0p5_h2_m4_seed42_eps0p75_ca0p7_w30_taw1p5\head_tail_history.pkl
2026-08-30 20:37:06,425 - ear_direct_cifar10_c_IF100_alpha0p5_h2_m4_seed42_eps0p75_ca0p7_w30_taw1p5.log - INFO - Checkpoint file: D:\Desktop\FedLF_project\FedLF\outputs\ear_direct_cifar10_c_IF100_alpha0p5_h2_m4_seed42_eps0p75_ca0p7_w30_taw1p5\checkpoint.pth
2026-08-30 20:37:06,425 - ear_direct_cifar10_c_IF100_alpha0p5_h2_m4_seed42_eps0p75_ca0p7_w30_taw1p5.log - INFO - Final model file: D:\Desktop\FedLF_project\FedLF\outputs\ear_direct_cifar10_c_IF100_alpha0p5_h2_m4_seed42_eps0p75_ca0p7_w30_taw1p5\final_model.pth
2026-08-30 20:37:06,426 - ear_direct_cifar10_c_IF100_alpha0p5_h2_m4_seed42_eps0p75_ca0p7_w30_taw1p5.log - INFO - Config file: D:\Desktop\FedLF_project\FedLF\outputs\ear_direct_cifar10_c_IF100_alpha0p5_h2_m4_seed42_eps0p75_ca0p7_w30_taw1p5\config.json
2026-08-30 20:37:06,426 - ear_direct_cifar10_c_IF100_alpha0p5_h2_m4_seed42_eps0p75_ca0p7_w30_taw1p5.log - INFO - Partition SHA256: 3239af1f32e2f8eb835b2750615bde3424bff7c575ad6f7be96c35d7d67dab7c
2026-08-30 20:37:06,426 - ear_direct_cifar10_c_IF100_alpha0p5_h2_m4_seed42_eps0p75_ca0p7_w30_taw1p5.log - INFO - ==========================================================================================
