2026-08-30 20:37:17,127 - ear_direct_cifar10_a_IF100_alpha0p5_h2_m4_seed42_eps0p75_ca0p7_w30_taw1p5.log - INFO - ==========================================================================================
2026-08-30 20:37:17,127 - ear_direct_cifar10_a_IF100_alpha0p5_h2_m4_seed42_eps0p75_ca0p7_w30_taw1p5.log - INFO - EXPERIMENT 11: E/A/R DIRECT MECHANISM EVIDENCE
2026-08-30 20:37:17,127 - ear_direct_cifar10_a_IF100_alpha0p5_h2_m4_seed42_eps0p75_ca0p7_w30_taw1p5.log - INFO - Run name: ear_direct_cifar10_a_IF100_alpha0p5_h2_m4_seed42_eps0p75_ca0p7_w30_taw1p5
2026-08-30 20:37:17,128 - ear_direct_cifar10_a_IF100_alpha0p5_h2_m4_seed42_eps0p75_ca0p7_w30_taw1p5.log - INFO - Mode: a | S=False C=False A=True
2026-08-30 20:37:17,129 - ear_direct_cifar10_a_IF100_alpha0p5_h2_m4_seed42_eps0p75_ca0p7_w30_taw1p5.log - INFO - dataset:cifar10, num_classes:10
2026-08-30 20:37:17,129 - ear_direct_cifar10_a_IF100_alpha0p5_h2_m4_seed42_eps0p75_ca0p7_w30_taw1p5.log - INFO - imb_factor:0.01 (IF=100), non_iid_alpha:0.5, rs_alpha:0.5
2026-08-30 20:37:17,129 - ear_direct_cifar10_a_IF100_alpha0p5_h2_m4_seed42_eps0p75_ca0p7_w30_taw1p5.log - INFO - K=20, online=4, participation=0.2000
2026-08-30 20:37:17,130 - ear_direct_cifar10_a_IF100_alpha0p5_h2_m4_seed42_eps0p75_ca0p7_w30_taw1p5.log - INFO - rounds=200, local_epochs=10, batch=32, base_lr=0.1, lr_schedule=fixed
2026-08-30 20:37:17,130 - ear_direct_cifar10_a_IF100_alpha0p5_h2_m4_seed42_eps0p75_ca0p7_w30_taw1p5.log - INFO - S epsilon=0.7500 | C alpha=0.7000 warmup=30 | A tail_agg_weight=1.5000 beta=0.1250 residual_factor=1.1250
2026-08-30 20:37:17,130 - ear_direct_cifar10_a_IF100_alpha0p5_h2_m4_seed42_eps0p75_ca0p7_w30_taw1p5.log - INFO - seed=42
2026-08-30 20:37:17,130 - ear_direct_cifar10_a_IF100_alpha0p5_h2_m4_seed42_eps0p75_ca0p7_w30_taw1p5.log - INFO - test-set rollback enabled: False
2026-08-30 20:37:17,130 - ear_direct_cifar10_a_IF100_alpha0p5_h2_m4_seed42_eps0p75_ca0p7_w30_taw1p5.log - INFO - Log file: D:\Desktop\FedLF_project\FedLF\Logs\ear_direct_cifar10_a_IF100_alpha0p5_h2_m4_seed42_eps0p75_ca0p7_w30_taw1p5.log
2026-08-30 20:37:17,130 - ear_direct_cifar10_a_IF100_alpha0p5_h2_m4_seed42_eps0p75_ca0p7_w30_taw1p5.log - INFO - Output directory: D:\Desktop\FedLF_project\FedLF\outputs\ear_direct_cifar10_a_IF100_alpha0p5_h2_m4_seed42_eps0p75_ca0p7_w30_taw1p5
2026-08-30 20:37:17,130 - ear_direct_cifar10_a_IF100_alpha0p5_h2_m4_seed42_eps0p75_ca0p7_w30_taw1p5.log - INFO - ==========================================================================================
2026-08-30 20:37:23,054 - ear_direct_cifar10_a_IF100_alpha0p5_h2_m4_seed42_eps0p75_ca0p7_w30_taw1p5.log - INFO - Global class counts: [5000, 2997, 1796, 1077, 645, 387, 232, 139, 83, 50]
2026-08-30 20:37:23,054 - ear_direct_cifar10_a_IF100_alpha0p5_h2_m4_seed42_eps0p75_ca0p7_w30_taw1p5.log - INFO - Controlled target class 9 | N=50 | h=2 | hosts=[4, 6] | per_host={6: 25, 4: 25}
2026-08-30 20:37:23,054 - ear_direct_cifar10_a_IF100_alpha0p5_h2_m4_seed42_eps0p75_ca0p7_w30_taw1p5.log - INFO - Random-sampling theoretical target Exposure at m=4: 0.368421
2026-08-30 20:37:23,054 - ear_direct_cifar10_a_IF100_alpha0p5_h2_m4_seed42_eps0p75_ca0p7_w30_taw1p5.log - INFO - Base partition SHA256: 91fc508fdd8b116a19ca7809c6dfe5d6b9f4161086b898c272ecff4fedcd1acf
2026-08-30 20:37:23,054 - ear_direct_cifar10_a_IF100_alpha0p5_h2_m4_seed42_eps0p75_ca0p7_w30_taw1p5.log - INFO - Paper thresholds: Head > 1500, Tail < 200
2026-08-30 20:37:23,055 - ear_direct_cifar10_a_IF100_alpha0p5_h2_m4_seed42_eps0p75_ca0p7_w30_taw1p5.log - INFO - Tail classes (<200): [7, 8, 9]
2026-08-30 20:37:23,055 - ear_direct_cifar10_a_IF100_alpha0p5_h2_m4_seed42_eps0p75_ca0p7_w30_taw1p5.log - INFO - Client data sizes: [621, 621, 621, 605, 646, 620, 643, 620, 620, 614, 620, 620, 620, 620, 620, 613, 620, 620, 612, 610]
2026-08-30 20:37:23,055 - ear_direct_cifar10_a_IF100_alpha0p5_h2_m4_seed42_eps0p75_ca0p7_w30_taw1p5.log - INFO - Partition SHA256: 3239af1f32e2f8eb835b2750615bde3424bff7c575ad6f7be96c35d7d67dab7c
2026-08-30 20:37:23,185 - ear_direct_cifar10_a_IF100_alpha0p5_h2_m4_seed42_eps0p75_ca0p7_w30_taw1p5.log - INFO - Round 1 selected clients: [0, 1, 15, 17]
2026-08-30 20:37:36,088 - ear_direct_cifar10_a_IF100_alpha0p5_h2_m4_seed42_eps0p75_ca0p7_w30_taw1p5.log - INFO - Round 1 | Global 0.1513 | Head 0.3953 | Middle 0.0818 | Tail 0.0000 | Hmean 0.0000 | ExpEvent 0 | ExpMass 0.020606 | best_tail 0.0000@1
2026-08-30 20:37:36,088 - ear_direct_cifar10_a_IF100_alpha0p5_h2_m4_seed42_eps0p75_ca0p7_w30_taw1p5.log - INFO - EAR Round 1 | targetExp 0 targetSamples 0 tailExpRate 0.6667 | gradShare 0.067788 | Retention proj 0.820496 -> 1.022438 (gain 0.201942) | cos 0.867921 -> 0.998051
2026-08-30 20:37:36,093 - ear_direct_cifar10_a_IF100_alpha0p5_h2_m4_seed42_eps0p75_ca0p7_w30_taw1p5.log - INFO - Round 2 selected clients: [5, 15, 16, 19]
2026-08-30 20:37:48,589 - ear_direct_cifar10_a_IF100_alpha0p5_h2_m4_seed42_eps0p75_ca0p7_w30_taw1p5.log - INFO - Round 2 | Global 0.2278 | Head 0.6523 | Middle 0.0803 | Tail 0.0000 | Hmean 0.0000 | ExpEvent 0 | ExpMass 0.024361 | best_tail 0.0000@2
2026-08-30 20:37:48,589 - ear_direct_cifar10_a_IF100_alpha0p5_h2_m4_seed42_eps0p75_ca0p7_w30_taw1p5.log - INFO - EAR Round 2 | targetExp 0 targetSamples 0 tailExpRate 0.6667 | gradShare 0.090045 | Retention proj 0.575048 -> 1.053119 (gain 0.478071) | cos 0.990540 -> 0.999946
2026-08-30 20:37:48,591 - ear_direct_cifar10_a_IF100_alpha0p5_h2_m4_seed42_eps0p75_ca0p7_w30_taw1p5.log - INFO - Round 3 selected clients: [0, 2, 7, 10]
2026-08-30 20:38:01,302 - ear_direct_cifar10_a_IF100_alpha0p5_h2_m4_seed42_eps0p75_ca0p7_w30_taw1p5.log - INFO - Round 3 | Global 0.1484 | Head 0.4017 | Middle 0.0698 | Tail 0.0000 | Hmean 0.0000 | ExpEvent 0 | ExpMass 0.010475 | best_tail 0.0000@2
2026-08-30 20:38:01,303 - ear_direct_cifar10_a_IF100_alpha0p5_h2_m4_seed42_eps0p75_ca0p7_w30_taw1p5.log - INFO - EAR Round 3 | targetExp 0 targetSamples 0 tailExpRate 0.6667 | gradShare 0.058927 | Retention proj 0.306677 -> 1.086665 (gain 0.779989) | cos 0.849469 -> 0.999527
2026-08-30 20:38:01,304 - ear_direct_cifar10_a_IF100_alpha0p5_h2_m4_seed42_eps0p75_ca0p7_w30_taw1p5.log - INFO - Round 4 selected clients: [0, 6, 8, 18]
2026-08-30 20:38:13,895 - ear_direct_cifar10_a_IF100_alpha0p5_h2_m4_seed42_eps0p75_ca0p7_w30_taw1p5.log - INFO - Round 4 | Global 0.2380 | Head 0.6600 | Middle 0.0833 | Tail 0.0223 | Hmean 0.0431 | ExpEvent 1 | ExpMass 0.036458 | best_tail 0.0223@4
2026-08-30 20:38:13,895 - ear_direct_cifar10_a_IF100_alpha0p5_h2_m4_seed42_eps0p75_ca0p7_w30_taw1p5.log - INFO - EAR Round 4 | targetExp 1 targetSamples 25 tailExpRate 1.0000 | gradShare 0.113639 | Retention proj 0.391313 -> 1.076086 (gain 0.684772) | cos 0.953357 -> 0.999909
2026-08-30 20:38:13,896 - ear_direct_cifar10_a_IF100_alpha0p5_h2_m4_seed42_eps0p75_ca0p7_w30_taw1p5.log - INFO - Round 5 selected clients: [2, 5, 10, 19]
2026-08-30 20:38:26,624 - ear_direct_cifar10_a_IF100_alpha0p5_h2_m4_seed42_eps0p75_ca0p7_w30_taw1p5.log - INFO - Round 5 | Global 0.3405 | Head 0.6620 | Middle 0.3010 | Tail 0.0717 | Hmean 0.1294 | ExpEvent 0 | ExpMass 0.033994 | best_tail 0.0717@5
2026-08-30 20:38:26,624 - ear_direct_cifar10_a_IF100_alpha0p5_h2_m4_seed42_eps0p75_ca0p7_w30_taw1p5.log - INFO - EAR Round 5 | targetExp 0 targetSamples 0 tailExpRate 0.6667 | gradShare 0.141601 | Retention proj 0.730568 -> 1.033679 (gain 0.303111) | cos 0.999329 -> 0.999995
2026-08-30 20:38:26,627 - ear_direct_cifar10_a_IF100_alpha0p5_h2_m4_seed42_eps0p75_ca0p7_w30_taw1p5.log - INFO - Round 6 selected clients: [1, 3, 4, 5]
2026-08-30 20:38:39,082 - ear_direct_cifar10_a_IF100_alpha0p5_h2_m4_seed42_eps0p75_ca0p7_w30_taw1p5.log - INFO - Round 6 | Global 0.2627 | Head 0.3653 | Middle 0.1505 | Tail 0.3097 | Hmean 0.3352 | ExpEvent 1 | ExpMass 0.027689 | best_tail 0.3097@6
2026-08-30 20:38:39,082 - ear_direct_cifar10_a_IF100_alpha0p5_h2_m4_seed42_eps0p75_ca0p7_w30_taw1p5.log - INFO - EAR Round 6 | targetExp 1 targetSamples 25 tailExpRate 1.0000 | gradShare 0.149158 | Retention proj 0.515680 -> 1.060540 (gain 0.544860) | cos 0.663944 -> 0.999076
2026-08-30 20:38:39,084 - ear_direct_cifar10_a_IF100_alpha0p5_h2_m4_seed42_eps0p75_ca0p7_w30_taw1p5.log - INFO - Round 7 selected clients: [10, 12, 13, 16]
2026-08-30 20:38:52,005 - ear_direct_cifar10_a_IF100_alpha0p5_h2_m4_seed42_eps0p75_ca0p7_w30_taw1p5.log - INFO - Round 7 | Global 0.2980 | Head 0.6490 | Middle 0.1185 | Tail 0.1863 | Hmean 0.2895 | ExpEvent 0 | ExpMass 0.000403 | best_tail 0.3097@6
2026-08-30 20:38:52,005 - ear_direct_cifar10_a_IF100_alpha0p5_h2_m4_seed42_eps0p75_ca0p7_w30_taw1p5.log - INFO - EAR Round 7 | targetExp 0 targetSamples 0 tailExpRate 0.3333 | gradShare 0.127275 | Retention proj 0.369988 -> 1.078751 (gain 0.708763) | cos 0.933097 -> 0.999864
2026-08-30 20:38:52,007 - ear_direct_cifar10_a_IF100_alpha0p5_h2_m4_seed42_eps0p75_ca0p7_w30_taw1p5.log - INFO - Round 8 selected clients: [1, 5, 17, 18]
2026-08-30 20:39:04,715 - ear_direct_cifar10_a_IF100_alpha0p5_h2_m4_seed42_eps0p75_ca0p7_w30_taw1p5.log - INFO - Round 8 | Global 0.3259 | Head 0.5293 | Middle 0.2125 | Tail 0.2737 | Hmean 0.3608 | ExpEvent 0 | ExpMass 0.043267 | best_tail 0.3097@6
2026-08-30 20:39:04,715 - ear_direct_cifar10_a_IF100_alpha0p5_h2_m4_seed42_eps0p75_ca0p7_w30_taw1p5.log - INFO - EAR Round 8 | targetExp 0 targetSamples 0 tailExpRate 0.6667 | gradShare 0.156247 | Retention proj 0.722431 -> 1.034696 (gain 0.312265) | cos 0.999144 -> 0.999994
2026-08-30 20:39:04,717 - ear_direct_cifar10_a_IF100_alpha0p5_h2_m4_seed42_eps0p75_ca0p7_w30_taw1p5.log - INFO - Round 9 selected clients: [7, 11, 13, 17]
2026-08-30 20:39:17,105 - ear_direct_cifar10_a_IF100_alpha0p5_h2_m4_seed42_eps0p75_ca0p7_w30_taw1p5.log - INFO - Round 9 | Global 0.3729 | Head 0.6550 | Middle 0.2067 | Tail 0.3123 | Hmean 0.4229 | ExpEvent 0 | ExpMass 0.019758 | best_tail 0.3123@9
2026-08-30 20:39:17,106 - ear_direct_cifar10_a_IF100_alpha0p5_h2_m4_seed42_eps0p75_ca0p7_w30_taw1p5.log - INFO - EAR Round 9 | targetExp 0 targetSamples 0 tailExpRate 0.6667 | gradShare 0.140528 | Retention proj 0.257982 -> 1.092752 (gain 0.834771) | cos 0.937996 -> 0.999961
2026-08-30 20:39:17,107 - ear_direct_cifar10_a_IF100_alpha0p5_h2_m4_seed42_eps0p75_ca0p7_w30_taw1p5.log - INFO - Round 10 selected clients: [1, 4, 9, 15]
2026-08-30 20:39:30,281 - ear_direct_cifar10_a_IF100_alpha0p5_h2_m4_seed42_eps0p75_ca0p7_w30_taw1p5.log - INFO - Round 10 | Global 0.3240 | Head 0.4293 | Middle 0.2622 | Tail 0.3010 | Hmean 0.3539 | ExpEvent 1 | ExpMass 0.012831 | best_tail 0.3123@9
2026-08-30 20:39:30,281 - ear_direct_cifar10_a_IF100_alpha0p5_h2_m4_seed42_eps0p75_ca0p7_w30_taw1p5.log - INFO - EAR Round 10 | targetExp 1 targetSamples 25 tailExpRate 1.0000 | gradShare 0.112905 | Retention proj 0.296689 -> 1.087914 (gain 0.791224) | cos 0.541067 -> 0.999492
2026-08-30 20:39:30,317 - ear_direct_cifar10_a_IF100_alpha0p5_h2_m4_seed42_eps0p75_ca0p7_w30_taw1p5.log - INFO - Checkpoint @10 | Global 0.3240 | Head 0.4293 | Middle 0.2622 | Tail 0.3010 | Hmean 0.3539
2026-08-30 20:39:30,318 - ear_direct_cifar10_a_IF100_alpha0p5_h2_m4_seed42_eps0p75_ca0p7_w30_taw1p5.log - INFO - Round 11 selected clients: [2, 4, 6, 16]
2026-08-30 20:39:43,055 - ear_direct_cifar10_a_IF100_alpha0p5_h2_m4_seed42_eps0p75_ca0p7_w30_taw1p5.log - INFO - Round 11 | Global 0.4278 | Head 0.3980 | Middle 0.3390 | Tail 0.5760 | Hmean 0.4707 | ExpEvent 1 | ExpMass 0.044664 | best_tail 0.5760@11
2026-08-30 20:39:43,056 - ear_direct_cifar10_a_IF100_alpha0p5_h2_m4_seed42_eps0p75_ca0p7_w30_taw1p5.log - INFO - EAR Round 11 | targetExp 1 targetSamples 50 tailExpRate 1.0000 | gradShare 0.178091 | Retention proj 0.599724 -> 1.050034 (gain 0.450310) | cos 0.935005 -> 0.998827
2026-08-30 20:39:43,057 - ear_direct_cifar10_a_IF100_alpha0p5_h2_m4_seed42_eps0p75_ca0p7_w30_taw1p5.log - INFO - Round 12 selected clients: [3, 9, 14, 18]
2026-08-30 20:39:55,512 - ear_direct_cifar10_a_IF100_alpha0p5_h2_m4_seed42_eps0p75_ca0p7_w30_taw1p5.log - INFO - Round 12 | Global 0.4579 | Head 0.5430 | Middle 0.4215 | Tail 0.4213 | Hmean 0.4745 | ExpEvent 0 | ExpMass 0.019992 | best_tail 0.5760@11
2026-08-30 20:39:55,512 - ear_direct_cifar10_a_IF100_alpha0p5_h2_m4_seed42_eps0p75_ca0p7_w30_taw1p5.log - INFO - EAR Round 12 | targetExp 0 targetSamples 0 tailExpRate 0.6667 | gradShare 0.108491 | Retention proj 0.755369 -> 1.030579 (gain 0.275210) | cos 0.985450 -> 0.999873
2026-08-30 20:39:55,514 - ear_direct_cifar10_a_IF100_alpha0p5_h2_m4_seed42_eps0p75_ca0p7_w30_taw1p5.log - INFO - Round 13 selected clients: [6, 8, 9, 14]
2026-08-30 20:40:08,031 - ear_direct_cifar10_a_IF100_alpha0p5_h2_m4_seed42_eps0p75_ca0p7_w30_taw1p5.log - INFO - Round 13 | Global 0.4437 | Head 0.6627 | Middle 0.3930 | Tail 0.2923 | Hmean 0.4057 | ExpEvent 1 | ExpMass 0.026832 | best_tail 0.5760@11
2026-08-30 20:40:08,031 - ear_direct_cifar10_a_IF100_alpha0p5_h2_m4_seed42_eps0p75_ca0p7_w30_taw1p5.log - INFO - EAR Round 13 | targetExp 1 targetSamples 25 tailExpRate 1.0000 | gradShare 0.123888 | Retention proj 0.451517 -> 1.068560 (gain 0.617043) | cos 0.905127 -> 0.999617
2026-08-30 20:40:08,034 - ear_direct_cifar10_a_IF100_alpha0p5_h2_m4_seed42_eps0p75_ca0p7_w30_taw1p5.log - INFO - Round 14 selected clients: [4, 5, 11, 19]
2026-08-30 20:40:20,880 - ear_direct_cifar10_a_IF100_alpha0p5_h2_m4_seed42_eps0p75_ca0p7_w30_taw1p5.log - INFO - Round 14 | Global 0.3815 | Head 0.3163 | Middle 0.3222 | Tail 0.5257 | Hmean 0.3950 | ExpEvent 1 | ExpMass 0.033253 | best_tail 0.5760@11
2026-08-30 20:40:20,881 - ear_direct_cifar10_a_IF100_alpha0p5_h2_m4_seed42_eps0p75_ca0p7_w30_taw1p5.log - INFO - EAR Round 14 | targetExp 1 targetSamples 25 tailExpRate 1.0000 | gradShare 0.176741 | Retention proj 0.328933 -> 1.083883 (gain 0.754950) | cos 0.810977 -> 0.999046
2026-08-30 20:40:20,882 - ear_direct_cifar10_a_IF100_alpha0p5_h2_m4_seed42_eps0p75_ca0p7_w30_taw1p5.log - INFO - Round 15 selected clients: [13, 14, 16, 19]
2026-08-30 20:40:33,573 - ear_direct_cifar10_a_IF100_alpha0p5_h2_m4_seed42_eps0p75_ca0p7_w30_taw1p5.log - INFO - Round 15 | Global 0.3968 | Head 0.4220 | Middle 0.2410 | Tail 0.5793 | Hmean 0.4883 | ExpEvent 0 | ExpMass 0.011741 | best_tail 0.5793@15
2026-08-30 20:40:33,574 - ear_direct_cifar10_a_IF100_alpha0p5_h2_m4_seed42_eps0p75_ca0p7_w30_taw1p5.log - INFO - EAR Round 15 | targetExp 0 targetSamples 0 tailExpRate 0.6667 | gradShare 0.149629 | Retention proj 0.168672 -> 1.103916 (gain 0.935244) | cos 0.855897 -> 0.999934
2026-08-30 20:40:33,576 - ear_direct_cifar10_a_IF100_alpha0p5_h2_m4_seed42_eps0p75_ca0p7_w30_taw1p5.log - INFO - Round 16 selected clients: [1, 4, 6, 11]
2026-08-30 20:40:46,409 - ear_direct_cifar10_a_IF100_alpha0p5_h2_m4_seed42_eps0p75_ca0p7_w30_taw1p5.log - INFO - Round 16 | Global 0.4506 | Head 0.4160 | Middle 0.3745 | Tail 0.5867 | Hmean 0.4868 | ExpEvent 1 | ExpMass 0.034387 | best_tail 0.5867@16
2026-08-30 20:40:46,409 - ear_direct_cifar10_a_IF100_alpha0p5_h2_m4_seed42_eps0p75_ca0p7_w30_taw1p5.log - INFO - EAR Round 16 | targetExp 1 targetSamples 50 tailExpRate 1.0000 | gradShare 0.164025 | Retention proj 0.350638 -> 1.081170 (gain 0.730532) | cos 0.375384 -> 0.997570
2026-08-30 20:40:46,412 - ear_direct_cifar10_a_IF100_alpha0p5_h2_m4_seed42_eps0p75_ca0p7_w30_taw1p5.log - INFO - Round 17 selected clients: [6, 7, 12, 14]
2026-08-30 20:40:59,275 - ear_direct_cifar10_a_IF100_alpha0p5_h2_m4_seed42_eps0p75_ca0p7_w30_taw1p5.log - INFO - Round 17 | Global 0.4680 | Head 0.5397 | Middle 0.4435 | Tail 0.4290 | Hmean 0.4780 | ExpEvent 1 | ExpMass 0.025170 | best_tail 0.5867@16
2026-08-30 20:40:59,275 - ear_direct_cifar10_a_IF100_alpha0p5_h2_m4_seed42_eps0p75_ca0p7_w30_taw1p5.log - INFO - EAR Round 17 | targetExp 1 targetSamples 25 tailExpRate 1.0000 | gradShare 0.132378 | Retention proj 0.428186 -> 1.071477 (gain 0.643291) | cos 0.760717 -> 0.999391
2026-08-30 20:40:59,277 - ear_direct_cifar10_a_IF100_alpha0p5_h2_m4_seed42_eps0p75_ca0p7_w30_taw1p5.log - INFO - Round 18 selected clients: [3, 4, 7, 18]
2026-08-30 20:41:14,131 - ear_direct_cifar10_a_IF100_alpha0p5_h2_m4_seed42_eps0p75_ca0p7_w30_taw1p5.log - INFO - Round 18 | Global 0.4470 | Head 0.2790 | Middle 0.4790 | Tail 0.5723 | Hmean 0.3751 | ExpEvent 1 | ExpMass 0.027789 | best_tail 0.5867@16
2026-08-30 20:41:14,131 - ear_direct_cifar10_a_IF100_alpha0p5_h2_m4_seed42_eps0p75_ca0p7_w30_taw1p5.log - INFO - EAR Round 18 | targetExp 1 targetSamples 25 tailExpRate 1.0000 | gradShare 0.181175 | Retention proj 0.300868 -> 1.087392 (gain 0.786524) | cos 0.690525 -> 0.998288
2026-08-30 20:41:14,133 - ear_direct_cifar10_a_IF100_alpha0p5_h2_m4_seed42_eps0p75_ca0p7_w30_taw1p5.log - INFO - Round 19 selected clients: [1, 6, 7, 8]
2026-08-30 20:41:28,118 - ear_direct_cifar10_a_IF100_alpha0p5_h2_m4_seed42_eps0p75_ca0p7_w30_taw1p5.log - INFO - Round 19 | Global 0.4778 | Head 0.4587 | Middle 0.4015 | Tail 0.5987 | Hmean 0.5194 | ExpEvent 1 | ExpMass 0.024760 | best_tail 0.5987@19
2026-08-30 20:41:28,118 - ear_direct_cifar10_a_IF100_alpha0p5_h2_m4_seed42_eps0p75_ca0p7_w30_taw1p5.log - INFO - EAR Round 19 | targetExp 1 targetSamples 25 tailExpRate 1.0000 | gradShare 0.183564 | Retention proj 0.246834 -> 1.094146 (gain 0.847312) | cos 0.839202 -> 0.999926
2026-08-30 20:41:28,120 - ear_direct_cifar10_a_IF100_alpha0p5_h2_m4_seed42_eps0p75_ca0p7_w30_taw1p5.log - INFO - Round 20 selected clients: [3, 4, 10, 17]
2026-08-30 20:41:42,423 - ear_direct_cifar10_a_IF100_alpha0p5_h2_m4_seed42_eps0p75_ca0p7_w30_taw1p5.log - INFO - Round 20 | Global 0.4191 | Head 0.2893 | Middle 0.4145 | Tail 0.5550 | Hmean 0.3803 | ExpEvent 1 | ExpMass 0.035729 | best_tail 0.5987@19
2026-08-30 20:41:42,425 - ear_direct_cifar10_a_IF100_alpha0p5_h2_m4_seed42_eps0p75_ca0p7_w30_taw1p5.log - INFO - EAR Round 20 | targetExp 1 targetSamples 25 tailExpRate 1.0000 | gradShare 0.207437 | Retention proj 0.326292 -> 1.084214 (gain 0.757922) | cos 0.608614 -> 0.999390
2026-08-30 20:41:42,446 - ear_direct_cifar10_a_IF100_alpha0p5_h2_m4_seed42_eps0p75_ca0p7_w30_taw1p5.log - INFO - Checkpoint @20 | Global 0.4191 | Head 0.2893 | Middle 0.4145 | Tail 0.5550 | Hmean 0.3803
2026-08-30 20:41:42,447 - ear_direct_cifar10_a_IF100_alpha0p5_h2_m4_seed42_eps0p75_ca0p7_w30_taw1p5.log - INFO - Round 21 selected clients: [13, 14, 15, 17]
2026-08-30 20:41:57,049 - ear_direct_cifar10_a_IF100_alpha0p5_h2_m4_seed42_eps0p75_ca0p7_w30_taw1p5.log - INFO - Round 21 | Global 0.4868 | Head 0.4710 | Middle 0.5105 | Tail 0.4710 | Hmean 0.4710 | ExpEvent 0 | ExpMass 0.020623 | best_tail 0.5987@19
2026-08-30 20:41:57,050 - ear_direct_cifar10_a_IF100_alpha0p5_h2_m4_seed42_eps0p75_ca0p7_w30_taw1p5.log - INFO - EAR Round 21 | targetExp 0 targetSamples 0 tailExpRate 0.6667 | gradShare 0.150901 | Retention proj 0.586220 -> 1.051723 (gain 0.465503) | cos 0.940588 -> 0.999669
2026-08-30 20:41:57,052 - ear_direct_cifar10_a_IF100_alpha0p5_h2_m4_seed42_eps0p75_ca0p7_w30_taw1p5.log - INFO - Round 22 selected clients: [4, 8, 17, 19]
2026-08-30 20:42:10,616 - ear_direct_cifar10_a_IF100_alpha0p5_h2_m4_seed42_eps0p75_ca0p7_w30_taw1p5.log - INFO - Round 22 | Global 0.4399 | Head 0.2833 | Middle 0.4525 | Tail 0.5797 | Hmean 0.3806 | ExpEvent 1 | ExpMass 0.041266 | best_tail 0.5987@19
2026-08-30 20:42:10,616 - ear_direct_cifar10_a_IF100_alpha0p5_h2_m4_seed42_eps0p75_ca0p7_w30_taw1p5.log - INFO - EAR Round 22 | targetExp 1 targetSamples 25 tailExpRate 1.0000 | gradShare 0.230766 | Retention proj 0.111880 -> 1.111015 (gain 0.999135) | cos 0.355832 -> 0.999545
2026-08-30 20:42:10,618 - ear_direct_cifar10_a_IF100_alpha0p5_h2_m4_seed42_eps0p75_ca0p7_w30_taw1p5.log - INFO - Round 23 selected clients: [1, 2, 13, 19]
2026-08-30 20:42:23,900 - ear_direct_cifar10_a_IF100_alpha0p5_h2_m4_seed42_eps0p75_ca0p7_w30_taw1p5.log - INFO - Round 23 | Global 0.4418 | Head 0.1507 | Middle 0.4993 | Tail 0.6563 | Hmean 0.2451 | ExpEvent 0 | ExpMass 0.022249 | best_tail 0.6563@23
2026-08-30 20:42:23,900 - ear_direct_cifar10_a_IF100_alpha0p5_h2_m4_seed42_eps0p75_ca0p7_w30_taw1p5.log - INFO - EAR Round 23 | targetExp 0 targetSamples 0 tailExpRate 0.6667 | gradShare 0.135080 | Retention proj 0.407528 -> 1.074059 (gain 0.666531) | cos 0.912869 -> 0.999793
2026-08-30 20:42:23,902 - ear_direct_cifar10_a_IF100_alpha0p5_h2_m4_seed42_eps0p75_ca0p7_w30_taw1p5.log - INFO - Round 24 selected clients: [3, 5, 13, 14]
2026-08-30 20:42:37,592 - ear_direct_cifar10_a_IF100_alpha0p5_h2_m4_seed42_eps0p75_ca0p7_w30_taw1p5.log - INFO - Round 24 | Global 0.5272 | Head 0.4600 | Middle 0.5005 | Tail 0.6300 | Hmean 0.5317 | ExpEvent 0 | ExpMass 0.017850 | best_tail 0.6563@23
2026-08-30 20:42:37,592 - ear_direct_cifar10_a_IF100_alpha0p5_h2_m4_seed42_eps0p75_ca0p7_w30_taw1p5.log - INFO - EAR Round 24 | targetExp 0 targetSamples 0 tailExpRate 0.6667 | gradShare 0.169045 | Retention proj 0.597947 -> 1.050257 (gain 0.452309) | cos 0.970788 -> 0.999868
2026-08-30 20:42:37,594 - ear_direct_cifar10_a_IF100_alpha0p5_h2_m4_seed42_eps0p75_ca0p7_w30_taw1p5.log - INFO - Round 25 selected clients: [2, 3, 15, 18]
2026-08-30 20:42:50,967 - ear_direct_cifar10_a_IF100_alpha0p5_h2_m4_seed42_eps0p75_ca0p7_w30_taw1p5.log - INFO - Round 25 | Global 0.5012 | Head 0.3980 | Middle 0.5022 | Tail 0.6030 | Hmean 0.4795 | ExpEvent 0 | ExpMass 0.029376 | best_tail 0.6563@23
2026-08-30 20:42:50,967 - ear_direct_cifar10_a_IF100_alpha0p5_h2_m4_seed42_eps0p75_ca0p7_w30_taw1p5.log - INFO - EAR Round 25 | targetExp 0 targetSamples 0 tailExpRate 0.6667 | gradShare 0.119051 | Retention proj 0.793845 -> 1.025769 (gain 0.231924) | cos 0.992256 -> 0.999961
2026-08-30 20:42:50,969 - ear_direct_cifar10_a_IF100_alpha0p5_h2_m4_seed42_eps0p75_ca0p7_w30_taw1p5.log - INFO - Round 26 selected clients: [1, 2, 5, 7]
2026-08-30 20:43:03,940 - ear_direct_cifar10_a_IF100_alpha0p5_h2_m4_seed42_eps0p75_ca0p7_w30_taw1p5.log - INFO - Round 26 | Global 0.5106 | Head 0.3283 | Middle 0.5320 | Tail 0.6643 | Hmean 0.4394 | ExpEvent 0 | ExpMass 0.022160 | best_tail 0.6643@26
2026-08-30 20:43:03,941 - ear_direct_cifar10_a_IF100_alpha0p5_h2_m4_seed42_eps0p75_ca0p7_w30_taw1p5.log - INFO - EAR Round 26 | targetExp 0 targetSamples 0 tailExpRate 0.6667 | gradShare 0.124168 | Retention proj 0.518150 -> 1.060231 (gain 0.542082) | cos 0.919157 -> 0.999738
2026-08-30 20:43:03,943 - ear_direct_cifar10_a_IF100_alpha0p5_h2_m4_seed42_eps0p75_ca0p7_w30_taw1p5.log - INFO - Round 27 selected clients: [5, 10, 13, 14]
2026-08-30 20:43:17,046 - ear_direct_cifar10_a_IF100_alpha0p5_h2_m4_seed42_eps0p75_ca0p7_w30_taw1p5.log - INFO - Round 27 | Global 0.5321 | Head 0.5780 | Middle 0.5540 | Tail 0.4570 | Hmean 0.5104 | ExpEvent 0 | ExpMass 0.011694 | best_tail 0.6643@26
2026-08-30 20:43:17,047 - ear_direct_cifar10_a_IF100_alpha0p5_h2_m4_seed42_eps0p75_ca0p7_w30_taw1p5.log - INFO - EAR Round 27 | targetExp 0 targetSamples 0 tailExpRate 0.6667 | gradShare 0.136774 | Retention proj 0.313777 -> 1.085778 (gain 0.772000) | cos 0.891014 -> 0.999878
2026-08-30 20:43:17,049 - ear_direct_cifar10_a_IF100_alpha0p5_h2_m4_seed42_eps0p75_ca0p7_w30_taw1p5.log - INFO - Round 28 selected clients: [5, 6, 8, 19]
2026-08-30 20:43:30,822 - ear_direct_cifar10_a_IF100_alpha0p5_h2_m4_seed42_eps0p75_ca0p7_w30_taw1p5.log - INFO - Round 28 | Global 0.4889 | Head 0.3490 | Middle 0.5115 | Tail 0.5987 | Hmean 0.4410 | ExpEvent 1 | ExpMass 0.048135 | best_tail 0.6643@26
2026-08-30 20:43:30,822 - ear_direct_cifar10_a_IF100_alpha0p5_h2_m4_seed42_eps0p75_ca0p7_w30_taw1p5.log - INFO - EAR Round 28 | targetExp 1 targetSamples 25 tailExpRate 1.0000 | gradShare 0.181544 | Retention proj 0.678243 -> 1.040219 (gain 0.361976) | cos 0.978093 -> 0.999898
2026-08-30 20:43:30,824 - ear_direct_cifar10_a_IF100_alpha0p5_h2_m4_seed42_eps0p75_ca0p7_w30_taw1p5.log - INFO - Round 29 selected clients: [4, 5, 12, 15]
2026-08-30 20:43:43,658 - ear_direct_cifar10_a_IF100_alpha0p5_h2_m4_seed42_eps0p75_ca0p7_w30_taw1p5.log - INFO - Round 29 | Global 0.5136 | Head 0.4570 | Middle 0.5208 | Tail 0.5607 | Hmean 0.5036 | ExpEvent 1 | ExpMass 0.022809 | best_tail 0.6643@26
2026-08-30 20:43:43,658 - ear_direct_cifar10_a_IF100_alpha0p5_h2_m4_seed42_eps0p75_ca0p7_w30_taw1p5.log - INFO - EAR Round 29 | targetExp 1 targetSamples 25 tailExpRate 1.0000 | gradShare 0.147345 | Retention proj 0.850229 -> 1.018721 (gain 0.168492) | cos 0.803390 -> 0.998806
2026-08-30 20:43:43,660 - ear_direct_cifar10_a_IF100_alpha0p5_h2_m4_seed42_eps0p75_ca0p7_w30_taw1p5.log - INFO - Round 30 selected clients: [13, 14, 16, 19]
2026-08-30 20:43:57,347 - ear_direct_cifar10_a_IF100_alpha0p5_h2_m4_seed42_eps0p75_ca0p7_w30_taw1p5.log - INFO - Round 30 | Global 0.5630 | Head 0.5347 | Middle 0.4785 | Tail 0.7040 | Hmean 0.6078 | ExpEvent 0 | ExpMass 0.011741 | best_tail 0.7040@30
2026-08-30 20:43:57,347 - ear_direct_cifar10_a_IF100_alpha0p5_h2_m4_seed42_eps0p75_ca0p7_w30_taw1p5.log - INFO - EAR Round 30 | targetExp 0 targetSamples 0 tailExpRate 0.6667 | gradShare 0.138820 | Retention proj 0.195428 -> 1.100571 (gain 0.905143) | cos 0.977136 -> 0.999989
2026-08-30 20:43:57,367 - ear_direct_cifar10_a_IF100_alpha0p5_h2_m4_seed42_eps0p75_ca0p7_w30_taw1p5.log - INFO - Checkpoint @30 | Global 0.5630 | Head 0.5347 | Middle 0.4785 | Tail 0.7040 | Hmean 0.6078
2026-08-30 20:43:57,367 - ear_direct_cifar10_a_IF100_alpha0p5_h2_m4_seed42_eps0p75_ca0p7_w30_taw1p5.log - INFO - Round 31 selected clients: [1, 6, 9, 11]
2026-08-30 20:44:10,637 - ear_direct_cifar10_a_IF100_alpha0p5_h2_m4_seed42_eps0p75_ca0p7_w30_taw1p5.log - INFO - Round 31 | Global 0.5566 | Head 0.5060 | Middle 0.5487 | Tail 0.6177 | Hmean 0.5563 | ExpEvent 1 | ExpMass 0.026821 | best_tail 0.7040@30
2026-08-30 20:44:10,637 - ear_direct_cifar10_a_IF100_alpha0p5_h2_m4_seed42_eps0p75_ca0p7_w30_taw1p5.log - INFO - EAR Round 31 | targetExp 1 targetSamples 25 tailExpRate 1.0000 | gradShare 0.096817 | Retention proj 0.492494 -> 1.063438 (gain 0.570944) | cos 0.823131 -> 0.999331
2026-08-30 20:44:10,639 - ear_direct_cifar10_a_IF100_alpha0p5_h2_m4_seed42_eps0p75_ca0p7_w30_taw1p5.log - INFO - Round 32 selected clients: [1, 5, 12, 19]
2026-08-30 20:44:23,063 - ear_direct_cifar10_a_IF100_alpha0p5_h2_m4_seed42_eps0p75_ca0p7_w30_taw1p5.log - INFO - Round 32 | Global 0.5149 | Head 0.6183 | Middle 0.3618 | Tail 0.6157 | Hmean 0.6170 | ExpEvent 0 | ExpMass 0.023877 | best_tail 0.7040@30
2026-08-30 20:44:23,063 - ear_direct_cifar10_a_IF100_alpha0p5_h2_m4_seed42_eps0p75_ca0p7_w30_taw1p5.log - INFO - EAR Round 32 | targetExp 0 targetSamples 0 tailExpRate 0.6667 | gradShare 0.104970 | Retention proj 0.591147 -> 1.051107 (gain 0.459960) | cos 0.829749 -> 0.999597
2026-08-30 20:44:23,065 - ear_direct_cifar10_a_IF100_alpha0p5_h2_m4_seed42_eps0p75_ca0p7_w30_taw1p5.log - INFO - Round 33 selected clients: [3, 11, 14, 16]
2026-08-30 20:44:35,066 - ear_direct_cifar10_a_IF100_alpha0p5_h2_m4_seed42_eps0p75_ca0p7_w30_taw1p5.log - INFO - Round 33 | Global 0.5370 | Head 0.6333 | Middle 0.4970 | Tail 0.4940 | Hmean 0.5550 | ExpEvent 0 | ExpMass 0.006085 | best_tail 0.7040@30
2026-08-30 20:44:35,066 - ear_direct_cifar10_a_IF100_alpha0p5_h2_m4_seed42_eps0p75_ca0p7_w30_taw1p5.log - INFO - EAR Round 33 | targetExp 0 targetSamples 0 tailExpRate 0.6667 | gradShare 0.086375 | Retention proj 0.215012 -> 1.098123 (gain 0.883112) | cos 0.487226 -> 0.999813
2026-08-30 20:44:35,068 - ear_direct_cifar10_a_IF100_alpha0p5_h2_m4_seed42_eps0p75_ca0p7_w30_taw1p5.log - INFO - Round 34 selected clients: [9, 10, 14, 18]
2026-08-30 20:44:47,092 - ear_direct_cifar10_a_IF100_alpha0p5_h2_m4_seed42_eps0p75_ca0p7_w30_taw1p5.log - INFO - Round 34 | Global 0.5171 | Head 0.4957 | Middle 0.5735 | Tail 0.4633 | Hmean 0.4790 | ExpEvent 0 | ExpMass 0.013788 | best_tail 0.7040@30
2026-08-30 20:44:47,092 - ear_direct_cifar10_a_IF100_alpha0p5_h2_m4_seed42_eps0p75_ca0p7_w30_taw1p5.log - INFO - EAR Round 34 | targetExp 0 targetSamples 0 tailExpRate 0.6667 | gradShare 0.099555 | Retention proj 0.461805 -> 1.067274 (gain 0.605469) | cos 0.975134 -> 0.999926
2026-08-30 20:44:47,094 - ear_direct_cifar10_a_IF100_alpha0p5_h2_m4_seed42_eps0p75_ca0p7_w30_taw1p5.log - INFO - Round 35 selected clients: [8, 10, 12, 19]
2026-08-30 20:44:59,019 - ear_direct_cifar10_a_IF100_alpha0p5_h2_m4_seed42_eps0p75_ca0p7_w30_taw1p5.log - INFO - Round 35 | Global 0.5416 | Head 0.5953 | Middle 0.5098 | Tail 0.5303 | Hmean 0.5609 | ExpEvent 0 | ExpMass 0.012146 | best_tail 0.7040@30
2026-08-30 20:44:59,019 - ear_direct_cifar10_a_IF100_alpha0p5_h2_m4_seed42_eps0p75_ca0p7_w30_taw1p5.log - INFO - EAR Round 35 | targetExp 0 targetSamples 0 tailExpRate 0.6667 | gradShare 0.110727 | Retention proj 0.259015 -> 1.092623 (gain 0.833608) | cos 0.477548 -> 0.999789
2026-08-30 20:44:59,021 - ear_direct_cifar10_a_IF100_alpha0p5_h2_m4_seed42_eps0p75_ca0p7_w30_taw1p5.log - INFO - Round 36 selected clients: [1, 8, 10, 18]
2026-08-30 20:45:11,089 - ear_direct_cifar10_a_IF100_alpha0p5_h2_m4_seed42_eps0p75_ca0p7_w30_taw1p5.log - INFO - Round 36 | Global 0.5534 | Head 0.5840 | Middle 0.5102 | Tail 0.5803 | Hmean 0.5821 | ExpEvent 0 | ExpMass 0.011727 | best_tail 0.7040@30
2026-08-30 20:45:11,089 - ear_direct_cifar10_a_IF100_alpha0p5_h2_m4_seed42_eps0p75_ca0p7_w30_taw1p5.log - INFO - EAR Round 36 | targetExp 0 targetSamples 0 tailExpRate 0.6667 | gradShare 0.090495 | Retention proj 0.161360 -> 1.104830 (gain 0.943470) | cos 0.618527 -> 0.999705
2026-08-30 20:45:11,092 - ear_direct_cifar10_a_IF100_alpha0p5_h2_m4_seed42_eps0p75_ca0p7_w30_taw1p5.log - INFO - Round 37 selected clients: [7, 11, 15, 17]
2026-08-30 20:45:23,986 - ear_direct_cifar10_a_IF100_alpha0p5_h2_m4_seed42_eps0p75_ca0p7_w30_taw1p5.log - INFO - Round 37 | Global 0.5635 | Head 0.6493 | Middle 0.5643 | Tail 0.4767 | Hmean 0.5498 | ExpEvent 0 | ExpMass 0.020623 | best_tail 0.7040@30
2026-08-30 20:45:23,986 - ear_direct_cifar10_a_IF100_alpha0p5_h2_m4_seed42_eps0p75_ca0p7_w30_taw1p5.log - INFO - EAR Round 37 | targetExp 0 targetSamples 0 tailExpRate 0.6667 | gradShare 0.122284 | Retention proj 0.485332 -> 1.064334 (gain 0.579002) | cos 0.945970 -> 0.999855
2026-08-30 20:45:23,989 - ear_direct_cifar10_a_IF100_alpha0p5_h2_m4_seed42_eps0p75_ca0p7_w30_taw1p5.log - INFO - Round 38 selected clients: [1, 2, 9, 12]
2026-08-30 20:45:37,538 - ear_direct_cifar10_a_IF100_alpha0p5_h2_m4_seed42_eps0p75_ca0p7_w30_taw1p5.log - INFO - Round 38 | Global 0.5243 | Head 0.5407 | Middle 0.5477 | Tail 0.4767 | Hmean 0.5067 | ExpEvent 0 | ExpMass 0.012924 | best_tail 0.7040@30
2026-08-30 20:45:37,539 - ear_direct_cifar10_a_IF100_alpha0p5_h2_m4_seed42_eps0p75_ca0p7_w30_taw1p5.log - INFO - EAR Round 38 | targetExp 0 targetSamples 0 tailExpRate 0.6667 | gradShare 0.056224 | Retention proj 0.915503 -> 1.010562 (gain 0.095059) | cos 0.964393 -> 0.999173
2026-08-30 20:45:37,542 - ear_direct_cifar10_a_IF100_alpha0p5_h2_m4_seed42_eps0p75_ca0p7_w30_taw1p5.log - INFO - Round 39 selected clients: [2, 3, 11, 13]
2026-08-30 20:45:51,293 - ear_direct_cifar10_a_IF100_alpha0p5_h2_m4_seed42_eps0p75_ca0p7_w30_taw1p5.log - INFO - Round 39 | Global 0.5472 | Head 0.5857 | Middle 0.5743 | Tail 0.4727 | Hmean 0.5232 | ExpEvent 0 | ExpMass 0.016626 | best_tail 0.7040@30
2026-08-30 20:45:51,294 - ear_direct_cifar10_a_IF100_alpha0p5_h2_m4_seed42_eps0p75_ca0p7_w30_taw1p5.log - INFO - EAR Round 39 | targetExp 0 targetSamples 0 tailExpRate 0.6667 | gradShare 0.101954 | Retention proj 0.429907 -> 1.071262 (gain 0.641355) | cos 0.974711 -> 0.999929
2026-08-30 20:45:51,296 - ear_direct_cifar10_a_IF100_alpha0p5_h2_m4_seed42_eps0p75_ca0p7_w30_taw1p5.log - INFO - Round 40 selected clients: [3, 9, 14, 15]
2026-08-30 20:46:04,222 - ear_direct_cifar10_a_IF100_alpha0p5_h2_m4_seed42_eps0p75_ca0p7_w30_taw1p5.log - INFO - Round 40 | Global 0.5031 | Head 0.5127 | Middle 0.5667 | Tail 0.4087 | Hmean 0.4548 | ExpEvent 0 | ExpMass 0.008972 | best_tail 0.7040@30
2026-08-30 20:46:04,222 - ear_direct_cifar10_a_IF100_alpha0p5_h2_m4_seed42_eps0p75_ca0p7_w30_taw1p5.log - INFO - EAR Round 40 | targetExp 0 targetSamples 0 tailExpRate 0.6667 | gradShare 0.081448 | Retention proj 0.972900 -> 1.003388 (gain 0.030488) | cos 0.887211 -> 0.996743
2026-08-30 20:46:04,245 - ear_direct_cifar10_a_IF100_alpha0p5_h2_m4_seed42_eps0p75_ca0p7_w30_taw1p5.log - INFO - Checkpoint @40 | Global 0.5031 | Head 0.5127 | Middle 0.5667 | Tail 0.4087 | Hmean 0.4548
2026-08-30 20:46:04,245 - ear_direct_cifar10_a_IF100_alpha0p5_h2_m4_seed42_eps0p75_ca0p7_w30_taw1p5.log - INFO - Round 41 selected clients: [5, 11, 14, 15]
2026-08-30 20:46:17,733 - ear_direct_cifar10_a_IF100_alpha0p5_h2_m4_seed42_eps0p75_ca0p7_w30_taw1p5.log - INFO - Round 41 | Global 0.4981 | Head 0.5170 | Middle 0.6120 | Tail 0.3273 | Hmean 0.4008 | ExpEvent 0 | ExpMass 0.012535 | best_tail 0.7040@30
2026-08-30 20:46:17,733 - ear_direct_cifar10_a_IF100_alpha0p5_h2_m4_seed42_eps0p75_ca0p7_w30_taw1p5.log - INFO - EAR Round 41 | targetExp 0 targetSamples 0 tailExpRate 0.6667 | gradShare 0.088501 | Retention proj 0.566389 -> 1.054201 (gain 0.487813) | cos 0.965433 -> 0.999855
2026-08-30 20:46:17,736 - ear_direct_cifar10_a_IF100_alpha0p5_h2_m4_seed42_eps0p75_ca0p7_w30_taw1p5.log - INFO - Round 42 selected clients: [3, 7, 9, 12]
2026-08-30 20:46:30,446 - ear_direct_cifar10_a_IF100_alpha0p5_h2_m4_seed42_eps0p75_ca0p7_w30_taw1p5.log - INFO - Round 42 | Global 0.5486 | Head 0.6143 | Middle 0.6042 | Tail 0.4087 | Hmean 0.4908 | ExpEvent 0 | ExpMass 0.008540 | best_tail 0.7040@30
2026-08-30 20:46:30,446 - ear_direct_cifar10_a_IF100_alpha0p5_h2_m4_seed42_eps0p75_ca0p7_w30_taw1p5.log - INFO - EAR Round 42 | targetExp 0 targetSamples 0 tailExpRate 0.6667 | gradShare 0.069721 | Retention proj 0.784539 -> 1.026933 (gain 0.242394) | cos 0.922167 -> 0.998924
2026-08-30 20:46:30,448 - ear_direct_cifar10_a_IF100_alpha0p5_h2_m4_seed42_eps0p75_ca0p7_w30_taw1p5.log - INFO - Round 43 selected clients: [4, 7, 9, 12]
2026-08-30 20:46:44,305 - ear_direct_cifar10_a_IF100_alpha0p5_h2_m4_seed42_eps0p75_ca0p7_w30_taw1p5.log - INFO - Round 43 | Global 0.5571 | Head 0.5793 | Middle 0.5413 | Tail 0.5560 | Hmean 0.5674 | ExpEvent 1 | ExpMass 0.012400 | best_tail 0.7040@30
2026-08-30 20:46:44,305 - ear_direct_cifar10_a_IF100_alpha0p5_h2_m4_seed42_eps0p75_ca0p7_w30_taw1p5.log - INFO - EAR Round 43 | targetExp 1 targetSamples 25 tailExpRate 1.0000 | gradShare 0.120888 | Retention proj 0.758222 -> 1.030222 (gain 0.272001) | cos 0.810729 -> 0.995434
2026-08-30 20:46:44,307 - ear_direct_cifar10_a_IF100_alpha0p5_h2_m4_seed42_eps0p75_ca0p7_w30_taw1p5.log - INFO - Round 44 selected clients: [6, 12, 13, 15]
2026-08-30 20:46:57,509 - ear_direct_cifar10_a_IF100_alpha0p5_h2_m4_seed42_eps0p75_ca0p7_w30_taw1p5.log - INFO - Round 44 | Global 0.5858 | Head 0.5147 | Middle 0.5785 | Tail 0.6667 | Hmean 0.5809 | ExpEvent 1 | ExpMass 0.026042 | best_tail 0.7040@30
2026-08-30 20:46:57,509 - ear_direct_cifar10_a_IF100_alpha0p5_h2_m4_seed42_eps0p75_ca0p7_w30_taw1p5.log - INFO - EAR Round 44 | targetExp 1 targetSamples 25 tailExpRate 1.0000 | gradShare 0.132110 | Retention proj 0.460496 -> 1.067438 (gain 0.606941) | cos 0.978107 -> 0.999913
2026-08-30 20:46:57,511 - ear_direct_cifar10_a_IF100_alpha0p5_h2_m4_seed42_eps0p75_ca0p7_w30_taw1p5.log - INFO - Round 45 selected clients: [0, 5, 11, 12]
2026-08-30 20:47:10,338 - ear_direct_cifar10_a_IF100_alpha0p5_h2_m4_seed42_eps0p75_ca0p7_w30_taw1p5.log - INFO - Round 45 | Global 0.5137 | Head 0.4170 | Middle 0.6088 | Tail 0.4837 | Hmean 0.4479 | ExpEvent 0 | ExpMass 0.012092 | best_tail 0.7040@30
2026-08-30 20:47:10,338 - ear_direct_cifar10_a_IF100_alpha0p5_h2_m4_seed42_eps0p75_ca0p7_w30_taw1p5.log - INFO - EAR Round 45 | targetExp 0 targetSamples 0 tailExpRate 0.6667 | gradShare 0.071617 | Retention proj 0.468369 -> 1.066454 (gain 0.598085) | cos 0.703335 -> 0.998871
2026-08-30 20:47:10,341 - ear_direct_cifar10_a_IF100_alpha0p5_h2_m4_seed42_eps0p75_ca0p7_w30_taw1p5.log - INFO - Round 46 selected clients: [3, 7, 14, 16]
2026-08-30 20:47:22,787 - ear_direct_cifar10_a_IF100_alpha0p5_h2_m4_seed42_eps0p75_ca0p7_w30_taw1p5.log - INFO - Round 46 | Global 0.5950 | Head 0.6733 | Middle 0.6015 | Tail 0.5080 | Hmean 0.5791 | ExpEvent 0 | ExpMass 0.006085 | best_tail 0.7040@30
2026-08-30 20:47:22,787 - ear_direct_cifar10_a_IF100_alpha0p5_h2_m4_seed42_eps0p75_ca0p7_w30_taw1p5.log - INFO - EAR Round 46 | targetExp 0 targetSamples 0 tailExpRate 0.6667 | gradShare 0.098829 | Retention proj 0.178001 -> 1.102750 (gain 0.924749) | cos 0.808207 -> 0.999829
2026-08-30 20:47:22,789 - ear_direct_cifar10_a_IF100_alpha0p5_h2_m4_seed42_eps0p75_ca0p7_w30_taw1p5.log - INFO - Round 47 selected clients: [10, 11, 13, 18]
2026-08-30 20:47:35,794 - ear_direct_cifar10_a_IF100_alpha0p5_h2_m4_seed42_eps0p75_ca0p7_w30_taw1p5.log - INFO - Round 47 | Global 0.5828 | Head 0.6203 | Middle 0.5625 | Tail 0.5723 | Hmean 0.5953 | ExpEvent 0 | ExpMass 0.011731 | best_tail 0.7040@30
2026-08-30 20:47:35,794 - ear_direct_cifar10_a_IF100_alpha0p5_h2_m4_seed42_eps0p75_ca0p7_w30_taw1p5.log - INFO - EAR Round 47 | targetExp 0 targetSamples 0 tailExpRate 0.6667 | gradShare 0.104503 | Retention proj 0.202068 -> 1.099742 (gain 0.897674) | cos 0.986570 -> 0.999993
2026-08-30 20:47:35,797 - ear_direct_cifar10_a_IF100_alpha0p5_h2_m4_seed42_eps0p75_ca0p7_w30_taw1p5.log - INFO - Round 48 selected clients: [7, 8, 16, 17]
2026-08-30 20:47:49,235 - ear_direct_cifar10_a_IF100_alpha0p5_h2_m4_seed42_eps0p75_ca0p7_w30_taw1p5.log - INFO - Round 48 | Global 0.5702 | Head 0.6867 | Middle 0.5583 | Tail 0.4697 | Hmean 0.5578 | ExpEvent 0 | ExpMass 0.019758 | best_tail 0.7040@30
2026-08-30 20:47:49,235 - ear_direct_cifar10_a_IF100_alpha0p5_h2_m4_seed42_eps0p75_ca0p7_w30_taw1p5.log - INFO - EAR Round 48 | targetExp 0 targetSamples 0 tailExpRate 0.6667 | gradShare 0.149421 | Retention proj 0.284659 -> 1.089418 (gain 0.804759) | cos 0.912767 -> 0.999951
2026-08-30 20:47:49,238 - ear_direct_cifar10_a_IF100_alpha0p5_h2_m4_seed42_eps0p75_ca0p7_w30_taw1p5.log - INFO - Round 49 selected clients: [0, 4, 7, 10]
2026-08-30 20:48:02,156 - ear_direct_cifar10_a_IF100_alpha0p5_h2_m4_seed42_eps0p75_ca0p7_w30_taw1p5.log - INFO - Round 49 | Global 0.6011 | Head 0.6410 | Middle 0.5535 | Tail 0.6247 | Hmean 0.6327 | ExpEvent 1 | ExpMass 0.009972 | best_tail 0.7040@30
2026-08-30 20:48:02,156 - ear_direct_cifar10_a_IF100_alpha0p5_h2_m4_seed42_eps0p75_ca0p7_w30_taw1p5.log - INFO - EAR Round 49 | targetExp 1 targetSamples 25 tailExpRate 0.3333 | gradShare 0.134520 | Retention proj 0.244609 -> 1.094424 (gain 0.849814) | cos 0.999749 -> 1.000000
2026-08-30 20:48:02,158 - ear_direct_cifar10_a_IF100_alpha0p5_h2_m4_seed42_eps0p75_ca0p7_w30_taw1p5.log - INFO - Round 50 selected clients: [2, 6, 12, 14]
2026-08-30 20:48:14,999 - ear_direct_cifar10_a_IF100_alpha0p5_h2_m4_seed42_eps0p75_ca0p7_w30_taw1p5.log - INFO - Round 50 | Global 0.5094 | Head 0.4180 | Middle 0.5420 | Tail 0.5573 | Hmean 0.4777 | ExpEvent 1 | ExpMass 0.035543 | best_tail 0.7040@30
2026-08-30 20:48:14,999 - ear_direct_cifar10_a_IF100_alpha0p5_h2_m4_seed42_eps0p75_ca0p7_w30_taw1p5.log - INFO - EAR Round 50 | targetExp 1 targetSamples 25 tailExpRate 1.0000 | gradShare 0.146523 | Retention proj 0.476192 -> 1.065476 (gain 0.589284) | cos 0.894457 -> 0.999862
2026-08-30 20:48:15,028 - ear_direct_cifar10_a_IF100_alpha0p5_h2_m4_seed42_eps0p75_ca0p7_w30_taw1p5.log - INFO - Checkpoint @50 | Global 0.5094 | Head 0.4180 | Middle 0.5420 | Tail 0.5573 | Hmean 0.4777
2026-08-30 20:48:15,029 - ear_direct_cifar10_a_IF100_alpha0p5_h2_m4_seed42_eps0p75_ca0p7_w30_taw1p5.log - INFO - Round 51 selected clients: [0, 9, 11, 16]
2026-08-30 20:48:27,670 - ear_direct_cifar10_a_IF100_alpha0p5_h2_m4_seed42_eps0p75_ca0p7_w30_taw1p5.log - INFO - Round 51 | Global 0.5868 | Head 0.6420 | Middle 0.6090 | Tail 0.5020 | Hmean 0.5634 | ExpEvent 0 | ExpMass 0.002020 | best_tail 0.7040@30
2026-08-30 20:48:27,670 - ear_direct_cifar10_a_IF100_alpha0p5_h2_m4_seed42_eps0p75_ca0p7_w30_taw1p5.log - INFO - EAR Round 51 | targetExp 0 targetSamples 0 tailExpRate 0.6667 | gradShare 0.060101 | Retention proj 0.453912 -> 1.068261 (gain 0.614350) | cos 0.756021 -> 0.998627
2026-08-30 20:48:27,671 - ear_direct_cifar10_a_IF100_alpha0p5_h2_m4_seed42_eps0p75_ca0p7_w30_taw1p5.log - INFO - Round 52 selected clients: [6, 8, 15, 17]
2026-08-30 20:48:40,878 - ear_direct_cifar10_a_IF100_alpha0p5_h2_m4_seed42_eps0p75_ca0p7_w30_taw1p5.log - INFO - Round 52 | Global 0.5591 | Head 0.4833 | Middle 0.6078 | Tail 0.5700 | Hmean 0.5231 | ExpEvent 1 | ExpMass 0.045272 | best_tail 0.7040@30
2026-08-30 20:48:40,878 - ear_direct_cifar10_a_IF100_alpha0p5_h2_m4_seed42_eps0p75_ca0p7_w30_taw1p5.log - INFO - EAR Round 52 | targetExp 1 targetSamples 25 tailExpRate 1.0000 | gradShare 0.151467 | Retention proj 0.641040 -> 1.044870 (gain 0.403830) | cos 0.878490 -> 0.999488
2026-08-30 20:48:40,880 - ear_direct_cifar10_a_IF100_alpha0p5_h2_m4_seed42_eps0p75_ca0p7_w30_taw1p5.log - INFO - Round 53 selected clients: [8, 9, 11, 12]
2026-08-30 20:48:53,405 - ear_direct_cifar10_a_IF100_alpha0p5_h2_m4_seed42_eps0p75_ca0p7_w30_taw1p5.log - INFO - Round 53 | Global 0.5655 | Head 0.5817 | Middle 0.6158 | Tail 0.4823 | Hmean 0.5274 | ExpEvent 0 | ExpMass 0.002425 | best_tail 0.7040@30
2026-08-30 20:48:53,406 - ear_direct_cifar10_a_IF100_alpha0p5_h2_m4_seed42_eps0p75_ca0p7_w30_taw1p5.log - INFO - EAR Round 53 | targetExp 0 targetSamples 0 tailExpRate 0.6667 | gradShare 0.071056 | Retention proj 0.532587 -> 1.058427 (gain 0.525840) | cos 0.938923 -> 0.999768
2026-08-30 20:48:53,409 - ear_direct_cifar10_a_IF100_alpha0p5_h2_m4_seed42_eps0p75_ca0p7_w30_taw1p5.log - INFO - Round 54 selected clients: [3, 11, 13, 18]
2026-08-30 20:49:06,130 - ear_direct_cifar10_a_IF100_alpha0p5_h2_m4_seed42_eps0p75_ca0p7_w30_taw1p5.log - INFO - Round 54 | Global 0.5913 | Head 0.6293 | Middle 0.5830 | Tail 0.5643 | Hmean 0.5950 | ExpEvent 0 | ExpMass 0.017908 | best_tail 0.7040@30
2026-08-30 20:49:06,130 - ear_direct_cifar10_a_IF100_alpha0p5_h2_m4_seed42_eps0p75_ca0p7_w30_taw1p5.log - INFO - EAR Round 54 | targetExp 0 targetSamples 0 tailExpRate 0.6667 | gradShare 0.119717 | Retention proj 0.432534 -> 1.070933 (gain 0.638400) | cos 0.995603 -> 0.999989
2026-08-30 20:49:06,133 - ear_direct_cifar10_a_IF100_alpha0p5_h2_m4_seed42_eps0p75_ca0p7_w30_taw1p5.log - INFO - Round 55 selected clients: [6, 9, 13, 17]
2026-08-30 20:49:18,928 - ear_direct_cifar10_a_IF100_alpha0p5_h2_m4_seed42_eps0p75_ca0p7_w30_taw1p5.log - INFO - Round 55 | Global 0.5279 | Head 0.2903 | Middle 0.5875 | Tail 0.6860 | Hmean 0.4080 | ExpEvent 1 | ExpMass 0.046456 | best_tail 0.7040@30
2026-08-30 20:49:18,928 - ear_direct_cifar10_a_IF100_alpha0p5_h2_m4_seed42_eps0p75_ca0p7_w30_taw1p5.log - INFO - EAR Round 55 | targetExp 1 targetSamples 25 tailExpRate 1.0000 | gradShare 0.157431 | Retention proj 0.558582 -> 1.055177 (gain 0.496596) | cos 0.968659 -> 0.999970
2026-08-30 20:49:18,930 - ear_direct_cifar10_a_IF100_alpha0p5_h2_m4_seed42_eps0p75_ca0p7_w30_taw1p5.log - INFO - Round 56 selected clients: [14, 15, 17, 19]
2026-08-30 20:49:31,697 - ear_direct_cifar10_a_IF100_alpha0p5_h2_m4_seed42_eps0p75_ca0p7_w30_taw1p5.log - INFO - Round 56 | Global 0.5933 | Head 0.5547 | Middle 0.5380 | Tail 0.7057 | Hmean 0.6212 | ExpEvent 0 | ExpMass 0.032481 | best_tail 0.7057@56
2026-08-30 20:49:31,697 - ear_direct_cifar10_a_IF100_alpha0p5_h2_m4_seed42_eps0p75_ca0p7_w30_taw1p5.log - INFO - EAR Round 56 | targetExp 0 targetSamples 0 tailExpRate 0.6667 | gradShare 0.152930 | Retention proj 0.460630 -> 1.067422 (gain 0.606792) | cos 0.682656 -> 0.998902
2026-08-30 20:49:31,699 - ear_direct_cifar10_a_IF100_alpha0p5_h2_m4_seed42_eps0p75_ca0p7_w30_taw1p5.log - INFO - Round 57 selected clients: [0, 8, 10, 15]
2026-08-30 20:49:44,567 - ear_direct_cifar10_a_IF100_alpha0p5_h2_m4_seed42_eps0p75_ca0p7_w30_taw1p5.log - INFO - Round 57 | Global 0.5843 | Head 0.5867 | Middle 0.5665 | Tail 0.6057 | Hmean 0.5960 | ExpEvent 0 | ExpMass 0.000808 | best_tail 0.7057@56
2026-08-30 20:49:44,568 - ear_direct_cifar10_a_IF100_alpha0p5_h2_m4_seed42_eps0p75_ca0p7_w30_taw1p5.log - INFO - EAR Round 57 | targetExp 0 targetSamples 0 tailExpRate 0.3333 | gradShare 0.071291 | Retention proj 0.536450 -> 1.057944 (gain 0.521494) | cos 0.976172 -> 0.999901
2026-08-30 20:49:44,570 - ear_direct_cifar10_a_IF100_alpha0p5_h2_m4_seed42_eps0p75_ca0p7_w30_taw1p5.log - INFO - Round 58 selected clients: [7, 11, 12, 14]
2026-08-30 20:49:57,322 - ear_direct_cifar10_a_IF100_alpha0p5_h2_m4_seed42_eps0p75_ca0p7_w30_taw1p5.log - INFO - Round 58 | Global 0.6002 | Head 0.7153 | Middle 0.5960 | Tail 0.4907 | Hmean 0.5821 | ExpEvent 0 | ExpMass 0.000403 | best_tail 0.7057@56
2026-08-30 20:49:57,323 - ear_direct_cifar10_a_IF100_alpha0p5_h2_m4_seed42_eps0p75_ca0p7_w30_taw1p5.log - INFO - EAR Round 58 | targetExp 0 targetSamples 0 tailExpRate 0.3333 | gradShare 0.092694 | Retention proj 0.400484 -> 1.074939 (gain 0.674455) | cos 0.990659 -> 0.999979
2026-08-30 20:49:57,324 - ear_direct_cifar10_a_IF100_alpha0p5_h2_m4_seed42_eps0p75_ca0p7_w30_taw1p5.log - INFO - Round 59 selected clients: [0, 5, 6, 16]
2026-08-30 20:50:09,745 - ear_direct_cifar10_a_IF100_alpha0p5_h2_m4_seed42_eps0p75_ca0p7_w30_taw1p5.log - INFO - Round 59 | Global 0.6223 | Head 0.6417 | Middle 0.5817 | Tail 0.6570 | Hmean 0.6493 | ExpEvent 1 | ExpMass 0.036342 | best_tail 0.7057@56
2026-08-30 20:50:09,745 - ear_direct_cifar10_a_IF100_alpha0p5_h2_m4_seed42_eps0p75_ca0p7_w30_taw1p5.log - INFO - EAR Round 59 | targetExp 1 targetSamples 25 tailExpRate 1.0000 | gradShare 0.115497 | Retention proj 0.408231 -> 1.073971 (gain 0.665740) | cos 0.936169 -> 0.999843
2026-08-30 20:50:09,748 - ear_direct_cifar10_a_IF100_alpha0p5_h2_m4_seed42_eps0p75_ca0p7_w30_taw1p5.log - INFO - Round 60 selected clients: [4, 8, 13, 15]
2026-08-30 20:50:23,528 - ear_direct_cifar10_a_IF100_alpha0p5_h2_m4_seed42_eps0p75_ca0p7_w30_taw1p5.log - INFO - Round 60 | Global 0.5904 | Head 0.5550 | Middle 0.5907 | Tail 0.6253 | Hmean 0.5881 | ExpEvent 1 | ExpMass 0.010804 | best_tail 0.7057@56
2026-08-30 20:50:23,529 - ear_direct_cifar10_a_IF100_alpha0p5_h2_m4_seed42_eps0p75_ca0p7_w30_taw1p5.log - INFO - EAR Round 60 | targetExp 1 targetSamples 25 tailExpRate 0.6667 | gradShare 0.146259 | Retention proj 0.430133 -> 1.071233 (gain 0.641101) | cos 0.851688 -> 0.998472
2026-08-30 20:50:23,554 - ear_direct_cifar10_a_IF100_alpha0p5_h2_m4_seed42_eps0p75_ca0p7_w30_taw1p5.log - INFO - Checkpoint @60 | Global 0.5904 | Head 0.5550 | Middle 0.5907 | Tail 0.6253 | Hmean 0.5881
2026-08-30 20:50:23,554 - ear_direct_cifar10_a_IF100_alpha0p5_h2_m4_seed42_eps0p75_ca0p7_w30_taw1p5.log - INFO - Round 61 selected clients: [1, 3, 6, 13]
2026-08-30 20:50:36,256 - ear_direct_cifar10_a_IF100_alpha0p5_h2_m4_seed42_eps0p75_ca0p7_w30_taw1p5.log - INFO - Round 61 | Global 0.6021 | Head 0.5293 | Middle 0.6132 | Tail 0.6600 | Hmean 0.5875 | ExpEvent 1 | ExpMass 0.030936 | best_tail 0.7057@56
2026-08-30 20:50:36,256 - ear_direct_cifar10_a_IF100_alpha0p5_h2_m4_seed42_eps0p75_ca0p7_w30_taw1p5.log - INFO - EAR Round 61 | targetExp 1 targetSamples 25 tailExpRate 1.0000 | gradShare 0.142429 | Retention proj 0.460158 -> 1.067480 (gain 0.607322) | cos 0.982767 -> 0.999955
2026-08-30 20:50:36,258 - ear_direct_cifar10_a_IF100_alpha0p5_h2_m4_seed42_eps0p75_ca0p7_w30_taw1p5.log - INFO - Round 62 selected clients: [5, 6, 10, 17]
2026-08-30 20:50:49,053 - ear_direct_cifar10_a_IF100_alpha0p5_h2_m4_seed42_eps0p75_ca0p7_w30_taw1p5.log - INFO - Round 62 | Global 0.6044 | Head 0.4697 | Middle 0.6180 | Tail 0.7210 | Hmean 0.5688 | ExpEvent 1 | ExpMass 0.055933 | best_tail 0.7210@62
2026-08-30 20:50:49,053 - ear_direct_cifar10_a_IF100_alpha0p5_h2_m4_seed42_eps0p75_ca0p7_w30_taw1p5.log - INFO - EAR Round 62 | targetExp 1 targetSamples 25 tailExpRate 1.0000 | gradShare 0.190903 | Retention proj 0.634936 -> 1.045633 (gain 0.410697) | cos 0.948204 -> 0.999860
2026-08-30 20:50:49,056 - ear_direct_cifar10_a_IF100_alpha0p5_h2_m4_seed42_eps0p75_ca0p7_w30_taw1p5.log - INFO - Round 63 selected clients: [8, 9, 13, 16]
2026-08-30 20:51:01,884 - ear_direct_cifar10_a_IF100_alpha0p5_h2_m4_seed42_eps0p75_ca0p7_w30_taw1p5.log - INFO - Round 63 | Global 0.6165 | Head 0.6003 | Middle 0.6360 | Tail 0.6067 | Hmean 0.6035 | ExpEvent 0 | ExpMass 0.002021 | best_tail 0.7210@62
2026-08-30 20:51:01,884 - ear_direct_cifar10_a_IF100_alpha0p5_h2_m4_seed42_eps0p75_ca0p7_w30_taw1p5.log - INFO - EAR Round 63 | targetExp 0 targetSamples 0 tailExpRate 0.6667 | gradShare 0.088225 | Retention proj 0.228385 -> 1.096452 (gain 0.868067) | cos 0.545296 -> 0.999826
2026-08-30 20:51:01,888 - ear_direct_cifar10_a_IF100_alpha0p5_h2_m4_seed42_eps0p75_ca0p7_w30_taw1p5.log - INFO - Round 64 selected clients: [1, 2, 9, 11]
2026-08-30 20:51:14,891 - ear_direct_cifar10_a_IF100_alpha0p5_h2_m4_seed42_eps0p75_ca0p7_w30_taw1p5.log - INFO - Round 64 | Global 0.5973 | Head 0.5420 | Middle 0.6488 | Tail 0.5840 | Hmean 0.5622 | ExpEvent 0 | ExpMass 0.012520 | best_tail 0.7210@62
2026-08-30 20:51:14,892 - ear_direct_cifar10_a_IF100_alpha0p5_h2_m4_seed42_eps0p75_ca0p7_w30_taw1p5.log - INFO - EAR Round 64 | targetExp 0 targetSamples 0 tailExpRate 0.6667 | gradShare 0.070986 | Retention proj 0.390652 -> 1.076169 (gain 0.685517) | cos 0.969307 -> 0.999935
2026-08-30 20:51:14,894 - ear_direct_cifar10_a_IF100_alpha0p5_h2_m4_seed42_eps0p75_ca0p7_w30_taw1p5.log - INFO - Round 65 selected clients: [4, 6, 8, 19]
2026-08-30 20:51:27,877 - ear_direct_cifar10_a_IF100_alpha0p5_h2_m4_seed42_eps0p75_ca0p7_w30_taw1p5.log - INFO - Round 65 | Global 0.5150 | Head 0.4177 | Middle 0.4060 | Tail 0.7577 | Hmean 0.5385 | ExpEvent 1 | ExpMass 0.046050 | best_tail 0.7577@65
2026-08-30 20:51:27,877 - ear_direct_cifar10_a_IF100_alpha0p5_h2_m4_seed42_eps0p75_ca0p7_w30_taw1p5.log - INFO - EAR Round 65 | targetExp 1 targetSamples 50 tailExpRate 1.0000 | gradShare 0.211800 | Retention proj 0.250295 -> 1.093713 (gain 0.843418) | cos 0.575902 -> 0.999466
2026-08-30 20:51:27,880 - ear_direct_cifar10_a_IF100_alpha0p5_h2_m4_seed42_eps0p75_ca0p7_w30_taw1p5.log - INFO - Round 66 selected clients: [3, 7, 8, 15]
2026-08-30 20:51:40,777 - ear_direct_cifar10_a_IF100_alpha0p5_h2_m4_seed42_eps0p75_ca0p7_w30_taw1p5.log - INFO - Round 66 | Global 0.6303 | Head 0.5677 | Middle 0.6042 | Tail 0.7277 | Hmean 0.6378 | ExpEvent 0 | ExpMass 0.006916 | best_tail 0.7577@65
2026-08-30 20:51:40,777 - ear_direct_cifar10_a_IF100_alpha0p5_h2_m4_seed42_eps0p75_ca0p7_w30_taw1p5.log - INFO - EAR Round 66 | targetExp 0 targetSamples 0 tailExpRate 0.6667 | gradShare 0.135060 | Retention proj 0.588665 -> 1.051417 (gain 0.462752) | cos 0.836806 -> 0.998212
2026-08-30 20:51:40,780 - ear_direct_cifar10_a_IF100_alpha0p5_h2_m4_seed42_eps0p75_ca0p7_w30_taw1p5.log - INFO - Round 67 selected clients: [6, 13, 17, 18]
2026-08-30 20:51:53,421 - ear_direct_cifar10_a_IF100_alpha0p5_h2_m4_seed42_eps0p75_ca0p7_w30_taw1p5.log - INFO - Round 67 | Global 0.5958 | Head 0.4527 | Middle 0.5747 | Tail 0.7670 | Hmean 0.5694 | ExpEvent 1 | ExpMass 0.056112 | best_tail 0.7670@67
2026-08-30 20:51:53,422 - ear_direct_cifar10_a_IF100_alpha0p5_h2_m4_seed42_eps0p75_ca0p7_w30_taw1p5.log - INFO - EAR Round 67 | targetExp 1 targetSamples 25 tailExpRate 1.0000 | gradShare 0.180081 | Retention proj 0.698043 -> 1.037745 (gain 0.339702) | cos 0.964936 -> 0.999810
2026-08-30 20:51:53,424 - ear_direct_cifar10_a_IF100_alpha0p5_h2_m4_seed42_eps0p75_ca0p7_w30_taw1p5.log - INFO - Round 68 selected clients: [7, 12, 18, 19]
2026-08-30 20:52:06,055 - ear_direct_cifar10_a_IF100_alpha0p5_h2_m4_seed42_eps0p75_ca0p7_w30_taw1p5.log - INFO - Round 68 | Global 0.5495 | Head 0.5203 | Middle 0.5112 | Tail 0.6297 | Hmean 0.5698 | ExpEvent 0 | ExpMass 0.023964 | best_tail 0.7670@67
2026-08-30 20:52:06,055 - ear_direct_cifar10_a_IF100_alpha0p5_h2_m4_seed42_eps0p75_ca0p7_w30_taw1p5.log - INFO - EAR Round 68 | targetExp 0 targetSamples 0 tailExpRate 0.6667 | gradShare 0.129363 | Retention proj 0.442202 -> 1.069725 (gain 0.627522) | cos 0.660114 -> 0.998871
2026-08-30 20:52:06,057 - ear_direct_cifar10_a_IF100_alpha0p5_h2_m4_seed42_eps0p75_ca0p7_w30_taw1p5.log - INFO - Round 69 selected clients: [12, 13, 15, 17]
2026-08-30 20:52:18,753 - ear_direct_cifar10_a_IF100_alpha0p5_h2_m4_seed42_eps0p75_ca0p7_w30_taw1p5.log - INFO - Round 69 | Global 0.6163 | Head 0.6497 | Middle 0.5917 | Tail 0.6157 | Hmean 0.6322 | ExpEvent 0 | ExpMass 0.021027 | best_tail 0.7670@67
2026-08-30 20:52:18,754 - ear_direct_cifar10_a_IF100_alpha0p5_h2_m4_seed42_eps0p75_ca0p7_w30_taw1p5.log - INFO - EAR Round 69 | targetExp 0 targetSamples 0 tailExpRate 0.6667 | gradShare 0.115503 | Retention proj 0.916607 -> 1.010424 (gain 0.093817) | cos 0.977202 -> 0.999615
2026-08-30 20:52:18,756 - ear_direct_cifar10_a_IF100_alpha0p5_h2_m4_seed42_eps0p75_ca0p7_w30_taw1p5.log - INFO - Round 70 selected clients: [3, 5, 10, 17]
2026-08-30 20:52:31,438 - ear_direct_cifar10_a_IF100_alpha0p5_h2_m4_seed42_eps0p75_ca0p7_w30_taw1p5.log - INFO - Round 70 | Global 0.6047 | Head 0.5390 | Middle 0.6275 | Tail 0.6400 | Hmean 0.5852 | ExpEvent 0 | ExpMass 0.037728 | best_tail 0.7670@67
2026-08-30 20:52:31,438 - ear_direct_cifar10_a_IF100_alpha0p5_h2_m4_seed42_eps0p75_ca0p7_w30_taw1p5.log - INFO - EAR Round 70 | targetExp 0 targetSamples 0 tailExpRate 0.6667 | gradShare 0.164343 | Retention proj 0.755763 -> 1.030530 (gain 0.274767) | cos 0.998180 -> 0.999985
2026-08-30 20:52:31,465 - ear_direct_cifar10_a_IF100_alpha0p5_h2_m4_seed42_eps0p75_ca0p7_w30_taw1p5.log - INFO - Checkpoint @70 | Global 0.6047 | Head 0.5390 | Middle 0.6275 | Tail 0.6400 | Hmean 0.5852
2026-08-30 20:52:31,466 - ear_direct_cifar10_a_IF100_alpha0p5_h2_m4_seed42_eps0p75_ca0p7_w30_taw1p5.log - INFO - Round 71 selected clients: [2, 6, 11, 19]
2026-08-30 20:52:44,445 - ear_direct_cifar10_a_IF100_alpha0p5_h2_m4_seed42_eps0p75_ca0p7_w30_taw1p5.log - INFO - Round 71 | Global 0.5764 | Head 0.3953 | Middle 0.6000 | Tail 0.7260 | Hmean 0.5119 | ExpEvent 1 | ExpMass 0.046913 | best_tail 0.7670@67
2026-08-30 20:52:44,446 - ear_direct_cifar10_a_IF100_alpha0p5_h2_m4_seed42_eps0p75_ca0p7_w30_taw1p5.log - INFO - EAR Round 71 | targetExp 1 targetSamples 25 tailExpRate 1.0000 | gradShare 0.153325 | Retention proj 0.515032 -> 1.060621 (gain 0.545588) | cos 0.850529 -> 0.999941
2026-08-30 20:52:44,447 - ear_direct_cifar10_a_IF100_alpha0p5_h2_m4_seed42_eps0p75_ca0p7_w30_taw1p5.log - INFO - Round 72 selected clients: [2, 10, 13, 17]
2026-08-30 20:52:56,840 - ear_direct_cifar10_a_IF100_alpha0p5_h2_m4_seed42_eps0p75_ca0p7_w30_taw1p5.log - INFO - Round 72 | Global 0.5861 | Head 0.4307 | Middle 0.6175 | Tail 0.6997 | Hmean 0.5332 | ExpEvent 0 | ExpMass 0.030230 | best_tail 0.7670@67
2026-08-30 20:52:56,841 - ear_direct_cifar10_a_IF100_alpha0p5_h2_m4_seed42_eps0p75_ca0p7_w30_taw1p5.log - INFO - EAR Round 72 | targetExp 0 targetSamples 0 tailExpRate 0.6667 | gradShare 0.158914 | Retention proj 0.562303 -> 1.054712 (gain 0.492409) | cos 0.856272 -> 0.999345
2026-08-30 20:52:56,843 - ear_direct_cifar10_a_IF100_alpha0p5_h2_m4_seed42_eps0p75_ca0p7_w30_taw1p5.log - INFO - Round 73 selected clients: [8, 11, 12, 13]
2026-08-30 20:53:09,577 - ear_direct_cifar10_a_IF100_alpha0p5_h2_m4_seed42_eps0p75_ca0p7_w30_taw1p5.log - INFO - Round 73 | Global 0.6370 | Head 0.6513 | Middle 0.6258 | Tail 0.6377 | Hmean 0.6444 | ExpEvent 0 | ExpMass 0.000403 | best_tail 0.7670@67
2026-08-30 20:53:09,577 - ear_direct_cifar10_a_IF100_alpha0p5_h2_m4_seed42_eps0p75_ca0p7_w30_taw1p5.log - INFO - EAR Round 73 | targetExp 0 targetSamples 0 tailExpRate 0.3333 | gradShare 0.119361 | Retention proj 0.435017 -> 1.070623 (gain 0.635606) | cos 0.993483 -> 0.999983
2026-08-30 20:53:09,579 - ear_direct_cifar10_a_IF100_alpha0p5_h2_m4_seed42_eps0p75_ca0p7_w30_taw1p5.log - INFO - Round 74 selected clients: [7, 9, 17, 19]
2026-08-30 20:53:22,561 - ear_direct_cifar10_a_IF100_alpha0p5_h2_m4_seed42_eps0p75_ca0p7_w30_taw1p5.log - INFO - Round 74 | Global 0.6245 | Head 0.5590 | Middle 0.6028 | Tail 0.7190 | Hmean 0.6290 | ExpEvent 0 | ExpMass 0.033685 | best_tail 0.7670@67
2026-08-30 20:53:22,562 - ear_direct_cifar10_a_IF100_alpha0p5_h2_m4_seed42_eps0p75_ca0p7_w30_taw1p5.log - INFO - EAR Round 74 | targetExp 0 targetSamples 0 tailExpRate 0.6667 | gradShare 0.150376 | Retention proj 0.733536 -> 1.033308 (gain 0.299772) | cos 0.999684 -> 0.999998
2026-08-30 20:53:22,564 - ear_direct_cifar10_a_IF100_alpha0p5_h2_m4_seed42_eps0p75_ca0p7_w30_taw1p5.log - INFO - Round 75 selected clients: [0, 8, 16, 17]
2026-08-30 20:53:35,373 - ear_direct_cifar10_a_IF100_alpha0p5_h2_m4_seed42_eps0p75_ca0p7_w30_taw1p5.log - INFO - Round 75 | Global 0.6100 | Head 0.5800 | Middle 0.6022 | Tail 0.6503 | Hmean 0.6131 | ExpEvent 0 | ExpMass 0.019750 | best_tail 0.7670@67
2026-08-30 20:53:35,374 - ear_direct_cifar10_a_IF100_alpha0p5_h2_m4_seed42_eps0p75_ca0p7_w30_taw1p5.log - INFO - EAR Round 75 | targetExp 0 targetSamples 0 tailExpRate 0.6667 | gradShare 0.124469 | Retention proj 0.276060 -> 1.090492 (gain 0.814433) | cos 0.515525 -> 0.999362
2026-08-30 20:53:35,376 - ear_direct_cifar10_a_IF100_alpha0p5_h2_m4_seed42_eps0p75_ca0p7_w30_taw1p5.log - INFO - Round 76 selected clients: [1, 3, 12, 15]
2026-08-30 20:53:47,950 - ear_direct_cifar10_a_IF100_alpha0p5_h2_m4_seed42_eps0p75_ca0p7_w30_taw1p5.log - INFO - Round 76 | Global 0.5625 | Head 0.5240 | Middle 0.6022 | Tail 0.5480 | Hmean 0.5357 | ExpEvent 0 | ExpMass 0.007320 | best_tail 0.7670@67
2026-08-30 20:53:47,951 - ear_direct_cifar10_a_IF100_alpha0p5_h2_m4_seed42_eps0p75_ca0p7_w30_taw1p5.log - INFO - EAR Round 76 | targetExp 0 targetSamples 0 tailExpRate 0.6667 | gradShare 0.059636 | Retention proj 0.515775 -> 1.060529 (gain 0.544754) | cos 0.516760 -> 0.997407
2026-08-30 20:53:47,953 - ear_direct_cifar10_a_IF100_alpha0p5_h2_m4_seed42_eps0p75_ca0p7_w30_taw1p5.log - INFO - Round 77 selected clients: [2, 3, 7, 17]
2026-08-30 20:54:00,785 - ear_direct_cifar10_a_IF100_alpha0p5_h2_m4_seed42_eps0p75_ca0p7_w30_taw1p5.log - INFO - Round 77 | Global 0.6328 | Head 0.5910 | Middle 0.6465 | Tail 0.6563 | Hmean 0.6219 | ExpEvent 0 | ExpMass 0.036496 | best_tail 0.7670@67
2026-08-30 20:54:00,785 - ear_direct_cifar10_a_IF100_alpha0p5_h2_m4_seed42_eps0p75_ca0p7_w30_taw1p5.log - INFO - EAR Round 77 | targetExp 0 targetSamples 0 tailExpRate 0.6667 | gradShare 0.139334 | Retention proj 0.717153 -> 1.035356 (gain 0.318203) | cos 0.999127 -> 0.999993
2026-08-30 20:54:00,787 - ear_direct_cifar10_a_IF100_alpha0p5_h2_m4_seed42_eps0p75_ca0p7_w30_taw1p5.log - INFO - Round 78 selected clients: [5, 8, 11, 13]
2026-08-30 20:54:13,454 - ear_direct_cifar10_a_IF100_alpha0p5_h2_m4_seed42_eps0p75_ca0p7_w30_taw1p5.log - INFO - Round 78 | Global 0.6405 | Head 0.6673 | Middle 0.6675 | Tail 0.5777 | Hmean 0.6193 | ExpEvent 0 | ExpMass 0.011694 | best_tail 0.7670@67
2026-08-30 20:54:13,454 - ear_direct_cifar10_a_IF100_alpha0p5_h2_m4_seed42_eps0p75_ca0p7_w30_taw1p5.log - INFO - EAR Round 78 | targetExp 0 targetSamples 0 tailExpRate 0.6667 | gradShare 0.143944 | Retention proj 0.345180 -> 1.081852 (gain 0.736672) | cos 0.876242 -> 0.999757
2026-08-30 20:54:13,457 - ear_direct_cifar10_a_IF100_alpha0p5_h2_m4_seed42_eps0p75_ca0p7_w30_taw1p5.log - INFO - Round 79 selected clients: [2, 10, 17, 18]
2026-08-30 20:54:26,042 - ear_direct_cifar10_a_IF100_alpha0p5_h2_m4_seed42_eps0p75_ca0p7_w30_taw1p5.log - INFO - Round 79 | Global 0.6334 | Head 0.5457 | Middle 0.6472 | Tail 0.7027 | Hmean 0.6143 | ExpEvent 0 | ExpMass 0.042054 | best_tail 0.7670@67
2026-08-30 20:54:26,042 - ear_direct_cifar10_a_IF100_alpha0p5_h2_m4_seed42_eps0p75_ca0p7_w30_taw1p5.log - INFO - EAR Round 79 | targetExp 0 targetSamples 0 tailExpRate 0.6667 | gradShare 0.126761 | Retention proj 0.741317 -> 1.032336 (gain 0.291019) | cos 0.999951 -> 1.000000
2026-08-30 20:54:26,045 - ear_direct_cifar10_a_IF100_alpha0p5_h2_m4_seed42_eps0p75_ca0p7_w30_taw1p5.log - INFO - Round 80 selected clients: [5, 8, 13, 14]
2026-08-30 20:54:39,202 - ear_direct_cifar10_a_IF100_alpha0p5_h2_m4_seed42_eps0p75_ca0p7_w30_taw1p5.log - INFO - Round 80 | Global 0.6422 | Head 0.6707 | Middle 0.6577 | Tail 0.5930 | Hmean 0.6295 | ExpEvent 0 | ExpMass 0.011694 | best_tail 0.7670@67
2026-08-30 20:54:39,202 - ear_direct_cifar10_a_IF100_alpha0p5_h2_m4_seed42_eps0p75_ca0p7_w30_taw1p5.log - INFO - EAR Round 80 | targetExp 0 targetSamples 0 tailExpRate 0.6667 | gradShare 0.156257 | Retention proj 0.362849 -> 1.079644 (gain 0.716794) | cos 0.894032 -> 0.999798
2026-08-30 20:54:39,225 - ear_direct_cifar10_a_IF100_alpha0p5_h2_m4_seed42_eps0p75_ca0p7_w30_taw1p5.log - INFO - Checkpoint @80 | Global 0.6422 | Head 0.6707 | Middle 0.6577 | Tail 0.5930 | Hmean 0.6295
2026-08-30 20:54:39,225 - ear_direct_cifar10_a_IF100_alpha0p5_h2_m4_seed42_eps0p75_ca0p7_w30_taw1p5.log - INFO - Round 81 selected clients: [5, 9, 10, 15]
2026-08-30 20:54:52,559 - ear_direct_cifar10_a_IF100_alpha0p5_h2_m4_seed42_eps0p75_ca0p7_w30_taw1p5.log - INFO - Round 81 | Global 0.6201 | Head 0.6997 | Middle 0.6298 | Tail 0.5277 | Hmean 0.6016 | ExpEvent 0 | ExpMass 0.014593 | best_tail 0.7670@67
2026-08-30 20:54:52,559 - ear_direct_cifar10_a_IF100_alpha0p5_h2_m4_seed42_eps0p75_ca0p7_w30_taw1p5.log - INFO - EAR Round 81 | targetExp 0 targetSamples 0 tailExpRate 0.6667 | gradShare 0.095707 | Retention proj 0.815121 -> 1.023110 (gain 0.207989) | cos 0.946471 -> 0.999283
2026-08-30 20:54:52,561 - ear_direct_cifar10_a_IF100_alpha0p5_h2_m4_seed42_eps0p75_ca0p7_w30_taw1p5.log - INFO - Round 82 selected clients: [0, 9, 13, 16]
2026-08-30 20:55:05,965 - ear_direct_cifar10_a_IF100_alpha0p5_h2_m4_seed42_eps0p75_ca0p7_w30_taw1p5.log - INFO - Round 82 | Global 0.5820 | Head 0.6180 | Middle 0.5853 | Tail 0.5417 | Hmean 0.5773 | ExpEvent 0 | ExpMass 0.002020 | best_tail 0.7670@67
2026-08-30 20:55:05,965 - ear_direct_cifar10_a_IF100_alpha0p5_h2_m4_seed42_eps0p75_ca0p7_w30_taw1p5.log - INFO - EAR Round 82 | targetExp 0 targetSamples 0 tailExpRate 0.6667 | gradShare 0.063596 | Retention proj 0.278420 -> 1.090198 (gain 0.811778) | cos 0.433861 -> 0.999837
2026-08-30 20:55:05,967 - ear_direct_cifar10_a_IF100_alpha0p5_h2_m4_seed42_eps0p75_ca0p7_w30_taw1p5.log - INFO - Round 83 selected clients: [3, 11, 14, 15]
2026-08-30 20:55:19,089 - ear_direct_cifar10_a_IF100_alpha0p5_h2_m4_seed42_eps0p75_ca0p7_w30_taw1p5.log - INFO - Round 83 | Global 0.5983 | Head 0.7017 | Middle 0.6518 | Tail 0.4237 | Hmean 0.5284 | ExpEvent 0 | ExpMass 0.006916 | best_tail 0.7670@67
2026-08-30 20:55:19,090 - ear_direct_cifar10_a_IF100_alpha0p5_h2_m4_seed42_eps0p75_ca0p7_w30_taw1p5.log - INFO - EAR Round 83 | targetExp 0 targetSamples 0 tailExpRate 0.6667 | gradShare 0.104567 | Retention proj 0.211242 -> 1.098595 (gain 0.887353) | cos 0.477251 -> 0.999885
2026-08-30 20:55:19,092 - ear_direct_cifar10_a_IF100_alpha0p5_h2_m4_seed42_eps0p75_ca0p7_w30_taw1p5.log - INFO - Round 84 selected clients: [3, 6, 13, 14]
2026-08-30 20:55:32,214 - ear_direct_cifar10_a_IF100_alpha0p5_h2_m4_seed42_eps0p75_ca0p7_w30_taw1p5.log - INFO - Round 84 | Global 0.6168 | Head 0.6090 | Middle 0.5630 | Tail 0.6963 | Hmean 0.6497 | ExpEvent 1 | ExpMass 0.030949 | best_tail 0.7670@67
2026-08-30 20:55:32,214 - ear_direct_cifar10_a_IF100_alpha0p5_h2_m4_seed42_eps0p75_ca0p7_w30_taw1p5.log - INFO - EAR Round 84 | targetExp 1 targetSamples 25 tailExpRate 1.0000 | gradShare 0.148630 | Retention proj 0.361932 -> 1.079758 (gain 0.717826) | cos 0.904277 -> 0.999928
2026-08-30 20:55:32,216 - ear_direct_cifar10_a_IF100_alpha0p5_h2_m4_seed42_eps0p75_ca0p7_w30_taw1p5.log - INFO - Round 85 selected clients: [5, 9, 12, 16]
2026-08-30 20:55:45,179 - ear_direct_cifar10_a_IF100_alpha0p5_h2_m4_seed42_eps0p75_ca0p7_w30_taw1p5.log - INFO - Round 85 | Global 0.6537 | Head 0.6940 | Middle 0.6320 | Tail 0.6423 | Hmean 0.6671 | ExpEvent 0 | ExpMass 0.014147 | best_tail 0.7670@67
2026-08-30 20:55:45,179 - ear_direct_cifar10_a_IF100_alpha0p5_h2_m4_seed42_eps0p75_ca0p7_w30_taw1p5.log - INFO - EAR Round 85 | targetExp 0 targetSamples 0 tailExpRate 0.6667 | gradShare 0.089394 | Retention proj 0.847708 -> 1.019037 (gain 0.171329) | cos 0.803043 -> 0.996747
2026-08-30 20:55:45,182 - ear_direct_cifar10_a_IF100_alpha0p5_h2_m4_seed42_eps0p75_ca0p7_w30_taw1p5.log - INFO - Round 86 selected clients: [0, 2, 11, 13]
2026-08-30 20:55:58,360 - ear_direct_cifar10_a_IF100_alpha0p5_h2_m4_seed42_eps0p75_ca0p7_w30_taw1p5.log - INFO - Round 86 | Global 0.6297 | Head 0.6333 | Middle 0.6428 | Tail 0.6087 | Hmean 0.6208 | ExpEvent 0 | ExpMass 0.010475 | best_tail 0.7670@67
2026-08-30 20:55:58,360 - ear_direct_cifar10_a_IF100_alpha0p5_h2_m4_seed42_eps0p75_ca0p7_w30_taw1p5.log - INFO - EAR Round 86 | targetExp 0 targetSamples 0 tailExpRate 0.6667 | gradShare 0.090067 | Retention proj 0.164213 -> 1.104473 (gain 0.940261) | cos 0.786140 -> 0.999911
2026-08-30 20:55:58,362 - ear_direct_cifar10_a_IF100_alpha0p5_h2_m4_seed42_eps0p75_ca0p7_w30_taw1p5.log - INFO - Round 87 selected clients: [4, 6, 13, 15]
2026-08-30 20:56:11,712 - ear_direct_cifar10_a_IF100_alpha0p5_h2_m4_seed42_eps0p75_ca0p7_w30_taw1p5.log - INFO - Round 87 | Global 0.6229 | Head 0.5507 | Middle 0.6262 | Tail 0.6907 | Hmean 0.6128 | ExpEvent 1 | ExpMass 0.035289 | best_tail 0.7670@67
2026-08-30 20:56:11,712 - ear_direct_cifar10_a_IF100_alpha0p5_h2_m4_seed42_eps0p75_ca0p7_w30_taw1p5.log - INFO - EAR Round 87 | targetExp 1 targetSamples 50 tailExpRate 1.0000 | gradShare 0.192121 | Retention proj 0.586303 -> 1.051712 (gain 0.465409) | cos 0.719612 -> 0.996027
2026-08-30 20:56:11,714 - ear_direct_cifar10_a_IF100_alpha0p5_h2_m4_seed42_eps0p75_ca0p7_w30_taw1p5.log - INFO - Round 88 selected clients: [0, 7, 15, 16]
2026-08-30 20:56:24,967 - ear_direct_cifar10_a_IF100_alpha0p5_h2_m4_seed42_eps0p75_ca0p7_w30_taw1p5.log - INFO - Round 88 | Global 0.6335 | Head 0.6113 | Middle 0.6290 | Tail 0.6617 | Hmean 0.6355 | ExpEvent 0 | ExpMass 0.000808 | best_tail 0.7670@67
2026-08-30 20:56:24,967 - ear_direct_cifar10_a_IF100_alpha0p5_h2_m4_seed42_eps0p75_ca0p7_w30_taw1p5.log - INFO - EAR Round 88 | targetExp 0 targetSamples 0 tailExpRate 0.3333 | gradShare 0.094892 | Retention proj 0.444529 -> 1.069434 (gain 0.624906) | cos 0.802637 -> 0.999255
2026-08-30 20:56:24,970 - ear_direct_cifar10_a_IF100_alpha0p5_h2_m4_seed42_eps0p75_ca0p7_w30_taw1p5.log - INFO - Round 89 selected clients: [2, 4, 5, 7]
2026-08-30 20:56:38,692 - ear_direct_cifar10_a_IF100_alpha0p5_h2_m4_seed42_eps0p75_ca0p7_w30_taw1p5.log - INFO - Round 89 | Global 0.6027 | Head 0.4497 | Middle 0.6325 | Tail 0.7160 | Hmean 0.5524 | ExpEvent 1 | ExpMass 0.031911 | best_tail 0.7670@67
2026-08-30 20:56:38,692 - ear_direct_cifar10_a_IF100_alpha0p5_h2_m4_seed42_eps0p75_ca0p7_w30_taw1p5.log - INFO - EAR Round 89 | targetExp 1 targetSamples 25 tailExpRate 1.0000 | gradShare 0.188411 | Retention proj 0.167652 -> 1.104044 (gain 0.936392) | cos 0.636996 -> 0.999505
2026-08-30 20:56:38,694 - ear_direct_cifar10_a_IF100_alpha0p5_h2_m4_seed42_eps0p75_ca0p7_w30_taw1p5.log - INFO - Round 90 selected clients: [0, 2, 10, 12]
2026-08-30 20:56:52,002 - ear_direct_cifar10_a_IF100_alpha0p5_h2_m4_seed42_eps0p75_ca0p7_w30_taw1p5.log - INFO - Round 90 | Global 0.5982 | Head 0.4607 | Middle 0.6242 | Tail 0.7010 | Hmean 0.5560 | ExpEvent 0 | ExpMass 0.010878 | best_tail 0.7670@67
2026-08-30 20:56:52,003 - ear_direct_cifar10_a_IF100_alpha0p5_h2_m4_seed42_eps0p75_ca0p7_w30_taw1p5.log - INFO - EAR Round 90 | targetExp 0 targetSamples 0 tailExpRate 0.6667 | gradShare 0.091931 | Retention proj 0.144534 -> 1.106933 (gain 0.962399) | cos 0.338520 -> 0.999650
2026-08-30 20:56:52,028 - ear_direct_cifar10_a_IF100_alpha0p5_h2_m4_seed42_eps0p75_ca0p7_w30_taw1p5.log - INFO - Checkpoint @90 | Global 0.5982 | Head 0.4607 | Middle 0.6242 | Tail 0.7010 | Hmean 0.5560
2026-08-30 20:56:52,029 - ear_direct_cifar10_a_IF100_alpha0p5_h2_m4_seed42_eps0p75_ca0p7_w30_taw1p5.log - INFO - Round 91 selected clients: [1, 5, 6, 17]
2026-08-30 20:57:06,427 - ear_direct_cifar10_a_IF100_alpha0p5_h2_m4_seed42_eps0p75_ca0p7_w30_taw1p5.log - INFO - Round 91 | Global 0.6096 | Head 0.4260 | Middle 0.6445 | Tail 0.7467 | Hmean 0.5425 | ExpEvent 1 | ExpMass 0.055911 | best_tail 0.7670@67
2026-08-30 20:57:06,427 - ear_direct_cifar10_a_IF100_alpha0p5_h2_m4_seed42_eps0p75_ca0p7_w30_taw1p5.log - INFO - EAR Round 91 | targetExp 1 targetSamples 25 tailExpRate 1.0000 | gradShare 0.160592 | Retention proj 0.745201 -> 1.031850 (gain 0.286649) | cos 0.978131 -> 0.999729
2026-08-30 20:57:06,429 - ear_direct_cifar10_a_IF100_alpha0p5_h2_m4_seed42_eps0p75_ca0p7_w30_taw1p5.log - INFO - Round 92 selected clients: [11, 15, 17, 19]
2026-08-30 20:57:20,219 - ear_direct_cifar10_a_IF100_alpha0p5_h2_m4_seed42_eps0p75_ca0p7_w30_taw1p5.log - INFO - Round 92 | Global 0.5959 | Head 0.6937 | Middle 0.5100 | Tail 0.6127 | Hmean 0.6507 | ExpEvent 0 | ExpMass 0.032481 | best_tail 0.7670@67
2026-08-30 20:57:20,219 - ear_direct_cifar10_a_IF100_alpha0p5_h2_m4_seed42_eps0p75_ca0p7_w30_taw1p5.log - INFO - EAR Round 92 | targetExp 0 targetSamples 0 tailExpRate 0.6667 | gradShare 0.163007 | Retention proj 0.498472 -> 1.062692 (gain 0.564220) | cos 0.929122 -> 0.999900
2026-08-30 20:57:20,222 - ear_direct_cifar10_a_IF100_alpha0p5_h2_m4_seed42_eps0p75_ca0p7_w30_taw1p5.log - INFO - Round 93 selected clients: [1, 6, 8, 9]
2026-08-30 20:57:34,135 - ear_direct_cifar10_a_IF100_alpha0p5_h2_m4_seed42_eps0p75_ca0p7_w30_taw1p5.log - INFO - Round 93 | Global 0.6132 | Head 0.5530 | Middle 0.6142 | Tail 0.6720 | Hmean 0.6067 | ExpEvent 1 | ExpMass 0.026821 | best_tail 0.7670@67
2026-08-30 20:57:34,135 - ear_direct_cifar10_a_IF100_alpha0p5_h2_m4_seed42_eps0p75_ca0p7_w30_taw1p5.log - INFO - EAR Round 93 | targetExp 1 targetSamples 25 tailExpRate 1.0000 | gradShare 0.103375 | Retention proj 0.490050 -> 1.063744 (gain 0.573694) | cos 0.935238 -> 0.999782
2026-08-30 20:57:34,138 - ear_direct_cifar10_a_IF100_alpha0p5_h2_m4_seed42_eps0p75_ca0p7_w30_taw1p5.log - INFO - Round 94 selected clients: [3, 9, 10, 19]
2026-08-30 20:57:46,839 - ear_direct_cifar10_a_IF100_alpha0p5_h2_m4_seed42_eps0p75_ca0p7_w30_taw1p5.log - INFO - Round 94 | Global 0.6162 | Head 0.5667 | Middle 0.5833 | Tail 0.7097 | Hmean 0.6302 | ExpEvent 0 | ExpMass 0.020008 | best_tail 0.7670@67
2026-08-30 20:57:46,839 - ear_direct_cifar10_a_IF100_alpha0p5_h2_m4_seed42_eps0p75_ca0p7_w30_taw1p5.log - INFO - EAR Round 94 | targetExp 0 targetSamples 0 tailExpRate 0.6667 | gradShare 0.120360 | Retention proj 0.709199 -> 1.036350 (gain 0.327151) | cos 0.996936 -> 0.999977
2026-08-30 20:57:46,841 - ear_direct_cifar10_a_IF100_alpha0p5_h2_m4_seed42_eps0p75_ca0p7_w30_taw1p5.log - INFO - Round 95 selected clients: [1, 7, 12, 16]
2026-08-30 20:58:00,532 - ear_direct_cifar10_a_IF100_alpha0p5_h2_m4_seed42_eps0p75_ca0p7_w30_taw1p5.log - INFO - Round 95 | Global 0.6709 | Head 0.7150 | Middle 0.6335 | Tail 0.6767 | Hmean 0.6953 | ExpEvent 0 | ExpMass 0.000403 | best_tail 0.7670@67
2026-08-30 20:58:00,532 - ear_direct_cifar10_a_IF100_alpha0p5_h2_m4_seed42_eps0p75_ca0p7_w30_taw1p5.log - INFO - EAR Round 95 | targetExp 0 targetSamples 0 tailExpRate 0.3333 | gradShare 0.088832 | Retention proj 0.563528 -> 1.054559 (gain 0.491031) | cos 0.993643 -> 0.999971
2026-08-30 20:58:00,534 - ear_direct_cifar10_a_IF100_alpha0p5_h2_m4_seed42_eps0p75_ca0p7_w30_taw1p5.log - INFO - Round 96 selected clients: [6, 14, 15, 17]
2026-08-30 20:58:14,093 - ear_direct_cifar10_a_IF100_alpha0p5_h2_m4_seed42_eps0p75_ca0p7_w30_taw1p5.log - INFO - Round 96 | Global 0.6554 | Head 0.6117 | Middle 0.6545 | Tail 0.7003 | Hmean 0.6530 | ExpEvent 1 | ExpMass 0.045272 | best_tail 0.7670@67
2026-08-30 20:58:14,094 - ear_direct_cifar10_a_IF100_alpha0p5_h2_m4_seed42_eps0p75_ca0p7_w30_taw1p5.log - INFO - EAR Round 96 | targetExp 1 targetSamples 25 tailExpRate 1.0000 | gradShare 0.169055 | Retention proj 0.594226 -> 1.050722 (gain 0.456496) | cos 0.814554 -> 0.999098
2026-08-30 20:58:14,095 - ear_direct_cifar10_a_IF100_alpha0p5_h2_m4_seed42_eps0p75_ca0p7_w30_taw1p5.log - INFO - Round 97 selected clients: [2, 4, 6, 12]
2026-08-30 20:58:28,128 - ear_direct_cifar10_a_IF100_alpha0p5_h2_m4_seed42_eps0p75_ca0p7_w30_taw1p5.log - INFO - Round 97 | Global 0.5891 | Head 0.3950 | Middle 0.6647 | Tail 0.6823 | Hmean 0.5003 | ExpEvent 1 | ExpMass 0.045059 | best_tail 0.7670@67
2026-08-30 20:58:28,129 - ear_direct_cifar10_a_IF100_alpha0p5_h2_m4_seed42_eps0p75_ca0p7_w30_taw1p5.log - INFO - EAR Round 97 | targetExp 1 targetSamples 50 tailExpRate 1.0000 | gradShare 0.176564 | Retention proj 0.391664 -> 1.076042 (gain 0.684378) | cos 0.662320 -> 0.989562
2026-08-30 20:58:28,131 - ear_direct_cifar10_a_IF100_alpha0p5_h2_m4_seed42_eps0p75_ca0p7_w30_taw1p5.log - INFO - Round 98 selected clients: [2, 4, 10, 17]
2026-08-30 20:58:41,549 - ear_direct_cifar10_a_IF100_alpha0p5_h2_m4_seed42_eps0p75_ca0p7_w30_taw1p5.log - INFO - Round 98 | Global 0.6030 | Head 0.4263 | Middle 0.6432 | Tail 0.7260 | Hmean 0.5372 | ExpEvent 1 | ExpMass 0.039888 | best_tail 0.7670@67
2026-08-30 20:58:41,550 - ear_direct_cifar10_a_IF100_alpha0p5_h2_m4_seed42_eps0p75_ca0p7_w30_taw1p5.log - INFO - EAR Round 98 | targetExp 1 targetSamples 25 tailExpRate 1.0000 | gradShare 0.202428 | Retention proj 0.131005 -> 1.108624 (gain 0.977619) | cos 0.428134 -> 0.998066
2026-08-30 20:58:41,553 - ear_direct_cifar10_a_IF100_alpha0p5_h2_m4_seed42_eps0p75_ca0p7_w30_taw1p5.log - INFO - Round 99 selected clients: [0, 4, 13, 14]
2026-08-30 20:58:54,918 - ear_direct_cifar10_a_IF100_alpha0p5_h2_m4_seed42_eps0p75_ca0p7_w30_taw1p5.log - INFO - Round 99 | Global 0.6087 | Head 0.5663 | Middle 0.6045 | Tail 0.6567 | Hmean 0.6082 | ExpEvent 1 | ExpMass 0.009972 | best_tail 0.7670@67
2026-08-30 20:58:54,919 - ear_direct_cifar10_a_IF100_alpha0p5_h2_m4_seed42_eps0p75_ca0p7_w30_taw1p5.log - INFO - EAR Round 99 | targetExp 1 targetSamples 25 tailExpRate 0.3333 | gradShare 0.212398 | Retention proj -0.026133 -> 1.128267 (gain 1.154399) | cos -0.082251 -> 0.999385
2026-08-30 20:58:54,922 - ear_direct_cifar10_a_IF100_alpha0p5_h2_m4_seed42_eps0p75_ca0p7_w30_taw1p5.log - INFO - Round 100 selected clients: [0, 10, 11, 12]
2026-08-30 20:59:08,613 - ear_direct_cifar10_a_IF100_alpha0p5_h2_m4_seed42_eps0p75_ca0p7_w30_taw1p5.log - INFO - Round 100 | Global 0.6463 | Head 0.6567 | Middle 0.6412 | Tail 0.6427 | Hmean 0.6496 | ExpEvent 0 | ExpMass 0.000403 | best_tail 0.7670@67
2026-08-30 20:59:08,613 - ear_direct_cifar10_a_IF100_alpha0p5_h2_m4_seed42_eps0p75_ca0p7_w30_taw1p5.log - INFO - EAR Round 100 | targetExp 0 targetSamples 0 tailExpRate 0.3333 | gradShare 0.142298 | Retention proj 0.437776 -> 1.070278 (gain 0.632502) | cos 0.990760 -> 0.999976
2026-08-30 20:59:08,641 - ear_direct_cifar10_a_IF100_alpha0p5_h2_m4_seed42_eps0p75_ca0p7_w30_taw1p5.log - INFO - Checkpoint @100 | Global 0.6463 | Head 0.6567 | Middle 0.6412 | Tail 0.6427 | Hmean 0.6496
2026-08-30 20:59:08,641 - ear_direct_cifar10_a_IF100_alpha0p5_h2_m4_seed42_eps0p75_ca0p7_w30_taw1p5.log - INFO - Round 101 selected clients: [0, 11, 15, 17]
2026-08-30 20:59:21,833 - ear_direct_cifar10_a_IF100_alpha0p5_h2_m4_seed42_eps0p75_ca0p7_w30_taw1p5.log - INFO - Round 101 | Global 0.6011 | Head 0.5753 | Middle 0.6422 | Tail 0.5720 | Hmean 0.5736 | ExpEvent 0 | ExpMass 0.020614 | best_tail 0.7670@67
2026-08-30 20:59:21,834 - ear_direct_cifar10_a_IF100_alpha0p5_h2_m4_seed42_eps0p75_ca0p7_w30_taw1p5.log - INFO - EAR Round 101 | targetExp 0 targetSamples 0 tailExpRate 0.6667 | gradShare 0.134383 | Retention proj 0.539666 -> 1.057542 (gain 0.517876) | cos 0.989427 -> 0.999942
2026-08-30 20:59:21,836 - ear_direct_cifar10_a_IF100_alpha0p5_h2_m4_seed42_eps0p75_ca0p7_w30_taw1p5.log - INFO - Round 102 selected clients: [1, 10, 12, 17]
2026-08-30 20:59:35,517 - ear_direct_cifar10_a_IF100_alpha0p5_h2_m4_seed42_eps0p75_ca0p7_w30_taw1p5.log - INFO - Round 102 | Global 0.6450 | Head 0.6473 | Middle 0.6472 | Tail 0.6397 | Hmean 0.6435 | ExpEvent 0 | ExpMass 0.020153 | best_tail 0.7670@67
2026-08-30 20:59:35,518 - ear_direct_cifar10_a_IF100_alpha0p5_h2_m4_seed42_eps0p75_ca0p7_w30_taw1p5.log - INFO - EAR Round 102 | targetExp 0 targetSamples 0 tailExpRate 0.6667 | gradShare 0.108842 | Retention proj 0.482123 -> 1.064734 (gain 0.582611) | cos 0.700708 -> 0.998957
2026-08-30 20:59:35,520 - ear_direct_cifar10_a_IF100_alpha0p5_h2_m4_seed42_eps0p75_ca0p7_w30_taw1p5.log - INFO - Round 103 selected clients: [0, 7, 9, 11]
2026-08-30 20:59:48,812 - ear_direct_cifar10_a_IF100_alpha0p5_h2_m4_seed42_eps0p75_ca0p7_w30_taw1p5.log - INFO - Round 103 | Global 0.6124 | Head 0.6667 | Middle 0.6270 | Tail 0.5387 | Hmean 0.5959 | ExpEvent 0 | ExpMass 0.002020 | best_tail 0.7670@67
2026-08-30 20:59:48,813 - ear_direct_cifar10_a_IF100_alpha0p5_h2_m4_seed42_eps0p75_ca0p7_w30_taw1p5.log - INFO - EAR Round 103 | targetExp 0 targetSamples 0 tailExpRate 0.6667 | gradShare 0.117931 | Retention proj 0.286032 -> 1.089246 (gain 0.803214) | cos 0.996223 -> 0.999995
2026-08-30 20:59:48,816 - ear_direct_cifar10_a_IF100_alpha0p5_h2_m4_seed42_eps0p75_ca0p7_w30_taw1p5.log - INFO - Round 104 selected clients: [10, 12, 15, 16]
2026-08-30 21:00:02,189 - ear_direct_cifar10_a_IF100_alpha0p5_h2_m4_seed42_eps0p75_ca0p7_w30_taw1p5.log - INFO - Round 104 | Global 0.6010 | Head 0.6123 | Middle 0.6425 | Tail 0.5343 | Hmean 0.5706 | ExpEvent 0 | ExpMass 0.001213 | best_tail 0.7670@67
2026-08-30 21:00:02,189 - ear_direct_cifar10_a_IF100_alpha0p5_h2_m4_seed42_eps0p75_ca0p7_w30_taw1p5.log - INFO - EAR Round 104 | targetExp 0 targetSamples 0 tailExpRate 0.6667 | gradShare 0.103466 | Retention proj 0.606797 -> 1.049151 (gain 0.442354) | cos 0.844757 -> 0.999236
2026-08-30 21:00:02,191 - ear_direct_cifar10_a_IF100_alpha0p5_h2_m4_seed42_eps0p75_ca0p7_w30_taw1p5.log - INFO - Round 105 selected clients: [9, 12, 15, 19]
2026-08-30 21:00:15,259 - ear_direct_cifar10_a_IF100_alpha0p5_h2_m4_seed42_eps0p75_ca0p7_w30_taw1p5.log - INFO - Round 105 | Global 0.6312 | Head 0.5973 | Middle 0.6092 | Tail 0.6943 | Hmean 0.6422 | ExpEvent 0 | ExpMass 0.015059 | best_tail 0.7670@67
2026-08-30 21:00:15,259 - ear_direct_cifar10_a_IF100_alpha0p5_h2_m4_seed42_eps0p75_ca0p7_w30_taw1p5.log - INFO - EAR Round 105 | targetExp 0 targetSamples 0 tailExpRate 0.6667 | gradShare 0.074682 | Retention proj 0.668335 -> 1.041458 (gain 0.373124) | cos 0.992227 -> 0.999956
2026-08-30 21:00:15,262 - ear_direct_cifar10_a_IF100_alpha0p5_h2_m4_seed42_eps0p75_ca0p7_w30_taw1p5.log - INFO - Round 106 selected clients: [1, 6, 15, 18]
2026-08-30 21:00:28,438 - ear_direct_cifar10_a_IF100_alpha0p5_h2_m4_seed42_eps0p75_ca0p7_w30_taw1p5.log - INFO - Round 106 | Global 0.6280 | Head 0.4950 | Middle 0.6372 | Tail 0.7487 | Hmean 0.5960 | ExpEvent 1 | ExpMass 0.037364 | best_tail 0.7670@67
2026-08-30 21:00:28,439 - ear_direct_cifar10_a_IF100_alpha0p5_h2_m4_seed42_eps0p75_ca0p7_w30_taw1p5.log - INFO - EAR Round 106 | targetExp 1 targetSamples 25 tailExpRate 1.0000 | gradShare 0.107433 | Retention proj 0.528279 -> 1.058965 (gain 0.530686) | cos 0.952672 -> 0.999814
2026-08-30 21:00:28,441 - ear_direct_cifar10_a_IF100_alpha0p5_h2_m4_seed42_eps0p75_ca0p7_w30_taw1p5.log - INFO - Round 107 selected clients: [2, 6, 8, 17]
2026-08-30 21:00:41,924 - ear_direct_cifar10_a_IF100_alpha0p5_h2_m4_seed42_eps0p75_ca0p7_w30_taw1p5.log - INFO - Round 107 | Global 0.6550 | Head 0.5427 | Middle 0.6715 | Tail 0.7453 | Hmean 0.6281 | ExpEvent 1 | ExpMass 0.054712 | best_tail 0.7670@67
2026-08-30 21:00:41,925 - ear_direct_cifar10_a_IF100_alpha0p5_h2_m4_seed42_eps0p75_ca0p7_w30_taw1p5.log - INFO - EAR Round 107 | targetExp 1 targetSamples 25 tailExpRate 1.0000 | gradShare 0.165623 | Retention proj 0.594696 -> 1.050663 (gain 0.455967) | cos 0.992173 -> 0.999963
2026-08-30 21:00:41,927 - ear_direct_cifar10_a_IF100_alpha0p5_h2_m4_seed42_eps0p75_ca0p7_w30_taw1p5.log - INFO - Round 108 selected clients: [6, 7, 8, 11]
2026-08-30 21:00:55,049 - ear_direct_cifar10_a_IF100_alpha0p5_h2_m4_seed42_eps0p75_ca0p7_w30_taw1p5.log - INFO - Round 108 | Global 0.6251 | Head 0.5557 | Middle 0.6355 | Tail 0.6807 | Hmean 0.6119 | ExpEvent 1 | ExpMass 0.024770 | best_tail 0.7670@67
2026-08-30 21:00:55,049 - ear_direct_cifar10_a_IF100_alpha0p5_h2_m4_seed42_eps0p75_ca0p7_w30_taw1p5.log - INFO - EAR Round 108 | targetExp 1 targetSamples 25 tailExpRate 1.0000 | gradShare 0.178673 | Retention proj 0.282070 -> 1.089741 (gain 0.807671) | cos 0.835253 -> 0.999716
2026-08-30 21:00:55,052 - ear_direct_cifar10_a_IF100_alpha0p5_h2_m4_seed42_eps0p75_ca0p7_w30_taw1p5.log - INFO - Round 109 selected clients: [0, 2, 12, 16]
2026-08-30 21:01:08,381 - ear_direct_cifar10_a_IF100_alpha0p5_h2_m4_seed42_eps0p75_ca0p7_w30_taw1p5.log - INFO - Round 109 | Global 0.6611 | Head 0.6407 | Middle 0.6410 | Tail 0.7083 | Hmean 0.6728 | ExpEvent 0 | ExpMass 0.010878 | best_tail 0.7670@67
2026-08-30 21:01:08,381 - ear_direct_cifar10_a_IF100_alpha0p5_h2_m4_seed42_eps0p75_ca0p7_w30_taw1p5.log - INFO - EAR Round 109 | targetExp 0 targetSamples 0 tailExpRate 0.6667 | gradShare 0.069166 | Retention proj -0.086730 -> 1.135841 (gain 1.222571) | cos -0.027621 -> 0.994496
2026-08-30 21:01:08,384 - ear_direct_cifar10_a_IF100_alpha0p5_h2_m4_seed42_eps0p75_ca0p7_w30_taw1p5.log - INFO - Round 110 selected clients: [2, 3, 18, 19]
2026-08-30 21:01:21,369 - ear_direct_cifar10_a_IF100_alpha0p5_h2_m4_seed42_eps0p75_ca0p7_w30_taw1p5.log - INFO - Round 110 | Global 0.4913 | Head 0.2233 | Middle 0.5975 | Tail 0.6177 | Hmean 0.3280 | ExpEvent 0 | ExpMass 0.040441 | best_tail 0.7670@67
2026-08-30 21:01:21,370 - ear_direct_cifar10_a_IF100_alpha0p5_h2_m4_seed42_eps0p75_ca0p7_w30_taw1p5.log - INFO - EAR Round 110 | targetExp 0 targetSamples 0 tailExpRate 0.6667 | gradShare 0.133496 | Retention proj 1.000000 -> 1.000000 (gain 0.000000) | cos 1.000000 -> 1.000000
2026-08-30 21:01:21,397 - ear_direct_cifar10_a_IF100_alpha0p5_h2_m4_seed42_eps0p75_ca0p7_w30_taw1p5.log - INFO - Checkpoint @110 | Global 0.4913 | Head 0.2233 | Middle 0.5975 | Tail 0.6177 | Hmean 0.3280
2026-08-30 21:01:21,398 - ear_direct_cifar10_a_IF100_alpha0p5_h2_m4_seed42_eps0p75_ca0p7_w30_taw1p5.log - INFO - Round 111 selected clients: [7, 11, 15, 18]
2026-08-30 21:01:34,539 - ear_direct_cifar10_a_IF100_alpha0p5_h2_m4_seed42_eps0p75_ca0p7_w30_taw1p5.log - INFO - Round 111 | Global 0.6286 | Head 0.6133 | Middle 0.6462 | Tail 0.6203 | Hmean 0.6168 | ExpEvent 0 | ExpMass 0.012576 | best_tail 0.7670@67
2026-08-30 21:01:34,539 - ear_direct_cifar10_a_IF100_alpha0p5_h2_m4_seed42_eps0p75_ca0p7_w30_taw1p5.log - INFO - EAR Round 111 | targetExp 0 targetSamples 0 tailExpRate 0.6667 | gradShare 0.130931 | Retention proj 0.793981 -> 1.025752 (gain 0.231771) | cos 0.832923 -> 0.997858
2026-08-30 21:01:34,541 - ear_direct_cifar10_a_IF100_alpha0p5_h2_m4_seed42_eps0p75_ca0p7_w30_taw1p5.log - INFO - Round 112 selected clients: [0, 7, 15, 16]
2026-08-30 21:01:47,828 - ear_direct_cifar10_a_IF100_alpha0p5_h2_m4_seed42_eps0p75_ca0p7_w30_taw1p5.log - INFO - Round 112 | Global 0.6290 | Head 0.6210 | Middle 0.6390 | Tail 0.6237 | Hmean 0.6223 | ExpEvent 0 | ExpMass 0.000808 | best_tail 0.7670@67
2026-08-30 21:01:47,828 - ear_direct_cifar10_a_IF100_alpha0p5_h2_m4_seed42_eps0p75_ca0p7_w30_taw1p5.log - INFO - EAR Round 112 | targetExp 0 targetSamples 0 tailExpRate 0.3333 | gradShare 0.097437 | Retention proj 0.571685 -> 1.053540 (gain 0.481854) | cos 0.750714 -> 0.998223
2026-08-30 21:01:47,831 - ear_direct_cifar10_a_IF100_alpha0p5_h2_m4_seed42_eps0p75_ca0p7_w30_taw1p5.log - INFO - Round 113 selected clients: [1, 7, 15, 18]
2026-08-30 21:02:01,072 - ear_direct_cifar10_a_IF100_alpha0p5_h2_m4_seed42_eps0p75_ca0p7_w30_taw1p5.log - INFO - Round 113 | Global 0.6274 | Head 0.5960 | Middle 0.6328 | Tail 0.6517 | Hmean 0.6226 | ExpEvent 0 | ExpMass 0.012571 | best_tail 0.7670@67
2026-08-30 21:02:01,073 - ear_direct_cifar10_a_IF100_alpha0p5_h2_m4_seed42_eps0p75_ca0p7_w30_taw1p5.log - INFO - EAR Round 113 | targetExp 0 targetSamples 0 tailExpRate 0.6667 | gradShare 0.074687 | Retention proj 0.182063 -> 1.102242 (gain 0.920180) | cos 0.477289 -> 0.999679
2026-08-30 21:02:01,076 - ear_direct_cifar10_a_IF100_alpha0p5_h2_m4_seed42_eps0p75_ca0p7_w30_taw1p5.log - INFO - Round 114 selected clients: [0, 6, 12, 17]
2026-08-30 21:02:14,520 - ear_direct_cifar10_a_IF100_alpha0p5_h2_m4_seed42_eps0p75_ca0p7_w30_taw1p5.log - INFO - Round 114 | Global 0.6561 | Head 0.6250 | Middle 0.6440 | Tail 0.7033 | Hmean 0.6618 | ExpEvent 1 | ExpMass 0.044728 | best_tail 0.7670@67
2026-08-30 21:02:14,520 - ear_direct_cifar10_a_IF100_alpha0p5_h2_m4_seed42_eps0p75_ca0p7_w30_taw1p5.log - INFO - EAR Round 114 | targetExp 1 targetSamples 25 tailExpRate 1.0000 | gradShare 0.129942 | Retention proj 0.409289 -> 1.073839 (gain 0.664550) | cos 0.808118 -> 0.999767
2026-08-30 21:02:14,523 - ear_direct_cifar10_a_IF100_alpha0p5_h2_m4_seed42_eps0p75_ca0p7_w30_taw1p5.log - INFO - Round 115 selected clients: [0, 7, 8, 9]
2026-08-30 21:02:27,724 - ear_direct_cifar10_a_IF100_alpha0p5_h2_m4_seed42_eps0p75_ca0p7_w30_taw1p5.log - INFO - Round 115 | Global 0.6482 | Head 0.6967 | Middle 0.6182 | Tail 0.6397 | Hmean 0.6670 | ExpEvent 0 | ExpMass 0.002020 | best_tail 0.7670@67
2026-08-30 21:02:27,724 - ear_direct_cifar10_a_IF100_alpha0p5_h2_m4_seed42_eps0p75_ca0p7_w30_taw1p5.log - INFO - EAR Round 115 | targetExp 0 targetSamples 0 tailExpRate 0.6667 | gradShare 0.081267 | Retention proj 0.281244 -> 1.089844 (gain 0.808600) | cos 0.767143 -> 0.999612
2026-08-30 21:02:27,727 - ear_direct_cifar10_a_IF100_alpha0p5_h2_m4_seed42_eps0p75_ca0p7_w30_taw1p5.log - INFO - Round 116 selected clients: [0, 6, 9, 11]
2026-08-30 21:02:40,662 - ear_direct_cifar10_a_IF100_alpha0p5_h2_m4_seed42_eps0p75_ca0p7_w30_taw1p5.log - INFO - Round 116 | Global 0.6480 | Head 0.6317 | Middle 0.6332 | Tail 0.6840 | Hmean 0.6568 | ExpEvent 1 | ExpMass 0.026821 | best_tail 0.7670@67
2026-08-30 21:02:40,662 - ear_direct_cifar10_a_IF100_alpha0p5_h2_m4_seed42_eps0p75_ca0p7_w30_taw1p5.log - INFO - EAR Round 116 | targetExp 1 targetSamples 25 tailExpRate 1.0000 | gradShare 0.107861 | Retention proj 0.426399 -> 1.071700 (gain 0.645301) | cos 0.888796 -> 0.999706
2026-08-30 21:02:40,665 - ear_direct_cifar10_a_IF100_alpha0p5_h2_m4_seed42_eps0p75_ca0p7_w30_taw1p5.log - INFO - Round 117 selected clients: [4, 6, 11, 18]
2026-08-30 21:02:54,223 - ear_direct_cifar10_a_IF100_alpha0p5_h2_m4_seed42_eps0p75_ca0p7_w30_taw1p5.log - INFO - Round 117 | Global 0.4617 | Head 0.3147 | Middle 0.3600 | Tail 0.7443 | Hmean 0.4424 | ExpEvent 1 | ExpMass 0.046013 | best_tail 0.7670@67
2026-08-30 21:02:54,223 - ear_direct_cifar10_a_IF100_alpha0p5_h2_m4_seed42_eps0p75_ca0p7_w30_taw1p5.log - INFO - EAR Round 117 | targetExp 1 targetSamples 50 tailExpRate 1.0000 | gradShare 0.211256 | Retention proj 0.206385 -> 1.099202 (gain 0.892817) | cos 0.631339 -> 0.997320
2026-08-30 21:02:54,225 - ear_direct_cifar10_a_IF100_alpha0p5_h2_m4_seed42_eps0p75_ca0p7_w30_taw1p5.log - INFO - Round 118 selected clients: [8, 10, 15, 18]
2026-08-30 21:03:07,172 - ear_direct_cifar10_a_IF100_alpha0p5_h2_m4_seed42_eps0p75_ca0p7_w30_taw1p5.log - INFO - Round 118 | Global 0.6491 | Head 0.5923 | Middle 0.6422 | Tail 0.7150 | Hmean 0.6479 | ExpEvent 0 | ExpMass 0.012576 | best_tail 0.7670@67
2026-08-30 21:03:07,172 - ear_direct_cifar10_a_IF100_alpha0p5_h2_m4_seed42_eps0p75_ca0p7_w30_taw1p5.log - INFO - EAR Round 118 | targetExp 0 targetSamples 0 tailExpRate 0.6667 | gradShare 0.130644 | Retention proj 0.402588 -> 1.074677 (gain 0.672089) | cos 0.586149 -> 0.999608
2026-08-30 21:03:07,175 - ear_direct_cifar10_a_IF100_alpha0p5_h2_m4_seed42_eps0p75_ca0p7_w30_taw1p5.log - INFO - Round 119 selected clients: [5, 6, 11, 13]
2026-08-30 21:03:20,426 - ear_direct_cifar10_a_IF100_alpha0p5_h2_m4_seed42_eps0p75_ca0p7_w30_taw1p5.log - INFO - Round 119 | Global 0.6606 | Head 0.5960 | Middle 0.6510 | Tail 0.7380 | Hmean 0.6594 | ExpEvent 1 | ExpMass 0.036356 | best_tail 0.7670@67
2026-08-30 21:03:20,427 - ear_direct_cifar10_a_IF100_alpha0p5_h2_m4_seed42_eps0p75_ca0p7_w30_taw1p5.log - INFO - EAR Round 119 | targetExp 1 targetSamples 25 tailExpRate 1.0000 | gradShare 0.182060 | Retention proj 0.603038 -> 1.049620 (gain 0.446582) | cos 0.948475 -> 0.999744
2026-08-30 21:03:20,428 - ear_direct_cifar10_a_IF100_alpha0p5_h2_m4_seed42_eps0p75_ca0p7_w30_taw1p5.log - INFO - Round 120 selected clients: [5, 8, 15, 16]
2026-08-30 21:03:33,267 - ear_direct_cifar10_a_IF100_alpha0p5_h2_m4_seed42_eps0p75_ca0p7_w30_taw1p5.log - INFO - Round 120 | Global 0.6741 | Head 0.6920 | Middle 0.6617 | Tail 0.6727 | Hmean 0.6822 | ExpEvent 0 | ExpMass 0.012535 | best_tail 0.7670@67
2026-08-30 21:03:33,267 - ear_direct_cifar10_a_IF100_alpha0p5_h2_m4_seed42_eps0p75_ca0p7_w30_taw1p5.log - INFO - EAR Round 120 | targetExp 0 targetSamples 0 tailExpRate 0.6667 | gradShare 0.125573 | Retention proj 0.591097 -> 1.051113 (gain 0.460016) | cos 0.986693 -> 0.999933
2026-08-30 21:03:33,299 - ear_direct_cifar10_a_IF100_alpha0p5_h2_m4_seed42_eps0p75_ca0p7_w30_taw1p5.log - INFO - Checkpoint @120 | Global 0.6741 | Head 0.6920 | Middle 0.6617 | Tail 0.6727 | Hmean 0.6822
2026-08-30 21:03:33,299 - ear_direct_cifar10_a_IF100_alpha0p5_h2_m4_seed42_eps0p75_ca0p7_w30_taw1p5.log - INFO - Round 121 selected clients: [0, 3, 5, 7]
2026-08-30 21:03:46,264 - ear_direct_cifar10_a_IF100_alpha0p5_h2_m4_seed42_eps0p75_ca0p7_w30_taw1p5.log - INFO - Round 121 | Global 0.6674 | Head 0.6720 | Middle 0.6615 | Tail 0.6707 | Hmean 0.6713 | ExpEvent 0 | ExpMass 0.017843 | best_tail 0.7670@67
2026-08-30 21:03:46,264 - ear_direct_cifar10_a_IF100_alpha0p5_h2_m4_seed42_eps0p75_ca0p7_w30_taw1p5.log - INFO - EAR Round 121 | targetExp 0 targetSamples 0 tailExpRate 0.6667 | gradShare 0.100612 | Retention proj 0.552041 -> 1.055995 (gain 0.503954) | cos 0.953031 -> 0.999780
2026-08-30 21:03:46,268 - ear_direct_cifar10_a_IF100_alpha0p5_h2_m4_seed42_eps0p75_ca0p7_w30_taw1p5.log - INFO - Round 122 selected clients: [0, 1, 12, 18]
2026-08-30 21:03:59,812 - ear_direct_cifar10_a_IF100_alpha0p5_h2_m4_seed42_eps0p75_ca0p7_w30_taw1p5.log - INFO - Round 122 | Global 0.6623 | Head 0.6363 | Middle 0.6148 | Tail 0.7517 | Hmean 0.6892 | ExpEvent 0 | ExpMass 0.012126 | best_tail 0.7670@67
2026-08-30 21:03:59,812 - ear_direct_cifar10_a_IF100_alpha0p5_h2_m4_seed42_eps0p75_ca0p7_w30_taw1p5.log - INFO - EAR Round 122 | targetExp 0 targetSamples 0 tailExpRate 0.6667 | gradShare 0.055915 | Retention proj 0.223368 -> 1.097079 (gain 0.873711) | cos 0.556537 -> 0.999942
2026-08-30 21:03:59,814 - ear_direct_cifar10_a_IF100_alpha0p5_h2_m4_seed42_eps0p75_ca0p7_w30_taw1p5.log - INFO - Round 123 selected clients: [13, 14, 15, 16]
2026-08-30 21:04:13,122 - ear_direct_cifar10_a_IF100_alpha0p5_h2_m4_seed42_eps0p75_ca0p7_w30_taw1p5.log - INFO - Round 123 | Global 0.6362 | Head 0.6897 | Middle 0.6502 | Tail 0.5640 | Hmean 0.6205 | ExpEvent 0 | ExpMass 0.000809 | best_tail 0.7670@67
2026-08-30 21:04:13,122 - ear_direct_cifar10_a_IF100_alpha0p5_h2_m4_seed42_eps0p75_ca0p7_w30_taw1p5.log - INFO - EAR Round 123 | targetExp 0 targetSamples 0 tailExpRate 0.3333 | gradShare 0.135371 | Retention proj 0.123979 -> 1.109503 (gain 0.985524) | cos 0.773645 -> 0.999935
2026-08-30 21:04:13,125 - ear_direct_cifar10_a_IF100_alpha0p5_h2_m4_seed42_eps0p75_ca0p7_w30_taw1p5.log - INFO - Round 124 selected clients: [4, 8, 12, 13]
2026-08-30 21:04:26,308 - ear_direct_cifar10_a_IF100_alpha0p5_h2_m4_seed42_eps0p75_ca0p7_w30_taw1p5.log - INFO - Round 124 | Global 0.6673 | Head 0.6747 | Middle 0.6410 | Tail 0.6950 | Hmean 0.6847 | ExpEvent 1 | ExpMass 0.010375 | best_tail 0.7670@67
2026-08-30 21:04:26,309 - ear_direct_cifar10_a_IF100_alpha0p5_h2_m4_seed42_eps0p75_ca0p7_w30_taw1p5.log - INFO - EAR Round 124 | targetExp 1 targetSamples 25 tailExpRate 0.6667 | gradShare 0.160253 | Retention proj 0.634089 -> 1.045739 (gain 0.411650) | cos 0.990105 -> 0.999835
2026-08-30 21:04:26,311 - ear_direct_cifar10_a_IF100_alpha0p5_h2_m4_seed42_eps0p75_ca0p7_w30_taw1p5.log - INFO - Round 125 selected clients: [1, 8, 17, 19]
2026-08-30 21:04:39,269 - ear_direct_cifar10_a_IF100_alpha0p5_h2_m4_seed42_eps0p75_ca0p7_w30_taw1p5.log - INFO - Round 125 | Global 0.6558 | Head 0.5447 | Middle 0.6335 | Tail 0.7967 | Hmean 0.6470 | ExpEvent 0 | ExpMass 0.031566 | best_tail 0.7967@125
2026-08-30 21:04:39,269 - ear_direct_cifar10_a_IF100_alpha0p5_h2_m4_seed42_eps0p75_ca0p7_w30_taw1p5.log - INFO - EAR Round 125 | targetExp 0 targetSamples 0 tailExpRate 0.6667 | gradShare 0.152318 | Retention proj 0.456242 -> 1.067970 (gain 0.611728) | cos 0.992967 -> 0.999981
2026-08-30 21:04:39,273 - ear_direct_cifar10_a_IF100_alpha0p5_h2_m4_seed42_eps0p75_ca0p7_w30_taw1p5.log - INFO - Round 126 selected clients: [2, 8, 12, 16]
2026-08-30 21:04:52,451 - ear_direct_cifar10_a_IF100_alpha0p5_h2_m4_seed42_eps0p75_ca0p7_w30_taw1p5.log - INFO - Round 126 | Global 0.6733 | Head 0.5950 | Middle 0.6410 | Tail 0.7947 | Hmean 0.6805 | ExpEvent 0 | ExpMass 0.010883 | best_tail 0.7967@125
2026-08-30 21:04:52,452 - ear_direct_cifar10_a_IF100_alpha0p5_h2_m4_seed42_eps0p75_ca0p7_w30_taw1p5.log - INFO - EAR Round 126 | targetExp 0 targetSamples 0 tailExpRate 0.6667 | gradShare 0.131681 | Retention proj 0.550197 -> 1.056226 (gain 0.506029) | cos 0.961787 -> 0.999757
2026-08-30 21:04:52,454 - ear_direct_cifar10_a_IF100_alpha0p5_h2_m4_seed42_eps0p75_ca0p7_w30_taw1p5.log - INFO - Round 127 selected clients: [4, 11, 16, 17]
2026-08-30 21:05:05,552 - ear_direct_cifar10_a_IF100_alpha0p5_h2_m4_seed42_eps0p75_ca0p7_w30_taw1p5.log - INFO - Round 127 | Global 0.6633 | Head 0.6287 | Middle 0.6420 | Tail 0.7263 | Hmean 0.6740 | ExpEvent 1 | ExpMass 0.029529 | best_tail 0.7967@125
2026-08-30 21:05:05,552 - ear_direct_cifar10_a_IF100_alpha0p5_h2_m4_seed42_eps0p75_ca0p7_w30_taw1p5.log - INFO - EAR Round 127 | targetExp 1 targetSamples 25 tailExpRate 1.0000 | gradShare 0.245891 | Retention proj 0.392736 -> 1.075908 (gain 0.683172) | cos 0.484025 -> 0.996592
2026-08-30 21:05:05,556 - ear_direct_cifar10_a_IF100_alpha0p5_h2_m4_seed42_eps0p75_ca0p7_w30_taw1p5.log - INFO - Round 128 selected clients: [8, 10, 12, 19]
2026-08-30 21:05:19,878 - ear_direct_cifar10_a_IF100_alpha0p5_h2_m4_seed42_eps0p75_ca0p7_w30_taw1p5.log - INFO - Round 128 | Global 0.6567 | Head 0.5970 | Middle 0.6190 | Tail 0.7667 | Hmean 0.6713 | ExpEvent 0 | ExpMass 0.012146 | best_tail 0.7967@125
2026-08-30 21:05:19,879 - ear_direct_cifar10_a_IF100_alpha0p5_h2_m4_seed42_eps0p75_ca0p7_w30_taw1p5.log - INFO - EAR Round 128 | targetExp 0 targetSamples 0 tailExpRate 0.6667 | gradShare 0.147960 | Retention proj 0.327617 -> 1.084048 (gain 0.756431) | cos 0.893721 -> 0.999945
2026-08-30 21:05:19,881 - ear_direct_cifar10_a_IF100_alpha0p5_h2_m4_seed42_eps0p75_ca0p7_w30_taw1p5.log - INFO - Round 129 selected clients: [4, 7, 11, 17]
2026-08-30 21:05:33,627 - ear_direct_cifar10_a_IF100_alpha0p5_h2_m4_seed42_eps0p75_ca0p7_w30_taw1p5.log - INFO - Round 129 | Global 0.6537 | Head 0.6293 | Middle 0.6288 | Tail 0.7113 | Hmean 0.6678 | ExpEvent 1 | ExpMass 0.029529 | best_tail 0.7967@125
2026-08-30 21:05:33,628 - ear_direct_cifar10_a_IF100_alpha0p5_h2_m4_seed42_eps0p75_ca0p7_w30_taw1p5.log - INFO - EAR Round 129 | targetExp 1 targetSamples 25 tailExpRate 1.0000 | gradShare 0.255489 | Retention proj 0.228355 -> 1.096455 (gain 0.868100) | cos 0.339201 -> 0.999122
2026-08-30 21:05:33,631 - ear_direct_cifar10_a_IF100_alpha0p5_h2_m4_seed42_eps0p75_ca0p7_w30_taw1p5.log - INFO - Round 130 selected clients: [6, 14, 15, 17]
2026-08-30 21:05:47,077 - ear_direct_cifar10_a_IF100_alpha0p5_h2_m4_seed42_eps0p75_ca0p7_w30_taw1p5.log - INFO - Round 130 | Global 0.6664 | Head 0.6223 | Middle 0.6627 | Tail 0.7153 | Hmean 0.6656 | ExpEvent 1 | ExpMass 0.045272 | best_tail 0.7967@125
2026-08-30 21:05:47,077 - ear_direct_cifar10_a_IF100_alpha0p5_h2_m4_seed42_eps0p75_ca0p7_w30_taw1p5.log - INFO - EAR Round 130 | targetExp 1 targetSamples 25 tailExpRate 1.0000 | gradShare 0.218029 | Retention proj 0.609399 -> 1.048825 (gain 0.439427) | cos 0.959834 -> 0.999877
2026-08-30 21:05:47,104 - ear_direct_cifar10_a_IF100_alpha0p5_h2_m4_seed42_eps0p75_ca0p7_w30_taw1p5.log - INFO - Checkpoint @130 | Global 0.6664 | Head 0.6223 | Middle 0.6627 | Tail 0.7153 | Hmean 0.6656
2026-08-30 21:05:47,104 - ear_direct_cifar10_a_IF100_alpha0p5_h2_m4_seed42_eps0p75_ca0p7_w30_taw1p5.log - INFO - Round 131 selected clients: [3, 8, 9, 18]
2026-08-30 21:06:00,079 - ear_direct_cifar10_a_IF100_alpha0p5_h2_m4_seed42_eps0p75_ca0p7_w30_taw1p5.log - INFO - Round 131 | Global 0.6681 | Head 0.5880 | Middle 0.6680 | Tail 0.7483 | Hmean 0.6585 | ExpEvent 0 | ExpMass 0.019992 | best_tail 0.7967@125
2026-08-30 21:06:00,079 - ear_direct_cifar10_a_IF100_alpha0p5_h2_m4_seed42_eps0p75_ca0p7_w30_taw1p5.log - INFO - EAR Round 131 | targetExp 0 targetSamples 0 tailExpRate 0.6667 | gradShare 0.115385 | Retention proj 0.756548 -> 1.030432 (gain 0.273884) | cos 0.999967 -> 1.000000
2026-08-30 21:06:00,082 - ear_direct_cifar10_a_IF100_alpha0p5_h2_m4_seed42_eps0p75_ca0p7_w30_taw1p5.log - INFO - Round 132 selected clients: [1, 5, 7, 12]
2026-08-30 21:06:13,344 - ear_direct_cifar10_a_IF100_alpha0p5_h2_m4_seed42_eps0p75_ca0p7_w30_taw1p5.log - INFO - Round 132 | Global 0.6732 | Head 0.6333 | Middle 0.6505 | Tail 0.7433 | Hmean 0.6839 | ExpEvent 0 | ExpMass 0.012092 | best_tail 0.7967@125
2026-08-30 21:06:13,344 - ear_direct_cifar10_a_IF100_alpha0p5_h2_m4_seed42_eps0p75_ca0p7_w30_taw1p5.log - INFO - EAR Round 132 | targetExp 0 targetSamples 0 tailExpRate 0.6667 | gradShare 0.112961 | Retention proj 0.527793 -> 1.059026 (gain 0.531233) | cos 0.829506 -> 0.999185
2026-08-30 21:06:13,347 - ear_direct_cifar10_a_IF100_alpha0p5_h2_m4_seed42_eps0p75_ca0p7_w30_taw1p5.log - INFO - Round 133 selected clients: [0, 1, 11, 15]
2026-08-30 21:06:27,133 - ear_direct_cifar10_a_IF100_alpha0p5_h2_m4_seed42_eps0p75_ca0p7_w30_taw1p5.log - INFO - Round 133 | Global 0.6630 | Head 0.6833 | Middle 0.6462 | Tail 0.6650 | Hmean 0.6740 | ExpEvent 0 | ExpMass 0.000808 | best_tail 0.7967@125
2026-08-30 21:06:27,133 - ear_direct_cifar10_a_IF100_alpha0p5_h2_m4_seed42_eps0p75_ca0p7_w30_taw1p5.log - INFO - EAR Round 133 | targetExp 0 targetSamples 0 tailExpRate 0.3333 | gradShare 0.097108 | Retention proj 0.586323 -> 1.051709 (gain 0.465386) | cos 0.971474 -> 0.999855
2026-08-30 21:06:27,136 - ear_direct_cifar10_a_IF100_alpha0p5_h2_m4_seed42_eps0p75_ca0p7_w30_taw1p5.log - INFO - Round 134 selected clients: [2, 7, 18, 19]
2026-08-30 21:06:40,435 - ear_direct_cifar10_a_IF100_alpha0p5_h2_m4_seed42_eps0p75_ca0p7_w30_taw1p5.log - INFO - Round 134 | Global 0.6674 | Head 0.6033 | Middle 0.6332 | Tail 0.7770 | Hmean 0.6792 | ExpEvent 0 | ExpMass 0.034105 | best_tail 0.7967@125
2026-08-30 21:06:40,435 - ear_direct_cifar10_a_IF100_alpha0p5_h2_m4_seed42_eps0p75_ca0p7_w30_taw1p5.log - INFO - EAR Round 134 | targetExp 0 targetSamples 0 tailExpRate 0.6667 | gradShare 0.116618 | Retention proj 0.742273 -> 1.032216 (gain 0.289943) | cos 0.999987 -> 1.000000
2026-08-30 21:06:40,438 - ear_direct_cifar10_a_IF100_alpha0p5_h2_m4_seed42_eps0p75_ca0p7_w30_taw1p5.log - INFO - Round 135 selected clients: [6, 12, 13, 19]
2026-08-30 21:06:53,879 - ear_direct_cifar10_a_IF100_alpha0p5_h2_m4_seed42_eps0p75_ca0p7_w30_taw1p5.log - INFO - Round 135 | Global 0.6348 | Head 0.5000 | Middle 0.6028 | Tail 0.8123 | Hmean 0.6190 | ExpEvent 1 | ExpMass 0.036903 | best_tail 0.8123@135
2026-08-30 21:06:53,879 - ear_direct_cifar10_a_IF100_alpha0p5_h2_m4_seed42_eps0p75_ca0p7_w30_taw1p5.log - INFO - EAR Round 135 | targetExp 1 targetSamples 25 tailExpRate 1.0000 | gradShare 0.145341 | Retention proj 0.496473 -> 1.062941 (gain 0.566468) | cos 0.847999 -> 0.999750
2026-08-30 21:06:53,883 - ear_direct_cifar10_a_IF100_alpha0p5_h2_m4_seed42_eps0p75_ca0p7_w30_taw1p5.log - INFO - Round 136 selected clients: [5, 10, 13, 18]
2026-08-30 21:07:07,162 - ear_direct_cifar10_a_IF100_alpha0p5_h2_m4_seed42_eps0p75_ca0p7_w30_taw1p5.log - INFO - Round 136 | Global 0.6602 | Head 0.6017 | Middle 0.6395 | Tail 0.7463 | Hmean 0.6662 | ExpEvent 0 | ExpMass 0.023463 | best_tail 0.8123@135
2026-08-30 21:07:07,162 - ear_direct_cifar10_a_IF100_alpha0p5_h2_m4_seed42_eps0p75_ca0p7_w30_taw1p5.log - INFO - EAR Round 136 | targetExp 0 targetSamples 0 tailExpRate 0.6667 | gradShare 0.159210 | Retention proj 0.507653 -> 1.061543 (gain 0.553890) | cos 0.884568 -> 0.999569
2026-08-30 21:07:07,164 - ear_direct_cifar10_a_IF100_alpha0p5_h2_m4_seed42_eps0p75_ca0p7_w30_taw1p5.log - INFO - Round 137 selected clients: [1, 3, 5, 19]
2026-08-30 21:07:20,170 - ear_direct_cifar10_a_IF100_alpha0p5_h2_m4_seed42_eps0p75_ca0p7_w30_taw1p5.log - INFO - Round 137 | Global 0.6600 | Head 0.5507 | Middle 0.6338 | Tail 0.8043 | Hmean 0.6538 | ExpEvent 0 | ExpMass 0.029723 | best_tail 0.8123@135
2026-08-30 21:07:20,170 - ear_direct_cifar10_a_IF100_alpha0p5_h2_m4_seed42_eps0p75_ca0p7_w30_taw1p5.log - INFO - EAR Round 137 | targetExp 0 targetSamples 0 tailExpRate 0.6667 | gradShare 0.131980 | Retention proj 0.989738 -> 1.001283 (gain 0.011545) | cos 0.948738 -> 0.999087
2026-08-30 21:07:20,175 - ear_direct_cifar10_a_IF100_alpha0p5_h2_m4_seed42_eps0p75_ca0p7_w30_taw1p5.log - INFO - Round 138 selected clients: [0, 7, 12, 18]
2026-08-30 21:07:33,721 - ear_direct_cifar10_a_IF100_alpha0p5_h2_m4_seed42_eps0p75_ca0p7_w30_taw1p5.log - INFO - Round 138 | Global 0.6676 | Head 0.6660 | Middle 0.6298 | Tail 0.7197 | Hmean 0.6918 | ExpEvent 0 | ExpMass 0.012131 | best_tail 0.8123@135
2026-08-30 21:07:33,721 - ear_direct_cifar10_a_IF100_alpha0p5_h2_m4_seed42_eps0p75_ca0p7_w30_taw1p5.log - INFO - EAR Round 138 | targetExp 0 targetSamples 0 tailExpRate 0.6667 | gradShare 0.090147 | Retention proj 0.357753 -> 1.080281 (gain 0.722528) | cos 0.516726 -> 0.998510
2026-08-30 21:07:33,724 - ear_direct_cifar10_a_IF100_alpha0p5_h2_m4_seed42_eps0p75_ca0p7_w30_taw1p5.log - INFO - Round 139 selected clients: [4, 11, 12, 14]
2026-08-30 21:07:47,043 - ear_direct_cifar10_a_IF100_alpha0p5_h2_m4_seed42_eps0p75_ca0p7_w30_taw1p5.log - INFO - Round 139 | Global 0.6783 | Head 0.7073 | Middle 0.6530 | Tail 0.6830 | Hmean 0.6949 | ExpEvent 1 | ExpMass 0.010375 | best_tail 0.8123@135
2026-08-30 21:07:47,043 - ear_direct_cifar10_a_IF100_alpha0p5_h2_m4_seed42_eps0p75_ca0p7_w30_taw1p5.log - INFO - EAR Round 139 | targetExp 1 targetSamples 25 tailExpRate 0.6667 | gradShare 0.208389 | Retention proj 0.582361 -> 1.052205 (gain 0.469844) | cos 0.847002 -> 0.999784
2026-08-30 21:07:47,046 - ear_direct_cifar10_a_IF100_alpha0p5_h2_m4_seed42_eps0p75_ca0p7_w30_taw1p5.log - INFO - Round 140 selected clients: [2, 6, 16, 19]
2026-08-30 21:08:00,702 - ear_direct_cifar10_a_IF100_alpha0p5_h2_m4_seed42_eps0p75_ca0p7_w30_taw1p5.log - INFO - Round 140 | Global 0.6286 | Head 0.4797 | Middle 0.5962 | Tail 0.8207 | Hmean 0.6055 | ExpEvent 1 | ExpMass 0.046913 | best_tail 0.8207@140
2026-08-30 21:08:00,702 - ear_direct_cifar10_a_IF100_alpha0p5_h2_m4_seed42_eps0p75_ca0p7_w30_taw1p5.log - INFO - EAR Round 140 | targetExp 1 targetSamples 25 tailExpRate 1.0000 | gradShare 0.163972 | Retention proj 0.588531 -> 1.051433 (gain 0.462903) | cos 0.992533 -> 0.999979
2026-08-30 21:08:00,736 - ear_direct_cifar10_a_IF100_alpha0p5_h2_m4_seed42_eps0p75_ca0p7_w30_taw1p5.log - INFO - Checkpoint @140 | Global 0.6286 | Head 0.4797 | Middle 0.5962 | Tail 0.8207 | Hmean 0.6055
2026-08-30 21:08:00,736 - ear_direct_cifar10_a_IF100_alpha0p5_h2_m4_seed42_eps0p75_ca0p7_w30_taw1p5.log - INFO - Round 141 selected clients: [3, 12, 15, 19]
2026-08-30 21:08:13,860 - ear_direct_cifar10_a_IF100_alpha0p5_h2_m4_seed42_eps0p75_ca0p7_w30_taw1p5.log - INFO - Round 141 | Global 0.6255 | Head 0.5987 | Middle 0.5950 | Tail 0.6930 | Hmean 0.6424 | ExpEvent 0 | ExpMass 0.019199 | best_tail 0.8207@140
2026-08-30 21:08:13,860 - ear_direct_cifar10_a_IF100_alpha0p5_h2_m4_seed42_eps0p75_ca0p7_w30_taw1p5.log - INFO - EAR Round 141 | targetExp 0 targetSamples 0 tailExpRate 0.6667 | gradShare 0.100138 | Retention proj 0.986742 -> 1.001657 (gain 0.014915) | cos 0.905274 -> 0.998930
2026-08-30 21:08:13,864 - ear_direct_cifar10_a_IF100_alpha0p5_h2_m4_seed42_eps0p75_ca0p7_w30_taw1p5.log - INFO - Round 142 selected clients: [0, 2, 9, 17]
2026-08-30 21:08:27,623 - ear_direct_cifar10_a_IF100_alpha0p5_h2_m4_seed42_eps0p75_ca0p7_w30_taw1p5.log - INFO - Round 142 | Global 0.6670 | Head 0.5793 | Middle 0.6562 | Tail 0.7690 | Hmean 0.6608 | ExpEvent 0 | ExpMass 0.032310 | best_tail 0.8207@140
2026-08-30 21:08:27,623 - ear_direct_cifar10_a_IF100_alpha0p5_h2_m4_seed42_eps0p75_ca0p7_w30_taw1p5.log - INFO - EAR Round 142 | targetExp 0 targetSamples 0 tailExpRate 0.6667 | gradShare 0.104214 | Retention proj 0.865473 -> 1.016815 (gain 0.151342) | cos 0.974749 -> 0.999727
2026-08-30 21:08:27,626 - ear_direct_cifar10_a_IF100_alpha0p5_h2_m4_seed42_eps0p75_ca0p7_w30_taw1p5.log - INFO - Round 143 selected clients: [1, 8, 13, 16]
2026-08-30 21:08:41,322 - ear_direct_cifar10_a_IF100_alpha0p5_h2_m4_seed42_eps0p75_ca0p7_w30_taw1p5.log - INFO - Round 143 | Global 0.6790 | Head 0.6813 | Middle 0.6490 | Tail 0.7167 | Hmean 0.6986 | ExpEvent 0 | ExpMass 0.000000 | best_tail 0.8207@140
2026-08-30 21:08:41,322 - ear_direct_cifar10_a_IF100_alpha0p5_h2_m4_seed42_eps0p75_ca0p7_w30_taw1p5.log - INFO - EAR Round 143 | targetExp 0 targetSamples 0 tailExpRate 0.0000 | gradShare 0.123024 | Retention proj 0.000000 -> 0.000000 (gain 0.000000) | cos 0.000000 -> 0.000000
2026-08-30 21:08:41,324 - ear_direct_cifar10_a_IF100_alpha0p5_h2_m4_seed42_eps0p75_ca0p7_w30_taw1p5.log - INFO - Round 144 selected clients: [6, 8, 12, 15]
2026-08-30 21:08:54,442 - ear_direct_cifar10_a_IF100_alpha0p5_h2_m4_seed42_eps0p75_ca0p7_w30_taw1p5.log - INFO - Round 144 | Global 0.6459 | Head 0.5293 | Middle 0.6605 | Tail 0.7430 | Hmean 0.6182 | ExpEvent 1 | ExpMass 0.026042 | best_tail 0.8207@140
2026-08-30 21:08:54,443 - ear_direct_cifar10_a_IF100_alpha0p5_h2_m4_seed42_eps0p75_ca0p7_w30_taw1p5.log - INFO - EAR Round 144 | targetExp 1 targetSamples 25 tailExpRate 1.0000 | gradShare 0.114635 | Retention proj 0.327091 -> 1.084114 (gain 0.757023) | cos 0.781687 -> 0.999513
2026-08-30 21:08:54,446 - ear_direct_cifar10_a_IF100_alpha0p5_h2_m4_seed42_eps0p75_ca0p7_w30_taw1p5.log - INFO - Round 145 selected clients: [2, 4, 7, 17]
2026-08-30 21:09:09,790 - ear_direct_cifar10_a_IF100_alpha0p5_h2_m4_seed42_eps0p75_ca0p7_w30_taw1p5.log - INFO - Round 145 | Global 0.6577 | Head 0.5417 | Middle 0.6733 | Tail 0.7530 | Hmean 0.6301 | ExpEvent 1 | ExpMass 0.039888 | best_tail 0.8207@140
2026-08-30 21:09:09,791 - ear_direct_cifar10_a_IF100_alpha0p5_h2_m4_seed42_eps0p75_ca0p7_w30_taw1p5.log - INFO - EAR Round 145 | targetExp 1 targetSamples 25 tailExpRate 1.0000 | gradShare 0.200936 | Retention proj 0.121844 -> 1.109771 (gain 0.987927) | cos 0.360555 -> 0.992313
2026-08-30 21:09:09,793 - ear_direct_cifar10_a_IF100_alpha0p5_h2_m4_seed42_eps0p75_ca0p7_w30_taw1p5.log - INFO - Round 146 selected clients: [0, 6, 8, 12]
2026-08-30 21:09:23,368 - ear_direct_cifar10_a_IF100_alpha0p5_h2_m4_seed42_eps0p75_ca0p7_w30_taw1p5.log - INFO - Round 146 | Global 0.6660 | Head 0.6277 | Middle 0.6448 | Tail 0.7327 | Hmean 0.6761 | ExpEvent 1 | ExpMass 0.025160 | best_tail 0.8207@140
2026-08-30 21:09:23,368 - ear_direct_cifar10_a_IF100_alpha0p5_h2_m4_seed42_eps0p75_ca0p7_w30_taw1p5.log - INFO - EAR Round 146 | targetExp 1 targetSamples 25 tailExpRate 1.0000 | gradShare 0.119843 | Retention proj 0.303757 -> 1.087030 (gain 0.783273) | cos 0.817897 -> 0.999743
2026-08-30 21:09:23,372 - ear_direct_cifar10_a_IF100_alpha0p5_h2_m4_seed42_eps0p75_ca0p7_w30_taw1p5.log - INFO - Round 147 selected clients: [1, 10, 12, 19]
2026-08-30 21:09:37,532 - ear_direct_cifar10_a_IF100_alpha0p5_h2_m4_seed42_eps0p75_ca0p7_w30_taw1p5.log - INFO - Round 147 | Global 0.6441 | Head 0.5810 | Middle 0.6330 | Tail 0.7220 | Hmean 0.6439 | ExpEvent 0 | ExpMass 0.012141 | best_tail 0.8207@140
2026-08-30 21:09:37,532 - ear_direct_cifar10_a_IF100_alpha0p5_h2_m4_seed42_eps0p75_ca0p7_w30_taw1p5.log - INFO - EAR Round 147 | targetExp 0 targetSamples 0 tailExpRate 0.6667 | gradShare 0.109273 | Retention proj 0.319959 -> 1.085005 (gain 0.765047) | cos 0.899675 -> 0.999853
2026-08-30 21:09:37,535 - ear_direct_cifar10_a_IF100_alpha0p5_h2_m4_seed42_eps0p75_ca0p7_w30_taw1p5.log - INFO - Round 148 selected clients: [0, 10, 11, 17]
2026-08-30 21:09:51,681 - ear_direct_cifar10_a_IF100_alpha0p5_h2_m4_seed42_eps0p75_ca0p7_w30_taw1p5.log - INFO - Round 148 | Global 0.6779 | Head 0.7130 | Middle 0.6438 | Tail 0.6883 | Hmean 0.7004 | ExpEvent 0 | ExpMass 0.019750 | best_tail 0.8207@140
2026-08-30 21:09:51,681 - ear_direct_cifar10_a_IF100_alpha0p5_h2_m4_seed42_eps0p75_ca0p7_w30_taw1p5.log - INFO - EAR Round 148 | targetExp 0 targetSamples 0 tailExpRate 0.6667 | gradShare 0.152474 | Retention proj 0.327543 -> 1.084057 (gain 0.756514) | cos 0.771695 -> 0.999266
2026-08-30 21:09:51,684 - ear_direct_cifar10_a_IF100_alpha0p5_h2_m4_seed42_eps0p75_ca0p7_w30_taw1p5.log - INFO - Round 149 selected clients: [1, 4, 7, 14]
2026-08-30 21:10:05,615 - ear_direct_cifar10_a_IF100_alpha0p5_h2_m4_seed42_eps0p75_ca0p7_w30_taw1p5.log - INFO - Round 149 | Global 0.6585 | Head 0.6843 | Middle 0.5952 | Tail 0.7170 | Hmean 0.7003 | ExpEvent 1 | ExpMass 0.009972 | best_tail 0.8207@140
2026-08-30 21:10:05,615 - ear_direct_cifar10_a_IF100_alpha0p5_h2_m4_seed42_eps0p75_ca0p7_w30_taw1p5.log - INFO - EAR Round 149 | targetExp 1 targetSamples 25 tailExpRate 0.3333 | gradShare 0.186956 | Retention proj 0.203010 -> 1.099624 (gain 0.896613) | cos 0.984911 -> 0.999992
2026-08-30 21:10:05,618 - ear_direct_cifar10_a_IF100_alpha0p5_h2_m4_seed42_eps0p75_ca0p7_w30_taw1p5.log - INFO - Round 150 selected clients: [11, 12, 18, 19]
2026-08-30 21:10:19,317 - ear_direct_cifar10_a_IF100_alpha0p5_h2_m4_seed42_eps0p75_ca0p7_w30_taw1p5.log - INFO - Round 150 | Global 0.6776 | Head 0.6553 | Middle 0.6350 | Tail 0.7567 | Hmean 0.7024 | ExpEvent 0 | ExpMass 0.023964 | best_tail 0.8207@140
2026-08-30 21:10:19,317 - ear_direct_cifar10_a_IF100_alpha0p5_h2_m4_seed42_eps0p75_ca0p7_w30_taw1p5.log - INFO - EAR Round 150 | targetExp 0 targetSamples 0 tailExpRate 0.6667 | gradShare 0.150660 | Retention proj 0.571967 -> 1.053504 (gain 0.481536) | cos 0.992448 -> 0.999982
2026-08-30 21:10:19,353 - ear_direct_cifar10_a_IF100_alpha0p5_h2_m4_seed42_eps0p75_ca0p7_w30_taw1p5.log - INFO - Checkpoint @150 | Global 0.6776 | Head 0.6553 | Middle 0.6350 | Tail 0.7567 | Hmean 0.7024
2026-08-30 21:10:19,354 - ear_direct_cifar10_a_IF100_alpha0p5_h2_m4_seed42_eps0p75_ca0p7_w30_taw1p5.log - INFO - Round 151 selected clients: [5, 6, 14, 15]
2026-08-30 21:10:33,061 - ear_direct_cifar10_a_IF100_alpha0p5_h2_m4_seed42_eps0p75_ca0p7_w30_taw1p5.log - INFO - Round 151 | Global 0.6157 | Head 0.4397 | Middle 0.6955 | Tail 0.6853 | Hmean 0.5357 | ExpEvent 1 | ExpMass 0.037260 | best_tail 0.8207@140
2026-08-30 21:10:33,062 - ear_direct_cifar10_a_IF100_alpha0p5_h2_m4_seed42_eps0p75_ca0p7_w30_taw1p5.log - INFO - EAR Round 151 | targetExp 1 targetSamples 25 tailExpRate 1.0000 | gradShare 0.175027 | Retention proj 0.672275 -> 1.040965 (gain 0.368690) | cos 0.972067 -> 0.999864
2026-08-30 21:10:33,064 - ear_direct_cifar10_a_IF100_alpha0p5_h2_m4_seed42_eps0p75_ca0p7_w30_taw1p5.log - INFO - Round 152 selected clients: [1, 10, 18, 19]
2026-08-30 21:10:46,761 - ear_direct_cifar10_a_IF100_alpha0p5_h2_m4_seed42_eps0p75_ca0p7_w30_taw1p5.log - INFO - Round 152 | Global 0.6188 | Head 0.5953 | Middle 0.5242 | Tail 0.7683 | Hmean 0.6708 | ExpEvent 0 | ExpMass 0.023549 | best_tail 0.8207@140
2026-08-30 21:10:46,762 - ear_direct_cifar10_a_IF100_alpha0p5_h2_m4_seed42_eps0p75_ca0p7_w30_taw1p5.log - INFO - EAR Round 152 | targetExp 0 targetSamples 0 tailExpRate 0.6667 | gradShare 0.109438 | Retention proj 0.419154 -> 1.072606 (gain 0.653452) | cos 0.994726 -> 0.999987
2026-08-30 21:10:46,764 - ear_direct_cifar10_a_IF100_alpha0p5_h2_m4_seed42_eps0p75_ca0p7_w30_taw1p5.log - INFO - Round 153 selected clients: [0, 4, 10, 19]
2026-08-30 21:11:00,553 - ear_direct_cifar10_a_IF100_alpha0p5_h2_m4_seed42_eps0p75_ca0p7_w30_taw1p5.log - INFO - Round 153 | Global 0.6451 | Head 0.6060 | Middle 0.5805 | Tail 0.7703 | Hmean 0.6783 | ExpEvent 1 | ExpMass 0.021626 | best_tail 0.8207@140
2026-08-30 21:11:00,555 - ear_direct_cifar10_a_IF100_alpha0p5_h2_m4_seed42_eps0p75_ca0p7_w30_taw1p5.log - INFO - EAR Round 153 | targetExp 1 targetSamples 25 tailExpRate 1.0000 | gradShare 0.180805 | Retention proj -0.024732 -> 1.128092 (gain 1.152824) | cos 0.129342 -> 0.999120
2026-08-30 21:11:00,557 - ear_direct_cifar10_a_IF100_alpha0p5_h2_m4_seed42_eps0p75_ca0p7_w30_taw1p5.log - INFO - Round 154 selected clients: [2, 9, 15, 18]
2026-08-30 21:11:14,211 - ear_direct_cifar10_a_IF100_alpha0p5_h2_m4_seed42_eps0p75_ca0p7_w30_taw1p5.log - INFO - Round 154 | Global 0.6384 | Head 0.4917 | Middle 0.6198 | Tail 0.8100 | Hmean 0.6119 | ExpEvent 0 | ExpMass 0.025203 | best_tail 0.8207@140
2026-08-30 21:11:14,212 - ear_direct_cifar10_a_IF100_alpha0p5_h2_m4_seed42_eps0p75_ca0p7_w30_taw1p5.log - INFO - EAR Round 154 | targetExp 0 targetSamples 0 tailExpRate 0.6667 | gradShare 0.080404 | Retention proj 0.794607 -> 1.025674 (gain 0.231067) | cos 0.992691 -> 0.999963
2026-08-30 21:11:14,214 - ear_direct_cifar10_a_IF100_alpha0p5_h2_m4_seed42_eps0p75_ca0p7_w30_taw1p5.log - INFO - Round 155 selected clients: [1, 5, 14, 15]
2026-08-30 21:11:27,909 - ear_direct_cifar10_a_IF100_alpha0p5_h2_m4_seed42_eps0p75_ca0p7_w30_taw1p5.log - INFO - Round 155 | Global 0.6740 | Head 0.6180 | Middle 0.6760 | Tail 0.7273 | Hmean 0.6682 | ExpEvent 0 | ExpMass 0.012530 | best_tail 0.8207@140
2026-08-30 21:11:27,910 - ear_direct_cifar10_a_IF100_alpha0p5_h2_m4_seed42_eps0p75_ca0p7_w30_taw1p5.log - INFO - EAR Round 155 | targetExp 0 targetSamples 0 tailExpRate 0.6667 | gradShare 0.130477 | Retention proj 0.607216 -> 1.049098 (gain 0.441882) | cos 0.987614 -> 0.999923
2026-08-30 21:11:27,912 - ear_direct_cifar10_a_IF100_alpha0p5_h2_m4_seed42_eps0p75_ca0p7_w30_taw1p5.log - INFO - Round 156 selected clients: [2, 4, 14, 19]
2026-08-30 21:11:41,716 - ear_direct_cifar10_a_IF100_alpha0p5_h2_m4_seed42_eps0p75_ca0p7_w30_taw1p5.log - INFO - Round 156 | Global 0.6627 | Head 0.5663 | Middle 0.6500 | Tail 0.7760 | Hmean 0.6548 | ExpEvent 1 | ExpMass 0.032038 | best_tail 0.8207@140
2026-08-30 21:11:41,716 - ear_direct_cifar10_a_IF100_alpha0p5_h2_m4_seed42_eps0p75_ca0p7_w30_taw1p5.log - INFO - EAR Round 156 | targetExp 1 targetSamples 25 tailExpRate 1.0000 | gradShare 0.211814 | Retention proj 0.183766 -> 1.102029 (gain 0.918263) | cos 0.720833 -> 0.999793
2026-08-30 21:11:41,720 - ear_direct_cifar10_a_IF100_alpha0p5_h2_m4_seed42_eps0p75_ca0p7_w30_taw1p5.log - INFO - Round 157 selected clients: [10, 11, 16, 18]
2026-08-30 21:11:55,416 - ear_direct_cifar10_a_IF100_alpha0p5_h2_m4_seed42_eps0p75_ca0p7_w30_taw1p5.log - INFO - Round 157 | Global 0.6743 | Head 0.6560 | Middle 0.6445 | Tail 0.7323 | Hmean 0.6921 | ExpEvent 0 | ExpMass 0.011731 | best_tail 0.8207@140
2026-08-30 21:11:55,417 - ear_direct_cifar10_a_IF100_alpha0p5_h2_m4_seed42_eps0p75_ca0p7_w30_taw1p5.log - INFO - EAR Round 157 | targetExp 0 targetSamples 0 tailExpRate 0.6667 | gradShare 0.192155 | Retention proj 0.101745 -> 1.112283 (gain 1.010537) | cos 0.353426 -> 0.999372
2026-08-30 21:11:55,419 - ear_direct_cifar10_a_IF100_alpha0p5_h2_m4_seed42_eps0p75_ca0p7_w30_taw1p5.log - INFO - Round 158 selected clients: [0, 1, 11, 17]
2026-08-30 21:12:09,109 - ear_direct_cifar10_a_IF100_alpha0p5_h2_m4_seed42_eps0p75_ca0p7_w30_taw1p5.log - INFO - Round 158 | Global 0.6759 | Head 0.6360 | Middle 0.6408 | Tail 0.7627 | Hmean 0.6936 | ExpEvent 0 | ExpMass 0.019742 | best_tail 0.8207@140
2026-08-30 21:12:09,109 - ear_direct_cifar10_a_IF100_alpha0p5_h2_m4_seed42_eps0p75_ca0p7_w30_taw1p5.log - INFO - EAR Round 158 | targetExp 0 targetSamples 0 tailExpRate 0.6667 | gradShare 0.149643 | Retention proj 0.253927 -> 1.093259 (gain 0.839332) | cos 0.671153 -> 0.999805
2026-08-30 21:12:09,112 - ear_direct_cifar10_a_IF100_alpha0p5_h2_m4_seed42_eps0p75_ca0p7_w30_taw1p5.log - INFO - Round 159 selected clients: [4, 8, 10, 19]
2026-08-30 21:12:22,889 - ear_direct_cifar10_a_IF100_alpha0p5_h2_m4_seed42_eps0p75_ca0p7_w30_taw1p5.log - INFO - Round 159 | Global 0.6739 | Head 0.6380 | Middle 0.6268 | Tail 0.7727 | Hmean 0.6989 | ExpEvent 1 | ExpMass 0.021635 | best_tail 0.8207@140
2026-08-30 21:12:22,889 - ear_direct_cifar10_a_IF100_alpha0p5_h2_m4_seed42_eps0p75_ca0p7_w30_taw1p5.log - INFO - EAR Round 159 | targetExp 1 targetSamples 25 tailExpRate 1.0000 | gradShare 0.201294 | Retention proj 0.075521 -> 1.115560 (gain 1.040040) | cos 0.475717 -> 0.999785
2026-08-30 21:12:22,893 - ear_direct_cifar10_a_IF100_alpha0p5_h2_m4_seed42_eps0p75_ca0p7_w30_taw1p5.log - INFO - Round 160 selected clients: [2, 5, 12, 19]
2026-08-30 21:12:36,698 - ear_direct_cifar10_a_IF100_alpha0p5_h2_m4_seed42_eps0p75_ca0p7_w30_taw1p5.log - INFO - Round 160 | Global 0.6221 | Head 0.5093 | Middle 0.5693 | Tail 0.8053 | Hmean 0.6240 | ExpEvent 0 | ExpMass 0.034399 | best_tail 0.8207@140
2026-08-30 21:12:36,698 - ear_direct_cifar10_a_IF100_alpha0p5_h2_m4_seed42_eps0p75_ca0p7_w30_taw1p5.log - INFO - EAR Round 160 | targetExp 0 targetSamples 0 tailExpRate 0.6667 | gradShare 0.125316 | Retention proj 0.994326 -> 1.000709 (gain 0.006383) | cos 0.945923 -> 0.999023
2026-08-30 21:12:36,733 - ear_direct_cifar10_a_IF100_alpha0p5_h2_m4_seed42_eps0p75_ca0p7_w30_taw1p5.log - INFO - Checkpoint @160 | Global 0.6221 | Head 0.5093 | Middle 0.5693 | Tail 0.8053 | Hmean 0.6240
2026-08-30 21:12:36,733 - ear_direct_cifar10_a_IF100_alpha0p5_h2_m4_seed42_eps0p75_ca0p7_w30_taw1p5.log - INFO - Round 161 selected clients: [9, 14, 17, 18]
2026-08-30 21:12:50,571 - ear_direct_cifar10_a_IF100_alpha0p5_h2_m4_seed42_eps0p75_ca0p7_w30_taw1p5.log - INFO - Round 161 | Global 0.6352 | Head 0.5320 | Middle 0.6448 | Tail 0.7257 | Hmean 0.6139 | ExpEvent 0 | ExpMass 0.033658 | best_tail 0.8207@140
2026-08-30 21:12:50,572 - ear_direct_cifar10_a_IF100_alpha0p5_h2_m4_seed42_eps0p75_ca0p7_w30_taw1p5.log - INFO - EAR Round 161 | targetExp 0 targetSamples 0 tailExpRate 0.6667 | gradShare 0.171654 | Retention proj 0.831817 -> 1.021023 (gain 0.189206) | cos 0.995771 -> 0.999955
2026-08-30 21:12:50,574 - ear_direct_cifar10_a_IF100_alpha0p5_h2_m4_seed42_eps0p75_ca0p7_w30_taw1p5.log - INFO - Round 162 selected clients: [2, 7, 14, 15]
2026-08-30 21:13:04,517 - ear_direct_cifar10_a_IF100_alpha0p5_h2_m4_seed42_eps0p75_ca0p7_w30_taw1p5.log - INFO - Round 162 | Global 0.6746 | Head 0.6383 | Middle 0.6795 | Tail 0.7043 | Hmean 0.6697 | ExpEvent 0 | ExpMass 0.011318 | best_tail 0.8207@140
2026-08-30 21:13:04,518 - ear_direct_cifar10_a_IF100_alpha0p5_h2_m4_seed42_eps0p75_ca0p7_w30_taw1p5.log - INFO - EAR Round 162 | targetExp 0 targetSamples 0 tailExpRate 0.6667 | gradShare 0.155179 | Retention proj 0.305355 -> 1.086831 (gain 0.781476) | cos 0.324891 -> 0.999852
2026-08-30 21:13:04,520 - ear_direct_cifar10_a_IF100_alpha0p5_h2_m4_seed42_eps0p75_ca0p7_w30_taw1p5.log - INFO - Round 163 selected clients: [6, 11, 12, 17]
2026-08-30 21:13:18,037 - ear_direct_cifar10_a_IF100_alpha0p5_h2_m4_seed42_eps0p75_ca0p7_w30_taw1p5.log - INFO - Round 163 | Global 0.6063 | Head 0.3987 | Middle 0.6405 | Tail 0.7683 | Hmean 0.5250 | ExpEvent 1 | ExpMass 0.044746 | best_tail 0.8207@140
2026-08-30 21:13:18,037 - ear_direct_cifar10_a_IF100_alpha0p5_h2_m4_seed42_eps0p75_ca0p7_w30_taw1p5.log - INFO - EAR Round 163 | targetExp 1 targetSamples 25 tailExpRate 1.0000 | gradShare 0.194650 | Retention proj 0.416529 -> 1.072934 (gain 0.656405) | cos 0.908260 -> 0.999895
2026-08-30 21:13:18,039 - ear_direct_cifar10_a_IF100_alpha0p5_h2_m4_seed42_eps0p75_ca0p7_w30_taw1p5.log - INFO - Round 164 selected clients: [6, 10, 13, 15]
2026-08-30 21:13:31,080 - ear_direct_cifar10_a_IF100_alpha0p5_h2_m4_seed42_eps0p75_ca0p7_w30_taw1p5.log - INFO - Round 164 | Global 0.6435 | Head 0.5130 | Middle 0.6577 | Tail 0.7550 | Hmean 0.6109 | ExpEvent 1 | ExpMass 0.025641 | best_tail 0.8207@140
2026-08-30 21:13:31,080 - ear_direct_cifar10_a_IF100_alpha0p5_h2_m4_seed42_eps0p75_ca0p7_w30_taw1p5.log - INFO - EAR Round 164 | targetExp 1 targetSamples 25 tailExpRate 1.0000 | gradShare 0.172579 | Retention proj 0.432832 -> 1.070896 (gain 0.638064) | cos 0.788694 -> 0.999593
2026-08-30 21:13:31,083 - ear_direct_cifar10_a_IF100_alpha0p5_h2_m4_seed42_eps0p75_ca0p7_w30_taw1p5.log - INFO - Round 165 selected clients: [7, 9, 15, 17]
2026-08-30 21:13:44,068 - ear_direct_cifar10_a_IF100_alpha0p5_h2_m4_seed42_eps0p75_ca0p7_w30_taw1p5.log - INFO - Round 165 | Global 0.6664 | Head 0.6163 | Middle 0.6733 | Tail 0.7073 | Hmean 0.6587 | ExpEvent 0 | ExpMass 0.022700 | best_tail 0.8207@140
2026-08-30 21:13:44,068 - ear_direct_cifar10_a_IF100_alpha0p5_h2_m4_seed42_eps0p75_ca0p7_w30_taw1p5.log - INFO - EAR Round 165 | targetExp 0 targetSamples 0 tailExpRate 0.6667 | gradShare 0.135605 | Retention proj 0.882816 -> 1.014648 (gain 0.131832) | cos 0.979568 -> 0.999730
2026-08-30 21:13:44,072 - ear_direct_cifar10_a_IF100_alpha0p5_h2_m4_seed42_eps0p75_ca0p7_w30_taw1p5.log - INFO - Round 166 selected clients: [1, 12, 14, 16]
2026-08-30 21:13:57,214 - ear_direct_cifar10_a_IF100_alpha0p5_h2_m4_seed42_eps0p75_ca0p7_w30_taw1p5.log - INFO - Round 166 | Global 0.6913 | Head 0.7197 | Middle 0.6675 | Tail 0.6947 | Hmean 0.7070 | ExpEvent 0 | ExpMass 0.000403 | best_tail 0.8207@140
2026-08-30 21:13:57,214 - ear_direct_cifar10_a_IF100_alpha0p5_h2_m4_seed42_eps0p75_ca0p7_w30_taw1p5.log - INFO - EAR Round 166 | targetExp 0 targetSamples 0 tailExpRate 0.3333 | gradShare 0.127830 | Retention proj 0.546078 -> 1.056741 (gain 0.510664) | cos 0.985277 -> 0.999937
2026-08-30 21:13:57,218 - ear_direct_cifar10_a_IF100_alpha0p5_h2_m4_seed42_eps0p75_ca0p7_w30_taw1p5.log - INFO - Round 167 selected clients: [4, 9, 10, 18]
2026-08-30 21:14:10,523 - ear_direct_cifar10_a_IF100_alpha0p5_h2_m4_seed42_eps0p75_ca0p7_w30_taw1p5.log - INFO - Round 167 | Global 0.6622 | Head 0.5723 | Middle 0.6695 | Tail 0.7423 | Hmean 0.6463 | ExpEvent 1 | ExpMass 0.023676 | best_tail 0.8207@140
2026-08-30 21:14:10,523 - ear_direct_cifar10_a_IF100_alpha0p5_h2_m4_seed42_eps0p75_ca0p7_w30_taw1p5.log - INFO - EAR Round 167 | targetExp 1 targetSamples 25 tailExpRate 1.0000 | gradShare 0.158566 | Retention proj 0.140315 -> 1.107461 (gain 0.967146) | cos 0.575897 -> 0.999609
2026-08-30 21:14:10,526 - ear_direct_cifar10_a_IF100_alpha0p5_h2_m4_seed42_eps0p75_ca0p7_w30_taw1p5.log - INFO - Round 168 selected clients: [0, 3, 4, 15]
2026-08-30 21:14:23,438 - ear_direct_cifar10_a_IF100_alpha0p5_h2_m4_seed42_eps0p75_ca0p7_w30_taw1p5.log - INFO - Round 168 | Global 0.6614 | Head 0.6190 | Middle 0.6368 | Tail 0.7367 | Hmean 0.6727 | ExpEvent 1 | ExpMass 0.016901 | best_tail 0.8207@140
2026-08-30 21:14:23,438 - ear_direct_cifar10_a_IF100_alpha0p5_h2_m4_seed42_eps0p75_ca0p7_w30_taw1p5.log - INFO - EAR Round 168 | targetExp 1 targetSamples 25 tailExpRate 1.0000 | gradShare 0.145752 | Retention proj 0.178141 -> 1.102732 (gain 0.924591) | cos 0.069692 -> 0.996916
2026-08-30 21:14:23,440 - ear_direct_cifar10_a_IF100_alpha0p5_h2_m4_seed42_eps0p75_ca0p7_w30_taw1p5.log - INFO - Round 169 selected clients: [0, 1, 9, 16]
2026-08-30 21:14:36,566 - ear_direct_cifar10_a_IF100_alpha0p5_h2_m4_seed42_eps0p75_ca0p7_w30_taw1p5.log - INFO - Round 169 | Global 0.6626 | Head 0.6230 | Middle 0.6300 | Tail 0.7457 | Hmean 0.6789 | ExpEvent 0 | ExpMass 0.002019 | best_tail 0.8207@140
2026-08-30 21:14:36,566 - ear_direct_cifar10_a_IF100_alpha0p5_h2_m4_seed42_eps0p75_ca0p7_w30_taw1p5.log - INFO - EAR Round 169 | targetExp 0 targetSamples 0 tailExpRate 0.6667 | gradShare 0.091012 | Retention proj 0.286913 -> 1.089136 (gain 0.802223) | cos 0.498890 -> 0.999818
2026-08-30 21:14:36,568 - ear_direct_cifar10_a_IF100_alpha0p5_h2_m4_seed42_eps0p75_ca0p7_w30_taw1p5.log - INFO - Round 170 selected clients: [5, 9, 11, 14]
2026-08-30 21:14:50,351 - ear_direct_cifar10_a_IF100_alpha0p5_h2_m4_seed42_eps0p75_ca0p7_w30_taw1p5.log - INFO - Round 170 | Global 0.6783 | Head 0.7060 | Middle 0.6555 | Tail 0.6810 | Hmean 0.6933 | ExpEvent 0 | ExpMass 0.013743 | best_tail 0.8207@140
2026-08-30 21:14:50,351 - ear_direct_cifar10_a_IF100_alpha0p5_h2_m4_seed42_eps0p75_ca0p7_w30_taw1p5.log - INFO - EAR Round 170 | targetExp 0 targetSamples 0 tailExpRate 0.6667 | gradShare 0.194177 | Retention proj 0.523267 -> 1.059591 (gain 0.536324) | cos 0.972642 -> 0.999872
2026-08-30 21:14:50,376 - ear_direct_cifar10_a_IF100_alpha0p5_h2_m4_seed42_eps0p75_ca0p7_w30_taw1p5.log - INFO - Checkpoint @170 | Global 0.6783 | Head 0.7060 | Middle 0.6555 | Tail 0.6810 | Hmean 0.6933
2026-08-30 21:14:50,376 - ear_direct_cifar10_a_IF100_alpha0p5_h2_m4_seed42_eps0p75_ca0p7_w30_taw1p5.log - INFO - Round 171 selected clients: [5, 6, 7, 12]
2026-08-30 21:15:03,621 - ear_direct_cifar10_a_IF100_alpha0p5_h2_m4_seed42_eps0p75_ca0p7_w30_taw1p5.log - INFO - Round 171 | Global 0.6599 | Head 0.5537 | Middle 0.6717 | Tail 0.7503 | Hmean 0.6372 | ExpEvent 1 | ExpMass 0.036756 | best_tail 0.8207@140
2026-08-30 21:15:03,621 - ear_direct_cifar10_a_IF100_alpha0p5_h2_m4_seed42_eps0p75_ca0p7_w30_taw1p5.log - INFO - EAR Round 171 | targetExp 1 targetSamples 25 tailExpRate 1.0000 | gradShare 0.152710 | Retention proj 0.525774 -> 1.059277 (gain 0.533502) | cos 0.989524 -> 0.999972
2026-08-30 21:15:03,624 - ear_direct_cifar10_a_IF100_alpha0p5_h2_m4_seed42_eps0p75_ca0p7_w30_taw1p5.log - INFO - Round 172 selected clients: [9, 10, 11, 13]
2026-08-30 21:15:16,878 - ear_direct_cifar10_a_IF100_alpha0p5_h2_m4_seed42_eps0p75_ca0p7_w30_taw1p5.log - INFO - Round 172 | Global 0.6880 | Head 0.6993 | Middle 0.6750 | Tail 0.6940 | Hmean 0.6966 | ExpEvent 0 | ExpMass 0.002021 | best_tail 0.8207@140
2026-08-30 21:15:16,878 - ear_direct_cifar10_a_IF100_alpha0p5_h2_m4_seed42_eps0p75_ca0p7_w30_taw1p5.log - INFO - EAR Round 172 | targetExp 0 targetSamples 0 tailExpRate 0.6667 | gradShare 0.161205 | Retention proj 0.228938 -> 1.096385 (gain 0.867447) | cos 0.455223 -> 0.999814
2026-08-30 21:15:16,881 - ear_direct_cifar10_a_IF100_alpha0p5_h2_m4_seed42_eps0p75_ca0p7_w30_taw1p5.log - INFO - Round 173 selected clients: [4, 9, 13, 16]
2026-08-30 21:15:30,208 - ear_direct_cifar10_a_IF100_alpha0p5_h2_m4_seed42_eps0p75_ca0p7_w30_taw1p5.log - INFO - Round 173 | Global 0.6357 | Head 0.5713 | Middle 0.6175 | Tail 0.7243 | Hmean 0.6388 | ExpEvent 1 | ExpMass 0.012000 | best_tail 0.8207@140
2026-08-30 21:15:30,208 - ear_direct_cifar10_a_IF100_alpha0p5_h2_m4_seed42_eps0p75_ca0p7_w30_taw1p5.log - INFO - EAR Round 173 | targetExp 1 targetSamples 25 tailExpRate 1.0000 | gradShare 0.183986 | Retention proj -0.047164 -> 1.130896 (gain 1.178060) | cos 0.491766 -> 0.986364
2026-08-30 21:15:30,211 - ear_direct_cifar10_a_IF100_alpha0p5_h2_m4_seed42_eps0p75_ca0p7_w30_taw1p5.log - INFO - Round 174 selected clients: [1, 3, 6, 15]
2026-08-30 21:15:43,767 - ear_direct_cifar10_a_IF100_alpha0p5_h2_m4_seed42_eps0p75_ca0p7_w30_taw1p5.log - INFO - Round 174 | Global 0.6655 | Head 0.6013 | Middle 0.6352 | Tail 0.7700 | Hmean 0.6753 | ExpEvent 1 | ExpMass 0.031829 | best_tail 0.8207@140
2026-08-30 21:15:43,768 - ear_direct_cifar10_a_IF100_alpha0p5_h2_m4_seed42_eps0p75_ca0p7_w30_taw1p5.log - INFO - EAR Round 174 | targetExp 1 targetSamples 25 tailExpRate 1.0000 | gradShare 0.117881 | Retention proj 0.561213 -> 1.054849 (gain 0.493636) | cos 0.971879 -> 0.999887
2026-08-30 21:15:43,770 - ear_direct_cifar10_a_IF100_alpha0p5_h2_m4_seed42_eps0p75_ca0p7_w30_taw1p5.log - INFO - Round 175 selected clients: [2, 8, 9, 11]
2026-08-30 21:15:56,501 - ear_direct_cifar10_a_IF100_alpha0p5_h2_m4_seed42_eps0p75_ca0p7_w30_taw1p5.log - INFO - Round 175 | Global 0.6723 | Head 0.6467 | Middle 0.6770 | Tail 0.6917 | Hmean 0.6684 | ExpEvent 0 | ExpMass 0.012525 | best_tail 0.8207@140
2026-08-30 21:15:56,502 - ear_direct_cifar10_a_IF100_alpha0p5_h2_m4_seed42_eps0p75_ca0p7_w30_taw1p5.log - INFO - EAR Round 175 | targetExp 0 targetSamples 0 tailExpRate 0.6667 | gradShare 0.121099 | Retention proj 0.446920 -> 1.069134 (gain 0.622214) | cos 0.987673 -> 0.999965
2026-08-30 21:15:56,506 - ear_direct_cifar10_a_IF100_alpha0p5_h2_m4_seed42_eps0p75_ca0p7_w30_taw1p5.log - INFO - Round 176 selected clients: [1, 3, 5, 12]
2026-08-30 21:16:09,417 - ear_direct_cifar10_a_IF100_alpha0p5_h2_m4_seed42_eps0p75_ca0p7_w30_taw1p5.log - INFO - Round 176 | Global 0.6807 | Head 0.6097 | Middle 0.6597 | Tail 0.7797 | Hmean 0.6843 | ExpEvent 0 | ExpMass 0.018248 | best_tail 0.8207@140
2026-08-30 21:16:09,418 - ear_direct_cifar10_a_IF100_alpha0p5_h2_m4_seed42_eps0p75_ca0p7_w30_taw1p5.log - INFO - EAR Round 176 | targetExp 0 targetSamples 0 tailExpRate 0.6667 | gradShare 0.113785 | Retention proj 0.546642 -> 1.056670 (gain 0.510028) | cos 0.784164 -> 0.999687
2026-08-30 21:16:09,421 - ear_direct_cifar10_a_IF100_alpha0p5_h2_m4_seed42_eps0p75_ca0p7_w30_taw1p5.log - INFO - Round 177 selected clients: [5, 8, 10, 18]
2026-08-30 21:16:22,265 - ear_direct_cifar10_a_IF100_alpha0p5_h2_m4_seed42_eps0p75_ca0p7_w30_taw1p5.log - INFO - Round 177 | Global 0.6852 | Head 0.6587 | Middle 0.6743 | Tail 0.7263 | Hmean 0.6909 | ExpEvent 0 | ExpMass 0.023463 | best_tail 0.8207@140
2026-08-30 21:16:22,265 - ear_direct_cifar10_a_IF100_alpha0p5_h2_m4_seed42_eps0p75_ca0p7_w30_taw1p5.log - INFO - EAR Round 177 | targetExp 0 targetSamples 0 tailExpRate 0.6667 | gradShare 0.146080 | Retention proj 0.461420 -> 1.067323 (gain 0.605903) | cos 0.987241 -> 0.999965
2026-08-30 21:16:22,267 - ear_direct_cifar10_a_IF100_alpha0p5_h2_m4_seed42_eps0p75_ca0p7_w30_taw1p5.log - INFO - Round 178 selected clients: [5, 6, 7, 9]
2026-08-30 21:16:35,227 - ear_direct_cifar10_a_IF100_alpha0p5_h2_m4_seed42_eps0p75_ca0p7_w30_taw1p5.log - INFO - Round 178 | Global 0.6623 | Head 0.6077 | Middle 0.6723 | Tail 0.7037 | Hmean 0.6522 | ExpEvent 1 | ExpMass 0.038446 | best_tail 0.8207@140
2026-08-30 21:16:35,228 - ear_direct_cifar10_a_IF100_alpha0p5_h2_m4_seed42_eps0p75_ca0p7_w30_taw1p5.log - INFO - EAR Round 178 | targetExp 1 targetSamples 25 tailExpRate 1.0000 | gradShare 0.142922 | Retention proj 0.646686 -> 1.044165 (gain 0.397478) | cos 0.944549 -> 0.999817
2026-08-30 21:16:35,232 - ear_direct_cifar10_a_IF100_alpha0p5_h2_m4_seed42_eps0p75_ca0p7_w30_taw1p5.log - INFO - Round 179 selected clients: [3, 4, 7, 13]
2026-08-30 21:16:48,479 - ear_direct_cifar10_a_IF100_alpha0p5_h2_m4_seed42_eps0p75_ca0p7_w30_taw1p5.log - INFO - Round 179 | Global 0.6619 | Head 0.6197 | Middle 0.6498 | Tail 0.7203 | Hmean 0.6662 | ExpEvent 1 | ExpMass 0.016058 | best_tail 0.8207@140
2026-08-30 21:16:48,479 - ear_direct_cifar10_a_IF100_alpha0p5_h2_m4_seed42_eps0p75_ca0p7_w30_taw1p5.log - INFO - EAR Round 179 | targetExp 1 targetSamples 25 tailExpRate 1.0000 | gradShare 0.196025 | Retention proj 0.135625 -> 1.108047 (gain 0.972422) | cos 0.481189 -> 0.994689
2026-08-30 21:16:48,482 - ear_direct_cifar10_a_IF100_alpha0p5_h2_m4_seed42_eps0p75_ca0p7_w30_taw1p5.log - INFO - Round 180 selected clients: [3, 9, 10, 17]
2026-08-30 21:17:01,259 - ear_direct_cifar10_a_IF100_alpha0p5_h2_m4_seed42_eps0p75_ca0p7_w30_taw1p5.log - INFO - Round 180 | Global 0.6765 | Head 0.6487 | Middle 0.6605 | Tail 0.7257 | Hmean 0.6850 | ExpEvent 0 | ExpMass 0.028060 | best_tail 0.8207@140
2026-08-30 21:17:01,259 - ear_direct_cifar10_a_IF100_alpha0p5_h2_m4_seed42_eps0p75_ca0p7_w30_taw1p5.log - INFO - EAR Round 180 | targetExp 0 targetSamples 0 tailExpRate 0.6667 | gradShare 0.158100 | Retention proj 0.768073 -> 1.028990 (gain 0.260918) | cos 0.998796 -> 0.999989
2026-08-30 21:17:01,283 - ear_direct_cifar10_a_IF100_alpha0p5_h2_m4_seed42_eps0p75_ca0p7_w30_taw1p5.log - INFO - Checkpoint @180 | Global 0.6765 | Head 0.6487 | Middle 0.6605 | Tail 0.7257 | Hmean 0.6850
2026-08-30 21:17:01,283 - ear_direct_cifar10_a_IF100_alpha0p5_h2_m4_seed42_eps0p75_ca0p7_w30_taw1p5.log - INFO - Round 181 selected clients: [0, 11, 14, 18]
2026-08-30 21:17:14,055 - ear_direct_cifar10_a_IF100_alpha0p5_h2_m4_seed42_eps0p75_ca0p7_w30_taw1p5.log - INFO - Round 181 | Global 0.6490 | Head 0.6433 | Middle 0.6265 | Tail 0.6847 | Hmean 0.6634 | ExpEvent 0 | ExpMass 0.011727 | best_tail 0.8207@140
2026-08-30 21:17:14,056 - ear_direct_cifar10_a_IF100_alpha0p5_h2_m4_seed42_eps0p75_ca0p7_w30_taw1p5.log - INFO - EAR Round 181 | targetExp 0 targetSamples 0 tailExpRate 0.6667 | gradShare 0.189016 | Retention proj 0.190729 -> 1.101159 (gain 0.910430) | cos 0.972670 -> 0.999988
2026-08-30 21:17:14,059 - ear_direct_cifar10_a_IF100_alpha0p5_h2_m4_seed42_eps0p75_ca0p7_w30_taw1p5.log - INFO - Round 182 selected clients: [2, 8, 17, 18]
2026-08-30 21:17:27,106 - ear_direct_cifar10_a_IF100_alpha0p5_h2_m4_seed42_eps0p75_ca0p7_w30_taw1p5.log - INFO - Round 182 | Global 0.6769 | Head 0.5807 | Middle 0.6725 | Tail 0.7790 | Hmean 0.6654 | ExpEvent 0 | ExpMass 0.042054 | best_tail 0.8207@140
2026-08-30 21:17:27,107 - ear_direct_cifar10_a_IF100_alpha0p5_h2_m4_seed42_eps0p75_ca0p7_w30_taw1p5.log - INFO - EAR Round 182 | targetExp 0 targetSamples 0 tailExpRate 0.6667 | gradShare 0.146848 | Retention proj 0.729109 -> 1.033861 (gain 0.304752) | cos 0.999809 -> 0.999999
2026-08-30 21:17:27,110 - ear_direct_cifar10_a_IF100_alpha0p5_h2_m4_seed42_eps0p75_ca0p7_w30_taw1p5.log - INFO - Round 183 selected clients: [6, 8, 12, 18]
2026-08-30 21:17:40,433 - ear_direct_cifar10_a_IF100_alpha0p5_h2_m4_seed42_eps0p75_ca0p7_w30_taw1p5.log - INFO - Round 183 | Global 0.6579 | Head 0.5347 | Middle 0.6355 | Tail 0.8110 | Hmean 0.6445 | ExpEvent 1 | ExpMass 0.036874 | best_tail 0.8207@140
2026-08-30 21:17:40,433 - ear_direct_cifar10_a_IF100_alpha0p5_h2_m4_seed42_eps0p75_ca0p7_w30_taw1p5.log - INFO - EAR Round 183 | targetExp 1 targetSamples 25 tailExpRate 1.0000 | gradShare 0.134711 | Retention proj 0.529286 -> 1.058841 (gain 0.529554) | cos 0.806165 -> 0.999258
2026-08-30 21:17:40,435 - ear_direct_cifar10_a_IF100_alpha0p5_h2_m4_seed42_eps0p75_ca0p7_w30_taw1p5.log - INFO - Round 184 selected clients: [0, 8, 9, 18]
2026-08-30 21:17:53,653 - ear_direct_cifar10_a_IF100_alpha0p5_h2_m4_seed42_eps0p75_ca0p7_w30_taw1p5.log - INFO - Round 184 | Global 0.6576 | Head 0.5877 | Middle 0.6428 | Tail 0.7473 | Hmean 0.6580 | ExpEvent 0 | ExpMass 0.013782 | best_tail 0.8207@140
2026-08-30 21:17:53,653 - ear_direct_cifar10_a_IF100_alpha0p5_h2_m4_seed42_eps0p75_ca0p7_w30_taw1p5.log - INFO - EAR Round 184 | targetExp 0 targetSamples 0 tailExpRate 0.6667 | gradShare 0.087789 | Retention proj 0.583566 -> 1.052053 (gain 0.468487) | cos 0.907766 -> 0.999778
2026-08-30 21:17:53,656 - ear_direct_cifar10_a_IF100_alpha0p5_h2_m4_seed42_eps0p75_ca0p7_w30_taw1p5.log - INFO - Round 185 selected clients: [7, 8, 10, 12]
2026-08-30 21:18:06,551 - ear_direct_cifar10_a_IF100_alpha0p5_h2_m4_seed42_eps0p75_ca0p7_w30_taw1p5.log - INFO - Round 185 | Global 0.6819 | Head 0.7117 | Middle 0.6465 | Tail 0.6993 | Hmean 0.7054 | ExpEvent 0 | ExpMass 0.000403 | best_tail 0.8207@140
2026-08-30 21:18:06,552 - ear_direct_cifar10_a_IF100_alpha0p5_h2_m4_seed42_eps0p75_ca0p7_w30_taw1p5.log - INFO - EAR Round 185 | targetExp 0 targetSamples 0 tailExpRate 0.3333 | gradShare 0.141085 | Retention proj 0.417702 -> 1.072787 (gain 0.655085) | cos 0.987531 -> 0.999970
2026-08-30 21:18:06,555 - ear_direct_cifar10_a_IF100_alpha0p5_h2_m4_seed42_eps0p75_ca0p7_w30_taw1p5.log - INFO - Round 186 selected clients: [7, 9, 10, 14]
2026-08-30 21:18:19,943 - ear_direct_cifar10_a_IF100_alpha0p5_h2_m4_seed42_eps0p75_ca0p7_w30_taw1p5.log - INFO - Round 186 | Global 0.6670 | Head 0.6953 | Middle 0.6562 | Tail 0.6530 | Hmean 0.6735 | ExpEvent 0 | ExpMass 0.002021 | best_tail 0.8207@140
2026-08-30 21:18:19,944 - ear_direct_cifar10_a_IF100_alpha0p5_h2_m4_seed42_eps0p75_ca0p7_w30_taw1p5.log - INFO - EAR Round 186 | targetExp 0 targetSamples 0 tailExpRate 0.6667 | gradShare 0.173998 | Retention proj 0.250095 -> 1.093738 (gain 0.843643) | cos 0.996493 -> 0.999997
2026-08-30 21:18:19,946 - ear_direct_cifar10_a_IF100_alpha0p5_h2_m4_seed42_eps0p75_ca0p7_w30_taw1p5.log - INFO - Round 187 selected clients: [1, 5, 7, 19]
2026-08-30 21:18:32,922 - ear_direct_cifar10_a_IF100_alpha0p5_h2_m4_seed42_eps0p75_ca0p7_w30_taw1p5.log - INFO - Round 187 | Global 0.6848 | Head 0.6427 | Middle 0.6595 | Tail 0.7607 | Hmean 0.6967 | ExpEvent 0 | ExpMass 0.023472 | best_tail 0.8207@140
2026-08-30 21:18:32,922 - ear_direct_cifar10_a_IF100_alpha0p5_h2_m4_seed42_eps0p75_ca0p7_w30_taw1p5.log - INFO - EAR Round 187 | targetExp 0 targetSamples 0 tailExpRate 0.6667 | gradShare 0.143133 | Retention proj 0.523295 -> 1.059589 (gain 0.536293) | cos 0.940357 -> 0.999640
2026-08-30 21:18:32,925 - ear_direct_cifar10_a_IF100_alpha0p5_h2_m4_seed42_eps0p75_ca0p7_w30_taw1p5.log - INFO - Round 188 selected clients: [0, 12, 14, 15]
2026-08-30 21:18:46,066 - ear_direct_cifar10_a_IF100_alpha0p5_h2_m4_seed42_eps0p75_ca0p7_w30_taw1p5.log - INFO - Round 188 | Global 0.6920 | Head 0.7083 | Middle 0.6750 | Tail 0.6983 | Hmean 0.7033 | ExpEvent 0 | ExpMass 0.001213 | best_tail 0.8207@140
2026-08-30 21:18:46,066 - ear_direct_cifar10_a_IF100_alpha0p5_h2_m4_seed42_eps0p75_ca0p7_w30_taw1p5.log - INFO - EAR Round 188 | targetExp 0 targetSamples 0 tailExpRate 0.6667 | gradShare 0.121884 | Retention proj 0.655371 -> 1.043079 (gain 0.387708) | cos 0.945457 -> 0.999440
2026-08-30 21:18:46,070 - ear_direct_cifar10_a_IF100_alpha0p5_h2_m4_seed42_eps0p75_ca0p7_w30_taw1p5.log - INFO - Round 189 selected clients: [2, 8, 9, 16]
2026-08-30 21:18:59,402 - ear_direct_cifar10_a_IF100_alpha0p5_h2_m4_seed42_eps0p75_ca0p7_w30_taw1p5.log - INFO - Round 189 | Global 0.6900 | Head 0.6560 | Middle 0.6707 | Tail 0.7497 | Hmean 0.6997 | ExpEvent 0 | ExpMass 0.012525 | best_tail 0.8207@140
2026-08-30 21:18:59,402 - ear_direct_cifar10_a_IF100_alpha0p5_h2_m4_seed42_eps0p75_ca0p7_w30_taw1p5.log - INFO - EAR Round 189 | targetExp 0 targetSamples 0 tailExpRate 0.6667 | gradShare 0.118369 | Retention proj 0.470794 -> 1.066150 (gain 0.595356) | cos 0.944543 -> 0.999736
2026-08-30 21:18:59,404 - ear_direct_cifar10_a_IF100_alpha0p5_h2_m4_seed42_eps0p75_ca0p7_w30_taw1p5.log - INFO - Round 190 selected clients: [1, 4, 8, 10]
2026-08-30 21:19:13,156 - ear_direct_cifar10_a_IF100_alpha0p5_h2_m4_seed42_eps0p75_ca0p7_w30_taw1p5.log - INFO - Round 190 | Global 0.6729 | Head 0.6780 | Middle 0.6415 | Tail 0.7097 | Hmean 0.6935 | ExpEvent 1 | ExpMass 0.009972 | best_tail 0.8207@140
2026-08-30 21:19:13,156 - ear_direct_cifar10_a_IF100_alpha0p5_h2_m4_seed42_eps0p75_ca0p7_w30_taw1p5.log - INFO - EAR Round 190 | targetExp 1 targetSamples 25 tailExpRate 0.3333 | gradShare 0.173070 | Retention proj 0.209030 -> 1.098871 (gain 0.889841) | cos 0.968066 -> 0.999981
2026-08-30 21:19:13,183 - ear_direct_cifar10_a_IF100_alpha0p5_h2_m4_seed42_eps0p75_ca0p7_w30_taw1p5.log - INFO - Checkpoint @190 | Global 0.6729 | Head 0.6780 | Middle 0.6415 | Tail 0.7097 | Hmean 0.6935
2026-08-30 21:19:13,184 - ear_direct_cifar10_a_IF100_alpha0p5_h2_m4_seed42_eps0p75_ca0p7_w30_taw1p5.log - INFO - Round 191 selected clients: [1, 9, 10, 11]
2026-08-30 21:19:26,117 - ear_direct_cifar10_a_IF100_alpha0p5_h2_m4_seed42_eps0p75_ca0p7_w30_taw1p5.log - INFO - Round 191 | Global 0.6835 | Head 0.7167 | Middle 0.6370 | Tail 0.7123 | Hmean 0.7145 | ExpEvent 0 | ExpMass 0.002020 | best_tail 0.8207@140
2026-08-30 21:19:26,117 - ear_direct_cifar10_a_IF100_alpha0p5_h2_m4_seed42_eps0p75_ca0p7_w30_taw1p5.log - INFO - EAR Round 191 | targetExp 0 targetSamples 0 tailExpRate 0.6667 | gradShare 0.174408 | Retention proj 0.157169 -> 1.105352 (gain 0.948183) | cos 0.511119 -> 0.999788
2026-08-30 21:19:26,119 - ear_direct_cifar10_a_IF100_alpha0p5_h2_m4_seed42_eps0p75_ca0p7_w30_taw1p5.log - INFO - Round 192 selected clients: [0, 3, 7, 8]
2026-08-30 21:19:39,097 - ear_direct_cifar10_a_IF100_alpha0p5_h2_m4_seed42_eps0p75_ca0p7_w30_taw1p5.log - INFO - Round 192 | Global 0.6691 | Head 0.7057 | Middle 0.6285 | Tail 0.6867 | Hmean 0.6961 | ExpEvent 0 | ExpMass 0.006083 | best_tail 0.8207@140
2026-08-30 21:19:39,097 - ear_direct_cifar10_a_IF100_alpha0p5_h2_m4_seed42_eps0p75_ca0p7_w30_taw1p5.log - INFO - EAR Round 192 | targetExp 0 targetSamples 0 tailExpRate 0.6667 | gradShare 0.124155 | Retention proj 0.160123 -> 1.104983 (gain 0.944860) | cos 0.826958 -> 0.999929
2026-08-30 21:19:39,100 - ear_direct_cifar10_a_IF100_alpha0p5_h2_m4_seed42_eps0p75_ca0p7_w30_taw1p5.log - INFO - Round 193 selected clients: [1, 5, 8, 10]
2026-08-30 21:19:52,479 - ear_direct_cifar10_a_IF100_alpha0p5_h2_m4_seed42_eps0p75_ca0p7_w30_taw1p5.log - INFO - Round 193 | Global 0.6785 | Head 0.6723 | Middle 0.6492 | Tail 0.7237 | Hmean 0.6971 | ExpEvent 0 | ExpMass 0.011689 | best_tail 0.8207@140
2026-08-30 21:19:52,480 - ear_direct_cifar10_a_IF100_alpha0p5_h2_m4_seed42_eps0p75_ca0p7_w30_taw1p5.log - INFO - EAR Round 193 | targetExp 0 targetSamples 0 tailExpRate 0.6667 | gradShare 0.142831 | Retention proj 0.292597 -> 1.088426 (gain 0.795828) | cos 0.990907 -> 0.999992
2026-08-30 21:19:52,483 - ear_direct_cifar10_a_IF100_alpha0p5_h2_m4_seed42_eps0p75_ca0p7_w30_taw1p5.log - INFO - Round 194 selected clients: [4, 10, 11, 18]
2026-08-30 21:20:05,921 - ear_direct_cifar10_a_IF100_alpha0p5_h2_m4_seed42_eps0p75_ca0p7_w30_taw1p5.log - INFO - Round 194 | Global 0.6684 | Head 0.7160 | Middle 0.6132 | Tail 0.6943 | Hmean 0.7050 | ExpEvent 1 | ExpMass 0.021617 | best_tail 0.8207@140
2026-08-30 21:20:05,921 - ear_direct_cifar10_a_IF100_alpha0p5_h2_m4_seed42_eps0p75_ca0p7_w30_taw1p5.log - INFO - EAR Round 194 | targetExp 1 targetSamples 25 tailExpRate 1.0000 | gradShare 0.230796 | Retention proj 0.058374 -> 1.117703 (gain 1.059330) | cos 0.273230 -> 0.999731
2026-08-30 21:20:05,925 - ear_direct_cifar10_a_IF100_alpha0p5_h2_m4_seed42_eps0p75_ca0p7_w30_taw1p5.log - INFO - Round 195 selected clients: [2, 10, 13, 18]
2026-08-30 21:20:20,010 - ear_direct_cifar10_a_IF100_alpha0p5_h2_m4_seed42_eps0p75_ca0p7_w30_taw1p5.log - INFO - Round 195 | Global 0.6526 | Head 0.6417 | Middle 0.5873 | Tail 0.7507 | Hmean 0.6919 | ExpEvent 0 | ExpMass 0.022240 | best_tail 0.8207@140
2026-08-30 21:20:20,010 - ear_direct_cifar10_a_IF100_alpha0p5_h2_m4_seed42_eps0p75_ca0p7_w30_taw1p5.log - INFO - EAR Round 195 | targetExp 0 targetSamples 0 tailExpRate 0.6667 | gradShare 0.137030 | Retention proj 0.368834 -> 1.078898 (gain 0.710064) | cos 0.881063 -> 0.999789
2026-08-30 21:20:20,014 - ear_direct_cifar10_a_IF100_alpha0p5_h2_m4_seed42_eps0p75_ca0p7_w30_taw1p5.log - INFO - Round 196 selected clients: [1, 3, 9, 18]
2026-08-30 21:20:32,991 - ear_direct_cifar10_a_IF100_alpha0p5_h2_m4_seed42_eps0p75_ca0p7_w30_taw1p5.log - INFO - Round 196 | Global 0.6721 | Head 0.6013 | Middle 0.6562 | Tail 0.7640 | Hmean 0.6730 | ExpEvent 0 | ExpMass 0.019984 | best_tail 0.8207@140
2026-08-30 21:20:32,991 - ear_direct_cifar10_a_IF100_alpha0p5_h2_m4_seed42_eps0p75_ca0p7_w30_taw1p5.log - INFO - EAR Round 196 | targetExp 0 targetSamples 0 tailExpRate 0.6667 | gradShare 0.098963 | Retention proj 1.039150 -> 0.995106 (gain -0.044044) | cos 0.966107 -> 0.999230
2026-08-30 21:20:32,994 - ear_direct_cifar10_a_IF100_alpha0p5_h2_m4_seed42_eps0p75_ca0p7_w30_taw1p5.log - INFO - Round 197 selected clients: [0, 2, 11, 18]
2026-08-30 21:20:46,093 - ear_direct_cifar10_a_IF100_alpha0p5_h2_m4_seed42_eps0p75_ca0p7_w30_taw1p5.log - INFO - Round 197 | Global 0.6734 | Head 0.6120 | Middle 0.6617 | Tail 0.7503 | Hmean 0.6741 | ExpEvent 0 | ExpMass 0.022231 | best_tail 0.8207@140
2026-08-30 21:20:46,093 - ear_direct_cifar10_a_IF100_alpha0p5_h2_m4_seed42_eps0p75_ca0p7_w30_taw1p5.log - INFO - EAR Round 197 | targetExp 0 targetSamples 0 tailExpRate 0.6667 | gradShare 0.116155 | Retention proj 0.379717 -> 1.077534 (gain 0.697817) | cos 0.948658 -> 0.999901
2026-08-30 21:20:46,097 - ear_direct_cifar10_a_IF100_alpha0p5_h2_m4_seed42_eps0p75_ca0p7_w30_taw1p5.log - INFO - Round 198 selected clients: [2, 3, 5, 16]
2026-08-30 21:20:59,328 - ear_direct_cifar10_a_IF100_alpha0p5_h2_m4_seed42_eps0p75_ca0p7_w30_taw1p5.log - INFO - Round 198 | Global 0.6725 | Head 0.5740 | Middle 0.6585 | Tail 0.7897 | Hmean 0.6648 | ExpEvent 0 | ExpMass 0.028386 | best_tail 0.8207@140
2026-08-30 21:20:59,328 - ear_direct_cifar10_a_IF100_alpha0p5_h2_m4_seed42_eps0p75_ca0p7_w30_taw1p5.log - INFO - EAR Round 198 | targetExp 0 targetSamples 0 tailExpRate 0.6667 | gradShare 0.154293 | Retention proj 1.003067 -> 0.999618 (gain -0.003449) | cos 0.955267 -> 0.999382
2026-08-30 21:20:59,331 - ear_direct_cifar10_a_IF100_alpha0p5_h2_m4_seed42_eps0p75_ca0p7_w30_taw1p5.log - INFO - Round 199 selected clients: [1, 3, 13, 14]
2026-08-30 21:21:12,311 - ear_direct_cifar10_a_IF100_alpha0p5_h2_m4_seed42_eps0p75_ca0p7_w30_taw1p5.log - INFO - Round 199 | Global 0.6759 | Head 0.6547 | Middle 0.6620 | Tail 0.7157 | Hmean 0.6838 | ExpEvent 0 | ExpMass 0.006083 | best_tail 0.8207@140
2026-08-30 21:21:12,311 - ear_direct_cifar10_a_IF100_alpha0p5_h2_m4_seed42_eps0p75_ca0p7_w30_taw1p5.log - INFO - EAR Round 199 | targetExp 0 targetSamples 0 tailExpRate 0.6667 | gradShare 0.169848 | Retention proj 0.564444 -> 1.054445 (gain 0.490001) | cos 0.661564 -> 0.995800
2026-08-30 21:21:12,314 - ear_direct_cifar10_a_IF100_alpha0p5_h2_m4_seed42_eps0p75_ca0p7_w30_taw1p5.log - INFO - Round 200 selected clients: [8, 14, 17, 19]
2026-08-30 21:21:25,440 - ear_direct_cifar10_a_IF100_alpha0p5_h2_m4_seed42_eps0p75_ca0p7_w30_taw1p5.log - INFO - Round 200 | Global 0.6653 | Head 0.5757 | Middle 0.6475 | Tail 0.7787 | Hmean 0.6620 | ExpEvent 0 | ExpMass 0.031579 | best_tail 0.8207@140
2026-08-30 21:21:25,440 - ear_direct_cifar10_a_IF100_alpha0p5_h2_m4_seed42_eps0p75_ca0p7_w30_taw1p5.log - INFO - EAR Round 200 | targetExp 0 targetSamples 0 tailExpRate 0.6667 | gradShare 0.211308 | Retention proj 0.474438 -> 1.065695 (gain 0.591257) | cos 0.999581 -> 0.999999
2026-08-30 21:21:25,468 - ear_direct_cifar10_a_IF100_alpha0p5_h2_m4_seed42_eps0p75_ca0p7_w30_taw1p5.log - INFO - Checkpoint @200 | Global 0.6653 | Head 0.5757 | Middle 0.6475 | Tail 0.7787 | Hmean 0.6620
2026-08-30 21:21:25,500 - ear_direct_cifar10_a_IF100_alpha0p5_h2_m4_seed42_eps0p75_ca0p7_w30_taw1p5.log - INFO - ==========================================================================================
2026-08-30 21:21:25,500 - ear_direct_cifar10_a_IF100_alpha0p5_h2_m4_seed42_eps0p75_ca0p7_w30_taw1p5.log - INFO - FINISHED UNIFIED A
2026-08-30 21:21:25,501 - ear_direct_cifar10_a_IF100_alpha0p5_h2_m4_seed42_eps0p75_ca0p7_w30_taw1p5.log - INFO - Final Global: 0.6653
2026-08-30 21:21:25,501 - ear_direct_cifar10_a_IF100_alpha0p5_h2_m4_seed42_eps0p75_ca0p7_w30_taw1p5.log - INFO - Final Head: 0.5757
2026-08-30 21:21:25,501 - ear_direct_cifar10_a_IF100_alpha0p5_h2_m4_seed42_eps0p75_ca0p7_w30_taw1p5.log - INFO - Final Middle: 0.6475
2026-08-30 21:21:25,501 - ear_direct_cifar10_a_IF100_alpha0p5_h2_m4_seed42_eps0p75_ca0p7_w30_taw1p5.log - INFO - Final Tail: 0.7787
2026-08-30 21:21:25,502 - ear_direct_cifar10_a_IF100_alpha0p5_h2_m4_seed42_eps0p75_ca0p7_w30_taw1p5.log - INFO - Final Hmean: 0.6620
2026-08-30 21:21:25,502 - ear_direct_cifar10_a_IF100_alpha0p5_h2_m4_seed42_eps0p75_ca0p7_w30_taw1p5.log - INFO - Best Tail (diagnostic only; NOT fixed-round main result): 0.8207 @ round 140
2026-08-30 21:21:25,502 - ear_direct_cifar10_a_IF100_alpha0p5_h2_m4_seed42_eps0p75_ca0p7_w30_taw1p5.log - INFO - Mean target Exposure over all rounds: 0.355000
2026-08-30 21:21:25,502 - ear_direct_cifar10_a_IF100_alpha0p5_h2_m4_seed42_eps0p75_ca0p7_w30_taw1p5.log - INFO - Mean tail gradient share over all rounds: 0.136606
2026-08-30 21:21:25,503 - ear_direct_cifar10_a_IF100_alpha0p5_h2_m4_seed42_eps0p75_ca0p7_w30_taw1p5.log - INFO - Mean retention projection pre/post: 0.464845 -> 1.061269
2026-08-30 21:21:25,503 - ear_direct_cifar10_a_IF100_alpha0p5_h2_m4_seed42_eps0p75_ca0p7_w30_taw1p5.log - INFO - EAR CSV: D:\Desktop\FedLF_project\FedLF\outputs\ear_direct_cifar10_a_IF100_alpha0p5_h2_m4_seed42_eps0p75_ca0p7_w30_taw1p5\ear_metrics.csv
2026-08-30 21:21:25,503 - ear_direct_cifar10_a_IF100_alpha0p5_h2_m4_seed42_eps0p75_ca0p7_w30_taw1p5.log - INFO - EAR history: D:\Desktop\FedLF_project\FedLF\outputs\ear_direct_cifar10_a_IF100_alpha0p5_h2_m4_seed42_eps0p75_ca0p7_w30_taw1p5\ear_history.pkl
2026-08-30 21:21:25,503 - ear_direct_cifar10_a_IF100_alpha0p5_h2_m4_seed42_eps0p75_ca0p7_w30_taw1p5.log - INFO - History file: D:\Desktop\FedLF_project\FedLF\outputs\ear_direct_cifar10_a_IF100_alpha0p5_h2_m4_seed42_eps0p75_ca0p7_w30_taw1p5\head_tail_history.pkl
2026-08-30 21:21:25,503 - ear_direct_cifar10_a_IF100_alpha0p5_h2_m4_seed42_eps0p75_ca0p7_w30_taw1p5.log - INFO - Checkpoint file: D:\Desktop\FedLF_project\FedLF\outputs\ear_direct_cifar10_a_IF100_alpha0p5_h2_m4_seed42_eps0p75_ca0p7_w30_taw1p5\checkpoint.pth
2026-08-30 21:21:25,505 - ear_direct_cifar10_a_IF100_alpha0p5_h2_m4_seed42_eps0p75_ca0p7_w30_taw1p5.log - INFO - Final model file: D:\Desktop\FedLF_project\FedLF\outputs\ear_direct_cifar10_a_IF100_alpha0p5_h2_m4_seed42_eps0p75_ca0p7_w30_taw1p5\final_model.pth
2026-08-30 21:21:25,505 - ear_direct_cifar10_a_IF100_alpha0p5_h2_m4_seed42_eps0p75_ca0p7_w30_taw1p5.log - INFO - Config file: D:\Desktop\FedLF_project\FedLF\outputs\ear_direct_cifar10_a_IF100_alpha0p5_h2_m4_seed42_eps0p75_ca0p7_w30_taw1p5\config.json
2026-08-30 21:21:25,505 - ear_direct_cifar10_a_IF100_alpha0p5_h2_m4_seed42_eps0p75_ca0p7_w30_taw1p5.log - INFO - Partition SHA256: 3239af1f32e2f8eb835b2750615bde3424bff7c575ad6f7be96c35d7d67dab7c
2026-08-30 21:21:25,505 - ear_direct_cifar10_a_IF100_alpha0p5_h2_m4_seed42_eps0p75_ca0p7_w30_taw1p5.log - INFO - ==========================================================================================
