2026-08-30 18:23:46,316 - ear_direct_cifar10_fedlf_IF100_alpha0p5_h2_m4_seed42_eps0p75_ca0p7_w30_taw1p5.log - INFO - ==========================================================================================
2026-08-30 18:23:46,316 - ear_direct_cifar10_fedlf_IF100_alpha0p5_h2_m4_seed42_eps0p75_ca0p7_w30_taw1p5.log - INFO - EXPERIMENT 11: E/A/R DIRECT MECHANISM EVIDENCE
2026-08-30 18:23:46,316 - ear_direct_cifar10_fedlf_IF100_alpha0p5_h2_m4_seed42_eps0p75_ca0p7_w30_taw1p5.log - INFO - Run name: ear_direct_cifar10_fedlf_IF100_alpha0p5_h2_m4_seed42_eps0p75_ca0p7_w30_taw1p5
2026-08-30 18:23:46,317 - ear_direct_cifar10_fedlf_IF100_alpha0p5_h2_m4_seed42_eps0p75_ca0p7_w30_taw1p5.log - INFO - Mode: fedlf | S=False C=False A=False
2026-08-30 18:23:46,317 - ear_direct_cifar10_fedlf_IF100_alpha0p5_h2_m4_seed42_eps0p75_ca0p7_w30_taw1p5.log - INFO - dataset:cifar10, num_classes:10
2026-08-30 18:23:46,317 - ear_direct_cifar10_fedlf_IF100_alpha0p5_h2_m4_seed42_eps0p75_ca0p7_w30_taw1p5.log - INFO - imb_factor:0.01 (IF=100), non_iid_alpha:0.5, rs_alpha:0.5
2026-08-30 18:23:46,317 - ear_direct_cifar10_fedlf_IF100_alpha0p5_h2_m4_seed42_eps0p75_ca0p7_w30_taw1p5.log - INFO - K=20, online=4, participation=0.2000
2026-08-30 18:23:46,317 - ear_direct_cifar10_fedlf_IF100_alpha0p5_h2_m4_seed42_eps0p75_ca0p7_w30_taw1p5.log - INFO - rounds=200, local_epochs=10, batch=32, base_lr=0.1, lr_schedule=fixed
2026-08-30 18:23:46,318 - ear_direct_cifar10_fedlf_IF100_alpha0p5_h2_m4_seed42_eps0p75_ca0p7_w30_taw1p5.log - INFO - S epsilon=0.7500 | C alpha=0.7000 warmup=30 | A tail_agg_weight=1.5000 beta=0.1250 residual_factor=1.1250
2026-08-30 18:23:46,318 - ear_direct_cifar10_fedlf_IF100_alpha0p5_h2_m4_seed42_eps0p75_ca0p7_w30_taw1p5.log - INFO - seed=42
2026-08-30 18:23:46,318 - ear_direct_cifar10_fedlf_IF100_alpha0p5_h2_m4_seed42_eps0p75_ca0p7_w30_taw1p5.log - INFO - test-set rollback enabled: False
2026-08-30 18:23:46,318 - ear_direct_cifar10_fedlf_IF100_alpha0p5_h2_m4_seed42_eps0p75_ca0p7_w30_taw1p5.log - INFO - Log file: D:\Desktop\FedLF_project\FedLF\Logs\ear_direct_cifar10_fedlf_IF100_alpha0p5_h2_m4_seed42_eps0p75_ca0p7_w30_taw1p5.log
2026-08-30 18:23:46,318 - ear_direct_cifar10_fedlf_IF100_alpha0p5_h2_m4_seed42_eps0p75_ca0p7_w30_taw1p5.log - INFO - Output directory: D:\Desktop\FedLF_project\FedLF\outputs\ear_direct_cifar10_fedlf_IF100_alpha0p5_h2_m4_seed42_eps0p75_ca0p7_w30_taw1p5
2026-08-30 18:23:46,318 - ear_direct_cifar10_fedlf_IF100_alpha0p5_h2_m4_seed42_eps0p75_ca0p7_w30_taw1p5.log - INFO - ==========================================================================================
2026-08-30 18:23:52,168 - ear_direct_cifar10_fedlf_IF100_alpha0p5_h2_m4_seed42_eps0p75_ca0p7_w30_taw1p5.log - INFO - Global class counts: [5000, 2997, 1796, 1077, 645, 387, 232, 139, 83, 50]
2026-08-30 18:23:52,168 - ear_direct_cifar10_fedlf_IF100_alpha0p5_h2_m4_seed42_eps0p75_ca0p7_w30_taw1p5.log - INFO - Controlled target class 9 | N=50 | h=2 | hosts=[4, 6] | per_host={6: 25, 4: 25}
2026-08-30 18:23:52,169 - ear_direct_cifar10_fedlf_IF100_alpha0p5_h2_m4_seed42_eps0p75_ca0p7_w30_taw1p5.log - INFO - Random-sampling theoretical target Exposure at m=4: 0.368421
2026-08-30 18:23:52,169 - ear_direct_cifar10_fedlf_IF100_alpha0p5_h2_m4_seed42_eps0p75_ca0p7_w30_taw1p5.log - INFO - Base partition SHA256: 91fc508fdd8b116a19ca7809c6dfe5d6b9f4161086b898c272ecff4fedcd1acf
2026-08-30 18:23:52,169 - ear_direct_cifar10_fedlf_IF100_alpha0p5_h2_m4_seed42_eps0p75_ca0p7_w30_taw1p5.log - INFO - Paper thresholds: Head > 1500, Tail < 200
2026-08-30 18:23:52,169 - ear_direct_cifar10_fedlf_IF100_alpha0p5_h2_m4_seed42_eps0p75_ca0p7_w30_taw1p5.log - INFO - Tail classes (<200): [7, 8, 9]
2026-08-30 18:23:52,169 - ear_direct_cifar10_fedlf_IF100_alpha0p5_h2_m4_seed42_eps0p75_ca0p7_w30_taw1p5.log - INFO - Client data sizes: [621, 621, 621, 605, 646, 620, 643, 620, 620, 614, 620, 620, 620, 620, 620, 613, 620, 620, 612, 610]
2026-08-30 18:23:52,169 - ear_direct_cifar10_fedlf_IF100_alpha0p5_h2_m4_seed42_eps0p75_ca0p7_w30_taw1p5.log - INFO - Partition SHA256: 3239af1f32e2f8eb835b2750615bde3424bff7c575ad6f7be96c35d7d67dab7c
2026-08-30 18:23:52,305 - ear_direct_cifar10_fedlf_IF100_alpha0p5_h2_m4_seed42_eps0p75_ca0p7_w30_taw1p5.log - INFO - Round 1 selected clients: [0, 1, 15, 17]
2026-08-30 18:24:06,119 - ear_direct_cifar10_fedlf_IF100_alpha0p5_h2_m4_seed42_eps0p75_ca0p7_w30_taw1p5.log - INFO - Round 1 | Global 0.1444 | Head 0.3783 | Middle 0.0772 | Tail 0.0000 | Hmean 0.0000 | ExpEvent 0 | ExpMass 0.020606 | best_tail 0.0000@1
2026-08-30 18:24:06,119 - ear_direct_cifar10_fedlf_IF100_alpha0p5_h2_m4_seed42_eps0p75_ca0p7_w30_taw1p5.log - INFO - EAR Round 1 | targetExp 0 targetSamples 0 tailExpRate 0.6667 | gradShare 0.067654 | Retention proj 0.827767 -> 0.827767 (gain 0.000000) | cos 0.866205 -> 0.866205
2026-08-30 18:24:06,121 - ear_direct_cifar10_fedlf_IF100_alpha0p5_h2_m4_seed42_eps0p75_ca0p7_w30_taw1p5.log - INFO - Round 2 selected clients: [5, 15, 16, 19]
2026-08-30 18:24:19,269 - ear_direct_cifar10_fedlf_IF100_alpha0p5_h2_m4_seed42_eps0p75_ca0p7_w30_taw1p5.log - INFO - Round 2 | Global 0.2288 | Head 0.6203 | Middle 0.1067 | Tail 0.0000 | Hmean 0.0000 | ExpEvent 0 | ExpMass 0.024361 | best_tail 0.0000@2
2026-08-30 18:24:19,269 - ear_direct_cifar10_fedlf_IF100_alpha0p5_h2_m4_seed42_eps0p75_ca0p7_w30_taw1p5.log - INFO - EAR Round 2 | targetExp 0 targetSamples 0 tailExpRate 0.6667 | gradShare 0.087309 | Retention proj 0.574309 -> 0.574309 (gain 0.000000) | cos 0.990257 -> 0.990257
2026-08-30 18:24:19,271 - ear_direct_cifar10_fedlf_IF100_alpha0p5_h2_m4_seed42_eps0p75_ca0p7_w30_taw1p5.log - INFO - Round 3 selected clients: [0, 2, 7, 10]
2026-08-30 18:24:32,219 - ear_direct_cifar10_fedlf_IF100_alpha0p5_h2_m4_seed42_eps0p75_ca0p7_w30_taw1p5.log - INFO - Round 3 | Global 0.1498 | Head 0.3933 | Middle 0.0795 | Tail 0.0000 | Hmean 0.0000 | ExpEvent 0 | ExpMass 0.010475 | best_tail 0.0000@2
2026-08-30 18:24:32,219 - ear_direct_cifar10_fedlf_IF100_alpha0p5_h2_m4_seed42_eps0p75_ca0p7_w30_taw1p5.log - INFO - EAR Round 3 | targetExp 0 targetSamples 0 tailExpRate 0.6667 | gradShare 0.050828 | Retention proj 0.321015 -> 0.321015 (gain 0.000000) | cos 0.909357 -> 0.909357
2026-08-30 18:24:32,221 - ear_direct_cifar10_fedlf_IF100_alpha0p5_h2_m4_seed42_eps0p75_ca0p7_w30_taw1p5.log - INFO - Round 4 selected clients: [0, 6, 8, 18]
2026-08-30 18:24:46,311 - ear_direct_cifar10_fedlf_IF100_alpha0p5_h2_m4_seed42_eps0p75_ca0p7_w30_taw1p5.log - INFO - Round 4 | Global 0.2280 | Head 0.6737 | Middle 0.0648 | Tail 0.0000 | Hmean 0.0000 | ExpEvent 1 | ExpMass 0.036458 | best_tail 0.0000@2
2026-08-30 18:24:46,311 - ear_direct_cifar10_fedlf_IF100_alpha0p5_h2_m4_seed42_eps0p75_ca0p7_w30_taw1p5.log - INFO - EAR Round 4 | targetExp 1 targetSamples 25 tailExpRate 1.0000 | gradShare 0.103487 | Retention proj 0.388259 -> 0.388259 (gain 0.000000) | cos 0.993075 -> 0.993075
2026-08-30 18:24:46,313 - ear_direct_cifar10_fedlf_IF100_alpha0p5_h2_m4_seed42_eps0p75_ca0p7_w30_taw1p5.log - INFO - Round 5 selected clients: [2, 5, 10, 19]
2026-08-30 18:24:59,358 - ear_direct_cifar10_fedlf_IF100_alpha0p5_h2_m4_seed42_eps0p75_ca0p7_w30_taw1p5.log - INFO - Round 5 | Global 0.3279 | Head 0.6963 | Middle 0.2975 | Tail 0.0000 | Hmean 0.0000 | ExpEvent 0 | ExpMass 0.033994 | best_tail 0.0000@5
2026-08-30 18:24:59,358 - ear_direct_cifar10_fedlf_IF100_alpha0p5_h2_m4_seed42_eps0p75_ca0p7_w30_taw1p5.log - INFO - EAR Round 5 | targetExp 0 targetSamples 0 tailExpRate 0.6667 | gradShare 0.128060 | Retention proj 0.739364 -> 0.739364 (gain 0.000000) | cos 0.999913 -> 0.999913
2026-08-30 18:24:59,360 - ear_direct_cifar10_fedlf_IF100_alpha0p5_h2_m4_seed42_eps0p75_ca0p7_w30_taw1p5.log - INFO - Round 6 selected clients: [1, 3, 4, 5]
2026-08-30 18:25:12,291 - ear_direct_cifar10_fedlf_IF100_alpha0p5_h2_m4_seed42_eps0p75_ca0p7_w30_taw1p5.log - INFO - Round 6 | Global 0.3154 | Head 0.7393 | Middle 0.2340 | Tail 0.0000 | Hmean 0.0000 | ExpEvent 1 | ExpMass 0.027689 | best_tail 0.0000@5
2026-08-30 18:25:12,292 - ear_direct_cifar10_fedlf_IF100_alpha0p5_h2_m4_seed42_eps0p75_ca0p7_w30_taw1p5.log - INFO - EAR Round 6 | targetExp 1 targetSamples 25 tailExpRate 1.0000 | gradShare 0.148815 | Retention proj 0.479189 -> 0.479189 (gain 0.000000) | cos 0.826611 -> 0.826611
2026-08-30 18:25:12,294 - ear_direct_cifar10_fedlf_IF100_alpha0p5_h2_m4_seed42_eps0p75_ca0p7_w30_taw1p5.log - INFO - Round 7 selected clients: [10, 12, 13, 16]
2026-08-30 18:25:25,420 - ear_direct_cifar10_fedlf_IF100_alpha0p5_h2_m4_seed42_eps0p75_ca0p7_w30_taw1p5.log - INFO - Round 7 | Global 0.3068 | Head 0.7917 | Middle 0.1732 | Tail 0.0000 | Hmean 0.0000 | ExpEvent 0 | ExpMass 0.000403 | best_tail 0.0000@5
2026-08-30 18:25:25,421 - ear_direct_cifar10_fedlf_IF100_alpha0p5_h2_m4_seed42_eps0p75_ca0p7_w30_taw1p5.log - INFO - EAR Round 7 | targetExp 0 targetSamples 0 tailExpRate 0.3333 | gradShare 0.026329 | Retention proj 0.398721 -> 0.398721 (gain 0.000000) | cos 0.976834 -> 0.976834
2026-08-30 18:25:25,422 - ear_direct_cifar10_fedlf_IF100_alpha0p5_h2_m4_seed42_eps0p75_ca0p7_w30_taw1p5.log - INFO - Round 8 selected clients: [1, 5, 17, 18]
2026-08-30 18:25:38,499 - ear_direct_cifar10_fedlf_IF100_alpha0p5_h2_m4_seed42_eps0p75_ca0p7_w30_taw1p5.log - INFO - Round 8 | Global 0.2911 | Head 0.7577 | Middle 0.1593 | Tail 0.0003 | Hmean 0.0006 | ExpEvent 0 | ExpMass 0.043267 | best_tail 0.0003@8
2026-08-30 18:25:38,499 - ear_direct_cifar10_fedlf_IF100_alpha0p5_h2_m4_seed42_eps0p75_ca0p7_w30_taw1p5.log - INFO - EAR Round 8 | targetExp 0 targetSamples 0 tailExpRate 0.6667 | gradShare 0.148511 | Retention proj 0.729667 -> 0.729667 (gain 0.000000) | cos 0.999102 -> 0.999102
2026-08-30 18:25:38,501 - ear_direct_cifar10_fedlf_IF100_alpha0p5_h2_m4_seed42_eps0p75_ca0p7_w30_taw1p5.log - INFO - Round 9 selected clients: [7, 11, 13, 17]
2026-08-30 18:25:51,536 - ear_direct_cifar10_fedlf_IF100_alpha0p5_h2_m4_seed42_eps0p75_ca0p7_w30_taw1p5.log - INFO - Round 9 | Global 0.3600 | Head 0.7533 | Middle 0.2863 | Tail 0.0650 | Hmean 0.1197 | ExpEvent 0 | ExpMass 0.019758 | best_tail 0.0650@9
2026-08-30 18:25:51,536 - ear_direct_cifar10_fedlf_IF100_alpha0p5_h2_m4_seed42_eps0p75_ca0p7_w30_taw1p5.log - INFO - EAR Round 9 | targetExp 0 targetSamples 0 tailExpRate 0.6667 | gradShare 0.081051 | Retention proj 0.268443 -> 0.268443 (gain 0.000000) | cos 0.973426 -> 0.973426
2026-08-30 18:25:51,538 - ear_direct_cifar10_fedlf_IF100_alpha0p5_h2_m4_seed42_eps0p75_ca0p7_w30_taw1p5.log - INFO - Round 10 selected clients: [1, 4, 9, 15]
2026-08-30 18:26:04,577 - ear_direct_cifar10_fedlf_IF100_alpha0p5_h2_m4_seed42_eps0p75_ca0p7_w30_taw1p5.log - INFO - Round 10 | Global 0.3191 | Head 0.7107 | Middle 0.2647 | Tail 0.0000 | Hmean 0.0000 | ExpEvent 1 | ExpMass 0.012831 | best_tail 0.0650@9
2026-08-30 18:26:04,577 - ear_direct_cifar10_fedlf_IF100_alpha0p5_h2_m4_seed42_eps0p75_ca0p7_w30_taw1p5.log - INFO - EAR Round 10 | targetExp 1 targetSamples 25 tailExpRate 1.0000 | gradShare 0.101818 | Retention proj 0.394757 -> 0.394757 (gain 0.000000) | cos 0.675172 -> 0.675172
2026-08-30 18:26:04,605 - ear_direct_cifar10_fedlf_IF100_alpha0p5_h2_m4_seed42_eps0p75_ca0p7_w30_taw1p5.log - INFO - Checkpoint @10 | Global 0.3191 | Head 0.7107 | Middle 0.2647 | Tail 0.0000 | Hmean 0.0000
2026-08-30 18:26:04,605 - ear_direct_cifar10_fedlf_IF100_alpha0p5_h2_m4_seed42_eps0p75_ca0p7_w30_taw1p5.log - INFO - Round 11 selected clients: [2, 4, 6, 16]
2026-08-30 18:26:18,005 - ear_direct_cifar10_fedlf_IF100_alpha0p5_h2_m4_seed42_eps0p75_ca0p7_w30_taw1p5.log - INFO - Round 11 | Global 0.3394 | Head 0.7940 | Middle 0.2475 | Tail 0.0073 | Hmean 0.0145 | ExpEvent 1 | ExpMass 0.044664 | best_tail 0.0650@9
2026-08-30 18:26:18,005 - ear_direct_cifar10_fedlf_IF100_alpha0p5_h2_m4_seed42_eps0p75_ca0p7_w30_taw1p5.log - INFO - EAR Round 11 | targetExp 1 targetSamples 50 tailExpRate 1.0000 | gradShare 0.167905 | Retention proj 0.440219 -> 0.440219 (gain 0.000000) | cos 0.991539 -> 0.991539
2026-08-30 18:26:18,008 - ear_direct_cifar10_fedlf_IF100_alpha0p5_h2_m4_seed42_eps0p75_ca0p7_w30_taw1p5.log - INFO - Round 12 selected clients: [3, 9, 14, 18]
2026-08-30 18:26:30,729 - ear_direct_cifar10_fedlf_IF100_alpha0p5_h2_m4_seed42_eps0p75_ca0p7_w30_taw1p5.log - INFO - Round 12 | Global 0.3841 | Head 0.7657 | Middle 0.3845 | Tail 0.0020 | Hmean 0.0040 | ExpEvent 0 | ExpMass 0.019992 | best_tail 0.0650@9
2026-08-30 18:26:30,729 - ear_direct_cifar10_fedlf_IF100_alpha0p5_h2_m4_seed42_eps0p75_ca0p7_w30_taw1p5.log - INFO - EAR Round 12 | targetExp 0 targetSamples 0 tailExpRate 0.6667 | gradShare 0.092734 | Retention proj 0.720967 -> 0.720967 (gain 0.000000) | cos 0.997383 -> 0.997383
2026-08-30 18:26:30,731 - ear_direct_cifar10_fedlf_IF100_alpha0p5_h2_m4_seed42_eps0p75_ca0p7_w30_taw1p5.log - INFO - Round 13 selected clients: [6, 8, 9, 14]
2026-08-30 18:26:43,431 - ear_direct_cifar10_fedlf_IF100_alpha0p5_h2_m4_seed42_eps0p75_ca0p7_w30_taw1p5.log - INFO - Round 13 | Global 0.3042 | Head 0.6567 | Middle 0.2635 | Tail 0.0060 | Hmean 0.0119 | ExpEvent 1 | ExpMass 0.026832 | best_tail 0.0650@9
2026-08-30 18:26:43,431 - ear_direct_cifar10_fedlf_IF100_alpha0p5_h2_m4_seed42_eps0p75_ca0p7_w30_taw1p5.log - INFO - EAR Round 13 | targetExp 1 targetSamples 25 tailExpRate 1.0000 | gradShare 0.094725 | Retention proj 0.389738 -> 0.389738 (gain 0.000000) | cos 0.986983 -> 0.986983
2026-08-30 18:26:43,433 - ear_direct_cifar10_fedlf_IF100_alpha0p5_h2_m4_seed42_eps0p75_ca0p7_w30_taw1p5.log - INFO - Round 14 selected clients: [4, 5, 11, 19]
2026-08-30 18:26:55,851 - ear_direct_cifar10_fedlf_IF100_alpha0p5_h2_m4_seed42_eps0p75_ca0p7_w30_taw1p5.log - INFO - Round 14 | Global 0.3637 | Head 0.6583 | Middle 0.3962 | Tail 0.0257 | Hmean 0.0495 | ExpEvent 1 | ExpMass 0.033253 | best_tail 0.0650@9
2026-08-30 18:26:55,851 - ear_direct_cifar10_fedlf_IF100_alpha0p5_h2_m4_seed42_eps0p75_ca0p7_w30_taw1p5.log - INFO - EAR Round 14 | targetExp 1 targetSamples 25 tailExpRate 1.0000 | gradShare 0.172010 | Retention proj 0.320050 -> 0.320050 (gain 0.000000) | cos 0.909380 -> 0.909380
2026-08-30 18:26:55,853 - ear_direct_cifar10_fedlf_IF100_alpha0p5_h2_m4_seed42_eps0p75_ca0p7_w30_taw1p5.log - INFO - Round 15 selected clients: [13, 14, 16, 19]
2026-08-30 18:27:08,625 - ear_direct_cifar10_fedlf_IF100_alpha0p5_h2_m4_seed42_eps0p75_ca0p7_w30_taw1p5.log - INFO - Round 15 | Global 0.3466 | Head 0.6813 | Middle 0.3235 | Tail 0.0427 | Hmean 0.0804 | ExpEvent 0 | ExpMass 0.011741 | best_tail 0.0650@9
2026-08-30 18:27:08,625 - ear_direct_cifar10_fedlf_IF100_alpha0p5_h2_m4_seed42_eps0p75_ca0p7_w30_taw1p5.log - INFO - EAR Round 15 | targetExp 0 targetSamples 0 tailExpRate 0.6667 | gradShare 0.068483 | Retention proj 0.189336 -> 0.189336 (gain 0.000000) | cos 0.937129 -> 0.937129
2026-08-30 18:27:08,628 - ear_direct_cifar10_fedlf_IF100_alpha0p5_h2_m4_seed42_eps0p75_ca0p7_w30_taw1p5.log - INFO - Round 16 selected clients: [1, 4, 6, 11]
2026-08-30 18:27:21,588 - ear_direct_cifar10_fedlf_IF100_alpha0p5_h2_m4_seed42_eps0p75_ca0p7_w30_taw1p5.log - INFO - Round 16 | Global 0.3764 | Head 0.7210 | Middle 0.3468 | Tail 0.0713 | Hmean 0.1298 | ExpEvent 1 | ExpMass 0.034387 | best_tail 0.0713@16
2026-08-30 18:27:21,588 - ear_direct_cifar10_fedlf_IF100_alpha0p5_h2_m4_seed42_eps0p75_ca0p7_w30_taw1p5.log - INFO - EAR Round 16 | targetExp 1 targetSamples 50 tailExpRate 1.0000 | gradShare 0.142652 | Retention proj 0.216315 -> 0.216315 (gain 0.000000) | cos 0.568219 -> 0.568219
2026-08-30 18:27:21,590 - ear_direct_cifar10_fedlf_IF100_alpha0p5_h2_m4_seed42_eps0p75_ca0p7_w30_taw1p5.log - INFO - Round 17 selected clients: [6, 7, 12, 14]
2026-08-30 18:27:34,027 - ear_direct_cifar10_fedlf_IF100_alpha0p5_h2_m4_seed42_eps0p75_ca0p7_w30_taw1p5.log - INFO - Round 17 | Global 0.4012 | Head 0.6583 | Middle 0.4510 | Tail 0.0777 | Hmean 0.1390 | ExpEvent 1 | ExpMass 0.025170 | best_tail 0.0777@17
2026-08-30 18:27:34,027 - ear_direct_cifar10_fedlf_IF100_alpha0p5_h2_m4_seed42_eps0p75_ca0p7_w30_taw1p5.log - INFO - EAR Round 17 | targetExp 1 targetSamples 25 tailExpRate 1.0000 | gradShare 0.089272 | Retention proj 0.297087 -> 0.297087 (gain 0.000000) | cos 0.876097 -> 0.876097
2026-08-30 18:27:34,029 - ear_direct_cifar10_fedlf_IF100_alpha0p5_h2_m4_seed42_eps0p75_ca0p7_w30_taw1p5.log - INFO - Round 18 selected clients: [3, 4, 7, 18]
2026-08-30 18:27:46,446 - ear_direct_cifar10_fedlf_IF100_alpha0p5_h2_m4_seed42_eps0p75_ca0p7_w30_taw1p5.log - INFO - Round 18 | Global 0.4182 | Head 0.7097 | Middle 0.4963 | Tail 0.0227 | Hmean 0.0440 | ExpEvent 1 | ExpMass 0.027789 | best_tail 0.0777@17
2026-08-30 18:27:46,447 - ear_direct_cifar10_fedlf_IF100_alpha0p5_h2_m4_seed42_eps0p75_ca0p7_w30_taw1p5.log - INFO - EAR Round 18 | targetExp 1 targetSamples 25 tailExpRate 1.0000 | gradShare 0.166504 | Retention proj 0.268396 -> 0.268396 (gain 0.000000) | cos 0.871924 -> 0.871924
2026-08-30 18:27:46,449 - ear_direct_cifar10_fedlf_IF100_alpha0p5_h2_m4_seed42_eps0p75_ca0p7_w30_taw1p5.log - INFO - Round 19 selected clients: [1, 6, 7, 8]
2026-08-30 18:27:59,245 - ear_direct_cifar10_fedlf_IF100_alpha0p5_h2_m4_seed42_eps0p75_ca0p7_w30_taw1p5.log - INFO - Round 19 | Global 0.3615 | Head 0.6807 | Middle 0.3392 | Tail 0.0720 | Hmean 0.1302 | ExpEvent 1 | ExpMass 0.024760 | best_tail 0.0777@17
2026-08-30 18:27:59,246 - ear_direct_cifar10_fedlf_IF100_alpha0p5_h2_m4_seed42_eps0p75_ca0p7_w30_taw1p5.log - INFO - EAR Round 19 | targetExp 1 targetSamples 25 tailExpRate 1.0000 | gradShare 0.101782 | Retention proj 0.212974 -> 0.212974 (gain 0.000000) | cos 0.962097 -> 0.962097
2026-08-30 18:27:59,248 - ear_direct_cifar10_fedlf_IF100_alpha0p5_h2_m4_seed42_eps0p75_ca0p7_w30_taw1p5.log - INFO - Round 20 selected clients: [3, 4, 10, 17]
2026-08-30 18:28:12,064 - ear_direct_cifar10_fedlf_IF100_alpha0p5_h2_m4_seed42_eps0p75_ca0p7_w30_taw1p5.log - INFO - Round 20 | Global 0.4416 | Head 0.7053 | Middle 0.4700 | Tail 0.1400 | Hmean 0.2336 | ExpEvent 1 | ExpMass 0.035729 | best_tail 0.1400@20
2026-08-30 18:28:12,064 - ear_direct_cifar10_fedlf_IF100_alpha0p5_h2_m4_seed42_eps0p75_ca0p7_w30_taw1p5.log - INFO - EAR Round 20 | targetExp 1 targetSamples 25 tailExpRate 1.0000 | gradShare 0.189189 | Retention proj 0.371004 -> 0.371004 (gain 0.000000) | cos 0.883824 -> 0.883824
2026-08-30 18:28:12,083 - ear_direct_cifar10_fedlf_IF100_alpha0p5_h2_m4_seed42_eps0p75_ca0p7_w30_taw1p5.log - INFO - Checkpoint @20 | Global 0.4416 | Head 0.7053 | Middle 0.4700 | Tail 0.1400 | Hmean 0.2336
2026-08-30 18:28:12,084 - ear_direct_cifar10_fedlf_IF100_alpha0p5_h2_m4_seed42_eps0p75_ca0p7_w30_taw1p5.log - INFO - Round 21 selected clients: [13, 14, 15, 17]
2026-08-30 18:28:24,630 - ear_direct_cifar10_fedlf_IF100_alpha0p5_h2_m4_seed42_eps0p75_ca0p7_w30_taw1p5.log - INFO - Round 21 | Global 0.4472 | Head 0.7290 | Middle 0.5012 | Tail 0.0933 | Hmean 0.1654 | ExpEvent 0 | ExpMass 0.020623 | best_tail 0.1400@20
2026-08-30 18:28:24,630 - ear_direct_cifar10_fedlf_IF100_alpha0p5_h2_m4_seed42_eps0p75_ca0p7_w30_taw1p5.log - INFO - EAR Round 21 | targetExp 0 targetSamples 0 tailExpRate 0.6667 | gradShare 0.092376 | Retention proj 0.539436 -> 0.539436 (gain 0.000000) | cos 0.970307 -> 0.970307
2026-08-30 18:28:24,633 - ear_direct_cifar10_fedlf_IF100_alpha0p5_h2_m4_seed42_eps0p75_ca0p7_w30_taw1p5.log - INFO - Round 22 selected clients: [4, 8, 17, 19]
2026-08-30 18:28:37,212 - ear_direct_cifar10_fedlf_IF100_alpha0p5_h2_m4_seed42_eps0p75_ca0p7_w30_taw1p5.log - INFO - Round 22 | Global 0.4601 | Head 0.6907 | Middle 0.5132 | Tail 0.1587 | Hmean 0.2581 | ExpEvent 1 | ExpMass 0.041266 | best_tail 0.1587@22
2026-08-30 18:28:37,212 - ear_direct_cifar10_fedlf_IF100_alpha0p5_h2_m4_seed42_eps0p75_ca0p7_w30_taw1p5.log - INFO - EAR Round 22 | targetExp 1 targetSamples 25 tailExpRate 1.0000 | gradShare 0.202824 | Retention proj 0.300828 -> 0.300828 (gain 0.000000) | cos 0.964113 -> 0.964113
2026-08-30 18:28:37,214 - ear_direct_cifar10_fedlf_IF100_alpha0p5_h2_m4_seed42_eps0p75_ca0p7_w30_taw1p5.log - INFO - Round 23 selected clients: [1, 2, 13, 19]
2026-08-30 18:28:49,977 - ear_direct_cifar10_fedlf_IF100_alpha0p5_h2_m4_seed42_eps0p75_ca0p7_w30_taw1p5.log - INFO - Round 23 | Global 0.4252 | Head 0.6080 | Middle 0.4625 | Tail 0.1927 | Hmean 0.2926 | ExpEvent 0 | ExpMass 0.022249 | best_tail 0.1927@23
2026-08-30 18:28:49,977 - ear_direct_cifar10_fedlf_IF100_alpha0p5_h2_m4_seed42_eps0p75_ca0p7_w30_taw1p5.log - INFO - EAR Round 23 | targetExp 0 targetSamples 0 tailExpRate 0.6667 | gradShare 0.099033 | Retention proj 0.449894 -> 0.449894 (gain 0.000000) | cos 0.943884 -> 0.943884
2026-08-30 18:28:49,978 - ear_direct_cifar10_fedlf_IF100_alpha0p5_h2_m4_seed42_eps0p75_ca0p7_w30_taw1p5.log - INFO - Round 24 selected clients: [3, 5, 13, 14]
2026-08-30 18:29:02,651 - ear_direct_cifar10_fedlf_IF100_alpha0p5_h2_m4_seed42_eps0p75_ca0p7_w30_taw1p5.log - INFO - Round 24 | Global 0.4464 | Head 0.7740 | Middle 0.4542 | Tail 0.1083 | Hmean 0.1900 | ExpEvent 0 | ExpMass 0.017850 | best_tail 0.1927@23
2026-08-30 18:29:02,651 - ear_direct_cifar10_fedlf_IF100_alpha0p5_h2_m4_seed42_eps0p75_ca0p7_w30_taw1p5.log - INFO - EAR Round 24 | targetExp 0 targetSamples 0 tailExpRate 0.6667 | gradShare 0.110811 | Retention proj 0.488529 -> 0.488529 (gain 0.000000) | cos 0.966479 -> 0.966479
2026-08-30 18:29:02,653 - ear_direct_cifar10_fedlf_IF100_alpha0p5_h2_m4_seed42_eps0p75_ca0p7_w30_taw1p5.log - INFO - Round 25 selected clients: [2, 3, 15, 18]
2026-08-30 18:29:15,202 - ear_direct_cifar10_fedlf_IF100_alpha0p5_h2_m4_seed42_eps0p75_ca0p7_w30_taw1p5.log - INFO - Round 25 | Global 0.4672 | Head 0.7210 | Middle 0.4682 | Tail 0.2120 | Hmean 0.3277 | ExpEvent 0 | ExpMass 0.029376 | best_tail 0.2120@25
2026-08-30 18:29:15,202 - ear_direct_cifar10_fedlf_IF100_alpha0p5_h2_m4_seed42_eps0p75_ca0p7_w30_taw1p5.log - INFO - EAR Round 25 | targetExp 0 targetSamples 0 tailExpRate 0.6667 | gradShare 0.123111 | Retention proj 0.805628 -> 0.805628 (gain 0.000000) | cos 0.991597 -> 0.991597
2026-08-30 18:29:15,205 - ear_direct_cifar10_fedlf_IF100_alpha0p5_h2_m4_seed42_eps0p75_ca0p7_w30_taw1p5.log - INFO - Round 26 selected clients: [1, 2, 5, 7]
2026-08-30 18:29:27,753 - ear_direct_cifar10_fedlf_IF100_alpha0p5_h2_m4_seed42_eps0p75_ca0p7_w30_taw1p5.log - INFO - Round 26 | Global 0.4624 | Head 0.6933 | Middle 0.5075 | Tail 0.1713 | Hmean 0.2747 | ExpEvent 0 | ExpMass 0.022160 | best_tail 0.2120@25
2026-08-30 18:29:27,753 - ear_direct_cifar10_fedlf_IF100_alpha0p5_h2_m4_seed42_eps0p75_ca0p7_w30_taw1p5.log - INFO - EAR Round 26 | targetExp 0 targetSamples 0 tailExpRate 0.6667 | gradShare 0.111940 | Retention proj 0.460361 -> 0.460361 (gain 0.000000) | cos 0.937455 -> 0.937455
2026-08-30 18:29:27,755 - ear_direct_cifar10_fedlf_IF100_alpha0p5_h2_m4_seed42_eps0p75_ca0p7_w30_taw1p5.log - INFO - Round 27 selected clients: [5, 10, 13, 14]
2026-08-30 18:29:40,794 - ear_direct_cifar10_fedlf_IF100_alpha0p5_h2_m4_seed42_eps0p75_ca0p7_w30_taw1p5.log - INFO - Round 27 | Global 0.4579 | Head 0.7807 | Middle 0.4803 | Tail 0.1053 | Hmean 0.1856 | ExpEvent 0 | ExpMass 0.011694 | best_tail 0.2120@25
2026-08-30 18:29:40,794 - ear_direct_cifar10_fedlf_IF100_alpha0p5_h2_m4_seed42_eps0p75_ca0p7_w30_taw1p5.log - INFO - EAR Round 27 | targetExp 0 targetSamples 0 tailExpRate 0.6667 | gradShare 0.083298 | Retention proj 0.278926 -> 0.278926 (gain 0.000000) | cos 0.973541 -> 0.973541
2026-08-30 18:29:40,796 - ear_direct_cifar10_fedlf_IF100_alpha0p5_h2_m4_seed42_eps0p75_ca0p7_w30_taw1p5.log - INFO - Round 28 selected clients: [5, 6, 8, 19]
2026-08-30 18:29:53,791 - ear_direct_cifar10_fedlf_IF100_alpha0p5_h2_m4_seed42_eps0p75_ca0p7_w30_taw1p5.log - INFO - Round 28 | Global 0.5048 | Head 0.6897 | Middle 0.4890 | Tail 0.3410 | Hmean 0.4564 | ExpEvent 1 | ExpMass 0.048135 | best_tail 0.3410@28
2026-08-30 18:29:53,791 - ear_direct_cifar10_fedlf_IF100_alpha0p5_h2_m4_seed42_eps0p75_ca0p7_w30_taw1p5.log - INFO - EAR Round 28 | targetExp 1 targetSamples 25 tailExpRate 1.0000 | gradShare 0.173433 | Retention proj 0.575671 -> 0.575671 (gain 0.000000) | cos 0.999346 -> 0.999346
2026-08-30 18:29:53,793 - ear_direct_cifar10_fedlf_IF100_alpha0p5_h2_m4_seed42_eps0p75_ca0p7_w30_taw1p5.log - INFO - Round 29 selected clients: [4, 5, 12, 15]
2026-08-30 18:30:06,654 - ear_direct_cifar10_fedlf_IF100_alpha0p5_h2_m4_seed42_eps0p75_ca0p7_w30_taw1p5.log - INFO - Round 29 | Global 0.4685 | Head 0.7570 | Middle 0.5407 | Tail 0.0837 | Hmean 0.1507 | ExpEvent 1 | ExpMass 0.022809 | best_tail 0.3410@28
2026-08-30 18:30:06,655 - ear_direct_cifar10_fedlf_IF100_alpha0p5_h2_m4_seed42_eps0p75_ca0p7_w30_taw1p5.log - INFO - EAR Round 29 | targetExp 1 targetSamples 25 tailExpRate 1.0000 | gradShare 0.153549 | Retention proj 0.855993 -> 0.855993 (gain 0.000000) | cos 0.883084 -> 0.883084
2026-08-30 18:30:06,657 - ear_direct_cifar10_fedlf_IF100_alpha0p5_h2_m4_seed42_eps0p75_ca0p7_w30_taw1p5.log - INFO - Round 30 selected clients: [13, 14, 16, 19]
2026-08-30 18:30:19,270 - ear_direct_cifar10_fedlf_IF100_alpha0p5_h2_m4_seed42_eps0p75_ca0p7_w30_taw1p5.log - INFO - Round 30 | Global 0.4794 | Head 0.7943 | Middle 0.4933 | Tail 0.1460 | Hmean 0.2467 | ExpEvent 0 | ExpMass 0.011741 | best_tail 0.3410@28
2026-08-30 18:30:19,271 - ear_direct_cifar10_fedlf_IF100_alpha0p5_h2_m4_seed42_eps0p75_ca0p7_w30_taw1p5.log - INFO - EAR Round 30 | targetExp 0 targetSamples 0 tailExpRate 0.6667 | gradShare 0.065183 | Retention proj 0.205666 -> 0.205666 (gain 0.000000) | cos 0.985990 -> 0.985990
2026-08-30 18:30:19,296 - ear_direct_cifar10_fedlf_IF100_alpha0p5_h2_m4_seed42_eps0p75_ca0p7_w30_taw1p5.log - INFO - Checkpoint @30 | Global 0.4794 | Head 0.7943 | Middle 0.4933 | Tail 0.1460 | Hmean 0.2467
2026-08-30 18:30:19,297 - ear_direct_cifar10_fedlf_IF100_alpha0p5_h2_m4_seed42_eps0p75_ca0p7_w30_taw1p5.log - INFO - Round 31 selected clients: [1, 6, 9, 11]
2026-08-30 18:30:32,068 - ear_direct_cifar10_fedlf_IF100_alpha0p5_h2_m4_seed42_eps0p75_ca0p7_w30_taw1p5.log - INFO - Round 31 | Global 0.5114 | Head 0.8010 | Middle 0.4770 | Tail 0.2677 | Hmean 0.4013 | ExpEvent 1 | ExpMass 0.026821 | best_tail 0.3410@28
2026-08-30 18:30:32,069 - ear_direct_cifar10_fedlf_IF100_alpha0p5_h2_m4_seed42_eps0p75_ca0p7_w30_taw1p5.log - INFO - EAR Round 31 | targetExp 1 targetSamples 25 tailExpRate 1.0000 | gradShare 0.084504 | Retention proj 0.363529 -> 0.363529 (gain 0.000000) | cos 0.981329 -> 0.981329
2026-08-30 18:30:32,072 - ear_direct_cifar10_fedlf_IF100_alpha0p5_h2_m4_seed42_eps0p75_ca0p7_w30_taw1p5.log - INFO - Round 32 selected clients: [1, 5, 12, 19]
2026-08-30 18:30:44,913 - ear_direct_cifar10_fedlf_IF100_alpha0p5_h2_m4_seed42_eps0p75_ca0p7_w30_taw1p5.log - INFO - Round 32 | Global 0.5030 | Head 0.7873 | Middle 0.4377 | Tail 0.3057 | Hmean 0.4404 | ExpEvent 0 | ExpMass 0.023877 | best_tail 0.3410@28
2026-08-30 18:30:44,913 - ear_direct_cifar10_fedlf_IF100_alpha0p5_h2_m4_seed42_eps0p75_ca0p7_w30_taw1p5.log - INFO - EAR Round 32 | targetExp 0 targetSamples 0 tailExpRate 0.6667 | gradShare 0.114035 | Retention proj 0.520901 -> 0.520901 (gain 0.000000) | cos 0.966226 -> 0.966226
2026-08-30 18:30:44,916 - ear_direct_cifar10_fedlf_IF100_alpha0p5_h2_m4_seed42_eps0p75_ca0p7_w30_taw1p5.log - INFO - Round 33 selected clients: [3, 11, 14, 16]
2026-08-30 18:30:57,695 - ear_direct_cifar10_fedlf_IF100_alpha0p5_h2_m4_seed42_eps0p75_ca0p7_w30_taw1p5.log - INFO - Round 33 | Global 0.4778 | Head 0.8143 | Middle 0.4457 | Tail 0.1840 | Hmean 0.3002 | ExpEvent 0 | ExpMass 0.006085 | best_tail 0.3410@28
2026-08-30 18:30:57,695 - ear_direct_cifar10_fedlf_IF100_alpha0p5_h2_m4_seed42_eps0p75_ca0p7_w30_taw1p5.log - INFO - EAR Round 33 | targetExp 0 targetSamples 0 tailExpRate 0.6667 | gradShare 0.051868 | Retention proj 0.149680 -> 0.149680 (gain 0.000000) | cos 0.797762 -> 0.797762
2026-08-30 18:30:57,697 - ear_direct_cifar10_fedlf_IF100_alpha0p5_h2_m4_seed42_eps0p75_ca0p7_w30_taw1p5.log - INFO - Round 34 selected clients: [9, 10, 14, 18]
2026-08-30 18:31:10,430 - ear_direct_cifar10_fedlf_IF100_alpha0p5_h2_m4_seed42_eps0p75_ca0p7_w30_taw1p5.log - INFO - Round 34 | Global 0.5071 | Head 0.7263 | Middle 0.5617 | Tail 0.2150 | Hmean 0.3318 | ExpEvent 0 | ExpMass 0.013788 | best_tail 0.3410@28
2026-08-30 18:31:10,430 - ear_direct_cifar10_fedlf_IF100_alpha0p5_h2_m4_seed42_eps0p75_ca0p7_w30_taw1p5.log - INFO - EAR Round 34 | targetExp 0 targetSamples 0 tailExpRate 0.6667 | gradShare 0.070117 | Retention proj 0.485804 -> 0.485804 (gain 0.000000) | cos 0.998085 -> 0.998085
2026-08-30 18:31:10,432 - ear_direct_cifar10_fedlf_IF100_alpha0p5_h2_m4_seed42_eps0p75_ca0p7_w30_taw1p5.log - INFO - Round 35 selected clients: [8, 10, 12, 19]
2026-08-30 18:31:23,850 - ear_direct_cifar10_fedlf_IF100_alpha0p5_h2_m4_seed42_eps0p75_ca0p7_w30_taw1p5.log - INFO - Round 35 | Global 0.5047 | Head 0.7037 | Middle 0.5655 | Tail 0.2247 | Hmean 0.3406 | ExpEvent 0 | ExpMass 0.012146 | best_tail 0.3410@28
2026-08-30 18:31:23,851 - ear_direct_cifar10_fedlf_IF100_alpha0p5_h2_m4_seed42_eps0p75_ca0p7_w30_taw1p5.log - INFO - EAR Round 35 | targetExp 0 targetSamples 0 tailExpRate 0.6667 | gradShare 0.084186 | Retention proj 0.293174 -> 0.293174 (gain 0.000000) | cos 0.882979 -> 0.882979
2026-08-30 18:31:23,853 - ear_direct_cifar10_fedlf_IF100_alpha0p5_h2_m4_seed42_eps0p75_ca0p7_w30_taw1p5.log - INFO - Round 36 selected clients: [1, 8, 10, 18]
2026-08-30 18:31:36,988 - ear_direct_cifar10_fedlf_IF100_alpha0p5_h2_m4_seed42_eps0p75_ca0p7_w30_taw1p5.log - INFO - Round 36 | Global 0.5138 | Head 0.7660 | Middle 0.5205 | Tail 0.2527 | Hmean 0.3800 | ExpEvent 0 | ExpMass 0.011727 | best_tail 0.3410@28
2026-08-30 18:31:36,988 - ear_direct_cifar10_fedlf_IF100_alpha0p5_h2_m4_seed42_eps0p75_ca0p7_w30_taw1p5.log - INFO - EAR Round 36 | targetExp 0 targetSamples 0 tailExpRate 0.6667 | gradShare 0.070852 | Retention proj 0.187514 -> 0.187514 (gain 0.000000) | cos 0.937015 -> 0.937015
2026-08-30 18:31:36,991 - ear_direct_cifar10_fedlf_IF100_alpha0p5_h2_m4_seed42_eps0p75_ca0p7_w30_taw1p5.log - INFO - Round 37 selected clients: [7, 11, 15, 17]
2026-08-30 18:31:50,323 - ear_direct_cifar10_fedlf_IF100_alpha0p5_h2_m4_seed42_eps0p75_ca0p7_w30_taw1p5.log - INFO - Round 37 | Global 0.5066 | Head 0.7540 | Middle 0.5717 | Tail 0.1723 | Hmean 0.2805 | ExpEvent 0 | ExpMass 0.020623 | best_tail 0.3410@28
2026-08-30 18:31:50,323 - ear_direct_cifar10_fedlf_IF100_alpha0p5_h2_m4_seed42_eps0p75_ca0p7_w30_taw1p5.log - INFO - EAR Round 37 | targetExp 0 targetSamples 0 tailExpRate 0.6667 | gradShare 0.095808 | Retention proj 0.536594 -> 0.536594 (gain 0.000000) | cos 0.993948 -> 0.993948
2026-08-30 18:31:50,325 - ear_direct_cifar10_fedlf_IF100_alpha0p5_h2_m4_seed42_eps0p75_ca0p7_w30_taw1p5.log - INFO - Round 38 selected clients: [1, 2, 9, 12]
2026-08-30 18:32:03,472 - ear_direct_cifar10_fedlf_IF100_alpha0p5_h2_m4_seed42_eps0p75_ca0p7_w30_taw1p5.log - INFO - Round 38 | Global 0.5281 | Head 0.7863 | Middle 0.5360 | Tail 0.2593 | Hmean 0.3900 | ExpEvent 0 | ExpMass 0.012924 | best_tail 0.3410@28
2026-08-30 18:32:03,472 - ear_direct_cifar10_fedlf_IF100_alpha0p5_h2_m4_seed42_eps0p75_ca0p7_w30_taw1p5.log - INFO - EAR Round 38 | targetExp 0 targetSamples 0 tailExpRate 0.6667 | gradShare 0.060744 | Retention proj 0.752786 -> 0.752786 (gain 0.000000) | cos 0.877505 -> 0.877505
2026-08-30 18:32:03,474 - ear_direct_cifar10_fedlf_IF100_alpha0p5_h2_m4_seed42_eps0p75_ca0p7_w30_taw1p5.log - INFO - Round 39 selected clients: [2, 3, 11, 13]
2026-08-30 18:32:16,144 - ear_direct_cifar10_fedlf_IF100_alpha0p5_h2_m4_seed42_eps0p75_ca0p7_w30_taw1p5.log - INFO - Round 39 | Global 0.5364 | Head 0.8023 | Middle 0.5700 | Tail 0.2257 | Hmean 0.3523 | ExpEvent 0 | ExpMass 0.016626 | best_tail 0.3410@28
2026-08-30 18:32:16,144 - ear_direct_cifar10_fedlf_IF100_alpha0p5_h2_m4_seed42_eps0p75_ca0p7_w30_taw1p5.log - INFO - EAR Round 39 | targetExp 0 targetSamples 0 tailExpRate 0.6667 | gradShare 0.088557 | Retention proj 0.458736 -> 0.458736 (gain 0.000000) | cos 0.997943 -> 0.997943
2026-08-30 18:32:16,146 - ear_direct_cifar10_fedlf_IF100_alpha0p5_h2_m4_seed42_eps0p75_ca0p7_w30_taw1p5.log - INFO - Round 40 selected clients: [3, 9, 14, 15]
2026-08-30 18:32:29,665 - ear_direct_cifar10_fedlf_IF100_alpha0p5_h2_m4_seed42_eps0p75_ca0p7_w30_taw1p5.log - INFO - Round 40 | Global 0.5161 | Head 0.7283 | Middle 0.5883 | Tail 0.2077 | Hmean 0.3232 | ExpEvent 0 | ExpMass 0.008972 | best_tail 0.3410@28
2026-08-30 18:32:29,666 - ear_direct_cifar10_fedlf_IF100_alpha0p5_h2_m4_seed42_eps0p75_ca0p7_w30_taw1p5.log - INFO - EAR Round 40 | targetExp 0 targetSamples 0 tailExpRate 0.6667 | gradShare 0.071450 | Retention proj 0.479562 -> 0.479562 (gain 0.000000) | cos 0.660522 -> 0.660522
2026-08-30 18:32:29,687 - ear_direct_cifar10_fedlf_IF100_alpha0p5_h2_m4_seed42_eps0p75_ca0p7_w30_taw1p5.log - INFO - Checkpoint @40 | Global 0.5161 | Head 0.7283 | Middle 0.5883 | Tail 0.2077 | Hmean 0.3232
2026-08-30 18:32:29,689 - ear_direct_cifar10_fedlf_IF100_alpha0p5_h2_m4_seed42_eps0p75_ca0p7_w30_taw1p5.log - INFO - Round 41 selected clients: [5, 11, 14, 15]
2026-08-30 18:32:42,597 - ear_direct_cifar10_fedlf_IF100_alpha0p5_h2_m4_seed42_eps0p75_ca0p7_w30_taw1p5.log - INFO - Round 41 | Global 0.4691 | Head 0.6853 | Middle 0.5613 | Tail 0.1300 | Hmean 0.2185 | ExpEvent 0 | ExpMass 0.012535 | best_tail 0.3410@28
2026-08-30 18:32:42,597 - ear_direct_cifar10_fedlf_IF100_alpha0p5_h2_m4_seed42_eps0p75_ca0p7_w30_taw1p5.log - INFO - EAR Round 41 | targetExp 0 targetSamples 0 tailExpRate 0.6667 | gradShare 0.071755 | Retention proj 0.545686 -> 0.545686 (gain 0.000000) | cos 0.973842 -> 0.973842
2026-08-30 18:32:42,600 - ear_direct_cifar10_fedlf_IF100_alpha0p5_h2_m4_seed42_eps0p75_ca0p7_w30_taw1p5.log - INFO - Round 42 selected clients: [3, 7, 9, 12]
2026-08-30 18:32:54,920 - ear_direct_cifar10_fedlf_IF100_alpha0p5_h2_m4_seed42_eps0p75_ca0p7_w30_taw1p5.log - INFO - Round 42 | Global 0.5271 | Head 0.7837 | Middle 0.5992 | Tail 0.1743 | Hmean 0.2852 | ExpEvent 0 | ExpMass 0.008540 | best_tail 0.3410@28
2026-08-30 18:32:54,921 - ear_direct_cifar10_fedlf_IF100_alpha0p5_h2_m4_seed42_eps0p75_ca0p7_w30_taw1p5.log - INFO - EAR Round 42 | targetExp 0 targetSamples 0 tailExpRate 0.6667 | gradShare 0.066900 | Retention proj 0.603027 -> 0.603027 (gain 0.000000) | cos 0.881797 -> 0.881797
2026-08-30 18:32:54,923 - ear_direct_cifar10_fedlf_IF100_alpha0p5_h2_m4_seed42_eps0p75_ca0p7_w30_taw1p5.log - INFO - Round 43 selected clients: [4, 7, 9, 12]
2026-08-30 18:33:07,602 - ear_direct_cifar10_fedlf_IF100_alpha0p5_h2_m4_seed42_eps0p75_ca0p7_w30_taw1p5.log - INFO - Round 43 | Global 0.4867 | Head 0.7937 | Middle 0.5510 | Tail 0.0940 | Hmean 0.1681 | ExpEvent 1 | ExpMass 0.012400 | best_tail 0.3410@28
2026-08-30 18:33:07,602 - ear_direct_cifar10_fedlf_IF100_alpha0p5_h2_m4_seed42_eps0p75_ca0p7_w30_taw1p5.log - INFO - EAR Round 43 | targetExp 1 targetSamples 25 tailExpRate 1.0000 | gradShare 0.116166 | Retention proj 0.514190 -> 0.514190 (gain 0.000000) | cos 0.710252 -> 0.710252
2026-08-30 18:33:07,606 - ear_direct_cifar10_fedlf_IF100_alpha0p5_h2_m4_seed42_eps0p75_ca0p7_w30_taw1p5.log - INFO - Round 44 selected clients: [6, 12, 13, 15]
2026-08-30 18:33:20,498 - ear_direct_cifar10_fedlf_IF100_alpha0p5_h2_m4_seed42_eps0p75_ca0p7_w30_taw1p5.log - INFO - Round 44 | Global 0.5259 | Head 0.7093 | Middle 0.6000 | Tail 0.2437 | Hmean 0.3628 | ExpEvent 1 | ExpMass 0.026042 | best_tail 0.3410@28
2026-08-30 18:33:20,499 - ear_direct_cifar10_fedlf_IF100_alpha0p5_h2_m4_seed42_eps0p75_ca0p7_w30_taw1p5.log - INFO - EAR Round 44 | targetExp 1 targetSamples 25 tailExpRate 1.0000 | gradShare 0.088378 | Retention proj 0.327569 -> 0.327569 (gain 0.000000) | cos 0.968695 -> 0.968695
2026-08-30 18:33:20,501 - ear_direct_cifar10_fedlf_IF100_alpha0p5_h2_m4_seed42_eps0p75_ca0p7_w30_taw1p5.log - INFO - Round 45 selected clients: [0, 5, 11, 12]
2026-08-30 18:33:33,100 - ear_direct_cifar10_fedlf_IF100_alpha0p5_h2_m4_seed42_eps0p75_ca0p7_w30_taw1p5.log - INFO - Round 45 | Global 0.4270 | Head 0.5703 | Middle 0.5467 | Tail 0.1240 | Hmean 0.2037 | ExpEvent 0 | ExpMass 0.012092 | best_tail 0.3410@28
2026-08-30 18:33:33,101 - ear_direct_cifar10_fedlf_IF100_alpha0p5_h2_m4_seed42_eps0p75_ca0p7_w30_taw1p5.log - INFO - EAR Round 45 | targetExp 0 targetSamples 0 tailExpRate 0.6667 | gradShare 0.061087 | Retention proj 0.407632 -> 0.407632 (gain 0.000000) | cos 0.895941 -> 0.895941
2026-08-30 18:33:33,103 - ear_direct_cifar10_fedlf_IF100_alpha0p5_h2_m4_seed42_eps0p75_ca0p7_w30_taw1p5.log - INFO - Round 46 selected clients: [3, 7, 14, 16]
2026-08-30 18:33:45,593 - ear_direct_cifar10_fedlf_IF100_alpha0p5_h2_m4_seed42_eps0p75_ca0p7_w30_taw1p5.log - INFO - Round 46 | Global 0.5134 | Head 0.8093 | Middle 0.5507 | Tail 0.1677 | Hmean 0.2778 | ExpEvent 0 | ExpMass 0.006085 | best_tail 0.3410@28
2026-08-30 18:33:45,594 - ear_direct_cifar10_fedlf_IF100_alpha0p5_h2_m4_seed42_eps0p75_ca0p7_w30_taw1p5.log - INFO - EAR Round 46 | targetExp 0 targetSamples 0 tailExpRate 0.6667 | gradShare 0.058711 | Retention proj 0.175763 -> 0.175763 (gain 0.000000) | cos 0.946599 -> 0.946599
2026-08-30 18:33:45,596 - ear_direct_cifar10_fedlf_IF100_alpha0p5_h2_m4_seed42_eps0p75_ca0p7_w30_taw1p5.log - INFO - Round 47 selected clients: [10, 11, 13, 18]
2026-08-30 18:33:58,280 - ear_direct_cifar10_fedlf_IF100_alpha0p5_h2_m4_seed42_eps0p75_ca0p7_w30_taw1p5.log - INFO - Round 47 | Global 0.5250 | Head 0.8287 | Middle 0.5152 | Tail 0.2343 | Hmean 0.3653 | ExpEvent 0 | ExpMass 0.011731 | best_tail 0.3410@28
2026-08-30 18:33:58,281 - ear_direct_cifar10_fedlf_IF100_alpha0p5_h2_m4_seed42_eps0p75_ca0p7_w30_taw1p5.log - INFO - EAR Round 47 | targetExp 0 targetSamples 0 tailExpRate 0.6667 | gradShare 0.058538 | Retention proj 0.230162 -> 0.230162 (gain 0.000000) | cos 0.996439 -> 0.996439
2026-08-30 18:33:58,283 - ear_direct_cifar10_fedlf_IF100_alpha0p5_h2_m4_seed42_eps0p75_ca0p7_w30_taw1p5.log - INFO - Round 48 selected clients: [7, 8, 16, 17]
2026-08-30 18:34:11,140 - ear_direct_cifar10_fedlf_IF100_alpha0p5_h2_m4_seed42_eps0p75_ca0p7_w30_taw1p5.log - INFO - Round 48 | Global 0.4708 | Head 0.8147 | Middle 0.4595 | Tail 0.1420 | Hmean 0.2418 | ExpEvent 0 | ExpMass 0.019758 | best_tail 0.3410@28
2026-08-30 18:34:11,140 - ear_direct_cifar10_fedlf_IF100_alpha0p5_h2_m4_seed42_eps0p75_ca0p7_w30_taw1p5.log - INFO - EAR Round 48 | targetExp 0 targetSamples 0 tailExpRate 0.6667 | gradShare 0.096646 | Retention proj 0.306591 -> 0.306591 (gain 0.000000) | cos 0.996651 -> 0.996651
2026-08-30 18:34:11,142 - ear_direct_cifar10_fedlf_IF100_alpha0p5_h2_m4_seed42_eps0p75_ca0p7_w30_taw1p5.log - INFO - Round 49 selected clients: [0, 4, 7, 10]
2026-08-30 18:34:24,751 - ear_direct_cifar10_fedlf_IF100_alpha0p5_h2_m4_seed42_eps0p75_ca0p7_w30_taw1p5.log - INFO - Round 49 | Global 0.4714 | Head 0.8353 | Middle 0.4630 | Tail 0.1187 | Hmean 0.2079 | ExpEvent 1 | ExpMass 0.009972 | best_tail 0.3410@28
2026-08-30 18:34:24,751 - ear_direct_cifar10_fedlf_IF100_alpha0p5_h2_m4_seed42_eps0p75_ca0p7_w30_taw1p5.log - INFO - EAR Round 49 | targetExp 1 targetSamples 25 tailExpRate 0.3333 | gradShare 0.104353 | Retention proj 0.255160 -> 0.255160 (gain 0.000000) | cos 0.999995 -> 0.999995
2026-08-30 18:34:24,753 - ear_direct_cifar10_fedlf_IF100_alpha0p5_h2_m4_seed42_eps0p75_ca0p7_w30_taw1p5.log - INFO - Round 50 selected clients: [2, 6, 12, 14]
2026-08-30 18:34:37,553 - ear_direct_cifar10_fedlf_IF100_alpha0p5_h2_m4_seed42_eps0p75_ca0p7_w30_taw1p5.log - INFO - Round 50 | Global 0.4995 | Head 0.6013 | Middle 0.5627 | Tail 0.3133 | Hmean 0.4120 | ExpEvent 1 | ExpMass 0.035543 | best_tail 0.3410@28
2026-08-30 18:34:37,553 - ear_direct_cifar10_fedlf_IF100_alpha0p5_h2_m4_seed42_eps0p75_ca0p7_w30_taw1p5.log - INFO - EAR Round 50 | targetExp 1 targetSamples 25 tailExpRate 1.0000 | gradShare 0.111883 | Retention proj 0.453130 -> 0.453130 (gain 0.000000) | cos 0.981799 -> 0.981799
2026-08-30 18:34:37,581 - ear_direct_cifar10_fedlf_IF100_alpha0p5_h2_m4_seed42_eps0p75_ca0p7_w30_taw1p5.log - INFO - Checkpoint @50 | Global 0.4995 | Head 0.6013 | Middle 0.5627 | Tail 0.3133 | Hmean 0.4120
2026-08-30 18:34:37,582 - ear_direct_cifar10_fedlf_IF100_alpha0p5_h2_m4_seed42_eps0p75_ca0p7_w30_taw1p5.log - INFO - Round 51 selected clients: [0, 9, 11, 16]
2026-08-30 18:34:50,548 - ear_direct_cifar10_fedlf_IF100_alpha0p5_h2_m4_seed42_eps0p75_ca0p7_w30_taw1p5.log - INFO - Round 51 | Global 0.5350 | Head 0.8277 | Middle 0.5218 | Tail 0.2600 | Hmean 0.3957 | ExpEvent 0 | ExpMass 0.002020 | best_tail 0.3410@28
2026-08-30 18:34:50,548 - ear_direct_cifar10_fedlf_IF100_alpha0p5_h2_m4_seed42_eps0p75_ca0p7_w30_taw1p5.log - INFO - EAR Round 51 | targetExp 0 targetSamples 0 tailExpRate 0.6667 | gradShare 0.035583 | Retention proj 0.267157 -> 0.267157 (gain 0.000000) | cos 0.568511 -> 0.568511
2026-08-30 18:34:50,550 - ear_direct_cifar10_fedlf_IF100_alpha0p5_h2_m4_seed42_eps0p75_ca0p7_w30_taw1p5.log - INFO - Round 52 selected clients: [6, 8, 15, 17]
2026-08-30 18:35:03,800 - ear_direct_cifar10_fedlf_IF100_alpha0p5_h2_m4_seed42_eps0p75_ca0p7_w30_taw1p5.log - INFO - Round 52 | Global 0.5306 | Head 0.7483 | Middle 0.5600 | Tail 0.2737 | Hmean 0.4008 | ExpEvent 1 | ExpMass 0.045272 | best_tail 0.3410@28
2026-08-30 18:35:03,800 - ear_direct_cifar10_fedlf_IF100_alpha0p5_h2_m4_seed42_eps0p75_ca0p7_w30_taw1p5.log - INFO - EAR Round 52 | targetExp 1 targetSamples 25 tailExpRate 1.0000 | gradShare 0.145894 | Retention proj 0.459437 -> 0.459437 (gain 0.000000) | cos 0.879788 -> 0.879788
2026-08-30 18:35:03,802 - ear_direct_cifar10_fedlf_IF100_alpha0p5_h2_m4_seed42_eps0p75_ca0p7_w30_taw1p5.log - INFO - Round 53 selected clients: [8, 9, 11, 12]
2026-08-30 18:35:17,471 - ear_direct_cifar10_fedlf_IF100_alpha0p5_h2_m4_seed42_eps0p75_ca0p7_w30_taw1p5.log - INFO - Round 53 | Global 0.5440 | Head 0.7863 | Middle 0.6015 | Tail 0.2250 | Hmean 0.3499 | ExpEvent 0 | ExpMass 0.002425 | best_tail 0.3410@28
2026-08-30 18:35:17,471 - ear_direct_cifar10_fedlf_IF100_alpha0p5_h2_m4_seed42_eps0p75_ca0p7_w30_taw1p5.log - INFO - EAR Round 53 | targetExp 0 targetSamples 0 tailExpRate 0.6667 | gradShare 0.050292 | Retention proj 0.487724 -> 0.487724 (gain 0.000000) | cos 0.986589 -> 0.986589
2026-08-30 18:35:17,474 - ear_direct_cifar10_fedlf_IF100_alpha0p5_h2_m4_seed42_eps0p75_ca0p7_w30_taw1p5.log - INFO - Round 54 selected clients: [3, 11, 13, 18]
2026-08-30 18:35:30,836 - ear_direct_cifar10_fedlf_IF100_alpha0p5_h2_m4_seed42_eps0p75_ca0p7_w30_taw1p5.log - INFO - Round 54 | Global 0.5504 | Head 0.7890 | Middle 0.5677 | Tail 0.2887 | Hmean 0.4227 | ExpEvent 0 | ExpMass 0.017908 | best_tail 0.3410@28
2026-08-30 18:35:30,836 - ear_direct_cifar10_fedlf_IF100_alpha0p5_h2_m4_seed42_eps0p75_ca0p7_w30_taw1p5.log - INFO - EAR Round 54 | targetExp 0 targetSamples 0 tailExpRate 0.6667 | gradShare 0.092379 | Retention proj 0.465036 -> 0.465036 (gain 0.000000) | cos 0.998652 -> 0.998652
2026-08-30 18:35:30,839 - ear_direct_cifar10_fedlf_IF100_alpha0p5_h2_m4_seed42_eps0p75_ca0p7_w30_taw1p5.log - INFO - Round 55 selected clients: [6, 9, 13, 17]
2026-08-30 18:35:45,160 - ear_direct_cifar10_fedlf_IF100_alpha0p5_h2_m4_seed42_eps0p75_ca0p7_w30_taw1p5.log - INFO - Round 55 | Global 0.4977 | Head 0.5617 | Middle 0.5523 | Tail 0.3610 | Hmean 0.4395 | ExpEvent 1 | ExpMass 0.046456 | best_tail 0.3610@55
2026-08-30 18:35:45,160 - ear_direct_cifar10_fedlf_IF100_alpha0p5_h2_m4_seed42_eps0p75_ca0p7_w30_taw1p5.log - INFO - EAR Round 55 | targetExp 1 targetSamples 25 tailExpRate 1.0000 | gradShare 0.149543 | Retention proj 0.570413 -> 0.570413 (gain 0.000000) | cos 0.998210 -> 0.998210
2026-08-30 18:35:45,162 - ear_direct_cifar10_fedlf_IF100_alpha0p5_h2_m4_seed42_eps0p75_ca0p7_w30_taw1p5.log - INFO - Round 56 selected clients: [14, 15, 17, 19]
2026-08-30 18:35:58,395 - ear_direct_cifar10_fedlf_IF100_alpha0p5_h2_m4_seed42_eps0p75_ca0p7_w30_taw1p5.log - INFO - Round 56 | Global 0.5560 | Head 0.7150 | Middle 0.6048 | Tail 0.3320 | Hmean 0.4534 | ExpEvent 0 | ExpMass 0.032481 | best_tail 0.3610@55
2026-08-30 18:35:58,395 - ear_direct_cifar10_fedlf_IF100_alpha0p5_h2_m4_seed42_eps0p75_ca0p7_w30_taw1p5.log - INFO - EAR Round 56 | targetExp 0 targetSamples 0 tailExpRate 0.6667 | gradShare 0.137574 | Retention proj 0.446765 -> 0.446765 (gain 0.000000) | cos 0.760897 -> 0.760897
2026-08-30 18:35:58,398 - ear_direct_cifar10_fedlf_IF100_alpha0p5_h2_m4_seed42_eps0p75_ca0p7_w30_taw1p5.log - INFO - Round 57 selected clients: [0, 8, 10, 15]
2026-08-30 18:36:11,477 - ear_direct_cifar10_fedlf_IF100_alpha0p5_h2_m4_seed42_eps0p75_ca0p7_w30_taw1p5.log - INFO - Round 57 | Global 0.5235 | Head 0.7720 | Middle 0.5430 | Tail 0.2490 | Hmean 0.3765 | ExpEvent 0 | ExpMass 0.000808 | best_tail 0.3610@55
2026-08-30 18:36:11,477 - ear_direct_cifar10_fedlf_IF100_alpha0p5_h2_m4_seed42_eps0p75_ca0p7_w30_taw1p5.log - INFO - EAR Round 57 | targetExp 0 targetSamples 0 tailExpRate 0.3333 | gradShare 0.049754 | Retention proj 0.500596 -> 0.500596 (gain 0.000000) | cos 0.966929 -> 0.966929
2026-08-30 18:36:11,479 - ear_direct_cifar10_fedlf_IF100_alpha0p5_h2_m4_seed42_eps0p75_ca0p7_w30_taw1p5.log - INFO - Round 58 selected clients: [7, 11, 12, 14]
2026-08-30 18:36:24,285 - ear_direct_cifar10_fedlf_IF100_alpha0p5_h2_m4_seed42_eps0p75_ca0p7_w30_taw1p5.log - INFO - Round 58 | Global 0.5106 | Head 0.7890 | Middle 0.5590 | Tail 0.1677 | Hmean 0.2766 | ExpEvent 0 | ExpMass 0.000403 | best_tail 0.3610@55
2026-08-30 18:36:24,285 - ear_direct_cifar10_fedlf_IF100_alpha0p5_h2_m4_seed42_eps0p75_ca0p7_w30_taw1p5.log - INFO - EAR Round 58 | targetExp 0 targetSamples 0 tailExpRate 0.3333 | gradShare 0.033976 | Retention proj 0.408530 -> 0.408530 (gain 0.000000) | cos 0.962912 -> 0.962912
2026-08-30 18:36:24,287 - ear_direct_cifar10_fedlf_IF100_alpha0p5_h2_m4_seed42_eps0p75_ca0p7_w30_taw1p5.log - INFO - Round 59 selected clients: [0, 5, 6, 16]
2026-08-30 18:36:36,832 - ear_direct_cifar10_fedlf_IF100_alpha0p5_h2_m4_seed42_eps0p75_ca0p7_w30_taw1p5.log - INFO - Round 59 | Global 0.5550 | Head 0.8037 | Middle 0.5310 | Tail 0.3383 | Hmean 0.4762 | ExpEvent 1 | ExpMass 0.036342 | best_tail 0.3610@55
2026-08-30 18:36:36,832 - ear_direct_cifar10_fedlf_IF100_alpha0p5_h2_m4_seed42_eps0p75_ca0p7_w30_taw1p5.log - INFO - EAR Round 59 | targetExp 1 targetSamples 25 tailExpRate 1.0000 | gradShare 0.123558 | Retention proj 0.372634 -> 0.372634 (gain 0.000000) | cos 0.989197 -> 0.989197
2026-08-30 18:36:36,834 - ear_direct_cifar10_fedlf_IF100_alpha0p5_h2_m4_seed42_eps0p75_ca0p7_w30_taw1p5.log - INFO - Round 60 selected clients: [4, 8, 13, 15]
2026-08-30 18:36:49,508 - ear_direct_cifar10_fedlf_IF100_alpha0p5_h2_m4_seed42_eps0p75_ca0p7_w30_taw1p5.log - INFO - Round 60 | Global 0.5191 | Head 0.8307 | Middle 0.5530 | Tail 0.1623 | Hmean 0.2715 | ExpEvent 1 | ExpMass 0.010804 | best_tail 0.3610@55
2026-08-30 18:36:49,508 - ear_direct_cifar10_fedlf_IF100_alpha0p5_h2_m4_seed42_eps0p75_ca0p7_w30_taw1p5.log - INFO - EAR Round 60 | targetExp 1 targetSamples 25 tailExpRate 0.6667 | gradShare 0.118273 | Retention proj 0.468471 -> 0.468471 (gain 0.000000) | cos 0.847972 -> 0.847972
2026-08-30 18:36:49,531 - ear_direct_cifar10_fedlf_IF100_alpha0p5_h2_m4_seed42_eps0p75_ca0p7_w30_taw1p5.log - INFO - Checkpoint @60 | Global 0.5191 | Head 0.8307 | Middle 0.5530 | Tail 0.1623 | Hmean 0.2715
2026-08-30 18:36:49,532 - ear_direct_cifar10_fedlf_IF100_alpha0p5_h2_m4_seed42_eps0p75_ca0p7_w30_taw1p5.log - INFO - Round 61 selected clients: [1, 3, 6, 13]
2026-08-30 18:37:02,098 - ear_direct_cifar10_fedlf_IF100_alpha0p5_h2_m4_seed42_eps0p75_ca0p7_w30_taw1p5.log - INFO - Round 61 | Global 0.5673 | Head 0.7850 | Middle 0.5623 | Tail 0.3563 | Hmean 0.4901 | ExpEvent 1 | ExpMass 0.030936 | best_tail 0.3610@55
2026-08-30 18:37:02,099 - ear_direct_cifar10_fedlf_IF100_alpha0p5_h2_m4_seed42_eps0p75_ca0p7_w30_taw1p5.log - INFO - EAR Round 61 | targetExp 1 targetSamples 25 tailExpRate 1.0000 | gradShare 0.116076 | Retention proj 0.360428 -> 0.360428 (gain 0.000000) | cos 0.919580 -> 0.919580
2026-08-30 18:37:02,101 - ear_direct_cifar10_fedlf_IF100_alpha0p5_h2_m4_seed42_eps0p75_ca0p7_w30_taw1p5.log - INFO - Round 62 selected clients: [5, 6, 10, 17]
2026-08-30 18:37:15,170 - ear_direct_cifar10_fedlf_IF100_alpha0p5_h2_m4_seed42_eps0p75_ca0p7_w30_taw1p5.log - INFO - Round 62 | Global 0.5953 | Head 0.7470 | Middle 0.5800 | Tail 0.4640 | Hmean 0.5724 | ExpEvent 1 | ExpMass 0.055933 | best_tail 0.4640@62
2026-08-30 18:37:15,170 - ear_direct_cifar10_fedlf_IF100_alpha0p5_h2_m4_seed42_eps0p75_ca0p7_w30_taw1p5.log - INFO - EAR Round 62 | targetExp 1 targetSamples 25 tailExpRate 1.0000 | gradShare 0.197428 | Retention proj 0.551638 -> 0.551638 (gain 0.000000) | cos 0.947611 -> 0.947611
2026-08-30 18:37:15,172 - ear_direct_cifar10_fedlf_IF100_alpha0p5_h2_m4_seed42_eps0p75_ca0p7_w30_taw1p5.log - INFO - Round 63 selected clients: [8, 9, 13, 16]
2026-08-30 18:37:27,967 - ear_direct_cifar10_fedlf_IF100_alpha0p5_h2_m4_seed42_eps0p75_ca0p7_w30_taw1p5.log - INFO - Round 63 | Global 0.5678 | Head 0.8213 | Middle 0.5660 | Tail 0.3167 | Hmean 0.4571 | ExpEvent 0 | ExpMass 0.002021 | best_tail 0.4640@62
2026-08-30 18:37:27,967 - ear_direct_cifar10_fedlf_IF100_alpha0p5_h2_m4_seed42_eps0p75_ca0p7_w30_taw1p5.log - INFO - EAR Round 63 | targetExp 0 targetSamples 0 tailExpRate 0.6667 | gradShare 0.061499 | Retention proj 0.257303 -> 0.257303 (gain 0.000000) | cos 0.771947 -> 0.771947
2026-08-30 18:37:27,970 - ear_direct_cifar10_fedlf_IF100_alpha0p5_h2_m4_seed42_eps0p75_ca0p7_w30_taw1p5.log - INFO - Round 64 selected clients: [1, 2, 9, 11]
2026-08-30 18:37:41,019 - ear_direct_cifar10_fedlf_IF100_alpha0p5_h2_m4_seed42_eps0p75_ca0p7_w30_taw1p5.log - INFO - Round 64 | Global 0.5739 | Head 0.7820 | Middle 0.6135 | Tail 0.3130 | Hmean 0.4471 | ExpEvent 0 | ExpMass 0.012520 | best_tail 0.4640@62
2026-08-30 18:37:41,020 - ear_direct_cifar10_fedlf_IF100_alpha0p5_h2_m4_seed42_eps0p75_ca0p7_w30_taw1p5.log - INFO - EAR Round 64 | targetExp 0 targetSamples 0 tailExpRate 0.6667 | gradShare 0.057223 | Retention proj 0.522902 -> 0.522902 (gain 0.000000) | cos 0.951100 -> 0.951100
2026-08-30 18:37:41,022 - ear_direct_cifar10_fedlf_IF100_alpha0p5_h2_m4_seed42_eps0p75_ca0p7_w30_taw1p5.log - INFO - Round 65 selected clients: [4, 6, 8, 19]
2026-08-30 18:37:54,175 - ear_direct_cifar10_fedlf_IF100_alpha0p5_h2_m4_seed42_eps0p75_ca0p7_w30_taw1p5.log - INFO - Round 65 | Global 0.5615 | Head 0.7190 | Middle 0.4577 | Tail 0.5423 | Hmean 0.6183 | ExpEvent 1 | ExpMass 0.046050 | best_tail 0.5423@65
2026-08-30 18:37:54,176 - ear_direct_cifar10_fedlf_IF100_alpha0p5_h2_m4_seed42_eps0p75_ca0p7_w30_taw1p5.log - INFO - EAR Round 65 | targetExp 1 targetSamples 50 tailExpRate 1.0000 | gradShare 0.215373 | Retention proj 0.376667 -> 0.376667 (gain 0.000000) | cos 0.897426 -> 0.897426
2026-08-30 18:37:54,178 - ear_direct_cifar10_fedlf_IF100_alpha0p5_h2_m4_seed42_eps0p75_ca0p7_w30_taw1p5.log - INFO - Round 66 selected clients: [3, 7, 8, 15]
2026-08-30 18:38:06,671 - ear_direct_cifar10_fedlf_IF100_alpha0p5_h2_m4_seed42_eps0p75_ca0p7_w30_taw1p5.log - INFO - Round 66 | Global 0.5805 | Head 0.8020 | Middle 0.5972 | Tail 0.3367 | Hmean 0.4743 | ExpEvent 0 | ExpMass 0.006916 | best_tail 0.5423@65
2026-08-30 18:38:06,671 - ear_direct_cifar10_fedlf_IF100_alpha0p5_h2_m4_seed42_eps0p75_ca0p7_w30_taw1p5.log - INFO - EAR Round 66 | targetExp 0 targetSamples 0 tailExpRate 0.6667 | gradShare 0.102436 | Retention proj 0.226257 -> 0.226257 (gain 0.000000) | cos 0.440763 -> 0.440763
2026-08-30 18:38:06,673 - ear_direct_cifar10_fedlf_IF100_alpha0p5_h2_m4_seed42_eps0p75_ca0p7_w30_taw1p5.log - INFO - Round 67 selected clients: [6, 13, 17, 18]
2026-08-30 18:38:19,211 - ear_direct_cifar10_fedlf_IF100_alpha0p5_h2_m4_seed42_eps0p75_ca0p7_w30_taw1p5.log - INFO - Round 67 | Global 0.6038 | Head 0.7813 | Middle 0.5477 | Tail 0.5010 | Hmean 0.6105 | ExpEvent 1 | ExpMass 0.056112 | best_tail 0.5423@65
2026-08-30 18:38:19,212 - ear_direct_cifar10_fedlf_IF100_alpha0p5_h2_m4_seed42_eps0p75_ca0p7_w30_taw1p5.log - INFO - EAR Round 67 | targetExp 1 targetSamples 25 tailExpRate 1.0000 | gradShare 0.175147 | Retention proj 0.535231 -> 0.535231 (gain 0.000000) | cos 0.859907 -> 0.859907
2026-08-30 18:38:19,214 - ear_direct_cifar10_fedlf_IF100_alpha0p5_h2_m4_seed42_eps0p75_ca0p7_w30_taw1p5.log - INFO - Round 68 selected clients: [7, 12, 18, 19]
2026-08-30 18:38:32,192 - ear_direct_cifar10_fedlf_IF100_alpha0p5_h2_m4_seed42_eps0p75_ca0p7_w30_taw1p5.log - INFO - Round 68 | Global 0.5293 | Head 0.6347 | Middle 0.5845 | Tail 0.3503 | Hmean 0.4514 | ExpEvent 0 | ExpMass 0.023964 | best_tail 0.5423@65
2026-08-30 18:38:32,192 - ear_direct_cifar10_fedlf_IF100_alpha0p5_h2_m4_seed42_eps0p75_ca0p7_w30_taw1p5.log - INFO - EAR Round 68 | targetExp 0 targetSamples 0 tailExpRate 0.6667 | gradShare 0.118266 | Retention proj 0.580536 -> 0.580536 (gain 0.000000) | cos 0.828636 -> 0.828636
2026-08-30 18:38:32,195 - ear_direct_cifar10_fedlf_IF100_alpha0p5_h2_m4_seed42_eps0p75_ca0p7_w30_taw1p5.log - INFO - Round 69 selected clients: [12, 13, 15, 17]
2026-08-30 18:38:45,188 - ear_direct_cifar10_fedlf_IF100_alpha0p5_h2_m4_seed42_eps0p75_ca0p7_w30_taw1p5.log - INFO - Round 69 | Global 0.5766 | Head 0.7733 | Middle 0.6230 | Tail 0.3180 | Hmean 0.4507 | ExpEvent 0 | ExpMass 0.021027 | best_tail 0.5423@65
2026-08-30 18:38:45,188 - ear_direct_cifar10_fedlf_IF100_alpha0p5_h2_m4_seed42_eps0p75_ca0p7_w30_taw1p5.log - INFO - EAR Round 69 | targetExp 0 targetSamples 0 tailExpRate 0.6667 | gradShare 0.095876 | Retention proj 0.464595 -> 0.464595 (gain 0.000000) | cos 0.601234 -> 0.601234
2026-08-30 18:38:45,191 - ear_direct_cifar10_fedlf_IF100_alpha0p5_h2_m4_seed42_eps0p75_ca0p7_w30_taw1p5.log - INFO - Round 70 selected clients: [3, 5, 10, 17]
2026-08-30 18:38:58,026 - ear_direct_cifar10_fedlf_IF100_alpha0p5_h2_m4_seed42_eps0p75_ca0p7_w30_taw1p5.log - INFO - Round 70 | Global 0.5739 | Head 0.7263 | Middle 0.6268 | Tail 0.3510 | Hmean 0.4733 | ExpEvent 0 | ExpMass 0.037728 | best_tail 0.5423@65
2026-08-30 18:38:58,026 - ear_direct_cifar10_fedlf_IF100_alpha0p5_h2_m4_seed42_eps0p75_ca0p7_w30_taw1p5.log - INFO - EAR Round 70 | targetExp 0 targetSamples 0 tailExpRate 0.6667 | gradShare 0.172074 | Retention proj 0.760787 -> 0.760787 (gain 0.000000) | cos 0.997969 -> 0.997969
2026-08-30 18:38:58,052 - ear_direct_cifar10_fedlf_IF100_alpha0p5_h2_m4_seed42_eps0p75_ca0p7_w30_taw1p5.log - INFO - Checkpoint @70 | Global 0.5739 | Head 0.7263 | Middle 0.6268 | Tail 0.3510 | Hmean 0.4733
2026-08-30 18:38:58,052 - ear_direct_cifar10_fedlf_IF100_alpha0p5_h2_m4_seed42_eps0p75_ca0p7_w30_taw1p5.log - INFO - Round 71 selected clients: [2, 6, 11, 19]
2026-08-30 18:39:10,696 - ear_direct_cifar10_fedlf_IF100_alpha0p5_h2_m4_seed42_eps0p75_ca0p7_w30_taw1p5.log - INFO - Round 71 | Global 0.5812 | Head 0.6240 | Middle 0.6012 | Tail 0.5117 | Hmean 0.5623 | ExpEvent 1 | ExpMass 0.046913 | best_tail 0.5423@65
2026-08-30 18:39:10,696 - ear_direct_cifar10_fedlf_IF100_alpha0p5_h2_m4_seed42_eps0p75_ca0p7_w30_taw1p5.log - INFO - EAR Round 71 | targetExp 1 targetSamples 25 tailExpRate 1.0000 | gradShare 0.143511 | Retention proj 0.557410 -> 0.557410 (gain 0.000000) | cos 0.996853 -> 0.996853
2026-08-30 18:39:10,699 - ear_direct_cifar10_fedlf_IF100_alpha0p5_h2_m4_seed42_eps0p75_ca0p7_w30_taw1p5.log - INFO - Round 72 selected clients: [2, 10, 13, 17]
2026-08-30 18:39:23,694 - ear_direct_cifar10_fedlf_IF100_alpha0p5_h2_m4_seed42_eps0p75_ca0p7_w30_taw1p5.log - INFO - Round 72 | Global 0.5814 | Head 0.7060 | Middle 0.6235 | Tail 0.4007 | Hmean 0.5112 | ExpEvent 0 | ExpMass 0.030230 | best_tail 0.5423@65
2026-08-30 18:39:23,694 - ear_direct_cifar10_fedlf_IF100_alpha0p5_h2_m4_seed42_eps0p75_ca0p7_w30_taw1p5.log - INFO - EAR Round 72 | targetExp 0 targetSamples 0 tailExpRate 0.6667 | gradShare 0.136829 | Retention proj 0.475775 -> 0.475775 (gain 0.000000) | cos 0.926111 -> 0.926111
2026-08-30 18:39:23,696 - ear_direct_cifar10_fedlf_IF100_alpha0p5_h2_m4_seed42_eps0p75_ca0p7_w30_taw1p5.log - INFO - Round 73 selected clients: [8, 11, 12, 13]
2026-08-30 18:39:36,634 - ear_direct_cifar10_fedlf_IF100_alpha0p5_h2_m4_seed42_eps0p75_ca0p7_w30_taw1p5.log - INFO - Round 73 | Global 0.5824 | Head 0.7890 | Middle 0.6180 | Tail 0.3283 | Hmean 0.4637 | ExpEvent 0 | ExpMass 0.000403 | best_tail 0.5423@65
2026-08-30 18:39:36,634 - ear_direct_cifar10_fedlf_IF100_alpha0p5_h2_m4_seed42_eps0p75_ca0p7_w30_taw1p5.log - INFO - EAR Round 73 | targetExp 0 targetSamples 0 tailExpRate 0.3333 | gradShare 0.062959 | Retention proj 0.491065 -> 0.491065 (gain 0.000000) | cos 0.986212 -> 0.986212
2026-08-30 18:39:36,637 - ear_direct_cifar10_fedlf_IF100_alpha0p5_h2_m4_seed42_eps0p75_ca0p7_w30_taw1p5.log - INFO - Round 74 selected clients: [7, 9, 17, 19]
2026-08-30 18:39:49,199 - ear_direct_cifar10_fedlf_IF100_alpha0p5_h2_m4_seed42_eps0p75_ca0p7_w30_taw1p5.log - INFO - Round 74 | Global 0.5983 | Head 0.7547 | Middle 0.6282 | Tail 0.4020 | Hmean 0.5246 | ExpEvent 0 | ExpMass 0.033685 | best_tail 0.5423@65
2026-08-30 18:39:49,200 - ear_direct_cifar10_fedlf_IF100_alpha0p5_h2_m4_seed42_eps0p75_ca0p7_w30_taw1p5.log - INFO - EAR Round 74 | targetExp 0 targetSamples 0 tailExpRate 0.6667 | gradShare 0.144062 | Retention proj 0.730778 -> 0.730778 (gain 0.000000) | cos 0.999616 -> 0.999616
2026-08-30 18:39:49,202 - ear_direct_cifar10_fedlf_IF100_alpha0p5_h2_m4_seed42_eps0p75_ca0p7_w30_taw1p5.log - INFO - Round 75 selected clients: [0, 8, 16, 17]
2026-08-30 18:40:01,591 - ear_direct_cifar10_fedlf_IF100_alpha0p5_h2_m4_seed42_eps0p75_ca0p7_w30_taw1p5.log - INFO - Round 75 | Global 0.5634 | Head 0.8130 | Middle 0.5463 | Tail 0.3367 | Hmean 0.4762 | ExpEvent 0 | ExpMass 0.019750 | best_tail 0.5423@65
2026-08-30 18:40:01,591 - ear_direct_cifar10_fedlf_IF100_alpha0p5_h2_m4_seed42_eps0p75_ca0p7_w30_taw1p5.log - INFO - EAR Round 75 | targetExp 0 targetSamples 0 tailExpRate 0.6667 | gradShare 0.095731 | Retention proj 0.320957 -> 0.320957 (gain 0.000000) | cos 0.904352 -> 0.904352
2026-08-30 18:40:01,593 - ear_direct_cifar10_fedlf_IF100_alpha0p5_h2_m4_seed42_eps0p75_ca0p7_w30_taw1p5.log - INFO - Round 76 selected clients: [1, 3, 12, 15]
2026-08-30 18:40:14,390 - ear_direct_cifar10_fedlf_IF100_alpha0p5_h2_m4_seed42_eps0p75_ca0p7_w30_taw1p5.log - INFO - Round 76 | Global 0.5422 | Head 0.7300 | Middle 0.5960 | Tail 0.2827 | Hmean 0.4076 | ExpEvent 0 | ExpMass 0.007320 | best_tail 0.5423@65
2026-08-30 18:40:14,392 - ear_direct_cifar10_fedlf_IF100_alpha0p5_h2_m4_seed42_eps0p75_ca0p7_w30_taw1p5.log - INFO - EAR Round 76 | targetExp 0 targetSamples 0 tailExpRate 0.6667 | gradShare 0.062200 | Retention proj 0.479557 -> 0.479557 (gain 0.000000) | cos 0.519609 -> 0.519609
2026-08-30 18:40:14,394 - ear_direct_cifar10_fedlf_IF100_alpha0p5_h2_m4_seed42_eps0p75_ca0p7_w30_taw1p5.log - INFO - Round 77 selected clients: [2, 3, 7, 17]
2026-08-30 18:40:27,245 - ear_direct_cifar10_fedlf_IF100_alpha0p5_h2_m4_seed42_eps0p75_ca0p7_w30_taw1p5.log - INFO - Round 77 | Global 0.5979 | Head 0.7920 | Middle 0.6352 | Tail 0.3540 | Hmean 0.4893 | ExpEvent 0 | ExpMass 0.036496 | best_tail 0.5423@65
2026-08-30 18:40:27,246 - ear_direct_cifar10_fedlf_IF100_alpha0p5_h2_m4_seed42_eps0p75_ca0p7_w30_taw1p5.log - INFO - EAR Round 77 | targetExp 0 targetSamples 0 tailExpRate 0.6667 | gradShare 0.140043 | Retention proj 0.733848 -> 0.733848 (gain 0.000000) | cos 0.999933 -> 0.999933
2026-08-30 18:40:27,249 - ear_direct_cifar10_fedlf_IF100_alpha0p5_h2_m4_seed42_eps0p75_ca0p7_w30_taw1p5.log - INFO - Round 78 selected clients: [5, 8, 11, 13]
2026-08-30 18:40:40,207 - ear_direct_cifar10_fedlf_IF100_alpha0p5_h2_m4_seed42_eps0p75_ca0p7_w30_taw1p5.log - INFO - Round 78 | Global 0.5924 | Head 0.8110 | Middle 0.6300 | Tail 0.3237 | Hmean 0.4627 | ExpEvent 0 | ExpMass 0.011694 | best_tail 0.5423@65
2026-08-30 18:40:40,207 - ear_direct_cifar10_fedlf_IF100_alpha0p5_h2_m4_seed42_eps0p75_ca0p7_w30_taw1p5.log - INFO - EAR Round 78 | targetExp 0 targetSamples 0 tailExpRate 0.6667 | gradShare 0.094631 | Retention proj 0.267318 -> 0.267318 (gain 0.000000) | cos 0.938553 -> 0.938553
2026-08-30 18:40:40,209 - ear_direct_cifar10_fedlf_IF100_alpha0p5_h2_m4_seed42_eps0p75_ca0p7_w30_taw1p5.log - INFO - Round 79 selected clients: [2, 10, 17, 18]
2026-08-30 18:40:54,570 - ear_direct_cifar10_fedlf_IF100_alpha0p5_h2_m4_seed42_eps0p75_ca0p7_w30_taw1p5.log - INFO - Round 79 | Global 0.6055 | Head 0.7297 | Middle 0.6585 | Tail 0.4107 | Hmean 0.5256 | ExpEvent 0 | ExpMass 0.042054 | best_tail 0.5423@65
2026-08-30 18:40:54,570 - ear_direct_cifar10_fedlf_IF100_alpha0p5_h2_m4_seed42_eps0p75_ca0p7_w30_taw1p5.log - INFO - EAR Round 79 | targetExp 0 targetSamples 0 tailExpRate 0.6667 | gradShare 0.133182 | Retention proj 0.740269 -> 0.740269 (gain 0.000000) | cos 0.999895 -> 0.999895
2026-08-30 18:40:54,573 - ear_direct_cifar10_fedlf_IF100_alpha0p5_h2_m4_seed42_eps0p75_ca0p7_w30_taw1p5.log - INFO - Round 80 selected clients: [5, 8, 13, 14]
2026-08-30 18:41:10,060 - ear_direct_cifar10_fedlf_IF100_alpha0p5_h2_m4_seed42_eps0p75_ca0p7_w30_taw1p5.log - INFO - Round 80 | Global 0.5991 | Head 0.7923 | Middle 0.6402 | Tail 0.3510 | Hmean 0.4865 | ExpEvent 0 | ExpMass 0.011694 | best_tail 0.5423@65
2026-08-30 18:41:10,060 - ear_direct_cifar10_fedlf_IF100_alpha0p5_h2_m4_seed42_eps0p75_ca0p7_w30_taw1p5.log - INFO - EAR Round 80 | targetExp 0 targetSamples 0 tailExpRate 0.6667 | gradShare 0.103779 | Retention proj 0.282446 -> 0.282446 (gain 0.000000) | cos 0.891392 -> 0.891392
2026-08-30 18:41:10,086 - ear_direct_cifar10_fedlf_IF100_alpha0p5_h2_m4_seed42_eps0p75_ca0p7_w30_taw1p5.log - INFO - Checkpoint @80 | Global 0.5991 | Head 0.7923 | Middle 0.6402 | Tail 0.3510 | Hmean 0.4865
2026-08-30 18:41:10,086 - ear_direct_cifar10_fedlf_IF100_alpha0p5_h2_m4_seed42_eps0p75_ca0p7_w30_taw1p5.log - INFO - Round 81 selected clients: [5, 9, 10, 15]
2026-08-30 18:41:26,343 - ear_direct_cifar10_fedlf_IF100_alpha0p5_h2_m4_seed42_eps0p75_ca0p7_w30_taw1p5.log - INFO - Round 81 | Global 0.5872 | Head 0.8313 | Middle 0.6090 | Tail 0.3140 | Hmean 0.4558 | ExpEvent 0 | ExpMass 0.014593 | best_tail 0.5423@65
2026-08-30 18:41:26,343 - ear_direct_cifar10_fedlf_IF100_alpha0p5_h2_m4_seed42_eps0p75_ca0p7_w30_taw1p5.log - INFO - EAR Round 81 | targetExp 0 targetSamples 0 tailExpRate 0.6667 | gradShare 0.089232 | Retention proj 0.690596 -> 0.690596 (gain 0.000000) | cos 0.881943 -> 0.881943
2026-08-30 18:41:26,345 - ear_direct_cifar10_fedlf_IF100_alpha0p5_h2_m4_seed42_eps0p75_ca0p7_w30_taw1p5.log - INFO - Round 82 selected clients: [0, 9, 13, 16]
2026-08-30 18:41:42,271 - ear_direct_cifar10_fedlf_IF100_alpha0p5_h2_m4_seed42_eps0p75_ca0p7_w30_taw1p5.log - INFO - Round 82 | Global 0.5326 | Head 0.7567 | Middle 0.5377 | Tail 0.3017 | Hmean 0.4314 | ExpEvent 0 | ExpMass 0.002020 | best_tail 0.5423@65
2026-08-30 18:41:42,271 - ear_direct_cifar10_fedlf_IF100_alpha0p5_h2_m4_seed42_eps0p75_ca0p7_w30_taw1p5.log - INFO - EAR Round 82 | targetExp 0 targetSamples 0 tailExpRate 0.6667 | gradShare 0.033039 | Retention proj 0.282443 -> 0.282443 (gain 0.000000) | cos 0.582596 -> 0.582596
2026-08-30 18:41:42,273 - ear_direct_cifar10_fedlf_IF100_alpha0p5_h2_m4_seed42_eps0p75_ca0p7_w30_taw1p5.log - INFO - Round 83 selected clients: [3, 11, 14, 15]
2026-08-30 18:41:58,369 - ear_direct_cifar10_fedlf_IF100_alpha0p5_h2_m4_seed42_eps0p75_ca0p7_w30_taw1p5.log - INFO - Round 83 | Global 0.5712 | Head 0.8107 | Middle 0.6250 | Tail 0.2600 | Hmean 0.3937 | ExpEvent 0 | ExpMass 0.006916 | best_tail 0.5423@65
2026-08-30 18:41:58,369 - ear_direct_cifar10_fedlf_IF100_alpha0p5_h2_m4_seed42_eps0p75_ca0p7_w30_taw1p5.log - INFO - EAR Round 83 | targetExp 0 targetSamples 0 tailExpRate 0.6667 | gradShare 0.050344 | Retention proj 0.294448 -> 0.294448 (gain 0.000000) | cos 0.941922 -> 0.941922
2026-08-30 18:41:58,371 - ear_direct_cifar10_fedlf_IF100_alpha0p5_h2_m4_seed42_eps0p75_ca0p7_w30_taw1p5.log - INFO - Round 84 selected clients: [3, 6, 13, 14]
2026-08-30 18:42:14,889 - ear_direct_cifar10_fedlf_IF100_alpha0p5_h2_m4_seed42_eps0p75_ca0p7_w30_taw1p5.log - INFO - Round 84 | Global 0.6001 | Head 0.7923 | Middle 0.6078 | Tail 0.3977 | Hmean 0.5296 | ExpEvent 1 | ExpMass 0.030949 | best_tail 0.5423@65
2026-08-30 18:42:14,889 - ear_direct_cifar10_fedlf_IF100_alpha0p5_h2_m4_seed42_eps0p75_ca0p7_w30_taw1p5.log - INFO - EAR Round 84 | targetExp 1 targetSamples 25 tailExpRate 1.0000 | gradShare 0.118227 | Retention proj 0.401349 -> 0.401349 (gain 0.000000) | cos 0.999500 -> 0.999500
2026-08-30 18:42:14,892 - ear_direct_cifar10_fedlf_IF100_alpha0p5_h2_m4_seed42_eps0p75_ca0p7_w30_taw1p5.log - INFO - Round 85 selected clients: [5, 9, 12, 16]
2026-08-30 18:42:31,702 - ear_direct_cifar10_fedlf_IF100_alpha0p5_h2_m4_seed42_eps0p75_ca0p7_w30_taw1p5.log - INFO - Round 85 | Global 0.5953 | Head 0.7900 | Middle 0.6428 | Tail 0.3373 | Hmean 0.4728 | ExpEvent 0 | ExpMass 0.014147 | best_tail 0.5423@65
2026-08-30 18:42:31,702 - ear_direct_cifar10_fedlf_IF100_alpha0p5_h2_m4_seed42_eps0p75_ca0p7_w30_taw1p5.log - INFO - EAR Round 85 | targetExp 0 targetSamples 0 tailExpRate 0.6667 | gradShare 0.076809 | Retention proj 0.528861 -> 0.528861 (gain 0.000000) | cos 0.577894 -> 0.577894
2026-08-30 18:42:31,704 - ear_direct_cifar10_fedlf_IF100_alpha0p5_h2_m4_seed42_eps0p75_ca0p7_w30_taw1p5.log - INFO - Round 86 selected clients: [0, 2, 11, 13]
2026-08-30 18:42:47,521 - ear_direct_cifar10_fedlf_IF100_alpha0p5_h2_m4_seed42_eps0p75_ca0p7_w30_taw1p5.log - INFO - Round 86 | Global 0.6046 | Head 0.8107 | Middle 0.6480 | Tail 0.3407 | Hmean 0.4798 | ExpEvent 0 | ExpMass 0.010475 | best_tail 0.5423@65
2026-08-30 18:42:47,521 - ear_direct_cifar10_fedlf_IF100_alpha0p5_h2_m4_seed42_eps0p75_ca0p7_w30_taw1p5.log - INFO - EAR Round 86 | targetExp 0 targetSamples 0 tailExpRate 0.6667 | gradShare 0.045295 | Retention proj 0.184465 -> 0.184465 (gain 0.000000) | cos 0.933549 -> 0.933549
2026-08-30 18:42:47,523 - ear_direct_cifar10_fedlf_IF100_alpha0p5_h2_m4_seed42_eps0p75_ca0p7_w30_taw1p5.log - INFO - Round 87 selected clients: [4, 6, 13, 15]
2026-08-30 18:43:02,759 - ear_direct_cifar10_fedlf_IF100_alpha0p5_h2_m4_seed42_eps0p75_ca0p7_w30_taw1p5.log - INFO - Round 87 | Global 0.6250 | Head 0.7740 | Middle 0.6430 | Tail 0.4520 | Hmean 0.5707 | ExpEvent 1 | ExpMass 0.035289 | best_tail 0.5423@65
2026-08-30 18:43:02,759 - ear_direct_cifar10_fedlf_IF100_alpha0p5_h2_m4_seed42_eps0p75_ca0p7_w30_taw1p5.log - INFO - EAR Round 87 | targetExp 1 targetSamples 50 tailExpRate 1.0000 | gradShare 0.174071 | Retention proj 0.390764 -> 0.390764 (gain 0.000000) | cos 0.670159 -> 0.670159
2026-08-30 18:43:02,761 - ear_direct_cifar10_fedlf_IF100_alpha0p5_h2_m4_seed42_eps0p75_ca0p7_w30_taw1p5.log - INFO - Round 88 selected clients: [0, 7, 15, 16]
2026-08-30 18:43:16,093 - ear_direct_cifar10_fedlf_IF100_alpha0p5_h2_m4_seed42_eps0p75_ca0p7_w30_taw1p5.log - INFO - Round 88 | Global 0.5863 | Head 0.8260 | Middle 0.6055 | Tail 0.3210 | Hmean 0.4623 | ExpEvent 0 | ExpMass 0.000808 | best_tail 0.5423@65
2026-08-30 18:43:16,094 - ear_direct_cifar10_fedlf_IF100_alpha0p5_h2_m4_seed42_eps0p75_ca0p7_w30_taw1p5.log - INFO - EAR Round 88 | targetExp 0 targetSamples 0 tailExpRate 0.3333 | gradShare 0.047522 | Retention proj 0.413595 -> 0.413595 (gain 0.000000) | cos 0.753013 -> 0.753013
2026-08-30 18:43:16,096 - ear_direct_cifar10_fedlf_IF100_alpha0p5_h2_m4_seed42_eps0p75_ca0p7_w30_taw1p5.log - INFO - Round 89 selected clients: [2, 4, 5, 7]
2026-08-30 18:43:28,906 - ear_direct_cifar10_fedlf_IF100_alpha0p5_h2_m4_seed42_eps0p75_ca0p7_w30_taw1p5.log - INFO - Round 89 | Global 0.6041 | Head 0.7747 | Middle 0.6462 | Tail 0.3773 | Hmean 0.5075 | ExpEvent 1 | ExpMass 0.031911 | best_tail 0.5423@65
2026-08-30 18:43:28,906 - ear_direct_cifar10_fedlf_IF100_alpha0p5_h2_m4_seed42_eps0p75_ca0p7_w30_taw1p5.log - INFO - EAR Round 89 | targetExp 1 targetSamples 25 tailExpRate 1.0000 | gradShare 0.174327 | Retention proj 0.273411 -> 0.273411 (gain 0.000000) | cos 0.965416 -> 0.965416
2026-08-30 18:43:28,908 - ear_direct_cifar10_fedlf_IF100_alpha0p5_h2_m4_seed42_eps0p75_ca0p7_w30_taw1p5.log - INFO - Round 90 selected clients: [0, 2, 10, 12]
2026-08-30 18:43:42,177 - ear_direct_cifar10_fedlf_IF100_alpha0p5_h2_m4_seed42_eps0p75_ca0p7_w30_taw1p5.log - INFO - Round 90 | Global 0.6129 | Head 0.8077 | Middle 0.6405 | Tail 0.3813 | Hmean 0.5180 | ExpEvent 0 | ExpMass 0.010878 | best_tail 0.5423@65
2026-08-30 18:43:42,177 - ear_direct_cifar10_fedlf_IF100_alpha0p5_h2_m4_seed42_eps0p75_ca0p7_w30_taw1p5.log - INFO - EAR Round 90 | targetExp 0 targetSamples 0 tailExpRate 0.6667 | gradShare 0.059011 | Retention proj 0.247794 -> 0.247794 (gain 0.000000) | cos 0.596641 -> 0.596641
2026-08-30 18:43:42,214 - ear_direct_cifar10_fedlf_IF100_alpha0p5_h2_m4_seed42_eps0p75_ca0p7_w30_taw1p5.log - INFO - Checkpoint @90 | Global 0.6129 | Head 0.8077 | Middle 0.6405 | Tail 0.3813 | Hmean 0.5180
2026-08-30 18:43:42,215 - ear_direct_cifar10_fedlf_IF100_alpha0p5_h2_m4_seed42_eps0p75_ca0p7_w30_taw1p5.log - INFO - Round 91 selected clients: [1, 5, 6, 17]
2026-08-30 18:43:55,503 - ear_direct_cifar10_fedlf_IF100_alpha0p5_h2_m4_seed42_eps0p75_ca0p7_w30_taw1p5.log - INFO - Round 91 | Global 0.6354 | Head 0.7607 | Middle 0.6312 | Tail 0.5157 | Hmean 0.6147 | ExpEvent 1 | ExpMass 0.055911 | best_tail 0.5423@65
2026-08-30 18:43:55,503 - ear_direct_cifar10_fedlf_IF100_alpha0p5_h2_m4_seed42_eps0p75_ca0p7_w30_taw1p5.log - INFO - EAR Round 91 | targetExp 1 targetSamples 25 tailExpRate 1.0000 | gradShare 0.179375 | Retention proj 0.528465 -> 0.528465 (gain 0.000000) | cos 0.911839 -> 0.911839
2026-08-30 18:43:55,506 - ear_direct_cifar10_fedlf_IF100_alpha0p5_h2_m4_seed42_eps0p75_ca0p7_w30_taw1p5.log - INFO - Round 92 selected clients: [11, 15, 17, 19]
2026-08-30 18:44:09,449 - ear_direct_cifar10_fedlf_IF100_alpha0p5_h2_m4_seed42_eps0p75_ca0p7_w30_taw1p5.log - INFO - Round 92 | Global 0.4906 | Head 0.8100 | Middle 0.3860 | Tail 0.3107 | Hmean 0.4491 | ExpEvent 0 | ExpMass 0.032481 | best_tail 0.5423@65
2026-08-30 18:44:09,449 - ear_direct_cifar10_fedlf_IF100_alpha0p5_h2_m4_seed42_eps0p75_ca0p7_w30_taw1p5.log - INFO - EAR Round 92 | targetExp 0 targetSamples 0 tailExpRate 0.6667 | gradShare 0.127327 | Retention proj 0.521065 -> 0.521065 (gain 0.000000) | cos 0.983676 -> 0.983676
2026-08-30 18:44:09,451 - ear_direct_cifar10_fedlf_IF100_alpha0p5_h2_m4_seed42_eps0p75_ca0p7_w30_taw1p5.log - INFO - Round 93 selected clients: [1, 6, 8, 9]
2026-08-30 18:44:23,010 - ear_direct_cifar10_fedlf_IF100_alpha0p5_h2_m4_seed42_eps0p75_ca0p7_w30_taw1p5.log - INFO - Round 93 | Global 0.6013 | Head 0.7997 | Middle 0.6198 | Tail 0.3783 | Hmean 0.5136 | ExpEvent 1 | ExpMass 0.026821 | best_tail 0.5423@65
2026-08-30 18:44:23,010 - ear_direct_cifar10_fedlf_IF100_alpha0p5_h2_m4_seed42_eps0p75_ca0p7_w30_taw1p5.log - INFO - EAR Round 93 | targetExp 1 targetSamples 25 tailExpRate 1.0000 | gradShare 0.097812 | Retention proj 0.402555 -> 0.402555 (gain 0.000000) | cos 0.950584 -> 0.950584
2026-08-30 18:44:23,013 - ear_direct_cifar10_fedlf_IF100_alpha0p5_h2_m4_seed42_eps0p75_ca0p7_w30_taw1p5.log - INFO - Round 94 selected clients: [3, 9, 10, 19]
2026-08-30 18:44:36,268 - ear_direct_cifar10_fedlf_IF100_alpha0p5_h2_m4_seed42_eps0p75_ca0p7_w30_taw1p5.log - INFO - Round 94 | Global 0.5585 | Head 0.8560 | Middle 0.4830 | Tail 0.3617 | Hmean 0.5085 | ExpEvent 0 | ExpMass 0.020008 | best_tail 0.5423@65
2026-08-30 18:44:36,268 - ear_direct_cifar10_fedlf_IF100_alpha0p5_h2_m4_seed42_eps0p75_ca0p7_w30_taw1p5.log - INFO - EAR Round 94 | targetExp 0 targetSamples 0 tailExpRate 0.6667 | gradShare 0.117381 | Retention proj 0.727047 -> 0.727047 (gain 0.000000) | cos 0.998653 -> 0.998653
2026-08-30 18:44:36,270 - ear_direct_cifar10_fedlf_IF100_alpha0p5_h2_m4_seed42_eps0p75_ca0p7_w30_taw1p5.log - INFO - Round 95 selected clients: [1, 7, 12, 16]
2026-08-30 18:44:49,212 - ear_direct_cifar10_fedlf_IF100_alpha0p5_h2_m4_seed42_eps0p75_ca0p7_w30_taw1p5.log - INFO - Round 95 | Global 0.5970 | Head 0.8367 | Middle 0.6060 | Tail 0.3453 | Hmean 0.4889 | ExpEvent 0 | ExpMass 0.000403 | best_tail 0.5423@65
2026-08-30 18:44:49,213 - ear_direct_cifar10_fedlf_IF100_alpha0p5_h2_m4_seed42_eps0p75_ca0p7_w30_taw1p5.log - INFO - EAR Round 95 | targetExp 0 targetSamples 0 tailExpRate 0.3333 | gradShare 0.053435 | Retention proj 0.774776 -> 0.774776 (gain 0.000000) | cos 0.978619 -> 0.978619
2026-08-30 18:44:49,215 - ear_direct_cifar10_fedlf_IF100_alpha0p5_h2_m4_seed42_eps0p75_ca0p7_w30_taw1p5.log - INFO - Round 96 selected clients: [6, 14, 15, 17]
2026-08-30 18:45:02,386 - ear_direct_cifar10_fedlf_IF100_alpha0p5_h2_m4_seed42_eps0p75_ca0p7_w30_taw1p5.log - INFO - Round 96 | Global 0.6370 | Head 0.7570 | Middle 0.6522 | Tail 0.4967 | Hmean 0.5998 | ExpEvent 1 | ExpMass 0.045272 | best_tail 0.5423@65
2026-08-30 18:45:02,386 - ear_direct_cifar10_fedlf_IF100_alpha0p5_h2_m4_seed42_eps0p75_ca0p7_w30_taw1p5.log - INFO - EAR Round 96 | targetExp 1 targetSamples 25 tailExpRate 1.0000 | gradShare 0.140325 | Retention proj 0.460879 -> 0.460879 (gain 0.000000) | cos 0.942949 -> 0.942949
2026-08-30 18:45:02,388 - ear_direct_cifar10_fedlf_IF100_alpha0p5_h2_m4_seed42_eps0p75_ca0p7_w30_taw1p5.log - INFO - Round 97 selected clients: [2, 4, 6, 12]
2026-08-30 18:45:15,399 - ear_direct_cifar10_fedlf_IF100_alpha0p5_h2_m4_seed42_eps0p75_ca0p7_w30_taw1p5.log - INFO - Round 97 | Global 0.5617 | Head 0.5127 | Middle 0.6465 | Tail 0.4977 | Hmean 0.5051 | ExpEvent 1 | ExpMass 0.045059 | best_tail 0.5423@65
2026-08-30 18:45:15,399 - ear_direct_cifar10_fedlf_IF100_alpha0p5_h2_m4_seed42_eps0p75_ca0p7_w30_taw1p5.log - INFO - EAR Round 97 | targetExp 1 targetSamples 50 tailExpRate 1.0000 | gradShare 0.189734 | Retention proj 0.309626 -> 0.309626 (gain 0.000000) | cos 0.637727 -> 0.637727
2026-08-30 18:45:15,402 - ear_direct_cifar10_fedlf_IF100_alpha0p5_h2_m4_seed42_eps0p75_ca0p7_w30_taw1p5.log - INFO - Round 98 selected clients: [2, 4, 10, 17]
2026-08-30 18:45:28,338 - ear_direct_cifar10_fedlf_IF100_alpha0p5_h2_m4_seed42_eps0p75_ca0p7_w30_taw1p5.log - INFO - Round 98 | Global 0.6374 | Head 0.7640 | Middle 0.6657 | Tail 0.4730 | Hmean 0.5843 | ExpEvent 1 | ExpMass 0.039888 | best_tail 0.5423@65
2026-08-30 18:45:28,338 - ear_direct_cifar10_fedlf_IF100_alpha0p5_h2_m4_seed42_eps0p75_ca0p7_w30_taw1p5.log - INFO - EAR Round 98 | targetExp 1 targetSamples 25 tailExpRate 1.0000 | gradShare 0.189875 | Retention proj 0.130378 -> 0.130378 (gain 0.000000) | cos 0.623592 -> 0.623592
2026-08-30 18:45:28,340 - ear_direct_cifar10_fedlf_IF100_alpha0p5_h2_m4_seed42_eps0p75_ca0p7_w30_taw1p5.log - INFO - Round 99 selected clients: [0, 4, 13, 14]
2026-08-30 18:45:41,963 - ear_direct_cifar10_fedlf_IF100_alpha0p5_h2_m4_seed42_eps0p75_ca0p7_w30_taw1p5.log - INFO - Round 99 | Global 0.5735 | Head 0.7937 | Middle 0.5603 | Tail 0.3710 | Hmean 0.5056 | ExpEvent 1 | ExpMass 0.009972 | best_tail 0.5423@65
2026-08-30 18:45:41,964 - ear_direct_cifar10_fedlf_IF100_alpha0p5_h2_m4_seed42_eps0p75_ca0p7_w30_taw1p5.log - INFO - EAR Round 99 | targetExp 1 targetSamples 25 tailExpRate 0.3333 | gradShare 0.139633 | Retention proj 0.194331 -> 0.194331 (gain 0.000000) | cos 0.993802 -> 0.993802
2026-08-30 18:45:41,966 - ear_direct_cifar10_fedlf_IF100_alpha0p5_h2_m4_seed42_eps0p75_ca0p7_w30_taw1p5.log - INFO - Round 100 selected clients: [0, 10, 11, 12]
2026-08-30 18:45:55,165 - ear_direct_cifar10_fedlf_IF100_alpha0p5_h2_m4_seed42_eps0p75_ca0p7_w30_taw1p5.log - INFO - Round 100 | Global 0.5801 | Head 0.8023 | Middle 0.6072 | Tail 0.3217 | Hmean 0.4593 | ExpEvent 0 | ExpMass 0.000403 | best_tail 0.5423@65
2026-08-30 18:45:55,165 - ear_direct_cifar10_fedlf_IF100_alpha0p5_h2_m4_seed42_eps0p75_ca0p7_w30_taw1p5.log - INFO - EAR Round 100 | targetExp 0 targetSamples 0 tailExpRate 0.3333 | gradShare 0.056606 | Retention proj 0.446500 -> 0.446500 (gain 0.000000) | cos 0.924192 -> 0.924192
2026-08-30 18:45:55,190 - ear_direct_cifar10_fedlf_IF100_alpha0p5_h2_m4_seed42_eps0p75_ca0p7_w30_taw1p5.log - INFO - Checkpoint @100 | Global 0.5801 | Head 0.8023 | Middle 0.6072 | Tail 0.3217 | Hmean 0.4593
2026-08-30 18:45:55,190 - ear_direct_cifar10_fedlf_IF100_alpha0p5_h2_m4_seed42_eps0p75_ca0p7_w30_taw1p5.log - INFO - Round 101 selected clients: [0, 11, 15, 17]
2026-08-30 18:46:08,372 - ear_direct_cifar10_fedlf_IF100_alpha0p5_h2_m4_seed42_eps0p75_ca0p7_w30_taw1p5.log - INFO - Round 101 | Global 0.5653 | Head 0.7310 | Middle 0.6252 | Tail 0.3197 | Hmean 0.4448 | ExpEvent 0 | ExpMass 0.020614 | best_tail 0.5423@65
2026-08-30 18:46:08,372 - ear_direct_cifar10_fedlf_IF100_alpha0p5_h2_m4_seed42_eps0p75_ca0p7_w30_taw1p5.log - INFO - EAR Round 101 | targetExp 0 targetSamples 0 tailExpRate 0.6667 | gradShare 0.088844 | Retention proj 0.550052 -> 0.550052 (gain 0.000000) | cos 0.975064 -> 0.975064
2026-08-30 18:46:08,375 - ear_direct_cifar10_fedlf_IF100_alpha0p5_h2_m4_seed42_eps0p75_ca0p7_w30_taw1p5.log - INFO - Round 102 selected clients: [1, 10, 12, 17]
2026-08-30 18:46:21,119 - ear_direct_cifar10_fedlf_IF100_alpha0p5_h2_m4_seed42_eps0p75_ca0p7_w30_taw1p5.log - INFO - Round 102 | Global 0.5796 | Head 0.8240 | Middle 0.6092 | Tail 0.2957 | Hmean 0.4352 | ExpEvent 0 | ExpMass 0.020153 | best_tail 0.5423@65
2026-08-30 18:46:21,119 - ear_direct_cifar10_fedlf_IF100_alpha0p5_h2_m4_seed42_eps0p75_ca0p7_w30_taw1p5.log - INFO - EAR Round 102 | targetExp 0 targetSamples 0 tailExpRate 0.6667 | gradShare 0.078554 | Retention proj 0.376351 -> 0.376351 (gain 0.000000) | cos 0.849773 -> 0.849773
2026-08-30 18:46:21,122 - ear_direct_cifar10_fedlf_IF100_alpha0p5_h2_m4_seed42_eps0p75_ca0p7_w30_taw1p5.log - INFO - Round 103 selected clients: [0, 7, 9, 11]
2026-08-30 18:46:34,426 - ear_direct_cifar10_fedlf_IF100_alpha0p5_h2_m4_seed42_eps0p75_ca0p7_w30_taw1p5.log - INFO - Round 103 | Global 0.5475 | Head 0.7670 | Middle 0.5913 | Tail 0.2697 | Hmean 0.3991 | ExpEvent 0 | ExpMass 0.002020 | best_tail 0.5423@65
2026-08-30 18:46:34,426 - ear_direct_cifar10_fedlf_IF100_alpha0p5_h2_m4_seed42_eps0p75_ca0p7_w30_taw1p5.log - INFO - EAR Round 103 | targetExp 0 targetSamples 0 tailExpRate 0.6667 | gradShare 0.044945 | Retention proj 0.282691 -> 0.282691 (gain 0.000000) | cos 0.997895 -> 0.997895
2026-08-30 18:46:34,429 - ear_direct_cifar10_fedlf_IF100_alpha0p5_h2_m4_seed42_eps0p75_ca0p7_w30_taw1p5.log - INFO - Round 104 selected clients: [10, 12, 15, 16]
2026-08-30 18:46:47,562 - ear_direct_cifar10_fedlf_IF100_alpha0p5_h2_m4_seed42_eps0p75_ca0p7_w30_taw1p5.log - INFO - Round 104 | Global 0.5409 | Head 0.8270 | Middle 0.6152 | Tail 0.1557 | Hmean 0.2621 | ExpEvent 0 | ExpMass 0.001213 | best_tail 0.5423@65
2026-08-30 18:46:47,562 - ear_direct_cifar10_fedlf_IF100_alpha0p5_h2_m4_seed42_eps0p75_ca0p7_w30_taw1p5.log - INFO - EAR Round 104 | targetExp 0 targetSamples 0 tailExpRate 0.6667 | gradShare 0.045198 | Retention proj 0.643922 -> 0.643922 (gain 0.000000) | cos 0.833160 -> 0.833160
2026-08-30 18:46:47,566 - ear_direct_cifar10_fedlf_IF100_alpha0p5_h2_m4_seed42_eps0p75_ca0p7_w30_taw1p5.log - INFO - Round 105 selected clients: [9, 12, 15, 19]
2026-08-30 18:47:00,793 - ear_direct_cifar10_fedlf_IF100_alpha0p5_h2_m4_seed42_eps0p75_ca0p7_w30_taw1p5.log - INFO - Round 105 | Global 0.6076 | Head 0.8040 | Middle 0.6460 | Tail 0.3600 | Hmean 0.4973 | ExpEvent 0 | ExpMass 0.015059 | best_tail 0.5423@65
2026-08-30 18:47:00,793 - ear_direct_cifar10_fedlf_IF100_alpha0p5_h2_m4_seed42_eps0p75_ca0p7_w30_taw1p5.log - INFO - EAR Round 105 | targetExp 0 targetSamples 0 tailExpRate 0.6667 | gradShare 0.069087 | Retention proj 0.692766 -> 0.692766 (gain 0.000000) | cos 0.996549 -> 0.996549
2026-08-30 18:47:00,795 - ear_direct_cifar10_fedlf_IF100_alpha0p5_h2_m4_seed42_eps0p75_ca0p7_w30_taw1p5.log - INFO - Round 106 selected clients: [1, 6, 15, 18]
2026-08-30 18:47:14,293 - ear_direct_cifar10_fedlf_IF100_alpha0p5_h2_m4_seed42_eps0p75_ca0p7_w30_taw1p5.log - INFO - Round 106 | Global 0.6296 | Head 0.7497 | Middle 0.6340 | Tail 0.5037 | Hmean 0.6026 | ExpEvent 1 | ExpMass 0.037364 | best_tail 0.5423@65
2026-08-30 18:47:14,294 - ear_direct_cifar10_fedlf_IF100_alpha0p5_h2_m4_seed42_eps0p75_ca0p7_w30_taw1p5.log - INFO - EAR Round 106 | targetExp 1 targetSamples 25 tailExpRate 1.0000 | gradShare 0.103729 | Retention proj 0.412253 -> 0.412253 (gain 0.000000) | cos 0.933136 -> 0.933136
2026-08-30 18:47:14,297 - ear_direct_cifar10_fedlf_IF100_alpha0p5_h2_m4_seed42_eps0p75_ca0p7_w30_taw1p5.log - INFO - Round 107 selected clients: [2, 6, 8, 17]
2026-08-30 18:47:27,534 - ear_direct_cifar10_fedlf_IF100_alpha0p5_h2_m4_seed42_eps0p75_ca0p7_w30_taw1p5.log - INFO - Round 107 | Global 0.6476 | Head 0.7357 | Middle 0.6633 | Tail 0.5387 | Hmean 0.6220 | ExpEvent 1 | ExpMass 0.054712 | best_tail 0.5423@65
2026-08-30 18:47:27,534 - ear_direct_cifar10_fedlf_IF100_alpha0p5_h2_m4_seed42_eps0p75_ca0p7_w30_taw1p5.log - INFO - EAR Round 107 | targetExp 1 targetSamples 25 tailExpRate 1.0000 | gradShare 0.155895 | Retention proj 0.556831 -> 0.556831 (gain 0.000000) | cos 0.969652 -> 0.969652
2026-08-30 18:47:27,536 - ear_direct_cifar10_fedlf_IF100_alpha0p5_h2_m4_seed42_eps0p75_ca0p7_w30_taw1p5.log - INFO - Round 108 selected clients: [6, 7, 8, 11]
2026-08-30 18:47:41,472 - ear_direct_cifar10_fedlf_IF100_alpha0p5_h2_m4_seed42_eps0p75_ca0p7_w30_taw1p5.log - INFO - Round 108 | Global 0.6125 | Head 0.7547 | Middle 0.6005 | Tail 0.4863 | Hmean 0.5915 | ExpEvent 1 | ExpMass 0.024770 | best_tail 0.5423@65
2026-08-30 18:47:41,472 - ear_direct_cifar10_fedlf_IF100_alpha0p5_h2_m4_seed42_eps0p75_ca0p7_w30_taw1p5.log - INFO - EAR Round 108 | targetExp 1 targetSamples 25 tailExpRate 1.0000 | gradShare 0.130559 | Retention proj 0.219142 -> 0.219142 (gain 0.000000) | cos 0.935951 -> 0.935951
2026-08-30 18:47:41,475 - ear_direct_cifar10_fedlf_IF100_alpha0p5_h2_m4_seed42_eps0p75_ca0p7_w30_taw1p5.log - INFO - Round 109 selected clients: [0, 2, 12, 16]
2026-08-30 18:47:54,698 - ear_direct_cifar10_fedlf_IF100_alpha0p5_h2_m4_seed42_eps0p75_ca0p7_w30_taw1p5.log - INFO - Round 109 | Global 0.6295 | Head 0.8113 | Middle 0.6300 | Tail 0.4470 | Hmean 0.5764 | ExpEvent 0 | ExpMass 0.010878 | best_tail 0.5423@65
2026-08-30 18:47:54,699 - ear_direct_cifar10_fedlf_IF100_alpha0p5_h2_m4_seed42_eps0p75_ca0p7_w30_taw1p5.log - INFO - EAR Round 109 | targetExp 0 targetSamples 0 tailExpRate 0.6667 | gradShare 0.060030 | Retention proj 0.212199 -> 0.212199 (gain 0.000000) | cos 0.415236 -> 0.415236
2026-08-30 18:47:54,701 - ear_direct_cifar10_fedlf_IF100_alpha0p5_h2_m4_seed42_eps0p75_ca0p7_w30_taw1p5.log - INFO - Round 110 selected clients: [2, 3, 18, 19]
2026-08-30 18:48:08,126 - ear_direct_cifar10_fedlf_IF100_alpha0p5_h2_m4_seed42_eps0p75_ca0p7_w30_taw1p5.log - INFO - Round 110 | Global 0.6280 | Head 0.6247 | Middle 0.6665 | Tail 0.5800 | Hmean 0.6015 | ExpEvent 0 | ExpMass 0.040441 | best_tail 0.5800@110
2026-08-30 18:48:08,126 - ear_direct_cifar10_fedlf_IF100_alpha0p5_h2_m4_seed42_eps0p75_ca0p7_w30_taw1p5.log - INFO - EAR Round 110 | targetExp 0 targetSamples 0 tailExpRate 0.6667 | gradShare 0.144125 | Retention proj 1.000000 -> 1.000000 (gain 0.000000) | cos 1.000000 -> 1.000000
2026-08-30 18:48:08,151 - ear_direct_cifar10_fedlf_IF100_alpha0p5_h2_m4_seed42_eps0p75_ca0p7_w30_taw1p5.log - INFO - Checkpoint @110 | Global 0.6280 | Head 0.6247 | Middle 0.6665 | Tail 0.5800 | Hmean 0.6015
2026-08-30 18:48:08,152 - ear_direct_cifar10_fedlf_IF100_alpha0p5_h2_m4_seed42_eps0p75_ca0p7_w30_taw1p5.log - INFO - Round 111 selected clients: [7, 11, 15, 18]
2026-08-30 18:48:20,405 - ear_direct_cifar10_fedlf_IF100_alpha0p5_h2_m4_seed42_eps0p75_ca0p7_w30_taw1p5.log - INFO - Round 111 | Global 0.6234 | Head 0.8003 | Middle 0.6465 | Tail 0.4157 | Hmean 0.5472 | ExpEvent 0 | ExpMass 0.012576 | best_tail 0.5800@110
2026-08-30 18:48:20,405 - ear_direct_cifar10_fedlf_IF100_alpha0p5_h2_m4_seed42_eps0p75_ca0p7_w30_taw1p5.log - INFO - EAR Round 111 | targetExp 0 targetSamples 0 tailExpRate 0.6667 | gradShare 0.095140 | Retention proj 0.264905 -> 0.264905 (gain 0.000000) | cos 0.304631 -> 0.304631
2026-08-30 18:48:20,408 - ear_direct_cifar10_fedlf_IF100_alpha0p5_h2_m4_seed42_eps0p75_ca0p7_w30_taw1p5.log - INFO - Round 112 selected clients: [0, 7, 15, 16]
2026-08-30 18:48:33,058 - ear_direct_cifar10_fedlf_IF100_alpha0p5_h2_m4_seed42_eps0p75_ca0p7_w30_taw1p5.log - INFO - Round 112 | Global 0.5856 | Head 0.7660 | Middle 0.6270 | Tail 0.3500 | Hmean 0.4805 | ExpEvent 0 | ExpMass 0.000808 | best_tail 0.5800@110
2026-08-30 18:48:33,058 - ear_direct_cifar10_fedlf_IF100_alpha0p5_h2_m4_seed42_eps0p75_ca0p7_w30_taw1p5.log - INFO - EAR Round 112 | targetExp 0 targetSamples 0 tailExpRate 0.3333 | gradShare 0.062070 | Retention proj 0.370273 -> 0.370273 (gain 0.000000) | cos 0.581652 -> 0.581652
2026-08-30 18:48:33,061 - ear_direct_cifar10_fedlf_IF100_alpha0p5_h2_m4_seed42_eps0p75_ca0p7_w30_taw1p5.log - INFO - Round 113 selected clients: [1, 7, 15, 18]
2026-08-30 18:48:45,588 - ear_direct_cifar10_fedlf_IF100_alpha0p5_h2_m4_seed42_eps0p75_ca0p7_w30_taw1p5.log - INFO - Round 113 | Global 0.6019 | Head 0.7950 | Middle 0.6250 | Tail 0.3780 | Hmean 0.5124 | ExpEvent 0 | ExpMass 0.012571 | best_tail 0.5800@110
2026-08-30 18:48:45,588 - ear_direct_cifar10_fedlf_IF100_alpha0p5_h2_m4_seed42_eps0p75_ca0p7_w30_taw1p5.log - INFO - EAR Round 113 | targetExp 0 targetSamples 0 tailExpRate 0.6667 | gradShare 0.057336 | Retention proj 0.263714 -> 0.263714 (gain 0.000000) | cos 0.931307 -> 0.931307
2026-08-30 18:48:45,590 - ear_direct_cifar10_fedlf_IF100_alpha0p5_h2_m4_seed42_eps0p75_ca0p7_w30_taw1p5.log - INFO - Round 114 selected clients: [0, 6, 12, 17]
2026-08-30 18:48:58,293 - ear_direct_cifar10_fedlf_IF100_alpha0p5_h2_m4_seed42_eps0p75_ca0p7_w30_taw1p5.log - INFO - Round 114 | Global 0.6388 | Head 0.7807 | Middle 0.6542 | Tail 0.4763 | Hmean 0.5916 | ExpEvent 1 | ExpMass 0.044728 | best_tail 0.5800@110
2026-08-30 18:48:58,293 - ear_direct_cifar10_fedlf_IF100_alpha0p5_h2_m4_seed42_eps0p75_ca0p7_w30_taw1p5.log - INFO - EAR Round 114 | targetExp 1 targetSamples 25 tailExpRate 1.0000 | gradShare 0.136280 | Retention proj 0.485164 -> 0.485164 (gain 0.000000) | cos 0.996243 -> 0.996243
2026-08-30 18:48:58,295 - ear_direct_cifar10_fedlf_IF100_alpha0p5_h2_m4_seed42_eps0p75_ca0p7_w30_taw1p5.log - INFO - Round 115 selected clients: [0, 7, 8, 9]
2026-08-30 18:49:10,826 - ear_direct_cifar10_fedlf_IF100_alpha0p5_h2_m4_seed42_eps0p75_ca0p7_w30_taw1p5.log - INFO - Round 115 | Global 0.6021 | Head 0.8217 | Middle 0.5995 | Tail 0.3860 | Hmean 0.5253 | ExpEvent 0 | ExpMass 0.002020 | best_tail 0.5800@110
2026-08-30 18:49:10,826 - ear_direct_cifar10_fedlf_IF100_alpha0p5_h2_m4_seed42_eps0p75_ca0p7_w30_taw1p5.log - INFO - EAR Round 115 | targetExp 0 targetSamples 0 tailExpRate 0.6667 | gradShare 0.052636 | Retention proj 0.248921 -> 0.248921 (gain 0.000000) | cos 0.835891 -> 0.835891
2026-08-30 18:49:10,829 - ear_direct_cifar10_fedlf_IF100_alpha0p5_h2_m4_seed42_eps0p75_ca0p7_w30_taw1p5.log - INFO - Round 116 selected clients: [0, 6, 9, 11]
2026-08-30 18:49:23,601 - ear_direct_cifar10_fedlf_IF100_alpha0p5_h2_m4_seed42_eps0p75_ca0p7_w30_taw1p5.log - INFO - Round 116 | Global 0.6128 | Head 0.7770 | Middle 0.6185 | Tail 0.4410 | Hmean 0.5627 | ExpEvent 1 | ExpMass 0.026821 | best_tail 0.5800@110
2026-08-30 18:49:23,601 - ear_direct_cifar10_fedlf_IF100_alpha0p5_h2_m4_seed42_eps0p75_ca0p7_w30_taw1p5.log - INFO - EAR Round 116 | targetExp 1 targetSamples 25 tailExpRate 1.0000 | gradShare 0.088823 | Retention proj 0.374584 -> 0.374584 (gain 0.000000) | cos 0.987844 -> 0.987844
2026-08-30 18:49:23,603 - ear_direct_cifar10_fedlf_IF100_alpha0p5_h2_m4_seed42_eps0p75_ca0p7_w30_taw1p5.log - INFO - Round 117 selected clients: [4, 6, 11, 18]
2026-08-30 18:49:36,587 - ear_direct_cifar10_fedlf_IF100_alpha0p5_h2_m4_seed42_eps0p75_ca0p7_w30_taw1p5.log - INFO - Round 117 | Global 0.6377 | Head 0.7487 | Middle 0.5938 | Tail 0.5853 | Hmean 0.6570 | ExpEvent 1 | ExpMass 0.046013 | best_tail 0.5853@117
2026-08-30 18:49:36,588 - ear_direct_cifar10_fedlf_IF100_alpha0p5_h2_m4_seed42_eps0p75_ca0p7_w30_taw1p5.log - INFO - EAR Round 117 | targetExp 1 targetSamples 50 tailExpRate 1.0000 | gradShare 0.203654 | Retention proj 0.294134 -> 0.294134 (gain 0.000000) | cos 0.765544 -> 0.765544
2026-08-30 18:49:36,590 - ear_direct_cifar10_fedlf_IF100_alpha0p5_h2_m4_seed42_eps0p75_ca0p7_w30_taw1p5.log - INFO - Round 118 selected clients: [8, 10, 15, 18]
2026-08-30 18:49:49,149 - ear_direct_cifar10_fedlf_IF100_alpha0p5_h2_m4_seed42_eps0p75_ca0p7_w30_taw1p5.log - INFO - Round 118 | Global 0.6410 | Head 0.7973 | Middle 0.6452 | Tail 0.4790 | Hmean 0.5985 | ExpEvent 0 | ExpMass 0.012576 | best_tail 0.5853@117
2026-08-30 18:49:49,149 - ear_direct_cifar10_fedlf_IF100_alpha0p5_h2_m4_seed42_eps0p75_ca0p7_w30_taw1p5.log - INFO - EAR Round 118 | targetExp 0 targetSamples 0 tailExpRate 0.6667 | gradShare 0.092503 | Retention proj 0.365161 -> 0.365161 (gain 0.000000) | cos 0.943023 -> 0.943023
2026-08-30 18:49:49,151 - ear_direct_cifar10_fedlf_IF100_alpha0p5_h2_m4_seed42_eps0p75_ca0p7_w30_taw1p5.log - INFO - Round 119 selected clients: [5, 6, 11, 13]
2026-08-30 18:50:01,853 - ear_direct_cifar10_fedlf_IF100_alpha0p5_h2_m4_seed42_eps0p75_ca0p7_w30_taw1p5.log - INFO - Round 119 | Global 0.6577 | Head 0.7870 | Middle 0.6488 | Tail 0.5403 | Hmean 0.6407 | ExpEvent 1 | ExpMass 0.036356 | best_tail 0.5853@117
2026-08-30 18:50:01,853 - ear_direct_cifar10_fedlf_IF100_alpha0p5_h2_m4_seed42_eps0p75_ca0p7_w30_taw1p5.log - INFO - EAR Round 119 | targetExp 1 targetSamples 25 tailExpRate 1.0000 | gradShare 0.139713 | Retention proj 0.397350 -> 0.397350 (gain 0.000000) | cos 0.937546 -> 0.937546
2026-08-30 18:50:01,856 - ear_direct_cifar10_fedlf_IF100_alpha0p5_h2_m4_seed42_eps0p75_ca0p7_w30_taw1p5.log - INFO - Round 120 selected clients: [5, 8, 15, 16]
2026-08-30 18:50:14,947 - ear_direct_cifar10_fedlf_IF100_alpha0p5_h2_m4_seed42_eps0p75_ca0p7_w30_taw1p5.log - INFO - Round 120 | Global 0.6407 | Head 0.8177 | Middle 0.6577 | Tail 0.4410 | Hmean 0.5730 | ExpEvent 0 | ExpMass 0.012535 | best_tail 0.5853@117
2026-08-30 18:50:14,947 - ear_direct_cifar10_fedlf_IF100_alpha0p5_h2_m4_seed42_eps0p75_ca0p7_w30_taw1p5.log - INFO - EAR Round 120 | targetExp 0 targetSamples 0 tailExpRate 0.6667 | gradShare 0.097668 | Retention proj 0.523738 -> 0.523738 (gain 0.000000) | cos 0.949995 -> 0.949995
2026-08-30 18:50:14,971 - ear_direct_cifar10_fedlf_IF100_alpha0p5_h2_m4_seed42_eps0p75_ca0p7_w30_taw1p5.log - INFO - Checkpoint @120 | Global 0.6407 | Head 0.8177 | Middle 0.6577 | Tail 0.4410 | Hmean 0.5730
2026-08-30 18:50:14,972 - ear_direct_cifar10_fedlf_IF100_alpha0p5_h2_m4_seed42_eps0p75_ca0p7_w30_taw1p5.log - INFO - Round 121 selected clients: [0, 3, 5, 7]
2026-08-30 18:50:27,733 - ear_direct_cifar10_fedlf_IF100_alpha0p5_h2_m4_seed42_eps0p75_ca0p7_w30_taw1p5.log - INFO - Round 121 | Global 0.6202 | Head 0.8133 | Middle 0.6322 | Tail 0.4110 | Hmean 0.5461 | ExpEvent 0 | ExpMass 0.017843 | best_tail 0.5853@117
2026-08-30 18:50:27,733 - ear_direct_cifar10_fedlf_IF100_alpha0p5_h2_m4_seed42_eps0p75_ca0p7_w30_taw1p5.log - INFO - EAR Round 121 | targetExp 0 targetSamples 0 tailExpRate 0.6667 | gradShare 0.100214 | Retention proj 0.392298 -> 0.392298 (gain 0.000000) | cos 0.958755 -> 0.958755
2026-08-30 18:50:27,736 - ear_direct_cifar10_fedlf_IF100_alpha0p5_h2_m4_seed42_eps0p75_ca0p7_w30_taw1p5.log - INFO - Round 122 selected clients: [0, 1, 12, 18]
2026-08-30 18:50:40,749 - ear_direct_cifar10_fedlf_IF100_alpha0p5_h2_m4_seed42_eps0p75_ca0p7_w30_taw1p5.log - INFO - Round 122 | Global 0.6024 | Head 0.8080 | Middle 0.5700 | Tail 0.4400 | Hmean 0.5697 | ExpEvent 0 | ExpMass 0.012126 | best_tail 0.5853@117
2026-08-30 18:50:40,750 - ear_direct_cifar10_fedlf_IF100_alpha0p5_h2_m4_seed42_eps0p75_ca0p7_w30_taw1p5.log - INFO - EAR Round 122 | targetExp 0 targetSamples 0 tailExpRate 0.6667 | gradShare 0.059940 | Retention proj 0.222512 -> 0.222512 (gain 0.000000) | cos 0.470935 -> 0.470935
2026-08-30 18:50:40,753 - ear_direct_cifar10_fedlf_IF100_alpha0p5_h2_m4_seed42_eps0p75_ca0p7_w30_taw1p5.log - INFO - Round 123 selected clients: [13, 14, 15, 16]
2026-08-30 18:50:53,662 - ear_direct_cifar10_fedlf_IF100_alpha0p5_h2_m4_seed42_eps0p75_ca0p7_w30_taw1p5.log - INFO - Round 123 | Global 0.6097 | Head 0.7893 | Middle 0.6555 | Tail 0.3690 | Hmean 0.5029 | ExpEvent 0 | ExpMass 0.000809 | best_tail 0.5853@117
2026-08-30 18:50:53,663 - ear_direct_cifar10_fedlf_IF100_alpha0p5_h2_m4_seed42_eps0p75_ca0p7_w30_taw1p5.log - INFO - EAR Round 123 | targetExp 0 targetSamples 0 tailExpRate 0.3333 | gradShare 0.055978 | Retention proj 0.131488 -> 0.131488 (gain 0.000000) | cos 0.906500 -> 0.906500
2026-08-30 18:50:53,665 - ear_direct_cifar10_fedlf_IF100_alpha0p5_h2_m4_seed42_eps0p75_ca0p7_w30_taw1p5.log - INFO - Round 124 selected clients: [4, 8, 12, 13]
2026-08-30 18:51:06,870 - ear_direct_cifar10_fedlf_IF100_alpha0p5_h2_m4_seed42_eps0p75_ca0p7_w30_taw1p5.log - INFO - Round 124 | Global 0.6070 | Head 0.8433 | Middle 0.6272 | Tail 0.3437 | Hmean 0.4884 | ExpEvent 1 | ExpMass 0.010375 | best_tail 0.5853@117
2026-08-30 18:51:06,870 - ear_direct_cifar10_fedlf_IF100_alpha0p5_h2_m4_seed42_eps0p75_ca0p7_w30_taw1p5.log - INFO - EAR Round 124 | targetExp 1 targetSamples 25 tailExpRate 0.6667 | gradShare 0.125248 | Retention proj 0.992070 -> 0.992070 (gain 0.000000) | cos 0.961636 -> 0.961636
2026-08-30 18:51:06,873 - ear_direct_cifar10_fedlf_IF100_alpha0p5_h2_m4_seed42_eps0p75_ca0p7_w30_taw1p5.log - INFO - Round 125 selected clients: [1, 8, 17, 19]
2026-08-30 18:51:19,601 - ear_direct_cifar10_fedlf_IF100_alpha0p5_h2_m4_seed42_eps0p75_ca0p7_w30_taw1p5.log - INFO - Round 125 | Global 0.6491 | Head 0.8113 | Middle 0.6530 | Tail 0.4817 | Hmean 0.6045 | ExpEvent 0 | ExpMass 0.031566 | best_tail 0.5853@117
2026-08-30 18:51:19,601 - ear_direct_cifar10_fedlf_IF100_alpha0p5_h2_m4_seed42_eps0p75_ca0p7_w30_taw1p5.log - INFO - EAR Round 125 | targetExp 0 targetSamples 0 tailExpRate 0.6667 | gradShare 0.127197 | Retention proj 0.471504 -> 0.471504 (gain 0.000000) | cos 0.998814 -> 0.998814
2026-08-30 18:51:19,603 - ear_direct_cifar10_fedlf_IF100_alpha0p5_h2_m4_seed42_eps0p75_ca0p7_w30_taw1p5.log - INFO - Round 126 selected clients: [2, 8, 12, 16]
2026-08-30 18:51:32,101 - ear_direct_cifar10_fedlf_IF100_alpha0p5_h2_m4_seed42_eps0p75_ca0p7_w30_taw1p5.log - INFO - Round 126 | Global 0.6503 | Head 0.8187 | Middle 0.6607 | Tail 0.4680 | Hmean 0.5956 | ExpEvent 0 | ExpMass 0.010883 | best_tail 0.5853@117
2026-08-30 18:51:32,101 - ear_direct_cifar10_fedlf_IF100_alpha0p5_h2_m4_seed42_eps0p75_ca0p7_w30_taw1p5.log - INFO - EAR Round 126 | targetExp 0 targetSamples 0 tailExpRate 0.6667 | gradShare 0.078393 | Retention proj 0.251585 -> 0.251585 (gain 0.000000) | cos 0.563621 -> 0.563621
2026-08-30 18:51:32,103 - ear_direct_cifar10_fedlf_IF100_alpha0p5_h2_m4_seed42_eps0p75_ca0p7_w30_taw1p5.log - INFO - Round 127 selected clients: [4, 11, 16, 17]
2026-08-30 18:51:44,896 - ear_direct_cifar10_fedlf_IF100_alpha0p5_h2_m4_seed42_eps0p75_ca0p7_w30_taw1p5.log - INFO - Round 127 | Global 0.6392 | Head 0.8413 | Middle 0.6472 | Tail 0.4263 | Hmean 0.5659 | ExpEvent 1 | ExpMass 0.029529 | best_tail 0.5853@117
2026-08-30 18:51:44,897 - ear_direct_cifar10_fedlf_IF100_alpha0p5_h2_m4_seed42_eps0p75_ca0p7_w30_taw1p5.log - INFO - EAR Round 127 | targetExp 1 targetSamples 25 tailExpRate 1.0000 | gradShare 0.167411 | Retention proj 0.410366 -> 0.410366 (gain 0.000000) | cos 0.791875 -> 0.791875
2026-08-30 18:51:44,900 - ear_direct_cifar10_fedlf_IF100_alpha0p5_h2_m4_seed42_eps0p75_ca0p7_w30_taw1p5.log - INFO - Round 128 selected clients: [8, 10, 12, 19]
2026-08-30 18:51:57,576 - ear_direct_cifar10_fedlf_IF100_alpha0p5_h2_m4_seed42_eps0p75_ca0p7_w30_taw1p5.log - INFO - Round 128 | Global 0.6314 | Head 0.8413 | Middle 0.6130 | Tail 0.4460 | Hmean 0.5830 | ExpEvent 0 | ExpMass 0.012146 | best_tail 0.5853@117
2026-08-30 18:51:57,576 - ear_direct_cifar10_fedlf_IF100_alpha0p5_h2_m4_seed42_eps0p75_ca0p7_w30_taw1p5.log - INFO - EAR Round 128 | targetExp 0 targetSamples 0 tailExpRate 0.6667 | gradShare 0.085434 | Retention proj 0.315294 -> 0.315294 (gain 0.000000) | cos 0.819208 -> 0.819208
2026-08-30 18:51:57,578 - ear_direct_cifar10_fedlf_IF100_alpha0p5_h2_m4_seed42_eps0p75_ca0p7_w30_taw1p5.log - INFO - Round 129 selected clients: [4, 7, 11, 17]
2026-08-30 18:52:11,525 - ear_direct_cifar10_fedlf_IF100_alpha0p5_h2_m4_seed42_eps0p75_ca0p7_w30_taw1p5.log - INFO - Round 129 | Global 0.6283 | Head 0.8153 | Middle 0.6202 | Tail 0.4520 | Hmean 0.5816 | ExpEvent 1 | ExpMass 0.029529 | best_tail 0.5853@117
2026-08-30 18:52:11,525 - ear_direct_cifar10_fedlf_IF100_alpha0p5_h2_m4_seed42_eps0p75_ca0p7_w30_taw1p5.log - INFO - EAR Round 129 | targetExp 1 targetSamples 25 tailExpRate 1.0000 | gradShare 0.177706 | Retention proj 0.375613 -> 0.375613 (gain 0.000000) | cos 0.928005 -> 0.928005
2026-08-30 18:52:11,529 - ear_direct_cifar10_fedlf_IF100_alpha0p5_h2_m4_seed42_eps0p75_ca0p7_w30_taw1p5.log - INFO - Round 130 selected clients: [6, 14, 15, 17]
2026-08-30 18:52:25,448 - ear_direct_cifar10_fedlf_IF100_alpha0p5_h2_m4_seed42_eps0p75_ca0p7_w30_taw1p5.log - INFO - Round 130 | Global 0.6607 | Head 0.7953 | Middle 0.6760 | Tail 0.5057 | Hmean 0.6183 | ExpEvent 1 | ExpMass 0.045272 | best_tail 0.5853@117
2026-08-30 18:52:25,448 - ear_direct_cifar10_fedlf_IF100_alpha0p5_h2_m4_seed42_eps0p75_ca0p7_w30_taw1p5.log - INFO - EAR Round 130 | targetExp 1 targetSamples 25 tailExpRate 1.0000 | gradShare 0.144570 | Retention proj 0.463503 -> 0.463503 (gain 0.000000) | cos 0.859257 -> 0.859257
2026-08-30 18:52:25,472 - ear_direct_cifar10_fedlf_IF100_alpha0p5_h2_m4_seed42_eps0p75_ca0p7_w30_taw1p5.log - INFO - Checkpoint @130 | Global 0.6607 | Head 0.7953 | Middle 0.6760 | Tail 0.5057 | Hmean 0.6183
2026-08-30 18:52:25,473 - ear_direct_cifar10_fedlf_IF100_alpha0p5_h2_m4_seed42_eps0p75_ca0p7_w30_taw1p5.log - INFO - Round 131 selected clients: [3, 8, 9, 18]
2026-08-30 18:52:38,825 - ear_direct_cifar10_fedlf_IF100_alpha0p5_h2_m4_seed42_eps0p75_ca0p7_w30_taw1p5.log - INFO - Round 131 | Global 0.6551 | Head 0.8123 | Middle 0.6635 | Tail 0.4867 | Hmean 0.6087 | ExpEvent 0 | ExpMass 0.019992 | best_tail 0.5853@117
2026-08-30 18:52:38,826 - ear_direct_cifar10_fedlf_IF100_alpha0p5_h2_m4_seed42_eps0p75_ca0p7_w30_taw1p5.log - INFO - EAR Round 131 | targetExp 0 targetSamples 0 tailExpRate 0.6667 | gradShare 0.095042 | Retention proj 0.756210 -> 0.756210 (gain 0.000000) | cos 0.999879 -> 0.999879
2026-08-30 18:52:38,829 - ear_direct_cifar10_fedlf_IF100_alpha0p5_h2_m4_seed42_eps0p75_ca0p7_w30_taw1p5.log - INFO - Round 132 selected clients: [1, 5, 7, 12]
2026-08-30 18:52:51,926 - ear_direct_cifar10_fedlf_IF100_alpha0p5_h2_m4_seed42_eps0p75_ca0p7_w30_taw1p5.log - INFO - Round 132 | Global 0.6385 | Head 0.8227 | Middle 0.6462 | Tail 0.4440 | Hmean 0.5767 | ExpEvent 0 | ExpMass 0.012092 | best_tail 0.5853@117
2026-08-30 18:52:51,926 - ear_direct_cifar10_fedlf_IF100_alpha0p5_h2_m4_seed42_eps0p75_ca0p7_w30_taw1p5.log - INFO - EAR Round 132 | targetExp 0 targetSamples 0 tailExpRate 0.6667 | gradShare 0.092952 | Retention proj 0.341179 -> 0.341179 (gain 0.000000) | cos 0.549471 -> 0.549471
2026-08-30 18:52:51,928 - ear_direct_cifar10_fedlf_IF100_alpha0p5_h2_m4_seed42_eps0p75_ca0p7_w30_taw1p5.log - INFO - Round 133 selected clients: [0, 1, 11, 15]
2026-08-30 18:53:04,779 - ear_direct_cifar10_fedlf_IF100_alpha0p5_h2_m4_seed42_eps0p75_ca0p7_w30_taw1p5.log - INFO - Round 133 | Global 0.6108 | Head 0.8150 | Middle 0.6368 | Tail 0.3720 | Hmean 0.5108 | ExpEvent 0 | ExpMass 0.000808 | best_tail 0.5853@117
2026-08-30 18:53:04,779 - ear_direct_cifar10_fedlf_IF100_alpha0p5_h2_m4_seed42_eps0p75_ca0p7_w30_taw1p5.log - INFO - EAR Round 133 | targetExp 0 targetSamples 0 tailExpRate 0.3333 | gradShare 0.034429 | Retention proj 0.432236 -> 0.432236 (gain 0.000000) | cos 0.983428 -> 0.983428
2026-08-30 18:53:04,782 - ear_direct_cifar10_fedlf_IF100_alpha0p5_h2_m4_seed42_eps0p75_ca0p7_w30_taw1p5.log - INFO - Round 134 selected clients: [2, 7, 18, 19]
2026-08-30 18:53:17,639 - ear_direct_cifar10_fedlf_IF100_alpha0p5_h2_m4_seed42_eps0p75_ca0p7_w30_taw1p5.log - INFO - Round 134 | Global 0.6494 | Head 0.7597 | Middle 0.6505 | Tail 0.5377 | Hmean 0.6297 | ExpEvent 0 | ExpMass 0.034105 | best_tail 0.5853@117
2026-08-30 18:53:17,640 - ear_direct_cifar10_fedlf_IF100_alpha0p5_h2_m4_seed42_eps0p75_ca0p7_w30_taw1p5.log - INFO - EAR Round 134 | targetExp 0 targetSamples 0 tailExpRate 0.6667 | gradShare 0.107859 | Retention proj 0.744742 -> 0.744742 (gain 0.000000) | cos 0.999996 -> 0.999996
2026-08-30 18:53:17,642 - ear_direct_cifar10_fedlf_IF100_alpha0p5_h2_m4_seed42_eps0p75_ca0p7_w30_taw1p5.log - INFO - Round 135 selected clients: [6, 12, 13, 19]
2026-08-30 18:53:30,686 - ear_direct_cifar10_fedlf_IF100_alpha0p5_h2_m4_seed42_eps0p75_ca0p7_w30_taw1p5.log - INFO - Round 135 | Global 0.6227 | Head 0.6687 | Middle 0.5972 | Tail 0.6107 | Hmean 0.6384 | ExpEvent 1 | ExpMass 0.036903 | best_tail 0.6107@135
2026-08-30 18:53:30,686 - ear_direct_cifar10_fedlf_IF100_alpha0p5_h2_m4_seed42_eps0p75_ca0p7_w30_taw1p5.log - INFO - EAR Round 135 | targetExp 1 targetSamples 25 tailExpRate 1.0000 | gradShare 0.126437 | Retention proj 0.463160 -> 0.463160 (gain 0.000000) | cos 0.980448 -> 0.980448
2026-08-30 18:53:30,689 - ear_direct_cifar10_fedlf_IF100_alpha0p5_h2_m4_seed42_eps0p75_ca0p7_w30_taw1p5.log - INFO - Round 136 selected clients: [5, 10, 13, 18]
2026-08-30 18:53:43,858 - ear_direct_cifar10_fedlf_IF100_alpha0p5_h2_m4_seed42_eps0p75_ca0p7_w30_taw1p5.log - INFO - Round 136 | Global 0.6524 | Head 0.7647 | Middle 0.6532 | Tail 0.5390 | Hmean 0.6323 | ExpEvent 0 | ExpMass 0.023463 | best_tail 0.6107@135
2026-08-30 18:53:43,858 - ear_direct_cifar10_fedlf_IF100_alpha0p5_h2_m4_seed42_eps0p75_ca0p7_w30_taw1p5.log - INFO - EAR Round 136 | targetExp 0 targetSamples 0 tailExpRate 0.6667 | gradShare 0.137053 | Retention proj 0.410139 -> 0.410139 (gain 0.000000) | cos 0.980556 -> 0.980556
2026-08-30 18:53:43,861 - ear_direct_cifar10_fedlf_IF100_alpha0p5_h2_m4_seed42_eps0p75_ca0p7_w30_taw1p5.log - INFO - Round 137 selected clients: [1, 3, 5, 19]
2026-08-30 18:53:56,725 - ear_direct_cifar10_fedlf_IF100_alpha0p5_h2_m4_seed42_eps0p75_ca0p7_w30_taw1p5.log - INFO - Round 137 | Global 0.6538 | Head 0.7673 | Middle 0.6470 | Tail 0.5493 | Hmean 0.6403 | ExpEvent 0 | ExpMass 0.029723 | best_tail 0.6107@135
2026-08-30 18:53:56,725 - ear_direct_cifar10_fedlf_IF100_alpha0p5_h2_m4_seed42_eps0p75_ca0p7_w30_taw1p5.log - INFO - EAR Round 137 | targetExp 0 targetSamples 0 tailExpRate 0.6667 | gradShare 0.130762 | Retention proj 0.805597 -> 0.805597 (gain 0.000000) | cos 0.857320 -> 0.857320
2026-08-30 18:53:56,728 - ear_direct_cifar10_fedlf_IF100_alpha0p5_h2_m4_seed42_eps0p75_ca0p7_w30_taw1p5.log - INFO - Round 138 selected clients: [0, 7, 12, 18]
2026-08-30 18:54:09,764 - ear_direct_cifar10_fedlf_IF100_alpha0p5_h2_m4_seed42_eps0p75_ca0p7_w30_taw1p5.log - INFO - Round 138 | Global 0.6423 | Head 0.8103 | Middle 0.6398 | Tail 0.4777 | Hmean 0.6011 | ExpEvent 0 | ExpMass 0.012131 | best_tail 0.6107@135
2026-08-30 18:54:09,764 - ear_direct_cifar10_fedlf_IF100_alpha0p5_h2_m4_seed42_eps0p75_ca0p7_w30_taw1p5.log - INFO - EAR Round 138 | targetExp 0 targetSamples 0 tailExpRate 0.6667 | gradShare 0.068269 | Retention proj 0.190779 -> 0.190779 (gain 0.000000) | cos 0.509914 -> 0.509914
2026-08-30 18:54:09,767 - ear_direct_cifar10_fedlf_IF100_alpha0p5_h2_m4_seed42_eps0p75_ca0p7_w30_taw1p5.log - INFO - Round 139 selected clients: [4, 11, 12, 14]
2026-08-30 18:54:22,293 - ear_direct_cifar10_fedlf_IF100_alpha0p5_h2_m4_seed42_eps0p75_ca0p7_w30_taw1p5.log - INFO - Round 139 | Global 0.6285 | Head 0.8237 | Middle 0.6573 | Tail 0.3950 | Hmean 0.5339 | ExpEvent 1 | ExpMass 0.010375 | best_tail 0.6107@135
2026-08-30 18:54:22,293 - ear_direct_cifar10_fedlf_IF100_alpha0p5_h2_m4_seed42_eps0p75_ca0p7_w30_taw1p5.log - INFO - EAR Round 139 | targetExp 1 targetSamples 25 tailExpRate 0.6667 | gradShare 0.129549 | Retention proj 0.905474 -> 0.905474 (gain 0.000000) | cos 0.969979 -> 0.969979
2026-08-30 18:54:22,297 - ear_direct_cifar10_fedlf_IF100_alpha0p5_h2_m4_seed42_eps0p75_ca0p7_w30_taw1p5.log - INFO - Round 140 selected clients: [2, 6, 16, 19]
2026-08-30 18:54:35,151 - ear_direct_cifar10_fedlf_IF100_alpha0p5_h2_m4_seed42_eps0p75_ca0p7_w30_taw1p5.log - INFO - Round 140 | Global 0.6616 | Head 0.7660 | Middle 0.6152 | Tail 0.6190 | Hmean 0.6847 | ExpEvent 1 | ExpMass 0.046913 | best_tail 0.6190@140
2026-08-30 18:54:35,152 - ear_direct_cifar10_fedlf_IF100_alpha0p5_h2_m4_seed42_eps0p75_ca0p7_w30_taw1p5.log - INFO - EAR Round 140 | targetExp 1 targetSamples 25 tailExpRate 1.0000 | gradShare 0.156600 | Retention proj 0.550692 -> 0.550692 (gain 0.000000) | cos 0.971860 -> 0.971860
2026-08-30 18:54:35,175 - ear_direct_cifar10_fedlf_IF100_alpha0p5_h2_m4_seed42_eps0p75_ca0p7_w30_taw1p5.log - INFO - Checkpoint @140 | Global 0.6616 | Head 0.7660 | Middle 0.6152 | Tail 0.6190 | Hmean 0.6847
2026-08-30 18:54:35,175 - ear_direct_cifar10_fedlf_IF100_alpha0p5_h2_m4_seed42_eps0p75_ca0p7_w30_taw1p5.log - INFO - Round 141 selected clients: [3, 12, 15, 19]
2026-08-30 18:54:47,673 - ear_direct_cifar10_fedlf_IF100_alpha0p5_h2_m4_seed42_eps0p75_ca0p7_w30_taw1p5.log - INFO - Round 141 | Global 0.5836 | Head 0.7800 | Middle 0.5357 | Tail 0.4510 | Hmean 0.5715 | ExpEvent 0 | ExpMass 0.019199 | best_tail 0.6190@140
2026-08-30 18:54:47,673 - ear_direct_cifar10_fedlf_IF100_alpha0p5_h2_m4_seed42_eps0p75_ca0p7_w30_taw1p5.log - INFO - EAR Round 141 | targetExp 0 targetSamples 0 tailExpRate 0.6667 | gradShare 0.093944 | Retention proj 0.668030 -> 0.668030 (gain 0.000000) | cos 0.834297 -> 0.834297
2026-08-30 18:54:47,676 - ear_direct_cifar10_fedlf_IF100_alpha0p5_h2_m4_seed42_eps0p75_ca0p7_w30_taw1p5.log - INFO - Round 142 selected clients: [0, 2, 9, 17]
2026-08-30 18:55:00,274 - ear_direct_cifar10_fedlf_IF100_alpha0p5_h2_m4_seed42_eps0p75_ca0p7_w30_taw1p5.log - INFO - Round 142 | Global 0.6498 | Head 0.7800 | Middle 0.6703 | Tail 0.4923 | Hmean 0.6036 | ExpEvent 0 | ExpMass 0.032310 | best_tail 0.6190@140
2026-08-30 18:55:00,274 - ear_direct_cifar10_fedlf_IF100_alpha0p5_h2_m4_seed42_eps0p75_ca0p7_w30_taw1p5.log - INFO - EAR Round 142 | targetExp 0 targetSamples 0 tailExpRate 0.6667 | gradShare 0.106460 | Retention proj 0.597586 -> 0.597586 (gain 0.000000) | cos 0.944621 -> 0.944621
2026-08-30 18:55:00,277 - ear_direct_cifar10_fedlf_IF100_alpha0p5_h2_m4_seed42_eps0p75_ca0p7_w30_taw1p5.log - INFO - Round 143 selected clients: [1, 8, 13, 16]
2026-08-30 18:55:13,069 - ear_direct_cifar10_fedlf_IF100_alpha0p5_h2_m4_seed42_eps0p75_ca0p7_w30_taw1p5.log - INFO - Round 143 | Global 0.6203 | Head 0.8373 | Middle 0.6232 | Tail 0.3993 | Hmean 0.5407 | ExpEvent 0 | ExpMass 0.000000 | best_tail 0.6190@140
2026-08-30 18:55:13,069 - ear_direct_cifar10_fedlf_IF100_alpha0p5_h2_m4_seed42_eps0p75_ca0p7_w30_taw1p5.log - INFO - EAR Round 143 | targetExp 0 targetSamples 0 tailExpRate 0.0000 | gradShare 0.062846 | Retention proj 0.000000 -> 0.000000 (gain 0.000000) | cos 0.000000 -> 0.000000
2026-08-30 18:55:13,072 - ear_direct_cifar10_fedlf_IF100_alpha0p5_h2_m4_seed42_eps0p75_ca0p7_w30_taw1p5.log - INFO - Round 144 selected clients: [6, 8, 12, 15]
2026-08-30 18:55:26,420 - ear_direct_cifar10_fedlf_IF100_alpha0p5_h2_m4_seed42_eps0p75_ca0p7_w30_taw1p5.log - INFO - Round 144 | Global 0.6537 | Head 0.7697 | Middle 0.6835 | Tail 0.4980 | Hmean 0.6047 | ExpEvent 1 | ExpMass 0.026042 | best_tail 0.6190@140
2026-08-30 18:55:26,421 - ear_direct_cifar10_fedlf_IF100_alpha0p5_h2_m4_seed42_eps0p75_ca0p7_w30_taw1p5.log - INFO - EAR Round 144 | targetExp 1 targetSamples 25 tailExpRate 1.0000 | gradShare 0.096774 | Retention proj 0.339936 -> 0.339936 (gain 0.000000) | cos 0.930289 -> 0.930289
2026-08-30 18:55:26,423 - ear_direct_cifar10_fedlf_IF100_alpha0p5_h2_m4_seed42_eps0p75_ca0p7_w30_taw1p5.log - INFO - Round 145 selected clients: [2, 4, 7, 17]
2026-08-30 18:55:39,965 - ear_direct_cifar10_fedlf_IF100_alpha0p5_h2_m4_seed42_eps0p75_ca0p7_w30_taw1p5.log - INFO - Round 145 | Global 0.6610 | Head 0.7820 | Middle 0.6737 | Tail 0.5230 | Hmean 0.6268 | ExpEvent 1 | ExpMass 0.039888 | best_tail 0.6190@140
2026-08-30 18:55:39,965 - ear_direct_cifar10_fedlf_IF100_alpha0p5_h2_m4_seed42_eps0p75_ca0p7_w30_taw1p5.log - INFO - EAR Round 145 | targetExp 1 targetSamples 25 tailExpRate 1.0000 | gradShare 0.183154 | Retention proj 0.137515 -> 0.137515 (gain 0.000000) | cos 0.602657 -> 0.602657
2026-08-30 18:55:39,967 - ear_direct_cifar10_fedlf_IF100_alpha0p5_h2_m4_seed42_eps0p75_ca0p7_w30_taw1p5.log - INFO - Round 146 selected clients: [0, 6, 8, 12]
2026-08-30 18:55:53,121 - ear_direct_cifar10_fedlf_IF100_alpha0p5_h2_m4_seed42_eps0p75_ca0p7_w30_taw1p5.log - INFO - Round 146 | Global 0.6423 | Head 0.7567 | Middle 0.6372 | Tail 0.5347 | Hmean 0.6266 | ExpEvent 1 | ExpMass 0.025160 | best_tail 0.6190@140
2026-08-30 18:55:53,121 - ear_direct_cifar10_fedlf_IF100_alpha0p5_h2_m4_seed42_eps0p75_ca0p7_w30_taw1p5.log - INFO - EAR Round 146 | targetExp 1 targetSamples 25 tailExpRate 1.0000 | gradShare 0.094436 | Retention proj 0.333008 -> 0.333008 (gain 0.000000) | cos 0.869157 -> 0.869157
2026-08-30 18:55:53,124 - ear_direct_cifar10_fedlf_IF100_alpha0p5_h2_m4_seed42_eps0p75_ca0p7_w30_taw1p5.log - INFO - Round 147 selected clients: [1, 10, 12, 19]
2026-08-30 18:56:06,356 - ear_direct_cifar10_fedlf_IF100_alpha0p5_h2_m4_seed42_eps0p75_ca0p7_w30_taw1p5.log - INFO - Round 147 | Global 0.6483 | Head 0.7777 | Middle 0.6482 | Tail 0.5190 | Hmean 0.6225 | ExpEvent 0 | ExpMass 0.012141 | best_tail 0.6190@140
2026-08-30 18:56:06,357 - ear_direct_cifar10_fedlf_IF100_alpha0p5_h2_m4_seed42_eps0p75_ca0p7_w30_taw1p5.log - INFO - EAR Round 147 | targetExp 0 targetSamples 0 tailExpRate 0.6667 | gradShare 0.084620 | Retention proj 0.283305 -> 0.283305 (gain 0.000000) | cos 0.973003 -> 0.973003
2026-08-30 18:56:06,359 - ear_direct_cifar10_fedlf_IF100_alpha0p5_h2_m4_seed42_eps0p75_ca0p7_w30_taw1p5.log - INFO - Round 148 selected clients: [0, 10, 11, 17]
2026-08-30 18:56:19,653 - ear_direct_cifar10_fedlf_IF100_alpha0p5_h2_m4_seed42_eps0p75_ca0p7_w30_taw1p5.log - INFO - Round 148 | Global 0.6237 | Head 0.8123 | Middle 0.6260 | Tail 0.4320 | Hmean 0.5640 | ExpEvent 0 | ExpMass 0.019750 | best_tail 0.6190@140
2026-08-30 18:56:19,653 - ear_direct_cifar10_fedlf_IF100_alpha0p5_h2_m4_seed42_eps0p75_ca0p7_w30_taw1p5.log - INFO - EAR Round 148 | targetExp 0 targetSamples 0 tailExpRate 0.6667 | gradShare 0.095783 | Retention proj 0.259284 -> 0.259284 (gain 0.000000) | cos 0.997347 -> 0.997347
2026-08-30 18:56:19,656 - ear_direct_cifar10_fedlf_IF100_alpha0p5_h2_m4_seed42_eps0p75_ca0p7_w30_taw1p5.log - INFO - Round 149 selected clients: [1, 4, 7, 14]
2026-08-30 18:56:33,817 - ear_direct_cifar10_fedlf_IF100_alpha0p5_h2_m4_seed42_eps0p75_ca0p7_w30_taw1p5.log - INFO - Round 149 | Global 0.5949 | Head 0.8227 | Middle 0.5710 | Tail 0.3990 | Hmean 0.5374 | ExpEvent 1 | ExpMass 0.009972 | best_tail 0.6190@140
2026-08-30 18:56:33,818 - ear_direct_cifar10_fedlf_IF100_alpha0p5_h2_m4_seed42_eps0p75_ca0p7_w30_taw1p5.log - INFO - EAR Round 149 | targetExp 1 targetSamples 25 tailExpRate 0.3333 | gradShare 0.125298 | Retention proj 0.246310 -> 0.246310 (gain 0.000000) | cos 0.999829 -> 0.999829
2026-08-30 18:56:33,820 - ear_direct_cifar10_fedlf_IF100_alpha0p5_h2_m4_seed42_eps0p75_ca0p7_w30_taw1p5.log - INFO - Round 150 selected clients: [11, 12, 18, 19]
2026-08-30 18:56:48,535 - ear_direct_cifar10_fedlf_IF100_alpha0p5_h2_m4_seed42_eps0p75_ca0p7_w30_taw1p5.log - INFO - Round 150 | Global 0.6816 | Head 0.7870 | Middle 0.6697 | Tail 0.5920 | Hmean 0.6757 | ExpEvent 0 | ExpMass 0.023964 | best_tail 0.6190@140
2026-08-30 18:56:48,536 - ear_direct_cifar10_fedlf_IF100_alpha0p5_h2_m4_seed42_eps0p75_ca0p7_w30_taw1p5.log - INFO - EAR Round 150 | targetExp 0 targetSamples 0 tailExpRate 0.6667 | gradShare 0.107289 | Retention proj 0.592446 -> 0.592446 (gain 0.000000) | cos 0.991324 -> 0.991324
2026-08-30 18:56:48,559 - ear_direct_cifar10_fedlf_IF100_alpha0p5_h2_m4_seed42_eps0p75_ca0p7_w30_taw1p5.log - INFO - Checkpoint @150 | Global 0.6816 | Head 0.7870 | Middle 0.6697 | Tail 0.5920 | Hmean 0.6757
2026-08-30 18:56:48,559 - ear_direct_cifar10_fedlf_IF100_alpha0p5_h2_m4_seed42_eps0p75_ca0p7_w30_taw1p5.log - INFO - Round 151 selected clients: [5, 6, 14, 15]
2026-08-30 18:57:01,829 - ear_direct_cifar10_fedlf_IF100_alpha0p5_h2_m4_seed42_eps0p75_ca0p7_w30_taw1p5.log - INFO - Round 151 | Global 0.6068 | Head 0.5513 | Middle 0.6623 | Tail 0.5883 | Hmean 0.5692 | ExpEvent 1 | ExpMass 0.037260 | best_tail 0.6190@140
2026-08-30 18:57:01,829 - ear_direct_cifar10_fedlf_IF100_alpha0p5_h2_m4_seed42_eps0p75_ca0p7_w30_taw1p5.log - INFO - EAR Round 151 | targetExp 1 targetSamples 25 tailExpRate 1.0000 | gradShare 0.142852 | Retention proj 0.507831 -> 0.507831 (gain 0.000000) | cos 0.885282 -> 0.885282
2026-08-30 18:57:01,832 - ear_direct_cifar10_fedlf_IF100_alpha0p5_h2_m4_seed42_eps0p75_ca0p7_w30_taw1p5.log - INFO - Round 152 selected clients: [1, 10, 18, 19]
2026-08-30 18:57:15,023 - ear_direct_cifar10_fedlf_IF100_alpha0p5_h2_m4_seed42_eps0p75_ca0p7_w30_taw1p5.log - INFO - Round 152 | Global 0.6631 | Head 0.7930 | Middle 0.5933 | Tail 0.6263 | Hmean 0.6999 | ExpEvent 0 | ExpMass 0.023549 | best_tail 0.6263@152
2026-08-30 18:57:15,023 - ear_direct_cifar10_fedlf_IF100_alpha0p5_h2_m4_seed42_eps0p75_ca0p7_w30_taw1p5.log - INFO - EAR Round 152 | targetExp 0 targetSamples 0 tailExpRate 0.6667 | gradShare 0.098002 | Retention proj 0.439025 -> 0.439025 (gain 0.000000) | cos 0.998352 -> 0.998352
2026-08-30 18:57:15,026 - ear_direct_cifar10_fedlf_IF100_alpha0p5_h2_m4_seed42_eps0p75_ca0p7_w30_taw1p5.log - INFO - Round 153 selected clients: [0, 4, 10, 19]
2026-08-30 18:57:28,297 - ear_direct_cifar10_fedlf_IF100_alpha0p5_h2_m4_seed42_eps0p75_ca0p7_w30_taw1p5.log - INFO - Round 153 | Global 0.6252 | Head 0.8327 | Middle 0.5640 | Tail 0.4993 | Hmean 0.6243 | ExpEvent 1 | ExpMass 0.021626 | best_tail 0.6263@152
2026-08-30 18:57:28,297 - ear_direct_cifar10_fedlf_IF100_alpha0p5_h2_m4_seed42_eps0p75_ca0p7_w30_taw1p5.log - INFO - EAR Round 153 | targetExp 1 targetSamples 25 tailExpRate 1.0000 | gradShare 0.161485 | Retention proj 0.118370 -> 0.118370 (gain 0.000000) | cos 0.357732 -> 0.357732
2026-08-30 18:57:28,301 - ear_direct_cifar10_fedlf_IF100_alpha0p5_h2_m4_seed42_eps0p75_ca0p7_w30_taw1p5.log - INFO - Round 154 selected clients: [2, 9, 15, 18]
2026-08-30 18:57:41,642 - ear_direct_cifar10_fedlf_IF100_alpha0p5_h2_m4_seed42_eps0p75_ca0p7_w30_taw1p5.log - INFO - Round 154 | Global 0.6560 | Head 0.7360 | Middle 0.6733 | Tail 0.5530 | Hmean 0.6315 | ExpEvent 0 | ExpMass 0.025203 | best_tail 0.6263@152
2026-08-30 18:57:41,642 - ear_direct_cifar10_fedlf_IF100_alpha0p5_h2_m4_seed42_eps0p75_ca0p7_w30_taw1p5.log - INFO - EAR Round 154 | targetExp 0 targetSamples 0 tailExpRate 0.6667 | gradShare 0.079974 | Retention proj 0.809598 -> 0.809598 (gain 0.000000) | cos 0.998505 -> 0.998505
2026-08-30 18:57:41,645 - ear_direct_cifar10_fedlf_IF100_alpha0p5_h2_m4_seed42_eps0p75_ca0p7_w30_taw1p5.log - INFO - Round 155 selected clients: [1, 5, 14, 15]
2026-08-30 18:57:54,877 - ear_direct_cifar10_fedlf_IF100_alpha0p5_h2_m4_seed42_eps0p75_ca0p7_w30_taw1p5.log - INFO - Round 155 | Global 0.6509 | Head 0.7943 | Middle 0.6907 | Tail 0.4543 | Hmean 0.5780 | ExpEvent 0 | ExpMass 0.012530 | best_tail 0.6263@152
2026-08-30 18:57:54,877 - ear_direct_cifar10_fedlf_IF100_alpha0p5_h2_m4_seed42_eps0p75_ca0p7_w30_taw1p5.log - INFO - EAR Round 155 | targetExp 0 targetSamples 0 tailExpRate 0.6667 | gradShare 0.083002 | Retention proj 0.481312 -> 0.481312 (gain 0.000000) | cos 0.945717 -> 0.945717
2026-08-30 18:57:54,880 - ear_direct_cifar10_fedlf_IF100_alpha0p5_h2_m4_seed42_eps0p75_ca0p7_w30_taw1p5.log - INFO - Round 156 selected clients: [2, 4, 14, 19]
2026-08-30 18:58:07,681 - ear_direct_cifar10_fedlf_IF100_alpha0p5_h2_m4_seed42_eps0p75_ca0p7_w30_taw1p5.log - INFO - Round 156 | Global 0.6471 | Head 0.7590 | Middle 0.6308 | Tail 0.5570 | Hmean 0.6425 | ExpEvent 1 | ExpMass 0.032038 | best_tail 0.6263@152
2026-08-30 18:58:07,681 - ear_direct_cifar10_fedlf_IF100_alpha0p5_h2_m4_seed42_eps0p75_ca0p7_w30_taw1p5.log - INFO - EAR Round 156 | targetExp 1 targetSamples 25 tailExpRate 1.0000 | gradShare 0.168245 | Retention proj 0.251340 -> 0.251340 (gain 0.000000) | cos 0.894882 -> 0.894882
2026-08-30 18:58:07,684 - ear_direct_cifar10_fedlf_IF100_alpha0p5_h2_m4_seed42_eps0p75_ca0p7_w30_taw1p5.log - INFO - Round 157 selected clients: [10, 11, 16, 18]
2026-08-30 18:58:20,337 - ear_direct_cifar10_fedlf_IF100_alpha0p5_h2_m4_seed42_eps0p75_ca0p7_w30_taw1p5.log - INFO - Round 157 | Global 0.6505 | Head 0.8370 | Middle 0.6518 | Tail 0.4623 | Hmean 0.5956 | ExpEvent 0 | ExpMass 0.011731 | best_tail 0.6263@152
2026-08-30 18:58:20,338 - ear_direct_cifar10_fedlf_IF100_alpha0p5_h2_m4_seed42_eps0p75_ca0p7_w30_taw1p5.log - INFO - EAR Round 157 | targetExp 0 targetSamples 0 tailExpRate 0.6667 | gradShare 0.097230 | Retention proj 0.100461 -> 0.100461 (gain 0.000000) | cos 0.672294 -> 0.672294
2026-08-30 18:58:20,341 - ear_direct_cifar10_fedlf_IF100_alpha0p5_h2_m4_seed42_eps0p75_ca0p7_w30_taw1p5.log - INFO - Round 158 selected clients: [0, 1, 11, 17]
2026-08-30 18:58:33,458 - ear_direct_cifar10_fedlf_IF100_alpha0p5_h2_m4_seed42_eps0p75_ca0p7_w30_taw1p5.log - INFO - Round 158 | Global 0.6412 | Head 0.8250 | Middle 0.6338 | Tail 0.4673 | Hmean 0.5966 | ExpEvent 0 | ExpMass 0.019742 | best_tail 0.6263@152
2026-08-30 18:58:33,458 - ear_direct_cifar10_fedlf_IF100_alpha0p5_h2_m4_seed42_eps0p75_ca0p7_w30_taw1p5.log - INFO - EAR Round 158 | targetExp 0 targetSamples 0 tailExpRate 0.6667 | gradShare 0.091685 | Retention proj 0.299167 -> 0.299167 (gain 0.000000) | cos 0.997969 -> 0.997969
2026-08-30 18:58:33,460 - ear_direct_cifar10_fedlf_IF100_alpha0p5_h2_m4_seed42_eps0p75_ca0p7_w30_taw1p5.log - INFO - Round 159 selected clients: [4, 8, 10, 19]
2026-08-30 18:58:46,773 - ear_direct_cifar10_fedlf_IF100_alpha0p5_h2_m4_seed42_eps0p75_ca0p7_w30_taw1p5.log - INFO - Round 159 | Global 0.6496 | Head 0.8220 | Middle 0.6212 | Tail 0.5150 | Hmean 0.6333 | ExpEvent 1 | ExpMass 0.021635 | best_tail 0.6263@152
2026-08-30 18:58:46,774 - ear_direct_cifar10_fedlf_IF100_alpha0p5_h2_m4_seed42_eps0p75_ca0p7_w30_taw1p5.log - INFO - EAR Round 159 | targetExp 1 targetSamples 25 tailExpRate 1.0000 | gradShare 0.159258 | Retention proj 0.118792 -> 0.118792 (gain 0.000000) | cos 0.631203 -> 0.631203
2026-08-30 18:58:46,776 - ear_direct_cifar10_fedlf_IF100_alpha0p5_h2_m4_seed42_eps0p75_ca0p7_w30_taw1p5.log - INFO - Round 160 selected clients: [2, 5, 12, 19]
2026-08-30 18:58:59,876 - ear_direct_cifar10_fedlf_IF100_alpha0p5_h2_m4_seed42_eps0p75_ca0p7_w30_taw1p5.log - INFO - Round 160 | Global 0.6380 | Head 0.7517 | Middle 0.5952 | Tail 0.5813 | Hmean 0.6556 | ExpEvent 0 | ExpMass 0.034399 | best_tail 0.6263@152
2026-08-30 18:58:59,876 - ear_direct_cifar10_fedlf_IF100_alpha0p5_h2_m4_seed42_eps0p75_ca0p7_w30_taw1p5.log - INFO - EAR Round 160 | targetExp 0 targetSamples 0 tailExpRate 0.6667 | gradShare 0.127647 | Retention proj 0.777605 -> 0.777605 (gain 0.000000) | cos 0.992994 -> 0.992994
2026-08-30 18:58:59,900 - ear_direct_cifar10_fedlf_IF100_alpha0p5_h2_m4_seed42_eps0p75_ca0p7_w30_taw1p5.log - INFO - Checkpoint @160 | Global 0.6380 | Head 0.7517 | Middle 0.5952 | Tail 0.5813 | Hmean 0.6556
2026-08-30 18:58:59,900 - ear_direct_cifar10_fedlf_IF100_alpha0p5_h2_m4_seed42_eps0p75_ca0p7_w30_taw1p5.log - INFO - Round 161 selected clients: [9, 14, 17, 18]
2026-08-30 18:59:13,336 - ear_direct_cifar10_fedlf_IF100_alpha0p5_h2_m4_seed42_eps0p75_ca0p7_w30_taw1p5.log - INFO - Round 161 | Global 0.6333 | Head 0.6410 | Middle 0.7113 | Tail 0.5217 | Hmean 0.5752 | ExpEvent 0 | ExpMass 0.033658 | best_tail 0.6263@152
2026-08-30 18:59:13,337 - ear_direct_cifar10_fedlf_IF100_alpha0p5_h2_m4_seed42_eps0p75_ca0p7_w30_taw1p5.log - INFO - EAR Round 161 | targetExp 0 targetSamples 0 tailExpRate 0.6667 | gradShare 0.117615 | Retention proj 0.720035 -> 0.720035 (gain 0.000000) | cos 0.985469 -> 0.985469
2026-08-30 18:59:13,339 - ear_direct_cifar10_fedlf_IF100_alpha0p5_h2_m4_seed42_eps0p75_ca0p7_w30_taw1p5.log - INFO - Round 162 selected clients: [2, 7, 14, 15]
2026-08-30 18:59:26,703 - ear_direct_cifar10_fedlf_IF100_alpha0p5_h2_m4_seed42_eps0p75_ca0p7_w30_taw1p5.log - INFO - Round 162 | Global 0.6503 | Head 0.7890 | Middle 0.6957 | Tail 0.4510 | Hmean 0.5739 | ExpEvent 0 | ExpMass 0.011318 | best_tail 0.6263@152
2026-08-30 18:59:26,703 - ear_direct_cifar10_fedlf_IF100_alpha0p5_h2_m4_seed42_eps0p75_ca0p7_w30_taw1p5.log - INFO - EAR Round 162 | targetExp 0 targetSamples 0 tailExpRate 0.6667 | gradShare 0.086137 | Retention proj 0.358797 -> 0.358797 (gain 0.000000) | cos 0.900496 -> 0.900496
2026-08-30 18:59:26,706 - ear_direct_cifar10_fedlf_IF100_alpha0p5_h2_m4_seed42_eps0p75_ca0p7_w30_taw1p5.log - INFO - Round 163 selected clients: [6, 11, 12, 17]
2026-08-30 18:59:39,889 - ear_direct_cifar10_fedlf_IF100_alpha0p5_h2_m4_seed42_eps0p75_ca0p7_w30_taw1p5.log - INFO - Round 163 | Global 0.6126 | Head 0.6160 | Middle 0.6857 | Tail 0.5117 | Hmean 0.5590 | ExpEvent 1 | ExpMass 0.044746 | best_tail 0.6263@152
2026-08-30 18:59:39,890 - ear_direct_cifar10_fedlf_IF100_alpha0p5_h2_m4_seed42_eps0p75_ca0p7_w30_taw1p5.log - INFO - EAR Round 163 | targetExp 1 targetSamples 25 tailExpRate 1.0000 | gradShare 0.158086 | Retention proj 0.481019 -> 0.481019 (gain 0.000000) | cos 0.997647 -> 0.997647
2026-08-30 18:59:39,892 - ear_direct_cifar10_fedlf_IF100_alpha0p5_h2_m4_seed42_eps0p75_ca0p7_w30_taw1p5.log - INFO - Round 164 selected clients: [6, 10, 13, 15]
2026-08-30 18:59:53,028 - ear_direct_cifar10_fedlf_IF100_alpha0p5_h2_m4_seed42_eps0p75_ca0p7_w30_taw1p5.log - INFO - Round 164 | Global 0.6261 | Head 0.6893 | Middle 0.6508 | Tail 0.5300 | Hmean 0.5992 | ExpEvent 1 | ExpMass 0.025641 | best_tail 0.6263@152
2026-08-30 18:59:53,028 - ear_direct_cifar10_fedlf_IF100_alpha0p5_h2_m4_seed42_eps0p75_ca0p7_w30_taw1p5.log - INFO - EAR Round 164 | targetExp 1 targetSamples 25 tailExpRate 1.0000 | gradShare 0.101550 | Retention proj 0.308710 -> 0.308710 (gain 0.000000) | cos 0.827543 -> 0.827543
2026-08-30 18:59:53,032 - ear_direct_cifar10_fedlf_IF100_alpha0p5_h2_m4_seed42_eps0p75_ca0p7_w30_taw1p5.log - INFO - Round 165 selected clients: [7, 9, 15, 17]
2026-08-30 19:00:06,078 - ear_direct_cifar10_fedlf_IF100_alpha0p5_h2_m4_seed42_eps0p75_ca0p7_w30_taw1p5.log - INFO - Round 165 | Global 0.6403 | Head 0.8257 | Middle 0.6627 | Tail 0.4250 | Hmean 0.5612 | ExpEvent 0 | ExpMass 0.022700 | best_tail 0.6263@152
2026-08-30 19:00:06,079 - ear_direct_cifar10_fedlf_IF100_alpha0p5_h2_m4_seed42_eps0p75_ca0p7_w30_taw1p5.log - INFO - EAR Round 165 | targetExp 0 targetSamples 0 tailExpRate 0.6667 | gradShare 0.105067 | Retention proj 0.762446 -> 0.762446 (gain 0.000000) | cos 0.935154 -> 0.935154
2026-08-30 19:00:06,081 - ear_direct_cifar10_fedlf_IF100_alpha0p5_h2_m4_seed42_eps0p75_ca0p7_w30_taw1p5.log - INFO - Round 166 selected clients: [1, 12, 14, 16]
2026-08-30 19:00:18,941 - ear_direct_cifar10_fedlf_IF100_alpha0p5_h2_m4_seed42_eps0p75_ca0p7_w30_taw1p5.log - INFO - Round 166 | Global 0.6287 | Head 0.8630 | Middle 0.6455 | Tail 0.3720 | Hmean 0.5199 | ExpEvent 0 | ExpMass 0.000403 | best_tail 0.6263@152
2026-08-30 19:00:18,941 - ear_direct_cifar10_fedlf_IF100_alpha0p5_h2_m4_seed42_eps0p75_ca0p7_w30_taw1p5.log - INFO - EAR Round 166 | targetExp 0 targetSamples 0 tailExpRate 0.3333 | gradShare 0.052136 | Retention proj 0.928293 -> 0.928293 (gain 0.000000) | cos 0.944310 -> 0.944310
2026-08-30 19:00:18,944 - ear_direct_cifar10_fedlf_IF100_alpha0p5_h2_m4_seed42_eps0p75_ca0p7_w30_taw1p5.log - INFO - Round 167 selected clients: [4, 9, 10, 18]
2026-08-30 19:00:31,849 - ear_direct_cifar10_fedlf_IF100_alpha0p5_h2_m4_seed42_eps0p75_ca0p7_w30_taw1p5.log - INFO - Round 167 | Global 0.6583 | Head 0.7863 | Middle 0.6830 | Tail 0.4973 | Hmean 0.6093 | ExpEvent 1 | ExpMass 0.023676 | best_tail 0.6263@152
2026-08-30 19:00:31,849 - ear_direct_cifar10_fedlf_IF100_alpha0p5_h2_m4_seed42_eps0p75_ca0p7_w30_taw1p5.log - INFO - EAR Round 167 | targetExp 1 targetSamples 25 tailExpRate 1.0000 | gradShare 0.134948 | Retention proj 0.234899 -> 0.234899 (gain 0.000000) | cos 0.701984 -> 0.701984
2026-08-30 19:00:31,852 - ear_direct_cifar10_fedlf_IF100_alpha0p5_h2_m4_seed42_eps0p75_ca0p7_w30_taw1p5.log - INFO - Round 168 selected clients: [0, 3, 4, 15]
2026-08-30 19:00:45,097 - ear_direct_cifar10_fedlf_IF100_alpha0p5_h2_m4_seed42_eps0p75_ca0p7_w30_taw1p5.log - INFO - Round 168 | Global 0.6646 | Head 0.8100 | Middle 0.6623 | Tail 0.5223 | Hmean 0.6351 | ExpEvent 1 | ExpMass 0.016901 | best_tail 0.6263@152
2026-08-30 19:00:45,097 - ear_direct_cifar10_fedlf_IF100_alpha0p5_h2_m4_seed42_eps0p75_ca0p7_w30_taw1p5.log - INFO - EAR Round 168 | targetExp 1 targetSamples 25 tailExpRate 1.0000 | gradShare 0.128725 | Retention proj 0.106484 -> 0.106484 (gain 0.000000) | cos 0.221156 -> 0.221156
2026-08-30 19:00:45,101 - ear_direct_cifar10_fedlf_IF100_alpha0p5_h2_m4_seed42_eps0p75_ca0p7_w30_taw1p5.log - INFO - Round 169 selected clients: [0, 1, 9, 16]
2026-08-30 19:00:58,002 - ear_direct_cifar10_fedlf_IF100_alpha0p5_h2_m4_seed42_eps0p75_ca0p7_w30_taw1p5.log - INFO - Round 169 | Global 0.6309 | Head 0.8370 | Middle 0.6092 | Tail 0.4537 | Hmean 0.5884 | ExpEvent 0 | ExpMass 0.002019 | best_tail 0.6263@152
2026-08-30 19:00:58,002 - ear_direct_cifar10_fedlf_IF100_alpha0p5_h2_m4_seed42_eps0p75_ca0p7_w30_taw1p5.log - INFO - EAR Round 169 | targetExp 0 targetSamples 0 tailExpRate 0.6667 | gradShare 0.044011 | Retention proj 0.345429 -> 0.345429 (gain 0.000000) | cos 0.650720 -> 0.650720
2026-08-30 19:00:58,005 - ear_direct_cifar10_fedlf_IF100_alpha0p5_h2_m4_seed42_eps0p75_ca0p7_w30_taw1p5.log - INFO - Round 170 selected clients: [5, 9, 11, 14]
2026-08-30 19:01:10,975 - ear_direct_cifar10_fedlf_IF100_alpha0p5_h2_m4_seed42_eps0p75_ca0p7_w30_taw1p5.log - INFO - Round 170 | Global 0.6345 | Head 0.8463 | Middle 0.6475 | Tail 0.4053 | Hmean 0.5481 | ExpEvent 0 | ExpMass 0.013743 | best_tail 0.6263@152
2026-08-30 19:01:10,976 - ear_direct_cifar10_fedlf_IF100_alpha0p5_h2_m4_seed42_eps0p75_ca0p7_w30_taw1p5.log - INFO - EAR Round 170 | targetExp 0 targetSamples 0 tailExpRate 0.6667 | gradShare 0.086116 | Retention proj 0.456299 -> 0.456299 (gain 0.000000) | cos 0.997367 -> 0.997367
2026-08-30 19:01:10,999 - ear_direct_cifar10_fedlf_IF100_alpha0p5_h2_m4_seed42_eps0p75_ca0p7_w30_taw1p5.log - INFO - Checkpoint @170 | Global 0.6345 | Head 0.8463 | Middle 0.6475 | Tail 0.4053 | Hmean 0.5481
2026-08-30 19:01:11,000 - ear_direct_cifar10_fedlf_IF100_alpha0p5_h2_m4_seed42_eps0p75_ca0p7_w30_taw1p5.log - INFO - Round 171 selected clients: [5, 6, 7, 12]
2026-08-30 19:01:24,044 - ear_direct_cifar10_fedlf_IF100_alpha0p5_h2_m4_seed42_eps0p75_ca0p7_w30_taw1p5.log - INFO - Round 171 | Global 0.6788 | Head 0.7893 | Middle 0.6925 | Tail 0.5500 | Hmean 0.6483 | ExpEvent 1 | ExpMass 0.036756 | best_tail 0.6263@152
2026-08-30 19:01:24,044 - ear_direct_cifar10_fedlf_IF100_alpha0p5_h2_m4_seed42_eps0p75_ca0p7_w30_taw1p5.log - INFO - EAR Round 171 | targetExp 1 targetSamples 25 tailExpRate 1.0000 | gradShare 0.130793 | Retention proj 0.474181 -> 0.474181 (gain 0.000000) | cos 0.971147 -> 0.971147
2026-08-30 19:01:24,046 - ear_direct_cifar10_fedlf_IF100_alpha0p5_h2_m4_seed42_eps0p75_ca0p7_w30_taw1p5.log - INFO - Round 172 selected clients: [9, 10, 11, 13]
2026-08-30 19:01:36,882 - ear_direct_cifar10_fedlf_IF100_alpha0p5_h2_m4_seed42_eps0p75_ca0p7_w30_taw1p5.log - INFO - Round 172 | Global 0.6380 | Head 0.8453 | Middle 0.6567 | Tail 0.4057 | Hmean 0.5483 | ExpEvent 0 | ExpMass 0.002021 | best_tail 0.6263@152
2026-08-30 19:01:36,883 - ear_direct_cifar10_fedlf_IF100_alpha0p5_h2_m4_seed42_eps0p75_ca0p7_w30_taw1p5.log - INFO - EAR Round 172 | targetExp 0 targetSamples 0 tailExpRate 0.6667 | gradShare 0.071934 | Retention proj 0.281314 -> 0.281314 (gain 0.000000) | cos 0.971958 -> 0.971958
2026-08-30 19:01:36,886 - ear_direct_cifar10_fedlf_IF100_alpha0p5_h2_m4_seed42_eps0p75_ca0p7_w30_taw1p5.log - INFO - Round 173 selected clients: [4, 9, 13, 16]
2026-08-30 19:01:50,305 - ear_direct_cifar10_fedlf_IF100_alpha0p5_h2_m4_seed42_eps0p75_ca0p7_w30_taw1p5.log - INFO - Round 173 | Global 0.6369 | Head 0.8280 | Middle 0.6160 | Tail 0.4737 | Hmean 0.6026 | ExpEvent 1 | ExpMass 0.012000 | best_tail 0.6263@152
2026-08-30 19:01:50,305 - ear_direct_cifar10_fedlf_IF100_alpha0p5_h2_m4_seed42_eps0p75_ca0p7_w30_taw1p5.log - INFO - EAR Round 173 | targetExp 1 targetSamples 25 tailExpRate 1.0000 | gradShare 0.127111 | Retention proj -0.103978 -> -0.103978 (gain 0.000000) | cos 0.106239 -> 0.106239
2026-08-30 19:01:50,308 - ear_direct_cifar10_fedlf_IF100_alpha0p5_h2_m4_seed42_eps0p75_ca0p7_w30_taw1p5.log - INFO - Round 174 selected clients: [1, 3, 6, 15]
2026-08-30 19:02:03,484 - ear_direct_cifar10_fedlf_IF100_alpha0p5_h2_m4_seed42_eps0p75_ca0p7_w30_taw1p5.log - INFO - Round 174 | Global 0.6545 | Head 0.7963 | Middle 0.6140 | Tail 0.5667 | Hmean 0.6622 | ExpEvent 1 | ExpMass 0.031829 | best_tail 0.6263@152
2026-08-30 19:02:03,484 - ear_direct_cifar10_fedlf_IF100_alpha0p5_h2_m4_seed42_eps0p75_ca0p7_w30_taw1p5.log - INFO - EAR Round 174 | targetExp 1 targetSamples 25 tailExpRate 1.0000 | gradShare 0.109418 | Retention proj 0.477841 -> 0.477841 (gain 0.000000) | cos 0.892935 -> 0.892935
2026-08-30 19:02:03,488 - ear_direct_cifar10_fedlf_IF100_alpha0p5_h2_m4_seed42_eps0p75_ca0p7_w30_taw1p5.log - INFO - Round 175 selected clients: [2, 8, 9, 11]
2026-08-30 19:02:16,654 - ear_direct_cifar10_fedlf_IF100_alpha0p5_h2_m4_seed42_eps0p75_ca0p7_w30_taw1p5.log - INFO - Round 175 | Global 0.6574 | Head 0.8117 | Middle 0.6843 | Tail 0.4673 | Hmean 0.5931 | ExpEvent 0 | ExpMass 0.012525 | best_tail 0.6263@152
2026-08-30 19:02:16,654 - ear_direct_cifar10_fedlf_IF100_alpha0p5_h2_m4_seed42_eps0p75_ca0p7_w30_taw1p5.log - INFO - EAR Round 175 | targetExp 0 targetSamples 0 tailExpRate 0.6667 | gradShare 0.070858 | Retention proj 0.456566 -> 0.456566 (gain 0.000000) | cos 0.981566 -> 0.981566
2026-08-30 19:02:16,657 - ear_direct_cifar10_fedlf_IF100_alpha0p5_h2_m4_seed42_eps0p75_ca0p7_w30_taw1p5.log - INFO - Round 176 selected clients: [1, 3, 5, 12]
2026-08-30 19:02:29,517 - ear_direct_cifar10_fedlf_IF100_alpha0p5_h2_m4_seed42_eps0p75_ca0p7_w30_taw1p5.log - INFO - Round 176 | Global 0.6609 | Head 0.7903 | Middle 0.6840 | Tail 0.5007 | Hmean 0.6130 | ExpEvent 0 | ExpMass 0.018248 | best_tail 0.6263@152
2026-08-30 19:02:29,517 - ear_direct_cifar10_fedlf_IF100_alpha0p5_h2_m4_seed42_eps0p75_ca0p7_w30_taw1p5.log - INFO - EAR Round 176 | targetExp 0 targetSamples 0 tailExpRate 0.6667 | gradShare 0.104946 | Retention proj 0.679018 -> 0.679018 (gain 0.000000) | cos 0.990788 -> 0.990788
2026-08-30 19:02:29,520 - ear_direct_cifar10_fedlf_IF100_alpha0p5_h2_m4_seed42_eps0p75_ca0p7_w30_taw1p5.log - INFO - Round 177 selected clients: [5, 8, 10, 18]
2026-08-30 19:02:42,412 - ear_direct_cifar10_fedlf_IF100_alpha0p5_h2_m4_seed42_eps0p75_ca0p7_w30_taw1p5.log - INFO - Round 177 | Global 0.6486 | Head 0.7967 | Middle 0.6795 | Tail 0.4593 | Hmean 0.5827 | ExpEvent 0 | ExpMass 0.023463 | best_tail 0.6263@152
2026-08-30 19:02:42,412 - ear_direct_cifar10_fedlf_IF100_alpha0p5_h2_m4_seed42_eps0p75_ca0p7_w30_taw1p5.log - INFO - EAR Round 177 | targetExp 0 targetSamples 0 tailExpRate 0.6667 | gradShare 0.100669 | Retention proj 0.478627 -> 0.478627 (gain 0.000000) | cos 0.999729 -> 0.999729
2026-08-30 19:02:42,415 - ear_direct_cifar10_fedlf_IF100_alpha0p5_h2_m4_seed42_eps0p75_ca0p7_w30_taw1p5.log - INFO - Round 178 selected clients: [5, 6, 7, 9]
2026-08-30 19:02:55,747 - ear_direct_cifar10_fedlf_IF100_alpha0p5_h2_m4_seed42_eps0p75_ca0p7_w30_taw1p5.log - INFO - Round 178 | Global 0.6609 | Head 0.7523 | Middle 0.6717 | Tail 0.5550 | Hmean 0.6388 | ExpEvent 1 | ExpMass 0.038446 | best_tail 0.6263@152
2026-08-30 19:02:55,748 - ear_direct_cifar10_fedlf_IF100_alpha0p5_h2_m4_seed42_eps0p75_ca0p7_w30_taw1p5.log - INFO - EAR Round 178 | targetExp 1 targetSamples 25 tailExpRate 1.0000 | gradShare 0.130028 | Retention proj 0.572673 -> 0.572673 (gain 0.000000) | cos 0.996490 -> 0.996490
2026-08-30 19:02:55,750 - ear_direct_cifar10_fedlf_IF100_alpha0p5_h2_m4_seed42_eps0p75_ca0p7_w30_taw1p5.log - INFO - Round 179 selected clients: [3, 4, 7, 13]
2026-08-30 19:03:08,675 - ear_direct_cifar10_fedlf_IF100_alpha0p5_h2_m4_seed42_eps0p75_ca0p7_w30_taw1p5.log - INFO - Round 179 | Global 0.6510 | Head 0.8110 | Middle 0.6472 | Tail 0.4960 | Hmean 0.6155 | ExpEvent 1 | ExpMass 0.016058 | best_tail 0.6263@152
2026-08-30 19:03:08,675 - ear_direct_cifar10_fedlf_IF100_alpha0p5_h2_m4_seed42_eps0p75_ca0p7_w30_taw1p5.log - INFO - EAR Round 179 | targetExp 1 targetSamples 25 tailExpRate 1.0000 | gradShare 0.150648 | Retention proj 0.021687 -> 0.021687 (gain 0.000000) | cos 0.264086 -> 0.264086
2026-08-30 19:03:08,679 - ear_direct_cifar10_fedlf_IF100_alpha0p5_h2_m4_seed42_eps0p75_ca0p7_w30_taw1p5.log - INFO - Round 180 selected clients: [3, 9, 10, 17]
2026-08-30 19:03:21,312 - ear_direct_cifar10_fedlf_IF100_alpha0p5_h2_m4_seed42_eps0p75_ca0p7_w30_taw1p5.log - INFO - Round 180 | Global 0.6477 | Head 0.7967 | Middle 0.6830 | Tail 0.4517 | Hmean 0.5765 | ExpEvent 0 | ExpMass 0.028060 | best_tail 0.6263@152
2026-08-30 19:03:21,313 - ear_direct_cifar10_fedlf_IF100_alpha0p5_h2_m4_seed42_eps0p75_ca0p7_w30_taw1p5.log - INFO - EAR Round 180 | targetExp 0 targetSamples 0 tailExpRate 0.6667 | gradShare 0.114447 | Retention proj 0.750389 -> 0.750389 (gain 0.000000) | cos 0.999127 -> 0.999127
2026-08-30 19:03:21,341 - ear_direct_cifar10_fedlf_IF100_alpha0p5_h2_m4_seed42_eps0p75_ca0p7_w30_taw1p5.log - INFO - Checkpoint @180 | Global 0.6477 | Head 0.7967 | Middle 0.6830 | Tail 0.4517 | Hmean 0.5765
2026-08-30 19:03:21,342 - ear_direct_cifar10_fedlf_IF100_alpha0p5_h2_m4_seed42_eps0p75_ca0p7_w30_taw1p5.log - INFO - Round 181 selected clients: [0, 11, 14, 18]
2026-08-30 19:03:34,108 - ear_direct_cifar10_fedlf_IF100_alpha0p5_h2_m4_seed42_eps0p75_ca0p7_w30_taw1p5.log - INFO - Round 181 | Global 0.6053 | Head 0.7227 | Middle 0.6833 | Tail 0.3840 | Hmean 0.5015 | ExpEvent 0 | ExpMass 0.011727 | best_tail 0.6263@152
2026-08-30 19:03:34,108 - ear_direct_cifar10_fedlf_IF100_alpha0p5_h2_m4_seed42_eps0p75_ca0p7_w30_taw1p5.log - INFO - EAR Round 181 | targetExp 0 targetSamples 0 tailExpRate 0.6667 | gradShare 0.071265 | Retention proj 0.193686 -> 0.193686 (gain 0.000000) | cos 0.901816 -> 0.901816
2026-08-30 19:03:34,111 - ear_direct_cifar10_fedlf_IF100_alpha0p5_h2_m4_seed42_eps0p75_ca0p7_w30_taw1p5.log - INFO - Round 182 selected clients: [2, 8, 17, 18]
2026-08-30 19:03:46,872 - ear_direct_cifar10_fedlf_IF100_alpha0p5_h2_m4_seed42_eps0p75_ca0p7_w30_taw1p5.log - INFO - Round 182 | Global 0.6765 | Head 0.7633 | Middle 0.7003 | Tail 0.5580 | Hmean 0.6447 | ExpEvent 0 | ExpMass 0.042054 | best_tail 0.6263@152
2026-08-30 19:03:46,872 - ear_direct_cifar10_fedlf_IF100_alpha0p5_h2_m4_seed42_eps0p75_ca0p7_w30_taw1p5.log - INFO - EAR Round 182 | targetExp 0 targetSamples 0 tailExpRate 0.6667 | gradShare 0.119792 | Retention proj 0.739277 -> 0.739277 (gain 0.000000) | cos 0.999976 -> 0.999976
2026-08-30 19:03:46,875 - ear_direct_cifar10_fedlf_IF100_alpha0p5_h2_m4_seed42_eps0p75_ca0p7_w30_taw1p5.log - INFO - Round 183 selected clients: [6, 8, 12, 18]
2026-08-30 19:03:59,774 - ear_direct_cifar10_fedlf_IF100_alpha0p5_h2_m4_seed42_eps0p75_ca0p7_w30_taw1p5.log - INFO - Round 183 | Global 0.6535 | Head 0.8007 | Middle 0.6152 | Tail 0.5573 | Hmean 0.6572 | ExpEvent 1 | ExpMass 0.036874 | best_tail 0.6263@152
2026-08-30 19:03:59,774 - ear_direct_cifar10_fedlf_IF100_alpha0p5_h2_m4_seed42_eps0p75_ca0p7_w30_taw1p5.log - INFO - EAR Round 183 | targetExp 1 targetSamples 25 tailExpRate 1.0000 | gradShare 0.117287 | Retention proj 0.417411 -> 0.417411 (gain 0.000000) | cos 0.917735 -> 0.917735
2026-08-30 19:03:59,778 - ear_direct_cifar10_fedlf_IF100_alpha0p5_h2_m4_seed42_eps0p75_ca0p7_w30_taw1p5.log - INFO - Round 184 selected clients: [0, 8, 9, 18]
2026-08-30 19:04:12,873 - ear_direct_cifar10_fedlf_IF100_alpha0p5_h2_m4_seed42_eps0p75_ca0p7_w30_taw1p5.log - INFO - Round 184 | Global 0.6529 | Head 0.7977 | Middle 0.6302 | Tail 0.5383 | Hmean 0.6428 | ExpEvent 0 | ExpMass 0.013782 | best_tail 0.6263@152
2026-08-30 19:04:12,873 - ear_direct_cifar10_fedlf_IF100_alpha0p5_h2_m4_seed42_eps0p75_ca0p7_w30_taw1p5.log - INFO - EAR Round 184 | targetExp 0 targetSamples 0 tailExpRate 0.6667 | gradShare 0.061684 | Retention proj 0.570769 -> 0.570769 (gain 0.000000) | cos 0.994338 -> 0.994338
2026-08-30 19:04:12,876 - ear_direct_cifar10_fedlf_IF100_alpha0p5_h2_m4_seed42_eps0p75_ca0p7_w30_taw1p5.log - INFO - Round 185 selected clients: [7, 8, 10, 12]
2026-08-30 19:04:25,901 - ear_direct_cifar10_fedlf_IF100_alpha0p5_h2_m4_seed42_eps0p75_ca0p7_w30_taw1p5.log - INFO - Round 185 | Global 0.6162 | Head 0.8293 | Middle 0.6285 | Tail 0.3867 | Hmean 0.5275 | ExpEvent 0 | ExpMass 0.000403 | best_tail 0.6263@152
2026-08-30 19:04:25,901 - ear_direct_cifar10_fedlf_IF100_alpha0p5_h2_m4_seed42_eps0p75_ca0p7_w30_taw1p5.log - INFO - EAR Round 185 | targetExp 0 targetSamples 0 tailExpRate 0.3333 | gradShare 0.079793 | Retention proj 0.338377 -> 0.338377 (gain 0.000000) | cos 0.996831 -> 0.996831
2026-08-30 19:04:25,904 - ear_direct_cifar10_fedlf_IF100_alpha0p5_h2_m4_seed42_eps0p75_ca0p7_w30_taw1p5.log - INFO - Round 186 selected clients: [7, 9, 10, 14]
2026-08-30 19:04:38,936 - ear_direct_cifar10_fedlf_IF100_alpha0p5_h2_m4_seed42_eps0p75_ca0p7_w30_taw1p5.log - INFO - Round 186 | Global 0.6101 | Head 0.8357 | Middle 0.6292 | Tail 0.3590 | Hmean 0.5022 | ExpEvent 0 | ExpMass 0.002021 | best_tail 0.6263@152
2026-08-30 19:04:38,936 - ear_direct_cifar10_fedlf_IF100_alpha0p5_h2_m4_seed42_eps0p75_ca0p7_w30_taw1p5.log - INFO - EAR Round 186 | targetExp 0 targetSamples 0 tailExpRate 0.6667 | gradShare 0.064023 | Retention proj 0.247179 -> 0.247179 (gain 0.000000) | cos 0.997677 -> 0.997677
2026-08-30 19:04:38,939 - ear_direct_cifar10_fedlf_IF100_alpha0p5_h2_m4_seed42_eps0p75_ca0p7_w30_taw1p5.log - INFO - Round 187 selected clients: [1, 5, 7, 19]
2026-08-30 19:04:51,952 - ear_direct_cifar10_fedlf_IF100_alpha0p5_h2_m4_seed42_eps0p75_ca0p7_w30_taw1p5.log - INFO - Round 187 | Global 0.6447 | Head 0.8290 | Middle 0.6302 | Tail 0.4797 | Hmean 0.6077 | ExpEvent 0 | ExpMass 0.023472 | best_tail 0.6263@152
2026-08-30 19:04:51,952 - ear_direct_cifar10_fedlf_IF100_alpha0p5_h2_m4_seed42_eps0p75_ca0p7_w30_taw1p5.log - INFO - EAR Round 187 | targetExp 0 targetSamples 0 tailExpRate 0.6667 | gradShare 0.110305 | Retention proj 0.404389 -> 0.404389 (gain 0.000000) | cos 0.972797 -> 0.972797
2026-08-30 19:04:51,956 - ear_direct_cifar10_fedlf_IF100_alpha0p5_h2_m4_seed42_eps0p75_ca0p7_w30_taw1p5.log - INFO - Round 188 selected clients: [0, 12, 14, 15]
2026-08-30 19:05:05,018 - ear_direct_cifar10_fedlf_IF100_alpha0p5_h2_m4_seed42_eps0p75_ca0p7_w30_taw1p5.log - INFO - Round 188 | Global 0.6400 | Head 0.8350 | Middle 0.6827 | Tail 0.3880 | Hmean 0.5298 | ExpEvent 0 | ExpMass 0.001213 | best_tail 0.6263@152
2026-08-30 19:05:05,019 - ear_direct_cifar10_fedlf_IF100_alpha0p5_h2_m4_seed42_eps0p75_ca0p7_w30_taw1p5.log - INFO - EAR Round 188 | targetExp 0 targetSamples 0 tailExpRate 0.6667 | gradShare 0.046476 | Retention proj 0.649716 -> 0.649716 (gain 0.000000) | cos 0.967933 -> 0.967933
2026-08-30 19:05:05,021 - ear_direct_cifar10_fedlf_IF100_alpha0p5_h2_m4_seed42_eps0p75_ca0p7_w30_taw1p5.log - INFO - Round 189 selected clients: [2, 8, 9, 16]
2026-08-30 19:05:18,884 - ear_direct_cifar10_fedlf_IF100_alpha0p5_h2_m4_seed42_eps0p75_ca0p7_w30_taw1p5.log - INFO - Round 189 | Global 0.6598 | Head 0.8307 | Middle 0.6840 | Tail 0.4567 | Hmean 0.5894 | ExpEvent 0 | ExpMass 0.012525 | best_tail 0.6263@152
2026-08-30 19:05:18,884 - ear_direct_cifar10_fedlf_IF100_alpha0p5_h2_m4_seed42_eps0p75_ca0p7_w30_taw1p5.log - INFO - EAR Round 189 | targetExp 0 targetSamples 0 tailExpRate 0.6667 | gradShare 0.063225 | Retention proj 0.526132 -> 0.526132 (gain 0.000000) | cos 0.983190 -> 0.983190
2026-08-30 19:05:18,887 - ear_direct_cifar10_fedlf_IF100_alpha0p5_h2_m4_seed42_eps0p75_ca0p7_w30_taw1p5.log - INFO - Round 190 selected clients: [1, 4, 8, 10]
2026-08-30 19:05:32,008 - ear_direct_cifar10_fedlf_IF100_alpha0p5_h2_m4_seed42_eps0p75_ca0p7_w30_taw1p5.log - INFO - Round 190 | Global 0.6324 | Head 0.8427 | Middle 0.6528 | Tail 0.3950 | Hmean 0.5379 | ExpEvent 1 | ExpMass 0.009972 | best_tail 0.6263@152
2026-08-30 19:05:32,008 - ear_direct_cifar10_fedlf_IF100_alpha0p5_h2_m4_seed42_eps0p75_ca0p7_w30_taw1p5.log - INFO - EAR Round 190 | targetExp 1 targetSamples 25 tailExpRate 0.3333 | gradShare 0.108950 | Retention proj 0.254064 -> 0.254064 (gain 0.000000) | cos 0.999985 -> 0.999985
2026-08-30 19:05:32,032 - ear_direct_cifar10_fedlf_IF100_alpha0p5_h2_m4_seed42_eps0p75_ca0p7_w30_taw1p5.log - INFO - Checkpoint @190 | Global 0.6324 | Head 0.8427 | Middle 0.6528 | Tail 0.3950 | Hmean 0.5379
2026-08-30 19:05:32,033 - ear_direct_cifar10_fedlf_IF100_alpha0p5_h2_m4_seed42_eps0p75_ca0p7_w30_taw1p5.log - INFO - Round 191 selected clients: [1, 9, 10, 11]
2026-08-30 19:05:45,167 - ear_direct_cifar10_fedlf_IF100_alpha0p5_h2_m4_seed42_eps0p75_ca0p7_w30_taw1p5.log - INFO - Round 191 | Global 0.6235 | Head 0.8707 | Middle 0.6175 | Tail 0.3843 | Hmean 0.5332 | ExpEvent 0 | ExpMass 0.002020 | best_tail 0.6263@152
2026-08-30 19:05:45,168 - ear_direct_cifar10_fedlf_IF100_alpha0p5_h2_m4_seed42_eps0p75_ca0p7_w30_taw1p5.log - INFO - EAR Round 191 | targetExp 0 targetSamples 0 tailExpRate 0.6667 | gradShare 0.054920 | Retention proj 0.212767 -> 0.212767 (gain 0.000000) | cos 0.901447 -> 0.901447
2026-08-30 19:05:45,170 - ear_direct_cifar10_fedlf_IF100_alpha0p5_h2_m4_seed42_eps0p75_ca0p7_w30_taw1p5.log - INFO - Round 192 selected clients: [0, 3, 7, 8]
2026-08-30 19:05:58,114 - ear_direct_cifar10_fedlf_IF100_alpha0p5_h2_m4_seed42_eps0p75_ca0p7_w30_taw1p5.log - INFO - Round 192 | Global 0.6099 | Head 0.8530 | Middle 0.6105 | Tail 0.3660 | Hmean 0.5122 | ExpEvent 0 | ExpMass 0.006083 | best_tail 0.6263@152
2026-08-30 19:05:58,114 - ear_direct_cifar10_fedlf_IF100_alpha0p5_h2_m4_seed42_eps0p75_ca0p7_w30_taw1p5.log - INFO - EAR Round 192 | targetExp 0 targetSamples 0 tailExpRate 0.6667 | gradShare 0.057031 | Retention proj 0.217370 -> 0.217370 (gain 0.000000) | cos 0.989110 -> 0.989110
2026-08-30 19:05:58,117 - ear_direct_cifar10_fedlf_IF100_alpha0p5_h2_m4_seed42_eps0p75_ca0p7_w30_taw1p5.log - INFO - Round 193 selected clients: [1, 5, 8, 10]
2026-08-30 19:06:11,018 - ear_direct_cifar10_fedlf_IF100_alpha0p5_h2_m4_seed42_eps0p75_ca0p7_w30_taw1p5.log - INFO - Round 193 | Global 0.6144 | Head 0.8383 | Middle 0.6265 | Tail 0.3743 | Hmean 0.5175 | ExpEvent 0 | ExpMass 0.011689 | best_tail 0.6263@152
2026-08-30 19:06:11,018 - ear_direct_cifar10_fedlf_IF100_alpha0p5_h2_m4_seed42_eps0p75_ca0p7_w30_taw1p5.log - INFO - EAR Round 193 | targetExp 0 targetSamples 0 tailExpRate 0.6667 | gradShare 0.070262 | Retention proj 0.300556 -> 0.300556 (gain 0.000000) | cos 0.992220 -> 0.992220
2026-08-30 19:06:11,022 - ear_direct_cifar10_fedlf_IF100_alpha0p5_h2_m4_seed42_eps0p75_ca0p7_w30_taw1p5.log - INFO - Round 194 selected clients: [4, 10, 11, 18]
2026-08-30 19:06:24,128 - ear_direct_cifar10_fedlf_IF100_alpha0p5_h2_m4_seed42_eps0p75_ca0p7_w30_taw1p5.log - INFO - Round 194 | Global 0.6543 | Head 0.8350 | Middle 0.6510 | Tail 0.4780 | Hmean 0.6080 | ExpEvent 1 | ExpMass 0.021617 | best_tail 0.6263@152
2026-08-30 19:06:24,128 - ear_direct_cifar10_fedlf_IF100_alpha0p5_h2_m4_seed42_eps0p75_ca0p7_w30_taw1p5.log - INFO - EAR Round 194 | targetExp 1 targetSamples 25 tailExpRate 1.0000 | gradShare 0.137872 | Retention proj 0.127577 -> 0.127577 (gain 0.000000) | cos 0.660183 -> 0.660183
2026-08-30 19:06:24,132 - ear_direct_cifar10_fedlf_IF100_alpha0p5_h2_m4_seed42_eps0p75_ca0p7_w30_taw1p5.log - INFO - Round 195 selected clients: [2, 10, 13, 18]
2026-08-30 19:06:37,286 - ear_direct_cifar10_fedlf_IF100_alpha0p5_h2_m4_seed42_eps0p75_ca0p7_w30_taw1p5.log - INFO - Round 195 | Global 0.5731 | Head 0.7707 | Middle 0.5373 | Tail 0.4233 | Hmean 0.5465 | ExpEvent 0 | ExpMass 0.022240 | best_tail 0.6263@152
2026-08-30 19:06:37,286 - ear_direct_cifar10_fedlf_IF100_alpha0p5_h2_m4_seed42_eps0p75_ca0p7_w30_taw1p5.log - INFO - EAR Round 195 | targetExp 0 targetSamples 0 tailExpRate 0.6667 | gradShare 0.082339 | Retention proj 0.465664 -> 0.465664 (gain 0.000000) | cos 0.999153 -> 0.999153
2026-08-30 19:06:37,290 - ear_direct_cifar10_fedlf_IF100_alpha0p5_h2_m4_seed42_eps0p75_ca0p7_w30_taw1p5.log - INFO - Round 196 selected clients: [1, 3, 9, 18]
2026-08-30 19:06:50,541 - ear_direct_cifar10_fedlf_IF100_alpha0p5_h2_m4_seed42_eps0p75_ca0p7_w30_taw1p5.log - INFO - Round 196 | Global 0.6406 | Head 0.7440 | Middle 0.6685 | Tail 0.5000 | Hmean 0.5981 | ExpEvent 0 | ExpMass 0.019984 | best_tail 0.6263@152
2026-08-30 19:06:50,542 - ear_direct_cifar10_fedlf_IF100_alpha0p5_h2_m4_seed42_eps0p75_ca0p7_w30_taw1p5.log - INFO - EAR Round 196 | targetExp 0 targetSamples 0 tailExpRate 0.6667 | gradShare 0.084187 | Retention proj 0.590923 -> 0.590923 (gain 0.000000) | cos 0.883558 -> 0.883558
2026-08-30 19:06:50,545 - ear_direct_cifar10_fedlf_IF100_alpha0p5_h2_m4_seed42_eps0p75_ca0p7_w30_taw1p5.log - INFO - Round 197 selected clients: [0, 2, 11, 18]
2026-08-30 19:07:03,515 - ear_direct_cifar10_fedlf_IF100_alpha0p5_h2_m4_seed42_eps0p75_ca0p7_w30_taw1p5.log - INFO - Round 197 | Global 0.6632 | Head 0.7813 | Middle 0.6917 | Tail 0.5070 | Hmean 0.6149 | ExpEvent 0 | ExpMass 0.022231 | best_tail 0.6263@152
2026-08-30 19:07:03,516 - ear_direct_cifar10_fedlf_IF100_alpha0p5_h2_m4_seed42_eps0p75_ca0p7_w30_taw1p5.log - INFO - EAR Round 197 | targetExp 0 targetSamples 0 tailExpRate 0.6667 | gradShare 0.075216 | Retention proj 0.391859 -> 0.391859 (gain 0.000000) | cos 0.975333 -> 0.975333
2026-08-30 19:07:03,520 - ear_direct_cifar10_fedlf_IF100_alpha0p5_h2_m4_seed42_eps0p75_ca0p7_w30_taw1p5.log - INFO - Round 198 selected clients: [2, 3, 5, 16]
2026-08-30 19:07:16,400 - ear_direct_cifar10_fedlf_IF100_alpha0p5_h2_m4_seed42_eps0p75_ca0p7_w30_taw1p5.log - INFO - Round 198 | Global 0.6714 | Head 0.7970 | Middle 0.6913 | Tail 0.5193 | Hmean 0.6289 | ExpEvent 0 | ExpMass 0.028386 | best_tail 0.6263@152
2026-08-30 19:07:16,400 - ear_direct_cifar10_fedlf_IF100_alpha0p5_h2_m4_seed42_eps0p75_ca0p7_w30_taw1p5.log - INFO - EAR Round 198 | targetExp 0 targetSamples 0 tailExpRate 0.6667 | gradShare 0.122186 | Retention proj 0.945534 -> 0.945534 (gain 0.000000) | cos 0.941086 -> 0.941086
2026-08-30 19:07:16,403 - ear_direct_cifar10_fedlf_IF100_alpha0p5_h2_m4_seed42_eps0p75_ca0p7_w30_taw1p5.log - INFO - Round 199 selected clients: [1, 3, 13, 14]
2026-08-30 19:07:29,348 - ear_direct_cifar10_fedlf_IF100_alpha0p5_h2_m4_seed42_eps0p75_ca0p7_w30_taw1p5.log - INFO - Round 199 | Global 0.6430 | Head 0.8173 | Middle 0.6573 | Tail 0.4497 | Hmean 0.5802 | ExpEvent 0 | ExpMass 0.006083 | best_tail 0.6263@152
2026-08-30 19:07:29,349 - ear_direct_cifar10_fedlf_IF100_alpha0p5_h2_m4_seed42_eps0p75_ca0p7_w30_taw1p5.log - INFO - EAR Round 199 | targetExp 0 targetSamples 0 tailExpRate 0.6667 | gradShare 0.076097 | Retention proj 0.152427 -> 0.152427 (gain 0.000000) | cos 0.232403 -> 0.232403
2026-08-30 19:07:29,352 - ear_direct_cifar10_fedlf_IF100_alpha0p5_h2_m4_seed42_eps0p75_ca0p7_w30_taw1p5.log - INFO - Round 200 selected clients: [8, 14, 17, 19]
2026-08-30 19:07:42,496 - ear_direct_cifar10_fedlf_IF100_alpha0p5_h2_m4_seed42_eps0p75_ca0p7_w30_taw1p5.log - INFO - Round 200 | Global 0.6662 | Head 0.7267 | Middle 0.6790 | Tail 0.5887 | Hmean 0.6505 | ExpEvent 0 | ExpMass 0.031579 | best_tail 0.6263@152
2026-08-30 19:07:42,497 - ear_direct_cifar10_fedlf_IF100_alpha0p5_h2_m4_seed42_eps0p75_ca0p7_w30_taw1p5.log - INFO - EAR Round 200 | targetExp 0 targetSamples 0 tailExpRate 0.6667 | gradShare 0.116700 | Retention proj 0.486412 -> 0.486412 (gain 0.000000) | cos 0.999943 -> 0.999943
2026-08-30 19:07:42,522 - ear_direct_cifar10_fedlf_IF100_alpha0p5_h2_m4_seed42_eps0p75_ca0p7_w30_taw1p5.log - INFO - Checkpoint @200 | Global 0.6662 | Head 0.7267 | Middle 0.6790 | Tail 0.5887 | Hmean 0.6505
2026-08-30 19:07:42,541 - ear_direct_cifar10_fedlf_IF100_alpha0p5_h2_m4_seed42_eps0p75_ca0p7_w30_taw1p5.log - INFO - ==========================================================================================
2026-08-30 19:07:42,542 - ear_direct_cifar10_fedlf_IF100_alpha0p5_h2_m4_seed42_eps0p75_ca0p7_w30_taw1p5.log - INFO - FINISHED UNIFIED FEDLF
2026-08-30 19:07:42,542 - ear_direct_cifar10_fedlf_IF100_alpha0p5_h2_m4_seed42_eps0p75_ca0p7_w30_taw1p5.log - INFO - Final Global: 0.6662
2026-08-30 19:07:42,543 - ear_direct_cifar10_fedlf_IF100_alpha0p5_h2_m4_seed42_eps0p75_ca0p7_w30_taw1p5.log - INFO - Final Head: 0.7267
2026-08-30 19:07:42,543 - ear_direct_cifar10_fedlf_IF100_alpha0p5_h2_m4_seed42_eps0p75_ca0p7_w30_taw1p5.log - INFO - Final Middle: 0.6790
2026-08-30 19:07:42,543 - ear_direct_cifar10_fedlf_IF100_alpha0p5_h2_m4_seed42_eps0p75_ca0p7_w30_taw1p5.log - INFO - Final Tail: 0.5887
2026-08-30 19:07:42,543 - ear_direct_cifar10_fedlf_IF100_alpha0p5_h2_m4_seed42_eps0p75_ca0p7_w30_taw1p5.log - INFO - Final Hmean: 0.6505
2026-08-30 19:07:42,543 - ear_direct_cifar10_fedlf_IF100_alpha0p5_h2_m4_seed42_eps0p75_ca0p7_w30_taw1p5.log - INFO - Best Tail (diagnostic only; NOT fixed-round main result): 0.6263 @ round 152
2026-08-30 19:07:42,543 - ear_direct_cifar10_fedlf_IF100_alpha0p5_h2_m4_seed42_eps0p75_ca0p7_w30_taw1p5.log - INFO - Mean target Exposure over all rounds: 0.355000
2026-08-30 19:07:42,544 - ear_direct_cifar10_fedlf_IF100_alpha0p5_h2_m4_seed42_eps0p75_ca0p7_w30_taw1p5.log - INFO - Mean tail gradient share over all rounds: 0.104242
2026-08-30 19:07:42,544 - ear_direct_cifar10_fedlf_IF100_alpha0p5_h2_m4_seed42_eps0p75_ca0p7_w30_taw1p5.log - INFO - Mean retention projection pre/post: 0.432330 -> 0.432330
2026-08-30 19:07:42,544 - ear_direct_cifar10_fedlf_IF100_alpha0p5_h2_m4_seed42_eps0p75_ca0p7_w30_taw1p5.log - INFO - EAR CSV: D:\Desktop\FedLF_project\FedLF\outputs\ear_direct_cifar10_fedlf_IF100_alpha0p5_h2_m4_seed42_eps0p75_ca0p7_w30_taw1p5\ear_metrics.csv
2026-08-30 19:07:42,544 - ear_direct_cifar10_fedlf_IF100_alpha0p5_h2_m4_seed42_eps0p75_ca0p7_w30_taw1p5.log - INFO - EAR history: D:\Desktop\FedLF_project\FedLF\outputs\ear_direct_cifar10_fedlf_IF100_alpha0p5_h2_m4_seed42_eps0p75_ca0p7_w30_taw1p5\ear_history.pkl
2026-08-30 19:07:42,544 - ear_direct_cifar10_fedlf_IF100_alpha0p5_h2_m4_seed42_eps0p75_ca0p7_w30_taw1p5.log - INFO - History file: D:\Desktop\FedLF_project\FedLF\outputs\ear_direct_cifar10_fedlf_IF100_alpha0p5_h2_m4_seed42_eps0p75_ca0p7_w30_taw1p5\head_tail_history.pkl
2026-08-30 19:07:42,545 - ear_direct_cifar10_fedlf_IF100_alpha0p5_h2_m4_seed42_eps0p75_ca0p7_w30_taw1p5.log - INFO - Checkpoint file: D:\Desktop\FedLF_project\FedLF\outputs\ear_direct_cifar10_fedlf_IF100_alpha0p5_h2_m4_seed42_eps0p75_ca0p7_w30_taw1p5\checkpoint.pth
2026-08-30 19:07:42,545 - ear_direct_cifar10_fedlf_IF100_alpha0p5_h2_m4_seed42_eps0p75_ca0p7_w30_taw1p5.log - INFO - Final model file: D:\Desktop\FedLF_project\FedLF\outputs\ear_direct_cifar10_fedlf_IF100_alpha0p5_h2_m4_seed42_eps0p75_ca0p7_w30_taw1p5\final_model.pth
2026-08-30 19:07:42,545 - ear_direct_cifar10_fedlf_IF100_alpha0p5_h2_m4_seed42_eps0p75_ca0p7_w30_taw1p5.log - INFO - Config file: D:\Desktop\FedLF_project\FedLF\outputs\ear_direct_cifar10_fedlf_IF100_alpha0p5_h2_m4_seed42_eps0p75_ca0p7_w30_taw1p5\config.json
2026-08-30 19:07:42,546 - ear_direct_cifar10_fedlf_IF100_alpha0p5_h2_m4_seed42_eps0p75_ca0p7_w30_taw1p5.log - INFO - Partition SHA256: 3239af1f32e2f8eb835b2750615bde3424bff7c575ad6f7be96c35d7d67dab7c
2026-08-30 19:07:42,546 - ear_direct_cifar10_fedlf_IF100_alpha0p5_h2_m4_seed42_eps0p75_ca0p7_w30_taw1p5.log - INFO - ==========================================================================================
