2026-08-30 19:07:49,092 - ear_direct_cifar10_s_IF100_alpha0p5_h2_m4_seed42_eps0p75_ca0p7_w30_taw1p5.log - INFO - ==========================================================================================
2026-08-30 19:07:49,092 - ear_direct_cifar10_s_IF100_alpha0p5_h2_m4_seed42_eps0p75_ca0p7_w30_taw1p5.log - INFO - EXPERIMENT 11: E/A/R DIRECT MECHANISM EVIDENCE
2026-08-30 19:07:49,092 - ear_direct_cifar10_s_IF100_alpha0p5_h2_m4_seed42_eps0p75_ca0p7_w30_taw1p5.log - INFO - Run name: ear_direct_cifar10_s_IF100_alpha0p5_h2_m4_seed42_eps0p75_ca0p7_w30_taw1p5
2026-08-30 19:07:49,092 - ear_direct_cifar10_s_IF100_alpha0p5_h2_m4_seed42_eps0p75_ca0p7_w30_taw1p5.log - INFO - Mode: s | S=True C=False A=False
2026-08-30 19:07:49,093 - ear_direct_cifar10_s_IF100_alpha0p5_h2_m4_seed42_eps0p75_ca0p7_w30_taw1p5.log - INFO - dataset:cifar10, num_classes:10
2026-08-30 19:07:49,093 - ear_direct_cifar10_s_IF100_alpha0p5_h2_m4_seed42_eps0p75_ca0p7_w30_taw1p5.log - INFO - imb_factor:0.01 (IF=100), non_iid_alpha:0.5, rs_alpha:0.5
2026-08-30 19:07:49,093 - ear_direct_cifar10_s_IF100_alpha0p5_h2_m4_seed42_eps0p75_ca0p7_w30_taw1p5.log - INFO - K=20, online=4, participation=0.2000
2026-08-30 19:07:49,093 - ear_direct_cifar10_s_IF100_alpha0p5_h2_m4_seed42_eps0p75_ca0p7_w30_taw1p5.log - INFO - rounds=200, local_epochs=10, batch=32, base_lr=0.1, lr_schedule=fixed
2026-08-30 19:07:49,093 - ear_direct_cifar10_s_IF100_alpha0p5_h2_m4_seed42_eps0p75_ca0p7_w30_taw1p5.log - INFO - S epsilon=0.7500 | C alpha=0.7000 warmup=30 | A tail_agg_weight=1.5000 beta=0.1250 residual_factor=1.1250
2026-08-30 19:07:49,093 - ear_direct_cifar10_s_IF100_alpha0p5_h2_m4_seed42_eps0p75_ca0p7_w30_taw1p5.log - INFO - seed=42
2026-08-30 19:07:49,094 - ear_direct_cifar10_s_IF100_alpha0p5_h2_m4_seed42_eps0p75_ca0p7_w30_taw1p5.log - INFO - test-set rollback enabled: False
2026-08-30 19:07:49,094 - ear_direct_cifar10_s_IF100_alpha0p5_h2_m4_seed42_eps0p75_ca0p7_w30_taw1p5.log - INFO - Log file: D:\Desktop\FedLF_project\FedLF\Logs\ear_direct_cifar10_s_IF100_alpha0p5_h2_m4_seed42_eps0p75_ca0p7_w30_taw1p5.log
2026-08-30 19:07:49,094 - ear_direct_cifar10_s_IF100_alpha0p5_h2_m4_seed42_eps0p75_ca0p7_w30_taw1p5.log - INFO - Output directory: D:\Desktop\FedLF_project\FedLF\outputs\ear_direct_cifar10_s_IF100_alpha0p5_h2_m4_seed42_eps0p75_ca0p7_w30_taw1p5
2026-08-30 19:07:49,094 - ear_direct_cifar10_s_IF100_alpha0p5_h2_m4_seed42_eps0p75_ca0p7_w30_taw1p5.log - INFO - ==========================================================================================
2026-08-30 19:07:55,389 - ear_direct_cifar10_s_IF100_alpha0p5_h2_m4_seed42_eps0p75_ca0p7_w30_taw1p5.log - INFO - Global class counts: [5000, 2997, 1796, 1077, 645, 387, 232, 139, 83, 50]
2026-08-30 19:07:55,390 - ear_direct_cifar10_s_IF100_alpha0p5_h2_m4_seed42_eps0p75_ca0p7_w30_taw1p5.log - INFO - Controlled target class 9 | N=50 | h=2 | hosts=[4, 6] | per_host={6: 25, 4: 25}
2026-08-30 19:07:55,390 - ear_direct_cifar10_s_IF100_alpha0p5_h2_m4_seed42_eps0p75_ca0p7_w30_taw1p5.log - INFO - Random-sampling theoretical target Exposure at m=4: 0.368421
2026-08-30 19:07:55,390 - ear_direct_cifar10_s_IF100_alpha0p5_h2_m4_seed42_eps0p75_ca0p7_w30_taw1p5.log - INFO - Base partition SHA256: 91fc508fdd8b116a19ca7809c6dfe5d6b9f4161086b898c272ecff4fedcd1acf
2026-08-30 19:07:55,391 - ear_direct_cifar10_s_IF100_alpha0p5_h2_m4_seed42_eps0p75_ca0p7_w30_taw1p5.log - INFO - Paper thresholds: Head > 1500, Tail < 200
2026-08-30 19:07:55,391 - ear_direct_cifar10_s_IF100_alpha0p5_h2_m4_seed42_eps0p75_ca0p7_w30_taw1p5.log - INFO - Tail classes (<200): [7, 8, 9]
2026-08-30 19:07:55,391 - ear_direct_cifar10_s_IF100_alpha0p5_h2_m4_seed42_eps0p75_ca0p7_w30_taw1p5.log - INFO - Client data sizes: [621, 621, 621, 605, 646, 620, 643, 620, 620, 614, 620, 620, 620, 620, 620, 613, 620, 620, 612, 610]
2026-08-30 19:07:55,391 - ear_direct_cifar10_s_IF100_alpha0p5_h2_m4_seed42_eps0p75_ca0p7_w30_taw1p5.log - INFO - Partition SHA256: 3239af1f32e2f8eb835b2750615bde3424bff7c575ad6f7be96c35d7d67dab7c
2026-08-30 19:07:55,619 - ear_direct_cifar10_s_IF100_alpha0p5_h2_m4_seed42_eps0p75_ca0p7_w30_taw1p5.log - INFO - Round 1 selected clients: [0, 6, 16, 18]
2026-08-30 19:08:09,079 - ear_direct_cifar10_s_IF100_alpha0p5_h2_m4_seed42_eps0p75_ca0p7_w30_taw1p5.log - INFO - Round 1 | Global 0.1574 | Head 0.5217 | Middle 0.0022 | Tail 0.0000 | Hmean 0.0000 | ExpEvent 1 | ExpMass 0.036458 | best_tail 0.0000@1
2026-08-30 19:08:09,079 - ear_direct_cifar10_s_IF100_alpha0p5_h2_m4_seed42_eps0p75_ca0p7_w30_taw1p5.log - INFO - EAR Round 1 | targetExp 1 targetSamples 25 tailExpRate 1.0000 | gradShare 0.097464 | Retention proj 0.500266 -> 0.500266 (gain 0.000000) | cos 0.731313 -> 0.731313
2026-08-30 19:08:09,083 - ear_direct_cifar10_s_IF100_alpha0p5_h2_m4_seed42_eps0p75_ca0p7_w30_taw1p5.log - INFO - Round 2 selected clients: [0, 2, 16, 17]
2026-08-30 19:08:21,979 - ear_direct_cifar10_s_IF100_alpha0p5_h2_m4_seed42_eps0p75_ca0p7_w30_taw1p5.log - INFO - Round 2 | Global 0.2422 | Head 0.7773 | Middle 0.0225 | Tail 0.0000 | Hmean 0.0000 | ExpEvent 0 | ExpMass 0.030218 | best_tail 0.0000@2
2026-08-30 19:08:21,980 - ear_direct_cifar10_s_IF100_alpha0p5_h2_m4_seed42_eps0p75_ca0p7_w30_taw1p5.log - INFO - EAR Round 2 | targetExp 0 targetSamples 0 tailExpRate 0.6667 | gradShare 0.084963 | Retention proj 0.467576 -> 0.467576 (gain 0.000000) | cos 0.961231 -> 0.961231
2026-08-30 19:08:21,982 - ear_direct_cifar10_s_IF100_alpha0p5_h2_m4_seed42_eps0p75_ca0p7_w30_taw1p5.log - INFO - Round 3 selected clients: [5, 8, 11, 17]
2026-08-30 19:08:34,784 - ear_direct_cifar10_s_IF100_alpha0p5_h2_m4_seed42_eps0p75_ca0p7_w30_taw1p5.log - INFO - Round 3 | Global 0.2195 | Head 0.6780 | Middle 0.0398 | Tail 0.0007 | Hmean 0.0014 | ExpEvent 0 | ExpMass 0.031452 | best_tail 0.0007@3
2026-08-30 19:08:34,784 - ear_direct_cifar10_s_IF100_alpha0p5_h2_m4_seed42_eps0p75_ca0p7_w30_taw1p5.log - INFO - EAR Round 3 | targetExp 0 targetSamples 0 tailExpRate 0.6667 | gradShare 0.108016 | Retention proj 0.497516 -> 0.497516 (gain 0.000000) | cos 0.997386 -> 0.997386
2026-08-30 19:08:34,786 - ear_direct_cifar10_s_IF100_alpha0p5_h2_m4_seed42_eps0p75_ca0p7_w30_taw1p5.log - INFO - Round 4 selected clients: [2, 4, 10, 15]
2026-08-30 19:08:47,906 - ear_direct_cifar10_s_IF100_alpha0p5_h2_m4_seed42_eps0p75_ca0p7_w30_taw1p5.log - INFO - Round 4 | Global 0.2275 | Head 0.5733 | Middle 0.1388 | Tail 0.0000 | Hmean 0.0000 | ExpEvent 1 | ExpMass 0.021200 | best_tail 0.0007@3
2026-08-30 19:08:47,906 - ear_direct_cifar10_s_IF100_alpha0p5_h2_m4_seed42_eps0p75_ca0p7_w30_taw1p5.log - INFO - EAR Round 4 | targetExp 1 targetSamples 25 tailExpRate 1.0000 | gradShare 0.114901 | Retention proj 0.416523 -> 0.416523 (gain 0.000000) | cos 0.953871 -> 0.953871
2026-08-30 19:08:47,908 - ear_direct_cifar10_s_IF100_alpha0p5_h2_m4_seed42_eps0p75_ca0p7_w30_taw1p5.log - INFO - Round 5 selected clients: [1, 2, 5, 17]
2026-08-30 19:09:00,969 - ear_direct_cifar10_s_IF100_alpha0p5_h2_m4_seed42_eps0p75_ca0p7_w30_taw1p5.log - INFO - Round 5 | Global 0.3188 | Head 0.7527 | Middle 0.2315 | Tail 0.0013 | Hmean 0.0026 | ExpEvent 0 | ExpMass 0.041902 | best_tail 0.0013@5
2026-08-30 19:09:00,970 - ear_direct_cifar10_s_IF100_alpha0p5_h2_m4_seed42_eps0p75_ca0p7_w30_taw1p5.log - INFO - EAR Round 5 | targetExp 0 targetSamples 0 tailExpRate 0.6667 | gradShare 0.142931 | Retention proj 0.722708 -> 0.722708 (gain 0.000000) | cos 0.999050 -> 0.999050
2026-08-30 19:09:00,974 - ear_direct_cifar10_s_IF100_alpha0p5_h2_m4_seed42_eps0p75_ca0p7_w30_taw1p5.log - INFO - Round 6 selected clients: [3, 6, 14, 17]
2026-08-30 19:09:14,106 - ear_direct_cifar10_s_IF100_alpha0p5_h2_m4_seed42_eps0p75_ca0p7_w30_taw1p5.log - INFO - Round 6 | Global 0.3404 | Head 0.7183 | Middle 0.2490 | Tail 0.0843 | Hmean 0.1509 | ExpEvent 1 | ExpMass 0.050643 | best_tail 0.0843@6
2026-08-30 19:09:14,106 - ear_direct_cifar10_s_IF100_alpha0p5_h2_m4_seed42_eps0p75_ca0p7_w30_taw1p5.log - INFO - EAR Round 6 | targetExp 1 targetSamples 25 tailExpRate 1.0000 | gradShare 0.154069 | Retention proj 0.557137 -> 0.557137 (gain 0.000000) | cos 0.992329 -> 0.992329
2026-08-30 19:09:14,110 - ear_direct_cifar10_s_IF100_alpha0p5_h2_m4_seed42_eps0p75_ca0p7_w30_taw1p5.log - INFO - Round 7 selected clients: [3, 6, 14, 15]
2026-08-30 19:09:27,096 - ear_direct_cifar10_s_IF100_alpha0p5_h2_m4_seed42_eps0p75_ca0p7_w30_taw1p5.log - INFO - Round 7 | Global 0.3713 | Head 0.7290 | Middle 0.3420 | Tail 0.0527 | Hmean 0.0983 | ExpEvent 1 | ExpMass 0.031842 | best_tail 0.0843@6
2026-08-30 19:09:27,097 - ear_direct_cifar10_s_IF100_alpha0p5_h2_m4_seed42_eps0p75_ca0p7_w30_taw1p5.log - INFO - EAR Round 7 | targetExp 1 targetSamples 25 tailExpRate 1.0000 | gradShare 0.115713 | Retention proj 0.437028 -> 0.437028 (gain 0.000000) | cos 0.946121 -> 0.946121
2026-08-30 19:09:27,098 - ear_direct_cifar10_s_IF100_alpha0p5_h2_m4_seed42_eps0p75_ca0p7_w30_taw1p5.log - INFO - Round 8 selected clients: [0, 2, 9, 15]
2026-08-30 19:09:40,022 - ear_direct_cifar10_s_IF100_alpha0p5_h2_m4_seed42_eps0p75_ca0p7_w30_taw1p5.log - INFO - Round 8 | Global 0.3193 | Head 0.6847 | Middle 0.2848 | Tail 0.0000 | Hmean 0.0000 | ExpEvent 0 | ExpMass 0.013366 | best_tail 0.0843@6
2026-08-30 19:09:40,022 - ear_direct_cifar10_s_IF100_alpha0p5_h2_m4_seed42_eps0p75_ca0p7_w30_taw1p5.log - INFO - EAR Round 8 | targetExp 0 targetSamples 0 tailExpRate 0.6667 | gradShare 0.063695 | Retention proj 0.654382 -> 0.654382 (gain 0.000000) | cos 0.873344 -> 0.873344
2026-08-30 19:09:40,025 - ear_direct_cifar10_s_IF100_alpha0p5_h2_m4_seed42_eps0p75_ca0p7_w30_taw1p5.log - INFO - Round 9 selected clients: [1, 4, 5, 16]
2026-08-30 19:09:53,369 - ear_direct_cifar10_s_IF100_alpha0p5_h2_m4_seed42_eps0p75_ca0p7_w30_taw1p5.log - INFO - Round 9 | Global 0.3203 | Head 0.8213 | Middle 0.1845 | Tail 0.0003 | Hmean 0.0006 | ExpEvent 1 | ExpMass 0.021540 | best_tail 0.0843@6
2026-08-30 19:09:53,369 - ear_direct_cifar10_s_IF100_alpha0p5_h2_m4_seed42_eps0p75_ca0p7_w30_taw1p5.log - INFO - EAR Round 9 | targetExp 1 targetSamples 25 tailExpRate 1.0000 | gradShare 0.121284 | Retention proj 0.214983 -> 0.214983 (gain 0.000000) | cos 0.791040 -> 0.791040
2026-08-30 19:09:53,373 - ear_direct_cifar10_s_IF100_alpha0p5_h2_m4_seed42_eps0p75_ca0p7_w30_taw1p5.log - INFO - Round 10 selected clients: [1, 11, 12, 18]
2026-08-30 19:10:06,499 - ear_direct_cifar10_s_IF100_alpha0p5_h2_m4_seed42_eps0p75_ca0p7_w30_taw1p5.log - INFO - Round 10 | Global 0.3388 | Head 0.7383 | Middle 0.2923 | Tail 0.0013 | Hmean 0.0026 | ExpEvent 0 | ExpMass 0.012131 | best_tail 0.0843@6
2026-08-30 19:10:06,500 - ear_direct_cifar10_s_IF100_alpha0p5_h2_m4_seed42_eps0p75_ca0p7_w30_taw1p5.log - INFO - EAR Round 10 | targetExp 0 targetSamples 0 tailExpRate 0.6667 | gradShare 0.047183 | Retention proj 0.281880 -> 0.281880 (gain 0.000000) | cos 0.735308 -> 0.735308
2026-08-30 19:10:06,530 - ear_direct_cifar10_s_IF100_alpha0p5_h2_m4_seed42_eps0p75_ca0p7_w30_taw1p5.log - INFO - Checkpoint @10 | Global 0.3388 | Head 0.7383 | Middle 0.2923 | Tail 0.0013 | Hmean 0.0026
2026-08-30 19:10:06,532 - ear_direct_cifar10_s_IF100_alpha0p5_h2_m4_seed42_eps0p75_ca0p7_w30_taw1p5.log - INFO - Round 11 selected clients: [9, 15, 18, 19]
2026-08-30 19:10:19,526 - ear_direct_cifar10_s_IF100_alpha0p5_h2_m4_seed42_eps0p75_ca0p7_w30_taw1p5.log - INFO - Round 11 | Global 0.3939 | Head 0.7517 | Middle 0.4120 | Tail 0.0120 | Hmean 0.0236 | ExpEvent 0 | ExpMass 0.026541 | best_tail 0.0843@6
2026-08-30 19:10:19,527 - ear_direct_cifar10_s_IF100_alpha0p5_h2_m4_seed42_eps0p75_ca0p7_w30_taw1p5.log - INFO - EAR Round 11 | targetExp 0 targetSamples 0 tailExpRate 0.6667 | gradShare 0.108250 | Retention proj 0.838628 -> 0.838628 (gain 0.000000) | cos 0.997409 -> 0.997409
2026-08-30 19:10:19,530 - ear_direct_cifar10_s_IF100_alpha0p5_h2_m4_seed42_eps0p75_ca0p7_w30_taw1p5.log - INFO - Round 12 selected clients: [2, 4, 9, 10]
2026-08-30 19:10:32,605 - ear_direct_cifar10_s_IF100_alpha0p5_h2_m4_seed42_eps0p75_ca0p7_w30_taw1p5.log - INFO - Round 12 | Global 0.3771 | Head 0.7470 | Middle 0.3822 | Tail 0.0003 | Hmean 0.0006 | ExpEvent 1 | ExpMass 0.022391 | best_tail 0.0843@6
2026-08-30 19:10:32,605 - ear_direct_cifar10_s_IF100_alpha0p5_h2_m4_seed42_eps0p75_ca0p7_w30_taw1p5.log - INFO - EAR Round 12 | targetExp 1 targetSamples 25 tailExpRate 1.0000 | gradShare 0.134364 | Retention proj 0.330804 -> 0.330804 (gain 0.000000) | cos 0.765357 -> 0.765357
2026-08-30 19:10:32,608 - ear_direct_cifar10_s_IF100_alpha0p5_h2_m4_seed42_eps0p75_ca0p7_w30_taw1p5.log - INFO - Round 13 selected clients: [7, 13, 17, 18]
2026-08-30 19:10:45,538 - ear_direct_cifar10_s_IF100_alpha0p5_h2_m4_seed42_eps0p75_ca0p7_w30_taw1p5.log - INFO - Round 13 | Global 0.4225 | Head 0.7687 | Middle 0.4148 | Tail 0.0867 | Hmean 0.1558 | ExpEvent 0 | ExpMass 0.031553 | best_tail 0.0867@13
2026-08-30 19:10:45,538 - ear_direct_cifar10_s_IF100_alpha0p5_h2_m4_seed42_eps0p75_ca0p7_w30_taw1p5.log - INFO - EAR Round 13 | targetExp 0 targetSamples 0 tailExpRate 0.6667 | gradShare 0.122059 | Retention proj 0.491436 -> 0.491436 (gain 0.000000) | cos 0.998367 -> 0.998367
2026-08-30 19:10:45,540 - ear_direct_cifar10_s_IF100_alpha0p5_h2_m4_seed42_eps0p75_ca0p7_w30_taw1p5.log - INFO - Round 14 selected clients: [4, 5, 13, 19]
2026-08-30 19:10:58,589 - ear_direct_cifar10_s_IF100_alpha0p5_h2_m4_seed42_eps0p75_ca0p7_w30_taw1p5.log - INFO - Round 14 | Global 0.3886 | Head 0.7170 | Middle 0.4163 | Tail 0.0233 | Hmean 0.0451 | ExpEvent 1 | ExpMass 0.033253 | best_tail 0.0867@13
2026-08-30 19:10:58,590 - ear_direct_cifar10_s_IF100_alpha0p5_h2_m4_seed42_eps0p75_ca0p7_w30_taw1p5.log - INFO - EAR Round 14 | targetExp 1 targetSamples 25 tailExpRate 1.0000 | gradShare 0.186546 | Retention proj 0.291687 -> 0.291687 (gain 0.000000) | cos 0.928096 -> 0.928096
2026-08-30 19:10:58,592 - ear_direct_cifar10_s_IF100_alpha0p5_h2_m4_seed42_eps0p75_ca0p7_w30_taw1p5.log - INFO - Round 15 selected clients: [1, 13, 16, 19]
2026-08-30 19:11:11,915 - ear_direct_cifar10_s_IF100_alpha0p5_h2_m4_seed42_eps0p75_ca0p7_w30_taw1p5.log - INFO - Round 15 | Global 0.3861 | Head 0.7867 | Middle 0.3015 | Tail 0.0983 | Hmean 0.1748 | ExpEvent 0 | ExpMass 0.011736 | best_tail 0.0983@15
2026-08-30 19:11:11,916 - ear_direct_cifar10_s_IF100_alpha0p5_h2_m4_seed42_eps0p75_ca0p7_w30_taw1p5.log - INFO - EAR Round 15 | targetExp 0 targetSamples 0 tailExpRate 0.6667 | gradShare 0.065838 | Retention proj 0.141007 -> 0.141007 (gain 0.000000) | cos 0.765353 -> 0.765353
2026-08-30 19:11:11,919 - ear_direct_cifar10_s_IF100_alpha0p5_h2_m4_seed42_eps0p75_ca0p7_w30_taw1p5.log - INFO - Round 16 selected clients: [6, 9, 16, 19]
2026-08-30 19:11:25,437 - ear_direct_cifar10_s_IF100_alpha0p5_h2_m4_seed42_eps0p75_ca0p7_w30_taw1p5.log - INFO - Round 16 | Global 0.4564 | Head 0.7273 | Middle 0.4027 | Tail 0.2570 | Hmean 0.3798 | ExpEvent 1 | ExpMass 0.038601 | best_tail 0.2570@16
2026-08-30 19:11:25,438 - ear_direct_cifar10_s_IF100_alpha0p5_h2_m4_seed42_eps0p75_ca0p7_w30_taw1p5.log - INFO - EAR Round 16 | targetExp 1 targetSamples 25 tailExpRate 1.0000 | gradShare 0.136005 | Retention proj 0.539129 -> 0.539129 (gain 0.000000) | cos 0.973527 -> 0.973527
2026-08-30 19:11:25,440 - ear_direct_cifar10_s_IF100_alpha0p5_h2_m4_seed42_eps0p75_ca0p7_w30_taw1p5.log - INFO - Round 17 selected clients: [1, 3, 5, 15]
2026-08-30 19:11:38,288 - ear_direct_cifar10_s_IF100_alpha0p5_h2_m4_seed42_eps0p75_ca0p7_w30_taw1p5.log - INFO - Round 17 | Global 0.4272 | Head 0.7970 | Middle 0.3875 | Tail 0.1103 | Hmean 0.1938 | ExpEvent 0 | ExpMass 0.018707 | best_tail 0.2570@16
2026-08-30 19:11:38,288 - ear_direct_cifar10_s_IF100_alpha0p5_h2_m4_seed42_eps0p75_ca0p7_w30_taw1p5.log - INFO - EAR Round 17 | targetExp 0 targetSamples 0 tailExpRate 0.6667 | gradShare 0.102592 | Retention proj 0.848577 -> 0.848577 (gain 0.000000) | cos 0.887592 -> 0.887592
2026-08-30 19:11:38,291 - ear_direct_cifar10_s_IF100_alpha0p5_h2_m4_seed42_eps0p75_ca0p7_w30_taw1p5.log - INFO - Round 18 selected clients: [6, 9, 12, 14]
2026-08-30 19:11:51,387 - ear_direct_cifar10_s_IF100_alpha0p5_h2_m4_seed42_eps0p75_ca0p7_w30_taw1p5.log - INFO - Round 18 | Global 0.4132 | Head 0.7163 | Middle 0.4240 | Tail 0.0957 | Hmean 0.1688 | ExpEvent 1 | ExpMass 0.027233 | best_tail 0.2570@16
2026-08-30 19:11:51,387 - ear_direct_cifar10_s_IF100_alpha0p5_h2_m4_seed42_eps0p75_ca0p7_w30_taw1p5.log - INFO - EAR Round 18 | targetExp 1 targetSamples 25 tailExpRate 1.0000 | gradShare 0.093434 | Retention proj 0.456633 -> 0.456633 (gain 0.000000) | cos 0.911552 -> 0.911552
2026-08-30 19:11:51,389 - ear_direct_cifar10_s_IF100_alpha0p5_h2_m4_seed42_eps0p75_ca0p7_w30_taw1p5.log - INFO - Round 19 selected clients: [1, 5, 17, 18]
2026-08-30 19:12:04,385 - ear_direct_cifar10_s_IF100_alpha0p5_h2_m4_seed42_eps0p75_ca0p7_w30_taw1p5.log - INFO - Round 19 | Global 0.4947 | Head 0.7713 | Middle 0.4900 | Tail 0.2243 | Hmean 0.3475 | ExpEvent 0 | ExpMass 0.043267 | best_tail 0.2570@16
2026-08-30 19:12:04,385 - ear_direct_cifar10_s_IF100_alpha0p5_h2_m4_seed42_eps0p75_ca0p7_w30_taw1p5.log - INFO - EAR Round 19 | targetExp 0 targetSamples 0 tailExpRate 0.6667 | gradShare 0.161300 | Retention proj 0.715945 -> 0.715945 (gain 0.000000) | cos 0.994521 -> 0.994521
2026-08-30 19:12:04,388 - ear_direct_cifar10_s_IF100_alpha0p5_h2_m4_seed42_eps0p75_ca0p7_w30_taw1p5.log - INFO - Round 20 selected clients: [3, 4, 6, 16]
2026-08-30 19:12:17,324 - ear_direct_cifar10_s_IF100_alpha0p5_h2_m4_seed42_eps0p75_ca0p7_w30_taw1p5.log - INFO - Round 20 | Global 0.4218 | Head 0.8073 | Middle 0.3525 | Tail 0.1287 | Hmean 0.2220 | ExpEvent 1 | ExpMass 0.040573 | best_tail 0.2570@16
2026-08-30 19:12:17,324 - ear_direct_cifar10_s_IF100_alpha0p5_h2_m4_seed42_eps0p75_ca0p7_w30_taw1p5.log - INFO - EAR Round 20 | targetExp 1 targetSamples 50 tailExpRate 1.0000 | gradShare 0.188274 | Retention proj 0.386815 -> 0.386815 (gain 0.000000) | cos 0.826128 -> 0.826128
2026-08-30 19:12:17,346 - ear_direct_cifar10_s_IF100_alpha0p5_h2_m4_seed42_eps0p75_ca0p7_w30_taw1p5.log - INFO - Checkpoint @20 | Global 0.4218 | Head 0.8073 | Middle 0.3525 | Tail 0.1287 | Hmean 0.2220
2026-08-30 19:12:17,347 - ear_direct_cifar10_s_IF100_alpha0p5_h2_m4_seed42_eps0p75_ca0p7_w30_taw1p5.log - INFO - Round 21 selected clients: [1, 4, 11, 15]
2026-08-30 19:12:30,284 - ear_direct_cifar10_s_IF100_alpha0p5_h2_m4_seed42_eps0p75_ca0p7_w30_taw1p5.log - INFO - Round 21 | Global 0.4308 | Head 0.7590 | Middle 0.4853 | Tail 0.0300 | Hmean 0.0577 | ExpEvent 1 | ExpMass 0.010800 | best_tail 0.2570@16
2026-08-30 19:12:30,284 - ear_direct_cifar10_s_IF100_alpha0p5_h2_m4_seed42_eps0p75_ca0p7_w30_taw1p5.log - INFO - EAR Round 21 | targetExp 1 targetSamples 25 tailExpRate 0.6667 | gradShare 0.092831 | Retention proj 0.582353 -> 0.582353 (gain 0.000000) | cos 0.965388 -> 0.965388
2026-08-30 19:12:30,287 - ear_direct_cifar10_s_IF100_alpha0p5_h2_m4_seed42_eps0p75_ca0p7_w30_taw1p5.log - INFO - Round 22 selected clients: [2, 6, 9, 19]
2026-08-30 19:12:43,185 - ear_direct_cifar10_s_IF100_alpha0p5_h2_m4_seed42_eps0p75_ca0p7_w30_taw1p5.log - INFO - Round 22 | Global 0.5098 | Head 0.6413 | Middle 0.5162 | Tail 0.3697 | Hmean 0.4690 | ExpEvent 1 | ExpMass 0.049035 | best_tail 0.3697@22
2026-08-30 19:12:43,185 - ear_direct_cifar10_s_IF100_alpha0p5_h2_m4_seed42_eps0p75_ca0p7_w30_taw1p5.log - INFO - EAR Round 22 | targetExp 1 targetSamples 25 tailExpRate 1.0000 | gradShare 0.158361 | Retention proj 0.733872 -> 0.733872 (gain 0.000000) | cos 0.783569 -> 0.783569
2026-08-30 19:12:43,188 - ear_direct_cifar10_s_IF100_alpha0p5_h2_m4_seed42_eps0p75_ca0p7_w30_taw1p5.log - INFO - Round 23 selected clients: [4, 5, 17, 19]
2026-08-30 19:12:56,092 - ear_direct_cifar10_s_IF100_alpha0p5_h2_m4_seed42_eps0p75_ca0p7_w30_taw1p5.log - INFO - Round 23 | Global 0.4719 | Head 0.7107 | Middle 0.4955 | Tail 0.2017 | Hmean 0.3142 | ExpEvent 1 | ExpMass 0.052885 | best_tail 0.3697@22
2026-08-30 19:12:56,092 - ear_direct_cifar10_s_IF100_alpha0p5_h2_m4_seed42_eps0p75_ca0p7_w30_taw1p5.log - INFO - EAR Round 23 | targetExp 1 targetSamples 25 tailExpRate 1.0000 | gradShare 0.248163 | Retention proj 0.593777 -> 0.593777 (gain 0.000000) | cos 0.972713 -> 0.972713
2026-08-30 19:12:56,095 - ear_direct_cifar10_s_IF100_alpha0p5_h2_m4_seed42_eps0p75_ca0p7_w30_taw1p5.log - INFO - Round 24 selected clients: [3, 4, 13, 15]
2026-08-30 19:13:08,961 - ear_direct_cifar10_s_IF100_alpha0p5_h2_m4_seed42_eps0p75_ca0p7_w30_taw1p5.log - INFO - Round 24 | Global 0.4440 | Head 0.7657 | Middle 0.4730 | Tail 0.0837 | Hmean 0.1509 | ExpEvent 1 | ExpMass 0.016908 | best_tail 0.3697@22
2026-08-30 19:13:08,961 - ear_direct_cifar10_s_IF100_alpha0p5_h2_m4_seed42_eps0p75_ca0p7_w30_taw1p5.log - INFO - EAR Round 24 | targetExp 1 targetSamples 25 tailExpRate 1.0000 | gradShare 0.152239 | Retention proj 0.391969 -> 0.391969 (gain 0.000000) | cos 0.487868 -> 0.487868
2026-08-30 19:13:08,964 - ear_direct_cifar10_s_IF100_alpha0p5_h2_m4_seed42_eps0p75_ca0p7_w30_taw1p5.log - INFO - Round 25 selected clients: [1, 5, 7, 11]
2026-08-30 19:13:21,849 - ear_direct_cifar10_s_IF100_alpha0p5_h2_m4_seed42_eps0p75_ca0p7_w30_taw1p5.log - INFO - Round 25 | Global 0.4401 | Head 0.8017 | Middle 0.4492 | Tail 0.0663 | Hmean 0.1225 | ExpEvent 0 | ExpMass 0.011689 | best_tail 0.3697@22
2026-08-30 19:13:21,850 - ear_direct_cifar10_s_IF100_alpha0p5_h2_m4_seed42_eps0p75_ca0p7_w30_taw1p5.log - INFO - EAR Round 25 | targetExp 0 targetSamples 0 tailExpRate 0.6667 | gradShare 0.072029 | Retention proj 0.222618 -> 0.222618 (gain 0.000000) | cos 0.900436 -> 0.900436
2026-08-30 19:13:21,852 - ear_direct_cifar10_s_IF100_alpha0p5_h2_m4_seed42_eps0p75_ca0p7_w30_taw1p5.log - INFO - Round 26 selected clients: [5, 10, 14, 19]
2026-08-30 19:13:34,759 - ear_direct_cifar10_s_IF100_alpha0p5_h2_m4_seed42_eps0p75_ca0p7_w30_taw1p5.log - INFO - Round 26 | Global 0.4843 | Head 0.7190 | Middle 0.5483 | Tail 0.1643 | Hmean 0.2675 | ExpEvent 0 | ExpMass 0.023482 | best_tail 0.3697@22
2026-08-30 19:13:34,759 - ear_direct_cifar10_s_IF100_alpha0p5_h2_m4_seed42_eps0p75_ca0p7_w30_taw1p5.log - INFO - EAR Round 26 | targetExp 0 targetSamples 0 tailExpRate 0.6667 | gradShare 0.118055 | Retention proj 0.482433 -> 0.482433 (gain 0.000000) | cos 0.999593 -> 0.999593
2026-08-30 19:13:34,762 - ear_direct_cifar10_s_IF100_alpha0p5_h2_m4_seed42_eps0p75_ca0p7_w30_taw1p5.log - INFO - Round 27 selected clients: [5, 6, 11, 12]
2026-08-30 19:13:47,683 - ear_direct_cifar10_s_IF100_alpha0p5_h2_m4_seed42_eps0p75_ca0p7_w30_taw1p5.log - INFO - Round 27 | Global 0.4874 | Head 0.6773 | Middle 0.5292 | Tail 0.2417 | Hmean 0.3563 | ExpEvent 1 | ExpMass 0.036756 | best_tail 0.3697@22
2026-08-30 19:13:47,683 - ear_direct_cifar10_s_IF100_alpha0p5_h2_m4_seed42_eps0p75_ca0p7_w30_taw1p5.log - INFO - EAR Round 27 | targetExp 1 targetSamples 25 tailExpRate 1.0000 | gradShare 0.132521 | Retention proj 0.411472 -> 0.411472 (gain 0.000000) | cos 0.920063 -> 0.920063
2026-08-30 19:13:47,686 - ear_direct_cifar10_s_IF100_alpha0p5_h2_m4_seed42_eps0p75_ca0p7_w30_taw1p5.log - INFO - Round 28 selected clients: [1, 5, 6, 13]
2026-08-30 19:14:00,854 - ear_direct_cifar10_s_IF100_alpha0p5_h2_m4_seed42_eps0p75_ca0p7_w30_taw1p5.log - INFO - Round 28 | Global 0.5048 | Head 0.7450 | Middle 0.4855 | Tail 0.2903 | Hmean 0.4178 | ExpEvent 1 | ExpMass 0.036342 | best_tail 0.3697@22
2026-08-30 19:14:00,855 - ear_direct_cifar10_s_IF100_alpha0p5_h2_m4_seed42_eps0p75_ca0p7_w30_taw1p5.log - INFO - EAR Round 28 | targetExp 1 targetSamples 25 tailExpRate 1.0000 | gradShare 0.131062 | Retention proj 0.353161 -> 0.353161 (gain 0.000000) | cos 0.968749 -> 0.968749
2026-08-30 19:14:00,857 - ear_direct_cifar10_s_IF100_alpha0p5_h2_m4_seed42_eps0p75_ca0p7_w30_taw1p5.log - INFO - Round 29 selected clients: [10, 13, 14, 18]
2026-08-30 19:14:13,695 - ear_direct_cifar10_s_IF100_alpha0p5_h2_m4_seed42_eps0p75_ca0p7_w30_taw1p5.log - INFO - Round 29 | Global 0.4768 | Head 0.7163 | Middle 0.4730 | Tail 0.2423 | Hmean 0.3621 | ExpEvent 0 | ExpMass 0.011731 | best_tail 0.3697@22
2026-08-30 19:14:13,695 - ear_direct_cifar10_s_IF100_alpha0p5_h2_m4_seed42_eps0p75_ca0p7_w30_taw1p5.log - INFO - EAR Round 29 | targetExp 0 targetSamples 0 tailExpRate 0.6667 | gradShare 0.069425 | Retention proj 0.214164 -> 0.214164 (gain 0.000000) | cos 0.884036 -> 0.884036
2026-08-30 19:14:13,698 - ear_direct_cifar10_s_IF100_alpha0p5_h2_m4_seed42_eps0p75_ca0p7_w30_taw1p5.log - INFO - Round 30 selected clients: [1, 6, 11, 15]
2026-08-30 19:14:26,562 - ear_direct_cifar10_s_IF100_alpha0p5_h2_m4_seed42_eps0p75_ca0p7_w30_taw1p5.log - INFO - Round 30 | Global 0.4866 | Head 0.7790 | Middle 0.4795 | Tail 0.2037 | Hmean 0.3230 | ExpEvent 1 | ExpMass 0.025631 | best_tail 0.3697@22
2026-08-30 19:14:26,563 - ear_direct_cifar10_s_IF100_alpha0p5_h2_m4_seed42_eps0p75_ca0p7_w30_taw1p5.log - INFO - EAR Round 30 | targetExp 1 targetSamples 25 tailExpRate 1.0000 | gradShare 0.088555 | Retention proj 0.252287 -> 0.252287 (gain 0.000000) | cos 0.794101 -> 0.794101
2026-08-30 19:14:26,588 - ear_direct_cifar10_s_IF100_alpha0p5_h2_m4_seed42_eps0p75_ca0p7_w30_taw1p5.log - INFO - Checkpoint @30 | Global 0.4866 | Head 0.7790 | Middle 0.4795 | Tail 0.2037 | Hmean 0.3230
2026-08-30 19:14:26,589 - ear_direct_cifar10_s_IF100_alpha0p5_h2_m4_seed42_eps0p75_ca0p7_w30_taw1p5.log - INFO - Round 31 selected clients: [1, 12, 13, 19]
2026-08-30 19:14:39,499 - ear_direct_cifar10_s_IF100_alpha0p5_h2_m4_seed42_eps0p75_ca0p7_w30_taw1p5.log - INFO - Round 31 | Global 0.5063 | Head 0.7547 | Middle 0.5032 | Tail 0.2620 | Hmean 0.3890 | ExpEvent 0 | ExpMass 0.012141 | best_tail 0.3697@22
2026-08-30 19:14:39,499 - ear_direct_cifar10_s_IF100_alpha0p5_h2_m4_seed42_eps0p75_ca0p7_w30_taw1p5.log - INFO - EAR Round 31 | targetExp 0 targetSamples 0 tailExpRate 0.6667 | gradShare 0.065206 | Retention proj 0.243016 -> 0.243016 (gain 0.000000) | cos 0.629768 -> 0.629768
2026-08-30 19:14:39,501 - ear_direct_cifar10_s_IF100_alpha0p5_h2_m4_seed42_eps0p75_ca0p7_w30_taw1p5.log - INFO - Round 32 selected clients: [0, 4, 8, 18]
2026-08-30 19:14:52,468 - ear_direct_cifar10_s_IF100_alpha0p5_h2_m4_seed42_eps0p75_ca0p7_w30_taw1p5.log - INFO - Round 32 | Global 0.4581 | Head 0.7793 | Middle 0.4368 | Tail 0.1653 | Hmean 0.2727 | ExpEvent 1 | ExpMass 0.021609 | best_tail 0.3697@22
2026-08-30 19:14:52,468 - ear_direct_cifar10_s_IF100_alpha0p5_h2_m4_seed42_eps0p75_ca0p7_w30_taw1p5.log - INFO - EAR Round 32 | targetExp 1 targetSamples 25 tailExpRate 1.0000 | gradShare 0.139617 | Retention proj 0.123419 -> 0.123419 (gain 0.000000) | cos 0.665423 -> 0.665423
2026-08-30 19:14:52,470 - ear_direct_cifar10_s_IF100_alpha0p5_h2_m4_seed42_eps0p75_ca0p7_w30_taw1p5.log - INFO - Round 33 selected clients: [8, 14, 15, 16]
2026-08-30 19:15:05,275 - ear_direct_cifar10_s_IF100_alpha0p5_h2_m4_seed42_eps0p75_ca0p7_w30_taw1p5.log - INFO - Round 33 | Global 0.4799 | Head 0.7580 | Middle 0.5272 | Tail 0.1387 | Hmean 0.2345 | ExpEvent 0 | ExpMass 0.000809 | best_tail 0.3697@22
2026-08-30 19:15:05,276 - ear_direct_cifar10_s_IF100_alpha0p5_h2_m4_seed42_eps0p75_ca0p7_w30_taw1p5.log - INFO - EAR Round 33 | targetExp 0 targetSamples 0 tailExpRate 0.3333 | gradShare 0.036869 | Retention proj 0.181911 -> 0.181911 (gain 0.000000) | cos 0.698347 -> 0.698347
2026-08-30 19:15:05,279 - ear_direct_cifar10_s_IF100_alpha0p5_h2_m4_seed42_eps0p75_ca0p7_w30_taw1p5.log - INFO - Round 34 selected clients: [8, 10, 11, 16]
2026-08-30 19:15:18,132 - ear_direct_cifar10_s_IF100_alpha0p5_h2_m4_seed42_eps0p75_ca0p7_w30_taw1p5.log - INFO - Round 34 | Global 0.4337 | Head 0.8033 | Middle 0.4280 | Tail 0.0717 | Hmean 0.1316 | ExpEvent 0 | ExpMass 0.000000 | best_tail 0.3697@22
2026-08-30 19:15:18,132 - ear_direct_cifar10_s_IF100_alpha0p5_h2_m4_seed42_eps0p75_ca0p7_w30_taw1p5.log - INFO - EAR Round 34 | targetExp 0 targetSamples 0 tailExpRate 0.0000 | gradShare 0.027355 | Retention proj 0.000000 -> 0.000000 (gain 0.000000) | cos 0.000000 -> 0.000000
2026-08-30 19:15:18,136 - ear_direct_cifar10_s_IF100_alpha0p5_h2_m4_seed42_eps0p75_ca0p7_w30_taw1p5.log - INFO - Round 35 selected clients: [1, 8, 10, 19]
2026-08-30 19:15:30,944 - ear_direct_cifar10_s_IF100_alpha0p5_h2_m4_seed42_eps0p75_ca0p7_w30_taw1p5.log - INFO - Round 35 | Global 0.4841 | Head 0.7993 | Middle 0.4183 | Tail 0.2567 | Hmean 0.3886 | ExpEvent 0 | ExpMass 0.011736 | best_tail 0.3697@22
2026-08-30 19:15:30,945 - ear_direct_cifar10_s_IF100_alpha0p5_h2_m4_seed42_eps0p75_ca0p7_w30_taw1p5.log - INFO - EAR Round 35 | targetExp 0 targetSamples 0 tailExpRate 0.6667 | gradShare 0.060723 | Retention proj 0.233782 -> 0.233782 (gain 0.000000) | cos 0.999472 -> 0.999472
2026-08-30 19:15:30,948 - ear_direct_cifar10_s_IF100_alpha0p5_h2_m4_seed42_eps0p75_ca0p7_w30_taw1p5.log - INFO - Round 36 selected clients: [1, 12, 13, 17]
2026-08-30 19:15:43,756 - ear_direct_cifar10_s_IF100_alpha0p5_h2_m4_seed42_eps0p75_ca0p7_w30_taw1p5.log - INFO - Round 36 | Global 0.5053 | Head 0.7777 | Middle 0.5315 | Tail 0.1980 | Hmean 0.3156 | ExpEvent 0 | ExpMass 0.020153 | best_tail 0.3697@22
2026-08-30 19:15:43,756 - ear_direct_cifar10_s_IF100_alpha0p5_h2_m4_seed42_eps0p75_ca0p7_w30_taw1p5.log - INFO - EAR Round 36 | targetExp 0 targetSamples 0 tailExpRate 0.6667 | gradShare 0.081108 | Retention proj 0.374180 -> 0.374180 (gain 0.000000) | cos 0.988478 -> 0.988478
2026-08-30 19:15:43,759 - ear_direct_cifar10_s_IF100_alpha0p5_h2_m4_seed42_eps0p75_ca0p7_w30_taw1p5.log - INFO - Round 37 selected clients: [1, 2, 12, 13]
2026-08-30 19:15:56,774 - ear_direct_cifar10_s_IF100_alpha0p5_h2_m4_seed42_eps0p75_ca0p7_w30_taw1p5.log - INFO - Round 37 | Global 0.5261 | Head 0.7757 | Middle 0.5653 | Tail 0.2243 | Hmean 0.3480 | ExpEvent 0 | ExpMass 0.010878 | best_tail 0.3697@22
2026-08-30 19:15:56,775 - ear_direct_cifar10_s_IF100_alpha0p5_h2_m4_seed42_eps0p75_ca0p7_w30_taw1p5.log - INFO - EAR Round 37 | targetExp 0 targetSamples 0 tailExpRate 0.6667 | gradShare 0.054624 | Retention proj 0.261080 -> 0.261080 (gain 0.000000) | cos 0.619683 -> 0.619683
2026-08-30 19:15:56,778 - ear_direct_cifar10_s_IF100_alpha0p5_h2_m4_seed42_eps0p75_ca0p7_w30_taw1p5.log - INFO - Round 38 selected clients: [2, 3, 13, 17]
2026-08-30 19:16:10,000 - ear_direct_cifar10_s_IF100_alpha0p5_h2_m4_seed42_eps0p75_ca0p7_w30_taw1p5.log - INFO - Round 38 | Global 0.5224 | Head 0.7263 | Middle 0.5503 | Tail 0.2813 | Hmean 0.4055 | ExpEvent 0 | ExpMass 0.036496 | best_tail 0.3697@22
2026-08-30 19:16:10,000 - ear_direct_cifar10_s_IF100_alpha0p5_h2_m4_seed42_eps0p75_ca0p7_w30_taw1p5.log - INFO - EAR Round 38 | targetExp 0 targetSamples 0 tailExpRate 0.6667 | gradShare 0.147966 | Retention proj 0.737803 -> 0.737803 (gain 0.000000) | cos 0.999920 -> 0.999920
2026-08-30 19:16:10,005 - ear_direct_cifar10_s_IF100_alpha0p5_h2_m4_seed42_eps0p75_ca0p7_w30_taw1p5.log - INFO - Round 39 selected clients: [3, 6, 10, 16]
2026-08-30 19:16:23,126 - ear_direct_cifar10_s_IF100_alpha0p5_h2_m4_seed42_eps0p75_ca0p7_w30_taw1p5.log - INFO - Round 39 | Global 0.5557 | Head 0.7080 | Middle 0.5775 | Tail 0.3743 | Hmean 0.4897 | ExpEvent 1 | ExpMass 0.030949 | best_tail 0.3743@39
2026-08-30 19:16:23,126 - ear_direct_cifar10_s_IF100_alpha0p5_h2_m4_seed42_eps0p75_ca0p7_w30_taw1p5.log - INFO - EAR Round 39 | targetExp 1 targetSamples 25 tailExpRate 1.0000 | gradShare 0.132809 | Retention proj 0.362290 -> 0.362290 (gain 0.000000) | cos 0.975906 -> 0.975906
2026-08-30 19:16:23,130 - ear_direct_cifar10_s_IF100_alpha0p5_h2_m4_seed42_eps0p75_ca0p7_w30_taw1p5.log - INFO - Round 40 selected clients: [5, 11, 14, 15]
2026-08-30 19:16:36,142 - ear_direct_cifar10_s_IF100_alpha0p5_h2_m4_seed42_eps0p75_ca0p7_w30_taw1p5.log - INFO - Round 40 | Global 0.5296 | Head 0.7627 | Middle 0.5955 | Tail 0.2087 | Hmean 0.3277 | ExpEvent 0 | ExpMass 0.012535 | best_tail 0.3743@39
2026-08-30 19:16:36,142 - ear_direct_cifar10_s_IF100_alpha0p5_h2_m4_seed42_eps0p75_ca0p7_w30_taw1p5.log - INFO - EAR Round 40 | targetExp 0 targetSamples 0 tailExpRate 0.6667 | gradShare 0.082762 | Retention proj 0.581777 -> 0.581777 (gain 0.000000) | cos 0.942725 -> 0.942725
2026-08-30 19:16:36,167 - ear_direct_cifar10_s_IF100_alpha0p5_h2_m4_seed42_eps0p75_ca0p7_w30_taw1p5.log - INFO - Checkpoint @40 | Global 0.5296 | Head 0.7627 | Middle 0.5955 | Tail 0.2087 | Hmean 0.3277
2026-08-30 19:16:36,168 - ear_direct_cifar10_s_IF100_alpha0p5_h2_m4_seed42_eps0p75_ca0p7_w30_taw1p5.log - INFO - Round 41 selected clients: [3, 9, 12, 16]
2026-08-30 19:16:48,870 - ear_direct_cifar10_s_IF100_alpha0p5_h2_m4_seed42_eps0p75_ca0p7_w30_taw1p5.log - INFO - Round 41 | Global 0.5545 | Head 0.7850 | Middle 0.5915 | Tail 0.2747 | Hmean 0.4070 | ExpEvent 0 | ExpMass 0.008540 | best_tail 0.3743@39
2026-08-30 19:16:48,870 - ear_direct_cifar10_s_IF100_alpha0p5_h2_m4_seed42_eps0p75_ca0p7_w30_taw1p5.log - INFO - EAR Round 41 | targetExp 0 targetSamples 0 tailExpRate 0.6667 | gradShare 0.066349 | Retention proj 0.691224 -> 0.691224 (gain 0.000000) | cos 0.889258 -> 0.889258
2026-08-30 19:16:48,872 - ear_direct_cifar10_s_IF100_alpha0p5_h2_m4_seed42_eps0p75_ca0p7_w30_taw1p5.log - INFO - Round 42 selected clients: [4, 7, 9, 12]
2026-08-30 19:17:01,921 - ear_direct_cifar10_s_IF100_alpha0p5_h2_m4_seed42_eps0p75_ca0p7_w30_taw1p5.log - INFO - Round 42 | Global 0.4938 | Head 0.7663 | Middle 0.5800 | Tail 0.1063 | Hmean 0.1867 | ExpEvent 1 | ExpMass 0.012400 | best_tail 0.3743@39
2026-08-30 19:17:01,922 - ear_direct_cifar10_s_IF100_alpha0p5_h2_m4_seed42_eps0p75_ca0p7_w30_taw1p5.log - INFO - EAR Round 42 | targetExp 1 targetSamples 25 tailExpRate 1.0000 | gradShare 0.124108 | Retention proj 0.375425 -> 0.375425 (gain 0.000000) | cos 0.586303 -> 0.586303
2026-08-30 19:17:01,924 - ear_direct_cifar10_s_IF100_alpha0p5_h2_m4_seed42_eps0p75_ca0p7_w30_taw1p5.log - INFO - Round 43 selected clients: [12, 13, 15, 17]
2026-08-30 19:17:14,750 - ear_direct_cifar10_s_IF100_alpha0p5_h2_m4_seed42_eps0p75_ca0p7_w30_taw1p5.log - INFO - Round 43 | Global 0.5256 | Head 0.7550 | Middle 0.6068 | Tail 0.1880 | Hmean 0.3010 | ExpEvent 0 | ExpMass 0.021027 | best_tail 0.3743@39
2026-08-30 19:17:14,751 - ear_direct_cifar10_s_IF100_alpha0p5_h2_m4_seed42_eps0p75_ca0p7_w30_taw1p5.log - INFO - EAR Round 43 | targetExp 0 targetSamples 0 tailExpRate 0.6667 | gradShare 0.087742 | Retention proj 0.678656 -> 0.678656 (gain 0.000000) | cos 0.986369 -> 0.986369
2026-08-30 19:17:14,754 - ear_direct_cifar10_s_IF100_alpha0p5_h2_m4_seed42_eps0p75_ca0p7_w30_taw1p5.log - INFO - Round 44 selected clients: [0, 10, 12, 13]
2026-08-30 19:17:27,572 - ear_direct_cifar10_s_IF100_alpha0p5_h2_m4_seed42_eps0p75_ca0p7_w30_taw1p5.log - INFO - Round 44 | Global 0.5104 | Head 0.7943 | Middle 0.5725 | Tail 0.1437 | Hmean 0.2434 | ExpEvent 0 | ExpMass 0.000403 | best_tail 0.3743@39
2026-08-30 19:17:27,572 - ear_direct_cifar10_s_IF100_alpha0p5_h2_m4_seed42_eps0p75_ca0p7_w30_taw1p5.log - INFO - EAR Round 44 | targetExp 0 targetSamples 0 tailExpRate 0.3333 | gradShare 0.024185 | Retention proj 0.290369 -> 0.290369 (gain 0.000000) | cos 0.722570 -> 0.722570
2026-08-30 19:17:27,576 - ear_direct_cifar10_s_IF100_alpha0p5_h2_m4_seed42_eps0p75_ca0p7_w30_taw1p5.log - INFO - Round 45 selected clients: [3, 7, 16, 17]
2026-08-30 19:17:40,349 - ear_direct_cifar10_s_IF100_alpha0p5_h2_m4_seed42_eps0p75_ca0p7_w30_taw1p5.log - INFO - Round 45 | Global 0.5123 | Head 0.8367 | Middle 0.5030 | Tail 0.2003 | Hmean 0.3232 | ExpEvent 0 | ExpMass 0.025963 | best_tail 0.3743@39
2026-08-30 19:17:40,349 - ear_direct_cifar10_s_IF100_alpha0p5_h2_m4_seed42_eps0p75_ca0p7_w30_taw1p5.log - INFO - EAR Round 45 | targetExp 0 targetSamples 0 tailExpRate 0.6667 | gradShare 0.119591 | Retention proj 0.468254 -> 0.468254 (gain 0.000000) | cos 0.999474 -> 0.999474
2026-08-30 19:17:40,353 - ear_direct_cifar10_s_IF100_alpha0p5_h2_m4_seed42_eps0p75_ca0p7_w30_taw1p5.log - INFO - Round 46 selected clients: [4, 11, 12, 19]
2026-08-30 19:17:53,501 - ear_direct_cifar10_s_IF100_alpha0p5_h2_m4_seed42_eps0p75_ca0p7_w30_taw1p5.log - INFO - Round 46 | Global 0.5297 | Head 0.7797 | Middle 0.5440 | Tail 0.2607 | Hmean 0.3907 | ExpEvent 1 | ExpMass 0.022035 | best_tail 0.3743@39
2026-08-30 19:17:53,501 - ear_direct_cifar10_s_IF100_alpha0p5_h2_m4_seed42_eps0p75_ca0p7_w30_taw1p5.log - INFO - EAR Round 46 | targetExp 1 targetSamples 25 tailExpRate 1.0000 | gradShare 0.145314 | Retention proj 0.191854 -> 0.191854 (gain 0.000000) | cos 0.599739 -> 0.599739
2026-08-30 19:17:53,504 - ear_direct_cifar10_s_IF100_alpha0p5_h2_m4_seed42_eps0p75_ca0p7_w30_taw1p5.log - INFO - Round 47 selected clients: [0, 7, 14, 16]
2026-08-30 19:18:06,425 - ear_direct_cifar10_s_IF100_alpha0p5_h2_m4_seed42_eps0p75_ca0p7_w30_taw1p5.log - INFO - Round 47 | Global 0.5038 | Head 0.8140 | Middle 0.5125 | Tail 0.1820 | Hmean 0.2975 | ExpEvent 0 | ExpMass 0.000000 | best_tail 0.3743@39
2026-08-30 19:18:06,426 - ear_direct_cifar10_s_IF100_alpha0p5_h2_m4_seed42_eps0p75_ca0p7_w30_taw1p5.log - INFO - EAR Round 47 | targetExp 0 targetSamples 0 tailExpRate 0.0000 | gradShare 0.038418 | Retention proj 0.000000 -> 0.000000 (gain 0.000000) | cos 0.000000 -> 0.000000
2026-08-30 19:18:06,428 - ear_direct_cifar10_s_IF100_alpha0p5_h2_m4_seed42_eps0p75_ca0p7_w30_taw1p5.log - INFO - Round 48 selected clients: [3, 5, 8, 19]
2026-08-30 19:18:19,286 - ear_direct_cifar10_s_IF100_alpha0p5_h2_m4_seed42_eps0p75_ca0p7_w30_taw1p5.log - INFO - Round 48 | Global 0.5464 | Head 0.7337 | Middle 0.5955 | Tail 0.2937 | Hmean 0.4195 | ExpEvent 0 | ExpMass 0.029735 | best_tail 0.3743@39
2026-08-30 19:18:19,287 - ear_direct_cifar10_s_IF100_alpha0p5_h2_m4_seed42_eps0p75_ca0p7_w30_taw1p5.log - INFO - EAR Round 48 | targetExp 0 targetSamples 0 tailExpRate 0.6667 | gradShare 0.156307 | Retention proj 0.743984 -> 0.743984 (gain 0.000000) | cos 0.999997 -> 0.999997
2026-08-30 19:18:19,290 - ear_direct_cifar10_s_IF100_alpha0p5_h2_m4_seed42_eps0p75_ca0p7_w30_taw1p5.log - INFO - Round 49 selected clients: [4, 8, 10, 17]
2026-08-30 19:18:32,317 - ear_direct_cifar10_s_IF100_alpha0p5_h2_m4_seed42_eps0p75_ca0p7_w30_taw1p5.log - INFO - Round 49 | Global 0.5049 | Head 0.7530 | Middle 0.5660 | Tail 0.1753 | Hmean 0.2844 | ExpEvent 1 | ExpMass 0.029529 | best_tail 0.3743@39
2026-08-30 19:18:32,318 - ear_direct_cifar10_s_IF100_alpha0p5_h2_m4_seed42_eps0p75_ca0p7_w30_taw1p5.log - INFO - EAR Round 49 | targetExp 1 targetSamples 25 tailExpRate 1.0000 | gradShare 0.194324 | Retention proj 0.273447 -> 0.273447 (gain 0.000000) | cos 0.534607 -> 0.534607
2026-08-30 19:18:32,321 - ear_direct_cifar10_s_IF100_alpha0p5_h2_m4_seed42_eps0p75_ca0p7_w30_taw1p5.log - INFO - Round 50 selected clients: [2, 7, 10, 16]
2026-08-30 19:18:45,225 - ear_direct_cifar10_s_IF100_alpha0p5_h2_m4_seed42_eps0p75_ca0p7_w30_taw1p5.log - INFO - Round 50 | Global 0.5286 | Head 0.7643 | Middle 0.5315 | Tail 0.2890 | Hmean 0.4194 | ExpEvent 0 | ExpMass 0.010480 | best_tail 0.3743@39
2026-08-30 19:18:45,225 - ear_direct_cifar10_s_IF100_alpha0p5_h2_m4_seed42_eps0p75_ca0p7_w30_taw1p5.log - INFO - EAR Round 50 | targetExp 0 targetSamples 0 tailExpRate 0.6667 | gradShare 0.075335 | Retention proj 0.192288 -> 0.192288 (gain 0.000000) | cos 0.951530 -> 0.951530
2026-08-30 19:18:45,249 - ear_direct_cifar10_s_IF100_alpha0p5_h2_m4_seed42_eps0p75_ca0p7_w30_taw1p5.log - INFO - Checkpoint @50 | Global 0.5286 | Head 0.7643 | Middle 0.5315 | Tail 0.2890 | Hmean 0.4194
2026-08-30 19:18:45,250 - ear_direct_cifar10_s_IF100_alpha0p5_h2_m4_seed42_eps0p75_ca0p7_w30_taw1p5.log - INFO - Round 51 selected clients: [10, 11, 16, 18]
2026-08-30 19:18:58,248 - ear_direct_cifar10_s_IF100_alpha0p5_h2_m4_seed42_eps0p75_ca0p7_w30_taw1p5.log - INFO - Round 51 | Global 0.5672 | Head 0.7427 | Middle 0.5968 | Tail 0.3523 | Hmean 0.4779 | ExpEvent 0 | ExpMass 0.011731 | best_tail 0.3743@39
2026-08-30 19:18:58,248 - ear_direct_cifar10_s_IF100_alpha0p5_h2_m4_seed42_eps0p75_ca0p7_w30_taw1p5.log - INFO - EAR Round 51 | targetExp 0 targetSamples 0 tailExpRate 0.6667 | gradShare 0.071991 | Retention proj 0.192339 -> 0.192339 (gain 0.000000) | cos 0.956843 -> 0.956843
2026-08-30 19:18:58,252 - ear_direct_cifar10_s_IF100_alpha0p5_h2_m4_seed42_eps0p75_ca0p7_w30_taw1p5.log - INFO - Round 52 selected clients: [1, 9, 15, 17]
2026-08-30 19:19:11,222 - ear_direct_cifar10_s_IF100_alpha0p5_h2_m4_seed42_eps0p75_ca0p7_w30_taw1p5.log - INFO - Round 52 | Global 0.5488 | Head 0.7897 | Middle 0.5755 | Tail 0.2723 | Hmean 0.4050 | ExpEvent 0 | ExpMass 0.022690 | best_tail 0.3743@39
2026-08-30 19:19:11,222 - ear_direct_cifar10_s_IF100_alpha0p5_h2_m4_seed42_eps0p75_ca0p7_w30_taw1p5.log - INFO - EAR Round 52 | targetExp 0 targetSamples 0 tailExpRate 0.6667 | gradShare 0.100965 | Retention proj 0.757794 -> 0.757794 (gain 0.000000) | cos 0.878707 -> 0.878707
2026-08-30 19:19:11,227 - ear_direct_cifar10_s_IF100_alpha0p5_h2_m4_seed42_eps0p75_ca0p7_w30_taw1p5.log - INFO - Round 53 selected clients: [4, 10, 14, 15]
2026-08-30 19:19:24,211 - ear_direct_cifar10_s_IF100_alpha0p5_h2_m4_seed42_eps0p75_ca0p7_w30_taw1p5.log - INFO - Round 53 | Global 0.5110 | Head 0.7850 | Middle 0.5955 | Tail 0.1243 | Hmean 0.2146 | ExpEvent 1 | ExpMass 0.010804 | best_tail 0.3743@39
2026-08-30 19:19:24,211 - ear_direct_cifar10_s_IF100_alpha0p5_h2_m4_seed42_eps0p75_ca0p7_w30_taw1p5.log - INFO - EAR Round 53 | targetExp 1 targetSamples 25 tailExpRate 0.6667 | gradShare 0.113346 | Retention proj 0.556790 -> 0.556790 (gain 0.000000) | cos 0.824656 -> 0.824656
2026-08-30 19:19:24,215 - ear_direct_cifar10_s_IF100_alpha0p5_h2_m4_seed42_eps0p75_ca0p7_w30_taw1p5.log - INFO - Round 54 selected clients: [6, 9, 18, 19]
2026-08-30 19:19:37,144 - ear_direct_cifar10_s_IF100_alpha0p5_h2_m4_seed42_eps0p75_ca0p7_w30_taw1p5.log - INFO - Round 54 | Global 0.5356 | Head 0.5937 | Middle 0.5607 | Tail 0.4440 | Hmean 0.5081 | ExpEvent 1 | ExpMass 0.050424 | best_tail 0.4440@54
2026-08-30 19:19:37,144 - ear_direct_cifar10_s_IF100_alpha0p5_h2_m4_seed42_eps0p75_ca0p7_w30_taw1p5.log - INFO - EAR Round 54 | targetExp 1 targetSamples 25 tailExpRate 1.0000 | gradShare 0.160453 | Retention proj 0.713486 -> 0.713486 (gain 0.000000) | cos 0.844989 -> 0.844989
2026-08-30 19:19:37,147 - ear_direct_cifar10_s_IF100_alpha0p5_h2_m4_seed42_eps0p75_ca0p7_w30_taw1p5.log - INFO - Round 55 selected clients: [3, 15, 18, 19]
2026-08-30 19:19:49,843 - ear_direct_cifar10_s_IF100_alpha0p5_h2_m4_seed42_eps0p75_ca0p7_w30_taw1p5.log - INFO - Round 55 | Global 0.5310 | Head 0.5703 | Middle 0.5903 | Tail 0.4127 | Hmean 0.4789 | ExpEvent 0 | ExpMass 0.030738 | best_tail 0.4440@54
2026-08-30 19:19:49,844 - ear_direct_cifar10_s_IF100_alpha0p5_h2_m4_seed42_eps0p75_ca0p7_w30_taw1p5.log - INFO - EAR Round 55 | targetExp 0 targetSamples 0 tailExpRate 0.6667 | gradShare 0.143456 | Retention proj 0.723971 -> 0.723971 (gain 0.000000) | cos 0.896696 -> 0.896696
2026-08-30 19:19:49,847 - ear_direct_cifar10_s_IF100_alpha0p5_h2_m4_seed42_eps0p75_ca0p7_w30_taw1p5.log - INFO - Round 56 selected clients: [6, 9, 11, 16]
2026-08-30 19:20:03,012 - ear_direct_cifar10_s_IF100_alpha0p5_h2_m4_seed42_eps0p75_ca0p7_w30_taw1p5.log - INFO - Round 56 | Global 0.5796 | Head 0.7600 | Middle 0.5955 | Tail 0.3780 | Hmean 0.5049 | ExpEvent 1 | ExpMass 0.026832 | best_tail 0.4440@54
2026-08-30 19:20:03,012 - ear_direct_cifar10_s_IF100_alpha0p5_h2_m4_seed42_eps0p75_ca0p7_w30_taw1p5.log - INFO - EAR Round 56 | targetExp 1 targetSamples 25 tailExpRate 1.0000 | gradShare 0.112705 | Retention proj 0.283744 -> 0.283744 (gain 0.000000) | cos 0.826786 -> 0.826786
2026-08-30 19:20:03,015 - ear_direct_cifar10_s_IF100_alpha0p5_h2_m4_seed42_eps0p75_ca0p7_w30_taw1p5.log - INFO - Round 57 selected clients: [11, 12, 13, 15]
2026-08-30 19:20:17,065 - ear_direct_cifar10_s_IF100_alpha0p5_h2_m4_seed42_eps0p75_ca0p7_w30_taw1p5.log - INFO - Round 57 | Global 0.5618 | Head 0.8147 | Middle 0.6132 | Tail 0.2403 | Hmean 0.3711 | ExpEvent 0 | ExpMass 0.001213 | best_tail 0.4440@54
2026-08-30 19:20:17,066 - ear_direct_cifar10_s_IF100_alpha0p5_h2_m4_seed42_eps0p75_ca0p7_w30_taw1p5.log - INFO - EAR Round 57 | targetExp 0 targetSamples 0 tailExpRate 0.6667 | gradShare 0.049587 | Retention proj 0.753050 -> 0.753050 (gain 0.000000) | cos 0.929823 -> 0.929823
2026-08-30 19:20:17,069 - ear_direct_cifar10_s_IF100_alpha0p5_h2_m4_seed42_eps0p75_ca0p7_w30_taw1p5.log - INFO - Round 58 selected clients: [0, 5, 6, 8]
2026-08-30 19:20:30,915 - ear_direct_cifar10_s_IF100_alpha0p5_h2_m4_seed42_eps0p75_ca0p7_w30_taw1p5.log - INFO - Round 58 | Global 0.5756 | Head 0.7580 | Middle 0.5813 | Tail 0.3857 | Hmean 0.5113 | ExpEvent 1 | ExpMass 0.036342 | best_tail 0.4440@54
2026-08-30 19:20:30,915 - ear_direct_cifar10_s_IF100_alpha0p5_h2_m4_seed42_eps0p75_ca0p7_w30_taw1p5.log - INFO - EAR Round 58 | targetExp 1 targetSamples 25 tailExpRate 1.0000 | gradShare 0.132524 | Retention proj 0.379778 -> 0.379778 (gain 0.000000) | cos 0.993754 -> 0.993754
2026-08-30 19:20:30,919 - ear_direct_cifar10_s_IF100_alpha0p5_h2_m4_seed42_eps0p75_ca0p7_w30_taw1p5.log - INFO - Round 59 selected clients: [2, 5, 9, 14]
2026-08-30 19:20:44,589 - ear_direct_cifar10_s_IF100_alpha0p5_h2_m4_seed42_eps0p75_ca0p7_w30_taw1p5.log - INFO - Round 59 | Global 0.5825 | Head 0.7223 | Middle 0.6432 | Tail 0.3617 | Hmean 0.4820 | ExpEvent 0 | ExpMass 0.024242 | best_tail 0.4440@54
2026-08-30 19:20:44,589 - ear_direct_cifar10_s_IF100_alpha0p5_h2_m4_seed42_eps0p75_ca0p7_w30_taw1p5.log - INFO - EAR Round 59 | targetExp 0 targetSamples 0 tailExpRate 0.6667 | gradShare 0.112935 | Retention proj 0.713613 -> 0.713613 (gain 0.000000) | cos 0.998088 -> 0.998088
2026-08-30 19:20:44,592 - ear_direct_cifar10_s_IF100_alpha0p5_h2_m4_seed42_eps0p75_ca0p7_w30_taw1p5.log - INFO - Round 60 selected clients: [0, 4, 12, 15]
2026-08-30 19:20:58,425 - ear_direct_cifar10_s_IF100_alpha0p5_h2_m4_seed42_eps0p75_ca0p7_w30_taw1p5.log - INFO - Round 60 | Global 0.5669 | Head 0.8050 | Middle 0.6168 | Tail 0.2623 | Hmean 0.3957 | ExpEvent 1 | ExpMass 0.011200 | best_tail 0.4440@54
2026-08-30 19:20:58,426 - ear_direct_cifar10_s_IF100_alpha0p5_h2_m4_seed42_eps0p75_ca0p7_w30_taw1p5.log - INFO - EAR Round 60 | targetExp 1 targetSamples 25 tailExpRate 1.0000 | gradShare 0.116333 | Retention proj 0.894931 -> 0.894931 (gain 0.000000) | cos 0.898174 -> 0.898174
2026-08-30 19:20:58,453 - ear_direct_cifar10_s_IF100_alpha0p5_h2_m4_seed42_eps0p75_ca0p7_w30_taw1p5.log - INFO - Checkpoint @60 | Global 0.5669 | Head 0.8050 | Middle 0.6168 | Tail 0.2623 | Hmean 0.3957
2026-08-30 19:20:58,455 - ear_direct_cifar10_s_IF100_alpha0p5_h2_m4_seed42_eps0p75_ca0p7_w30_taw1p5.log - INFO - Round 61 selected clients: [5, 6, 10, 18]
2026-08-30 19:21:12,398 - ear_direct_cifar10_s_IF100_alpha0p5_h2_m4_seed42_eps0p75_ca0p7_w30_taw1p5.log - INFO - Round 61 | Global 0.6130 | Head 0.7653 | Middle 0.5923 | Tail 0.4883 | Hmean 0.5962 | ExpEvent 1 | ExpMass 0.048096 | best_tail 0.4883@61
2026-08-30 19:21:12,398 - ear_direct_cifar10_s_IF100_alpha0p5_h2_m4_seed42_eps0p75_ca0p7_w30_taw1p5.log - INFO - EAR Round 61 | targetExp 1 targetSamples 25 tailExpRate 1.0000 | gradShare 0.162779 | Retention proj 0.553623 -> 0.553623 (gain 0.000000) | cos 0.910863 -> 0.910863
2026-08-30 19:21:12,401 - ear_direct_cifar10_s_IF100_alpha0p5_h2_m4_seed42_eps0p75_ca0p7_w30_taw1p5.log - INFO - Round 62 selected clients: [9, 16, 17, 18]
2026-08-30 19:21:27,152 - ear_direct_cifar10_s_IF100_alpha0p5_h2_m4_seed42_eps0p75_ca0p7_w30_taw1p5.log - INFO - Round 62 | Global 0.6076 | Head 0.7667 | Middle 0.6022 | Tail 0.4557 | Hmean 0.5716 | ExpEvent 0 | ExpMass 0.033658 | best_tail 0.4883@61
2026-08-30 19:21:27,152 - ear_direct_cifar10_s_IF100_alpha0p5_h2_m4_seed42_eps0p75_ca0p7_w30_taw1p5.log - INFO - EAR Round 62 | targetExp 0 targetSamples 0 tailExpRate 0.6667 | gradShare 0.128728 | Retention proj 0.591188 -> 0.591188 (gain 0.000000) | cos 0.972193 -> 0.972193
2026-08-30 19:21:27,155 - ear_direct_cifar10_s_IF100_alpha0p5_h2_m4_seed42_eps0p75_ca0p7_w30_taw1p5.log - INFO - Round 63 selected clients: [1, 7, 12, 16]
2026-08-30 19:21:42,202 - ear_direct_cifar10_s_IF100_alpha0p5_h2_m4_seed42_eps0p75_ca0p7_w30_taw1p5.log - INFO - Round 63 | Global 0.5847 | Head 0.8487 | Middle 0.5910 | Tail 0.3123 | Hmean 0.4566 | ExpEvent 0 | ExpMass 0.000403 | best_tail 0.4883@61
2026-08-30 19:21:42,202 - ear_direct_cifar10_s_IF100_alpha0p5_h2_m4_seed42_eps0p75_ca0p7_w30_taw1p5.log - INFO - EAR Round 63 | targetExp 0 targetSamples 0 tailExpRate 0.3333 | gradShare 0.051808 | Retention proj 0.642386 -> 0.642386 (gain 0.000000) | cos 0.965910 -> 0.965910
2026-08-30 19:21:42,206 - ear_direct_cifar10_s_IF100_alpha0p5_h2_m4_seed42_eps0p75_ca0p7_w30_taw1p5.log - INFO - Round 64 selected clients: [1, 5, 7, 10]
2026-08-30 19:21:55,039 - ear_direct_cifar10_s_IF100_alpha0p5_h2_m4_seed42_eps0p75_ca0p7_w30_taw1p5.log - INFO - Round 64 | Global 0.5550 | Head 0.8250 | Middle 0.5637 | Tail 0.2733 | Hmean 0.4106 | ExpEvent 0 | ExpMass 0.011689 | best_tail 0.4883@61
2026-08-30 19:21:55,040 - ear_direct_cifar10_s_IF100_alpha0p5_h2_m4_seed42_eps0p75_ca0p7_w30_taw1p5.log - INFO - EAR Round 64 | targetExp 0 targetSamples 0 tailExpRate 0.6667 | gradShare 0.078549 | Retention proj 0.288099 -> 0.288099 (gain 0.000000) | cos 0.937828 -> 0.937828
2026-08-30 19:21:55,043 - ear_direct_cifar10_s_IF100_alpha0p5_h2_m4_seed42_eps0p75_ca0p7_w30_taw1p5.log - INFO - Round 65 selected clients: [4, 5, 13, 16]
2026-08-30 19:22:08,534 - ear_direct_cifar10_s_IF100_alpha0p5_h2_m4_seed42_eps0p75_ca0p7_w30_taw1p5.log - INFO - Round 65 | Global 0.5420 | Head 0.7970 | Middle 0.5420 | Tail 0.2870 | Hmean 0.4220 | ExpEvent 1 | ExpMass 0.021548 | best_tail 0.4883@61
2026-08-30 19:22:08,535 - ear_direct_cifar10_s_IF100_alpha0p5_h2_m4_seed42_eps0p75_ca0p7_w30_taw1p5.log - INFO - EAR Round 65 | targetExp 1 targetSamples 25 tailExpRate 1.0000 | gradShare 0.147893 | Retention proj 0.120480 -> 0.120480 (gain 0.000000) | cos 0.382900 -> 0.382900
2026-08-30 19:22:08,539 - ear_direct_cifar10_s_IF100_alpha0p5_h2_m4_seed42_eps0p75_ca0p7_w30_taw1p5.log - INFO - Round 66 selected clients: [0, 10, 13, 16]
2026-08-30 19:22:22,568 - ear_direct_cifar10_s_IF100_alpha0p5_h2_m4_seed42_eps0p75_ca0p7_w30_taw1p5.log - INFO - Round 66 | Global 0.5424 | Head 0.8593 | Middle 0.5327 | Tail 0.2383 | Hmean 0.3731 | ExpEvent 0 | ExpMass 0.000000 | best_tail 0.4883@61
2026-08-30 19:22:22,568 - ear_direct_cifar10_s_IF100_alpha0p5_h2_m4_seed42_eps0p75_ca0p7_w30_taw1p5.log - INFO - EAR Round 66 | targetExp 0 targetSamples 0 tailExpRate 0.0000 | gradShare 0.033942 | Retention proj 0.000000 -> 0.000000 (gain 0.000000) | cos 0.000000 -> 0.000000
2026-08-30 19:22:22,571 - ear_direct_cifar10_s_IF100_alpha0p5_h2_m4_seed42_eps0p75_ca0p7_w30_taw1p5.log - INFO - Round 67 selected clients: [3, 8, 13, 19]
2026-08-30 19:22:35,496 - ear_direct_cifar10_s_IF100_alpha0p5_h2_m4_seed42_eps0p75_ca0p7_w30_taw1p5.log - INFO - Round 67 | Global 0.5766 | Head 0.8093 | Middle 0.5815 | Tail 0.3373 | Hmean 0.4762 | ExpEvent 0 | ExpMass 0.017923 | best_tail 0.4883@61
2026-08-30 19:22:35,496 - ear_direct_cifar10_s_IF100_alpha0p5_h2_m4_seed42_eps0p75_ca0p7_w30_taw1p5.log - INFO - EAR Round 67 | targetExp 0 targetSamples 0 tailExpRate 0.6667 | gradShare 0.096858 | Retention proj 0.484849 -> 0.484849 (gain 0.000000) | cos 0.999887 -> 0.999887
2026-08-30 19:22:35,500 - ear_direct_cifar10_s_IF100_alpha0p5_h2_m4_seed42_eps0p75_ca0p7_w30_taw1p5.log - INFO - Round 68 selected clients: [0, 5, 8, 15]
2026-08-30 19:22:48,812 - ear_direct_cifar10_s_IF100_alpha0p5_h2_m4_seed42_eps0p75_ca0p7_w30_taw1p5.log - INFO - Round 68 | Global 0.5797 | Head 0.7670 | Middle 0.6532 | Tail 0.2943 | Hmean 0.4254 | ExpEvent 0 | ExpMass 0.012530 | best_tail 0.4883@61
2026-08-30 19:22:48,812 - ear_direct_cifar10_s_IF100_alpha0p5_h2_m4_seed42_eps0p75_ca0p7_w30_taw1p5.log - INFO - EAR Round 68 | targetExp 0 targetSamples 0 tailExpRate 0.6667 | gradShare 0.078955 | Retention proj 0.524762 -> 0.524762 (gain 0.000000) | cos 0.869837 -> 0.869837
2026-08-30 19:22:48,816 - ear_direct_cifar10_s_IF100_alpha0p5_h2_m4_seed42_eps0p75_ca0p7_w30_taw1p5.log - INFO - Round 69 selected clients: [3, 5, 16, 18]
2026-08-30 19:23:02,791 - ear_direct_cifar10_s_IF100_alpha0p5_h2_m4_seed42_eps0p75_ca0p7_w30_taw1p5.log - INFO - Round 69 | Global 0.5361 | Head 0.7473 | Middle 0.4990 | Tail 0.3743 | Hmean 0.4988 | ExpEvent 0 | ExpMass 0.029711 | best_tail 0.4883@61
2026-08-30 19:23:02,792 - ear_direct_cifar10_s_IF100_alpha0p5_h2_m4_seed42_eps0p75_ca0p7_w30_taw1p5.log - INFO - EAR Round 69 | targetExp 0 targetSamples 0 tailExpRate 0.6667 | gradShare 0.141383 | Retention proj 0.698359 -> 0.698359 (gain 0.000000) | cos 0.998755 -> 0.998755
2026-08-30 19:23:02,794 - ear_direct_cifar10_s_IF100_alpha0p5_h2_m4_seed42_eps0p75_ca0p7_w30_taw1p5.log - INFO - Round 70 selected clients: [2, 6, 12, 18]
2026-08-30 19:23:15,882 - ear_direct_cifar10_s_IF100_alpha0p5_h2_m4_seed42_eps0p75_ca0p7_w30_taw1p5.log - INFO - Round 70 | Global 0.6005 | Head 0.7430 | Middle 0.5980 | Tail 0.4613 | Hmean 0.5692 | ExpEvent 1 | ExpMass 0.047276 | best_tail 0.4883@61
2026-08-30 19:23:15,882 - ear_direct_cifar10_s_IF100_alpha0p5_h2_m4_seed42_eps0p75_ca0p7_w30_taw1p5.log - INFO - EAR Round 70 | targetExp 1 targetSamples 25 tailExpRate 1.0000 | gradShare 0.145021 | Retention proj 0.594195 -> 0.594195 (gain 0.000000) | cos 0.985456 -> 0.985456
2026-08-30 19:23:15,904 - ear_direct_cifar10_s_IF100_alpha0p5_h2_m4_seed42_eps0p75_ca0p7_w30_taw1p5.log - INFO - Checkpoint @70 | Global 0.6005 | Head 0.7430 | Middle 0.5980 | Tail 0.4613 | Hmean 0.5692
2026-08-30 19:23:15,905 - ear_direct_cifar10_s_IF100_alpha0p5_h2_m4_seed42_eps0p75_ca0p7_w30_taw1p5.log - INFO - Round 71 selected clients: [0, 3, 11, 14]
2026-08-30 19:23:28,960 - ear_direct_cifar10_s_IF100_alpha0p5_h2_m4_seed42_eps0p75_ca0p7_w30_taw1p5.log - INFO - Round 71 | Global 0.5763 | Head 0.7737 | Middle 0.5900 | Tail 0.3607 | Hmean 0.4920 | ExpEvent 0 | ExpMass 0.006083 | best_tail 0.4883@61
2026-08-30 19:23:28,961 - ear_direct_cifar10_s_IF100_alpha0p5_h2_m4_seed42_eps0p75_ca0p7_w30_taw1p5.log - INFO - EAR Round 71 | targetExp 0 targetSamples 0 tailExpRate 0.6667 | gradShare 0.071830 | Retention proj 0.419033 -> 0.419033 (gain 0.000000) | cos 0.445140 -> 0.445140
2026-08-30 19:23:28,964 - ear_direct_cifar10_s_IF100_alpha0p5_h2_m4_seed42_eps0p75_ca0p7_w30_taw1p5.log - INFO - Round 72 selected clients: [2, 10, 13, 14]
2026-08-30 19:23:42,528 - ear_direct_cifar10_s_IF100_alpha0p5_h2_m4_seed42_eps0p75_ca0p7_w30_taw1p5.log - INFO - Round 72 | Global 0.5991 | Head 0.8297 | Middle 0.5925 | Tail 0.3773 | Hmean 0.5187 | ExpEvent 0 | ExpMass 0.010480 | best_tail 0.4883@61
2026-08-30 19:23:42,528 - ear_direct_cifar10_s_IF100_alpha0p5_h2_m4_seed42_eps0p75_ca0p7_w30_taw1p5.log - INFO - EAR Round 72 | targetExp 0 targetSamples 0 tailExpRate 0.6667 | gradShare 0.074648 | Retention proj 0.195973 -> 0.195973 (gain 0.000000) | cos 0.981271 -> 0.981271
2026-08-30 19:23:42,531 - ear_direct_cifar10_s_IF100_alpha0p5_h2_m4_seed42_eps0p75_ca0p7_w30_taw1p5.log - INFO - Round 73 selected clients: [0, 4, 10, 18]
2026-08-30 19:23:55,840 - ear_direct_cifar10_s_IF100_alpha0p5_h2_m4_seed42_eps0p75_ca0p7_w30_taw1p5.log - INFO - Round 73 | Global 0.5870 | Head 0.7553 | Middle 0.5958 | Tail 0.4070 | Hmean 0.5290 | ExpEvent 1 | ExpMass 0.021609 | best_tail 0.4883@61
2026-08-30 19:23:55,840 - ear_direct_cifar10_s_IF100_alpha0p5_h2_m4_seed42_eps0p75_ca0p7_w30_taw1p5.log - INFO - EAR Round 73 | targetExp 1 targetSamples 25 tailExpRate 1.0000 | gradShare 0.140770 | Retention proj 0.078354 -> 0.078354 (gain 0.000000) | cos 0.387289 -> 0.387289
2026-08-30 19:23:55,842 - ear_direct_cifar10_s_IF100_alpha0p5_h2_m4_seed42_eps0p75_ca0p7_w30_taw1p5.log - INFO - Round 74 selected clients: [0, 8, 14, 19]
2026-08-30 19:24:08,887 - ear_direct_cifar10_s_IF100_alpha0p5_h2_m4_seed42_eps0p75_ca0p7_w30_taw1p5.log - INFO - Round 74 | Global 0.5919 | Head 0.7967 | Middle 0.5695 | Tail 0.4170 | Hmean 0.5475 | ExpEvent 0 | ExpMass 0.011736 | best_tail 0.4883@61
2026-08-30 19:24:08,888 - ear_direct_cifar10_s_IF100_alpha0p5_h2_m4_seed42_eps0p75_ca0p7_w30_taw1p5.log - INFO - EAR Round 74 | targetExp 0 targetSamples 0 tailExpRate 0.6667 | gradShare 0.087841 | Retention proj 0.170075 -> 0.170075 (gain 0.000000) | cos 0.946128 -> 0.946128
2026-08-30 19:24:08,891 - ear_direct_cifar10_s_IF100_alpha0p5_h2_m4_seed42_eps0p75_ca0p7_w30_taw1p5.log - INFO - Round 75 selected clients: [2, 4, 13, 16]
2026-08-30 19:24:21,865 - ear_direct_cifar10_s_IF100_alpha0p5_h2_m4_seed42_eps0p75_ca0p7_w30_taw1p5.log - INFO - Round 75 | Global 0.5848 | Head 0.8187 | Middle 0.5685 | Tail 0.3727 | Hmean 0.5122 | ExpEvent 1 | ExpMass 0.020343 | best_tail 0.4883@61
2026-08-30 19:24:21,865 - ear_direct_cifar10_s_IF100_alpha0p5_h2_m4_seed42_eps0p75_ca0p7_w30_taw1p5.log - INFO - EAR Round 75 | targetExp 1 targetSamples 25 tailExpRate 1.0000 | gradShare 0.140790 | Retention proj -0.007539 -> -0.007539 (gain 0.000000) | cos 0.131416 -> 0.131416
2026-08-30 19:24:21,868 - ear_direct_cifar10_s_IF100_alpha0p5_h2_m4_seed42_eps0p75_ca0p7_w30_taw1p5.log - INFO - Round 76 selected clients: [3, 4, 8, 18]
2026-08-30 19:24:34,753 - ear_direct_cifar10_s_IF100_alpha0p5_h2_m4_seed42_eps0p75_ca0p7_w30_taw1p5.log - INFO - Round 76 | Global 0.6064 | Head 0.7947 | Middle 0.5945 | Tail 0.4340 | Hmean 0.5614 | ExpEvent 1 | ExpMass 0.027789 | best_tail 0.4883@61
2026-08-30 19:24:34,754 - ear_direct_cifar10_s_IF100_alpha0p5_h2_m4_seed42_eps0p75_ca0p7_w30_taw1p5.log - INFO - EAR Round 76 | targetExp 1 targetSamples 25 tailExpRate 1.0000 | gradShare 0.174259 | Retention proj 0.195423 -> 0.195423 (gain 0.000000) | cos 0.810429 -> 0.810429
2026-08-30 19:24:34,757 - ear_direct_cifar10_s_IF100_alpha0p5_h2_m4_seed42_eps0p75_ca0p7_w30_taw1p5.log - INFO - Round 77 selected clients: [5, 11, 13, 18]
2026-08-30 19:24:47,517 - ear_direct_cifar10_s_IF100_alpha0p5_h2_m4_seed42_eps0p75_ca0p7_w30_taw1p5.log - INFO - Round 77 | Global 0.5698 | Head 0.7807 | Middle 0.5583 | Tail 0.3743 | Hmean 0.5060 | ExpEvent 0 | ExpMass 0.023463 | best_tail 0.4883@61
2026-08-30 19:24:47,518 - ear_direct_cifar10_s_IF100_alpha0p5_h2_m4_seed42_eps0p75_ca0p7_w30_taw1p5.log - INFO - EAR Round 77 | targetExp 0 targetSamples 0 tailExpRate 0.6667 | gradShare 0.120307 | Retention proj 0.422937 -> 0.422937 (gain 0.000000) | cos 0.967353 -> 0.967353
2026-08-30 19:24:47,521 - ear_direct_cifar10_s_IF100_alpha0p5_h2_m4_seed42_eps0p75_ca0p7_w30_taw1p5.log - INFO - Round 78 selected clients: [2, 5, 11, 18]
2026-08-30 19:25:00,422 - ear_direct_cifar10_s_IF100_alpha0p5_h2_m4_seed42_eps0p75_ca0p7_w30_taw1p5.log - INFO - Round 78 | Global 0.6248 | Head 0.7607 | Middle 0.6365 | Tail 0.4733 | Hmean 0.5835 | ExpEvent 0 | ExpMass 0.033967 | best_tail 0.4883@61
2026-08-30 19:25:00,423 - ear_direct_cifar10_s_IF100_alpha0p5_h2_m4_seed42_eps0p75_ca0p7_w30_taw1p5.log - INFO - EAR Round 78 | targetExp 0 targetSamples 0 tailExpRate 0.6667 | gradShare 0.116650 | Retention proj 0.725564 -> 0.725564 (gain 0.000000) | cos 0.999601 -> 0.999601
2026-08-30 19:25:00,425 - ear_direct_cifar10_s_IF100_alpha0p5_h2_m4_seed42_eps0p75_ca0p7_w30_taw1p5.log - INFO - Round 79 selected clients: [5, 8, 15, 17]
2026-08-30 19:25:13,721 - ear_direct_cifar10_s_IF100_alpha0p5_h2_m4_seed42_eps0p75_ca0p7_w30_taw1p5.log - INFO - Round 79 | Global 0.6007 | Head 0.7490 | Middle 0.6670 | Tail 0.3640 | Hmean 0.4899 | ExpEvent 0 | ExpMass 0.032349 | best_tail 0.4883@61
2026-08-30 19:25:13,721 - ear_direct_cifar10_s_IF100_alpha0p5_h2_m4_seed42_eps0p75_ca0p7_w30_taw1p5.log - INFO - EAR Round 79 | targetExp 0 targetSamples 0 tailExpRate 0.6667 | gradShare 0.152638 | Retention proj 0.794037 -> 0.794037 (gain 0.000000) | cos 0.996439 -> 0.996439
2026-08-30 19:25:13,724 - ear_direct_cifar10_s_IF100_alpha0p5_h2_m4_seed42_eps0p75_ca0p7_w30_taw1p5.log - INFO - Round 80 selected clients: [5, 7, 10, 11]
2026-08-30 19:25:26,972 - ear_direct_cifar10_s_IF100_alpha0p5_h2_m4_seed42_eps0p75_ca0p7_w30_taw1p5.log - INFO - Round 80 | Global 0.5777 | Head 0.7847 | Middle 0.6148 | Tail 0.3213 | Hmean 0.4559 | ExpEvent 0 | ExpMass 0.011694 | best_tail 0.4883@61
2026-08-30 19:25:26,973 - ear_direct_cifar10_s_IF100_alpha0p5_h2_m4_seed42_eps0p75_ca0p7_w30_taw1p5.log - INFO - EAR Round 80 | targetExp 0 targetSamples 0 tailExpRate 0.6667 | gradShare 0.103329 | Retention proj 0.283408 -> 0.283408 (gain 0.000000) | cos 0.945231 -> 0.945231
2026-08-30 19:25:27,000 - ear_direct_cifar10_s_IF100_alpha0p5_h2_m4_seed42_eps0p75_ca0p7_w30_taw1p5.log - INFO - Checkpoint @80 | Global 0.5777 | Head 0.7847 | Middle 0.6148 | Tail 0.3213 | Hmean 0.4559
2026-08-30 19:25:27,002 - ear_direct_cifar10_s_IF100_alpha0p5_h2_m4_seed42_eps0p75_ca0p7_w30_taw1p5.log - INFO - Round 81 selected clients: [0, 9, 14, 17]
2026-08-30 19:25:40,084 - ear_direct_cifar10_s_IF100_alpha0p5_h2_m4_seed42_eps0p75_ca0p7_w30_taw1p5.log - INFO - Round 81 | Global 0.5886 | Head 0.7893 | Middle 0.6402 | Tail 0.3190 | Hmean 0.4544 | ExpEvent 0 | ExpMass 0.021818 | best_tail 0.4883@61
2026-08-30 19:25:40,084 - ear_direct_cifar10_s_IF100_alpha0p5_h2_m4_seed42_eps0p75_ca0p7_w30_taw1p5.log - INFO - EAR Round 81 | targetExp 0 targetSamples 0 tailExpRate 0.6667 | gradShare 0.094811 | Retention proj 0.416702 -> 0.416702 (gain 0.000000) | cos 0.960306 -> 0.960306
2026-08-30 19:25:40,087 - ear_direct_cifar10_s_IF100_alpha0p5_h2_m4_seed42_eps0p75_ca0p7_w30_taw1p5.log - INFO - Round 82 selected clients: [3, 4, 12, 15]
2026-08-30 19:25:53,422 - ear_direct_cifar10_s_IF100_alpha0p5_h2_m4_seed42_eps0p75_ca0p7_w30_taw1p5.log - INFO - Round 82 | Global 0.6041 | Head 0.8090 | Middle 0.6577 | Tail 0.3277 | Hmean 0.4665 | ExpEvent 1 | ExpMass 0.017311 | best_tail 0.4883@61
2026-08-30 19:25:53,422 - ear_direct_cifar10_s_IF100_alpha0p5_h2_m4_seed42_eps0p75_ca0p7_w30_taw1p5.log - INFO - EAR Round 82 | targetExp 1 targetSamples 25 tailExpRate 1.0000 | gradShare 0.134965 | Retention proj 0.503677 -> 0.503677 (gain 0.000000) | cos 0.493387 -> 0.493387
2026-08-30 19:25:53,426 - ear_direct_cifar10_s_IF100_alpha0p5_h2_m4_seed42_eps0p75_ca0p7_w30_taw1p5.log - INFO - Round 83 selected clients: [6, 13, 17, 18]
2026-08-30 19:26:06,840 - ear_direct_cifar10_s_IF100_alpha0p5_h2_m4_seed42_eps0p75_ca0p7_w30_taw1p5.log - INFO - Round 83 | Global 0.5953 | Head 0.8173 | Middle 0.5473 | Tail 0.4373 | Hmean 0.5698 | ExpEvent 1 | ExpMass 0.056112 | best_tail 0.4883@61
2026-08-30 19:26:06,841 - ear_direct_cifar10_s_IF100_alpha0p5_h2_m4_seed42_eps0p75_ca0p7_w30_taw1p5.log - INFO - EAR Round 83 | targetExp 1 targetSamples 25 tailExpRate 1.0000 | gradShare 0.167705 | Retention proj 0.562860 -> 0.562860 (gain 0.000000) | cos 0.940347 -> 0.940347
2026-08-30 19:26:06,844 - ear_direct_cifar10_s_IF100_alpha0p5_h2_m4_seed42_eps0p75_ca0p7_w30_taw1p5.log - INFO - Round 84 selected clients: [0, 1, 6, 13]
2026-08-30 19:26:19,827 - ear_direct_cifar10_s_IF100_alpha0p5_h2_m4_seed42_eps0p75_ca0p7_w30_taw1p5.log - INFO - Round 84 | Global 0.6178 | Head 0.7630 | Middle 0.5673 | Tail 0.5400 | Hmean 0.6324 | ExpEvent 1 | ExpMass 0.024750 | best_tail 0.5400@84
2026-08-30 19:26:19,827 - ear_direct_cifar10_s_IF100_alpha0p5_h2_m4_seed42_eps0p75_ca0p7_w30_taw1p5.log - INFO - EAR Round 84 | targetExp 1 targetSamples 25 tailExpRate 1.0000 | gradShare 0.098884 | Retention proj 0.188628 -> 0.188628 (gain 0.000000) | cos 0.809151 -> 0.809151
2026-08-30 19:26:19,831 - ear_direct_cifar10_s_IF100_alpha0p5_h2_m4_seed42_eps0p75_ca0p7_w30_taw1p5.log - INFO - Round 85 selected clients: [3, 4, 7, 11]
2026-08-30 19:26:32,783 - ear_direct_cifar10_s_IF100_alpha0p5_h2_m4_seed42_eps0p75_ca0p7_w30_taw1p5.log - INFO - Round 85 | Global 0.6044 | Head 0.8327 | Middle 0.5607 | Tail 0.4343 | Hmean 0.5709 | ExpEvent 1 | ExpMass 0.016058 | best_tail 0.5400@84
2026-08-30 19:26:32,783 - ear_direct_cifar10_s_IF100_alpha0p5_h2_m4_seed42_eps0p75_ca0p7_w30_taw1p5.log - INFO - EAR Round 85 | targetExp 1 targetSamples 25 tailExpRate 1.0000 | gradShare 0.152517 | Retention proj 0.008985 -> 0.008985 (gain 0.000000) | cos 0.201291 -> 0.201291
2026-08-30 19:26:32,786 - ear_direct_cifar10_s_IF100_alpha0p5_h2_m4_seed42_eps0p75_ca0p7_w30_taw1p5.log - INFO - Round 86 selected clients: [10, 11, 14, 15]
2026-08-30 19:26:45,603 - ear_direct_cifar10_s_IF100_alpha0p5_h2_m4_seed42_eps0p75_ca0p7_w30_taw1p5.log - INFO - Round 86 | Global 0.5904 | Head 0.8243 | Middle 0.6105 | Tail 0.3297 | Hmean 0.4710 | ExpEvent 0 | ExpMass 0.000809 | best_tail 0.5400@84
2026-08-30 19:26:45,603 - ear_direct_cifar10_s_IF100_alpha0p5_h2_m4_seed42_eps0p75_ca0p7_w30_taw1p5.log - INFO - EAR Round 86 | targetExp 0 targetSamples 0 tailExpRate 0.3333 | gradShare 0.058152 | Retention proj 0.301280 -> 0.301280 (gain 0.000000) | cos 0.956497 -> 0.956497
2026-08-30 19:26:45,607 - ear_direct_cifar10_s_IF100_alpha0p5_h2_m4_seed42_eps0p75_ca0p7_w30_taw1p5.log - INFO - Round 87 selected clients: [7, 8, 14, 18]
2026-08-30 19:26:58,562 - ear_direct_cifar10_s_IF100_alpha0p5_h2_m4_seed42_eps0p75_ca0p7_w30_taw1p5.log - INFO - Round 87 | Global 0.5922 | Head 0.8080 | Middle 0.5942 | Tail 0.3737 | Hmean 0.5110 | ExpEvent 0 | ExpMass 0.011731 | best_tail 0.5400@84
2026-08-30 19:26:58,562 - ear_direct_cifar10_s_IF100_alpha0p5_h2_m4_seed42_eps0p75_ca0p7_w30_taw1p5.log - INFO - EAR Round 87 | targetExp 0 targetSamples 0 tailExpRate 0.6667 | gradShare 0.070618 | Retention proj 0.238784 -> 0.238784 (gain 0.000000) | cos 0.999593 -> 0.999593
2026-08-30 19:26:58,566 - ear_direct_cifar10_s_IF100_alpha0p5_h2_m4_seed42_eps0p75_ca0p7_w30_taw1p5.log - INFO - Round 88 selected clients: [0, 2, 12, 14]
2026-08-30 19:27:11,996 - ear_direct_cifar10_s_IF100_alpha0p5_h2_m4_seed42_eps0p75_ca0p7_w30_taw1p5.log - INFO - Round 88 | Global 0.6200 | Head 0.7807 | Middle 0.6635 | Tail 0.4013 | Hmean 0.5301 | ExpEvent 0 | ExpMass 0.010878 | best_tail 0.5400@84
2026-08-30 19:27:11,997 - ear_direct_cifar10_s_IF100_alpha0p5_h2_m4_seed42_eps0p75_ca0p7_w30_taw1p5.log - INFO - EAR Round 88 | targetExp 0 targetSamples 0 tailExpRate 0.6667 | gradShare 0.056006 | Retention proj 0.228481 -> 0.228481 (gain 0.000000) | cos 0.499699 -> 0.499699
2026-08-30 19:27:12,000 - ear_direct_cifar10_s_IF100_alpha0p5_h2_m4_seed42_eps0p75_ca0p7_w30_taw1p5.log - INFO - Round 89 selected clients: [2, 5, 9, 14]
2026-08-30 19:27:25,670 - ear_direct_cifar10_s_IF100_alpha0p5_h2_m4_seed42_eps0p75_ca0p7_w30_taw1p5.log - INFO - Round 89 | Global 0.6130 | Head 0.7367 | Middle 0.6585 | Tail 0.4287 | Hmean 0.5420 | ExpEvent 0 | ExpMass 0.024242 | best_tail 0.5400@84
2026-08-30 19:27:25,670 - ear_direct_cifar10_s_IF100_alpha0p5_h2_m4_seed42_eps0p75_ca0p7_w30_taw1p5.log - INFO - EAR Round 89 | targetExp 0 targetSamples 0 tailExpRate 0.6667 | gradShare 0.100565 | Retention proj 0.710213 -> 0.710213 (gain 0.000000) | cos 0.999116 -> 0.999116
2026-08-30 19:27:25,673 - ear_direct_cifar10_s_IF100_alpha0p5_h2_m4_seed42_eps0p75_ca0p7_w30_taw1p5.log - INFO - Round 90 selected clients: [7, 12, 13, 14]
2026-08-30 19:27:38,812 - ear_direct_cifar10_s_IF100_alpha0p5_h2_m4_seed42_eps0p75_ca0p7_w30_taw1p5.log - INFO - Round 90 | Global 0.5979 | Head 0.7930 | Middle 0.6637 | Tail 0.3150 | Hmean 0.4509 | ExpEvent 0 | ExpMass 0.000403 | best_tail 0.5400@84
2026-08-30 19:27:38,813 - ear_direct_cifar10_s_IF100_alpha0p5_h2_m4_seed42_eps0p75_ca0p7_w30_taw1p5.log - INFO - EAR Round 90 | targetExp 0 targetSamples 0 tailExpRate 0.3333 | gradShare 0.059872 | Retention proj 0.420904 -> 0.420904 (gain 0.000000) | cos 0.993946 -> 0.993946
2026-08-30 19:27:38,836 - ear_direct_cifar10_s_IF100_alpha0p5_h2_m4_seed42_eps0p75_ca0p7_w30_taw1p5.log - INFO - Checkpoint @90 | Global 0.5979 | Head 0.7930 | Middle 0.6637 | Tail 0.3150 | Hmean 0.4509
2026-08-30 19:27:38,837 - ear_direct_cifar10_s_IF100_alpha0p5_h2_m4_seed42_eps0p75_ca0p7_w30_taw1p5.log - INFO - Round 91 selected clients: [7, 9, 16, 17]
2026-08-30 19:27:51,835 - ear_direct_cifar10_s_IF100_alpha0p5_h2_m4_seed42_eps0p75_ca0p7_w30_taw1p5.log - INFO - Round 91 | Global 0.6004 | Head 0.8123 | Middle 0.6583 | Tail 0.3113 | Hmean 0.4501 | ExpEvent 0 | ExpMass 0.021827 | best_tail 0.5400@84
2026-08-30 19:27:51,835 - ear_direct_cifar10_s_IF100_alpha0p5_h2_m4_seed42_eps0p75_ca0p7_w30_taw1p5.log - INFO - EAR Round 91 | targetExp 0 targetSamples 0 tailExpRate 0.6667 | gradShare 0.108971 | Retention proj 0.593455 -> 0.593455 (gain 0.000000) | cos 0.952575 -> 0.952575
2026-08-30 19:27:51,838 - ear_direct_cifar10_s_IF100_alpha0p5_h2_m4_seed42_eps0p75_ca0p7_w30_taw1p5.log - INFO - Round 92 selected clients: [7, 12, 13, 18]
2026-08-30 19:28:05,328 - ear_direct_cifar10_s_IF100_alpha0p5_h2_m4_seed42_eps0p75_ca0p7_w30_taw1p5.log - INFO - Round 92 | Global 0.6040 | Head 0.8183 | Middle 0.6295 | Tail 0.3557 | Hmean 0.4959 | ExpEvent 0 | ExpMass 0.012136 | best_tail 0.5400@84
2026-08-30 19:28:05,328 - ear_direct_cifar10_s_IF100_alpha0p5_h2_m4_seed42_eps0p75_ca0p7_w30_taw1p5.log - INFO - EAR Round 92 | targetExp 0 targetSamples 0 tailExpRate 0.6667 | gradShare 0.068356 | Retention proj 0.296864 -> 0.296864 (gain 0.000000) | cos 0.924964 -> 0.924964
2026-08-30 19:28:05,332 - ear_direct_cifar10_s_IF100_alpha0p5_h2_m4_seed42_eps0p75_ca0p7_w30_taw1p5.log - INFO - Round 93 selected clients: [0, 2, 6, 10]
2026-08-30 19:28:19,320 - ear_direct_cifar10_s_IF100_alpha0p5_h2_m4_seed42_eps0p75_ca0p7_w30_taw1p5.log - INFO - Round 93 | Global 0.6304 | Head 0.7987 | Middle 0.6408 | Tail 0.4483 | Hmean 0.5743 | ExpEvent 1 | ExpMass 0.035130 | best_tail 0.5400@84
2026-08-30 19:28:19,321 - ear_direct_cifar10_s_IF100_alpha0p5_h2_m4_seed42_eps0p75_ca0p7_w30_taw1p5.log - INFO - EAR Round 93 | targetExp 1 targetSamples 25 tailExpRate 1.0000 | gradShare 0.109598 | Retention proj 0.393153 -> 0.393153 (gain 0.000000) | cos 0.998804 -> 0.998804
2026-08-30 19:28:19,324 - ear_direct_cifar10_s_IF100_alpha0p5_h2_m4_seed42_eps0p75_ca0p7_w30_taw1p5.log - INFO - Round 94 selected clients: [0, 10, 15, 19]
2026-08-30 19:28:33,132 - ear_direct_cifar10_s_IF100_alpha0p5_h2_m4_seed42_eps0p75_ca0p7_w30_taw1p5.log - INFO - Round 94 | Global 0.6087 | Head 0.7420 | Middle 0.6098 | Tail 0.4740 | Hmean 0.5785 | ExpEvent 0 | ExpMass 0.012581 | best_tail 0.5400@84
2026-08-30 19:28:33,133 - ear_direct_cifar10_s_IF100_alpha0p5_h2_m4_seed42_eps0p75_ca0p7_w30_taw1p5.log - INFO - EAR Round 94 | targetExp 0 targetSamples 0 tailExpRate 0.6667 | gradShare 0.080771 | Retention proj 0.313005 -> 0.313005 (gain 0.000000) | cos 0.903676 -> 0.903676
2026-08-30 19:28:33,136 - ear_direct_cifar10_s_IF100_alpha0p5_h2_m4_seed42_eps0p75_ca0p7_w30_taw1p5.log - INFO - Round 95 selected clients: [1, 4, 14, 19]
2026-08-30 19:28:46,477 - ear_direct_cifar10_s_IF100_alpha0p5_h2_m4_seed42_eps0p75_ca0p7_w30_taw1p5.log - INFO - Round 95 | Global 0.6272 | Head 0.8017 | Middle 0.6045 | Tail 0.4830 | Hmean 0.6028 | ExpEvent 1 | ExpMass 0.021626 | best_tail 0.5400@84
2026-08-30 19:28:46,478 - ear_direct_cifar10_s_IF100_alpha0p5_h2_m4_seed42_eps0p75_ca0p7_w30_taw1p5.log - INFO - EAR Round 95 | targetExp 1 targetSamples 25 tailExpRate 1.0000 | gradShare 0.158342 | Retention proj 0.071377 -> 0.071377 (gain 0.000000) | cos 0.410932 -> 0.410932
2026-08-30 19:28:46,482 - ear_direct_cifar10_s_IF100_alpha0p5_h2_m4_seed42_eps0p75_ca0p7_w30_taw1p5.log - INFO - Round 96 selected clients: [1, 3, 11, 18]
2026-08-30 19:28:59,800 - ear_direct_cifar10_s_IF100_alpha0p5_h2_m4_seed42_eps0p75_ca0p7_w30_taw1p5.log - INFO - Round 96 | Global 0.6357 | Head 0.8163 | Middle 0.6220 | Tail 0.4733 | Hmean 0.5992 | ExpEvent 0 | ExpMass 0.017901 | best_tail 0.5400@84
2026-08-30 19:28:59,800 - ear_direct_cifar10_s_IF100_alpha0p5_h2_m4_seed42_eps0p75_ca0p7_w30_taw1p5.log - INFO - EAR Round 96 | targetExp 0 targetSamples 0 tailExpRate 0.6667 | gradShare 0.099581 | Retention proj 0.360036 -> 0.360036 (gain 0.000000) | cos 0.938259 -> 0.938259
2026-08-30 19:28:59,804 - ear_direct_cifar10_s_IF100_alpha0p5_h2_m4_seed42_eps0p75_ca0p7_w30_taw1p5.log - INFO - Round 97 selected clients: [1, 8, 9, 11]
2026-08-30 19:29:13,521 - ear_direct_cifar10_s_IF100_alpha0p5_h2_m4_seed42_eps0p75_ca0p7_w30_taw1p5.log - INFO - Round 97 | Global 0.6076 | Head 0.8117 | Middle 0.6148 | Tail 0.3940 | Hmean 0.5305 | ExpEvent 0 | ExpMass 0.002020 | best_tail 0.5400@84
2026-08-30 19:29:13,521 - ear_direct_cifar10_s_IF100_alpha0p5_h2_m4_seed42_eps0p75_ca0p7_w30_taw1p5.log - INFO - EAR Round 97 | targetExp 0 targetSamples 0 tailExpRate 0.6667 | gradShare 0.055769 | Retention proj 0.284011 -> 0.284011 (gain 0.000000) | cos 0.532591 -> 0.532591
2026-08-30 19:29:13,525 - ear_direct_cifar10_s_IF100_alpha0p5_h2_m4_seed42_eps0p75_ca0p7_w30_taw1p5.log - INFO - Round 98 selected clients: [0, 2, 9, 12]
2026-08-30 19:29:27,672 - ear_direct_cifar10_s_IF100_alpha0p5_h2_m4_seed42_eps0p75_ca0p7_w30_taw1p5.log - INFO - Round 98 | Global 0.6302 | Head 0.7800 | Middle 0.6717 | Tail 0.4250 | Hmean 0.5502 | ExpEvent 0 | ExpMass 0.012924 | best_tail 0.5400@84
2026-08-30 19:29:27,672 - ear_direct_cifar10_s_IF100_alpha0p5_h2_m4_seed42_eps0p75_ca0p7_w30_taw1p5.log - INFO - EAR Round 98 | targetExp 0 targetSamples 0 tailExpRate 0.6667 | gradShare 0.052881 | Retention proj 0.485422 -> 0.485422 (gain 0.000000) | cos 0.877073 -> 0.877073
2026-08-30 19:29:27,675 - ear_direct_cifar10_s_IF100_alpha0p5_h2_m4_seed42_eps0p75_ca0p7_w30_taw1p5.log - INFO - Round 99 selected clients: [0, 13, 15, 16]
2026-08-30 19:29:41,580 - ear_direct_cifar10_s_IF100_alpha0p5_h2_m4_seed42_eps0p75_ca0p7_w30_taw1p5.log - INFO - Round 99 | Global 0.6039 | Head 0.7850 | Middle 0.6573 | Tail 0.3517 | Hmean 0.4858 | ExpEvent 0 | ExpMass 0.000808 | best_tail 0.5400@84
2026-08-30 19:29:41,581 - ear_direct_cifar10_s_IF100_alpha0p5_h2_m4_seed42_eps0p75_ca0p7_w30_taw1p5.log - INFO - EAR Round 99 | targetExp 0 targetSamples 0 tailExpRate 0.3333 | gradShare 0.043436 | Retention proj 0.324472 -> 0.324472 (gain 0.000000) | cos 0.649445 -> 0.649445
2026-08-30 19:29:41,584 - ear_direct_cifar10_s_IF100_alpha0p5_h2_m4_seed42_eps0p75_ca0p7_w30_taw1p5.log - INFO - Round 100 selected clients: [3, 7, 14, 16]
2026-08-30 19:29:55,524 - ear_direct_cifar10_s_IF100_alpha0p5_h2_m4_seed42_eps0p75_ca0p7_w30_taw1p5.log - INFO - Round 100 | Global 0.5927 | Head 0.8353 | Middle 0.6115 | Tail 0.3250 | Hmean 0.4679 | ExpEvent 0 | ExpMass 0.006085 | best_tail 0.5400@84
2026-08-30 19:29:55,525 - ear_direct_cifar10_s_IF100_alpha0p5_h2_m4_seed42_eps0p75_ca0p7_w30_taw1p5.log - INFO - EAR Round 100 | targetExp 0 targetSamples 0 tailExpRate 0.6667 | gradShare 0.068611 | Retention proj 0.149057 -> 0.149057 (gain 0.000000) | cos 0.902275 -> 0.902275
2026-08-30 19:29:55,554 - ear_direct_cifar10_s_IF100_alpha0p5_h2_m4_seed42_eps0p75_ca0p7_w30_taw1p5.log - INFO - Checkpoint @100 | Global 0.5927 | Head 0.8353 | Middle 0.6115 | Tail 0.3250 | Hmean 0.4679
2026-08-30 19:29:55,555 - ear_direct_cifar10_s_IF100_alpha0p5_h2_m4_seed42_eps0p75_ca0p7_w30_taw1p5.log - INFO - Round 101 selected clients: [5, 9, 10, 19]
2026-08-30 19:30:09,043 - ear_direct_cifar10_s_IF100_alpha0p5_h2_m4_seed42_eps0p75_ca0p7_w30_taw1p5.log - INFO - Round 101 | Global 0.6302 | Head 0.8103 | Middle 0.6428 | Tail 0.4333 | Hmean 0.5647 | ExpEvent 0 | ExpMass 0.025568 | best_tail 0.5400@84
2026-08-30 19:30:09,044 - ear_direct_cifar10_s_IF100_alpha0p5_h2_m4_seed42_eps0p75_ca0p7_w30_taw1p5.log - INFO - EAR Round 101 | targetExp 0 targetSamples 0 tailExpRate 0.6667 | gradShare 0.114216 | Retention proj 0.740994 -> 0.740994 (gain 0.000000) | cos 0.999982 -> 0.999982
2026-08-30 19:30:09,047 - ear_direct_cifar10_s_IF100_alpha0p5_h2_m4_seed42_eps0p75_ca0p7_w30_taw1p5.log - INFO - Round 102 selected clients: [3, 8, 12, 18]
2026-08-30 19:30:22,167 - ear_direct_cifar10_s_IF100_alpha0p5_h2_m4_seed42_eps0p75_ca0p7_w30_taw1p5.log - INFO - Round 102 | Global 0.5855 | Head 0.6450 | Middle 0.6555 | Tail 0.4327 | Hmean 0.5179 | ExpEvent 0 | ExpMass 0.018315 | best_tail 0.5400@84
2026-08-30 19:30:22,167 - ear_direct_cifar10_s_IF100_alpha0p5_h2_m4_seed42_eps0p75_ca0p7_w30_taw1p5.log - INFO - EAR Round 102 | targetExp 0 targetSamples 0 tailExpRate 0.6667 | gradShare 0.092584 | Retention proj 0.522353 -> 0.522353 (gain 0.000000) | cos 0.929529 -> 0.929529
2026-08-30 19:30:22,171 - ear_direct_cifar10_s_IF100_alpha0p5_h2_m4_seed42_eps0p75_ca0p7_w30_taw1p5.log - INFO - Round 103 selected clients: [10, 11, 12, 18]
2026-08-30 19:30:35,502 - ear_direct_cifar10_s_IF100_alpha0p5_h2_m4_seed42_eps0p75_ca0p7_w30_taw1p5.log - INFO - Round 103 | Global 0.6221 | Head 0.7870 | Middle 0.6488 | Tail 0.4217 | Hmean 0.5491 | ExpEvent 0 | ExpMass 0.012136 | best_tail 0.5400@84
2026-08-30 19:30:35,502 - ear_direct_cifar10_s_IF100_alpha0p5_h2_m4_seed42_eps0p75_ca0p7_w30_taw1p5.log - INFO - EAR Round 103 | targetExp 0 targetSamples 0 tailExpRate 0.6667 | gradShare 0.078949 | Retention proj 0.289341 -> 0.289341 (gain 0.000000) | cos 0.603354 -> 0.603354
2026-08-30 19:30:35,506 - ear_direct_cifar10_s_IF100_alpha0p5_h2_m4_seed42_eps0p75_ca0p7_w30_taw1p5.log - INFO - Round 104 selected clients: [6, 9, 11, 16]
2026-08-30 19:30:49,205 - ear_direct_cifar10_s_IF100_alpha0p5_h2_m4_seed42_eps0p75_ca0p7_w30_taw1p5.log - INFO - Round 104 | Global 0.6154 | Head 0.7873 | Middle 0.6498 | Tail 0.3977 | Hmean 0.5285 | ExpEvent 1 | ExpMass 0.026832 | best_tail 0.5400@84
2026-08-30 19:30:49,205 - ear_direct_cifar10_s_IF100_alpha0p5_h2_m4_seed42_eps0p75_ca0p7_w30_taw1p5.log - INFO - EAR Round 104 | targetExp 1 targetSamples 25 tailExpRate 1.0000 | gradShare 0.103344 | Retention proj 0.361272 -> 0.361272 (gain 0.000000) | cos 0.954641 -> 0.954641
2026-08-30 19:30:49,209 - ear_direct_cifar10_s_IF100_alpha0p5_h2_m4_seed42_eps0p75_ca0p7_w30_taw1p5.log - INFO - Round 105 selected clients: [1, 2, 6, 7]
2026-08-30 19:31:03,462 - ear_direct_cifar10_s_IF100_alpha0p5_h2_m4_seed42_eps0p75_ca0p7_w30_taw1p5.log - INFO - Round 105 | Global 0.6536 | Head 0.7433 | Middle 0.6540 | Tail 0.5633 | Hmean 0.6409 | ExpEvent 1 | ExpMass 0.035130 | best_tail 0.5633@105
2026-08-30 19:31:03,462 - ear_direct_cifar10_s_IF100_alpha0p5_h2_m4_seed42_eps0p75_ca0p7_w30_taw1p5.log - INFO - EAR Round 105 | targetExp 1 targetSamples 25 tailExpRate 1.0000 | gradShare 0.114199 | Retention proj 0.343393 -> 0.343393 (gain 0.000000) | cos 0.972555 -> 0.972555
2026-08-30 19:31:03,465 - ear_direct_cifar10_s_IF100_alpha0p5_h2_m4_seed42_eps0p75_ca0p7_w30_taw1p5.log - INFO - Round 106 selected clients: [7, 11, 13, 17]
2026-08-30 19:31:16,690 - ear_direct_cifar10_s_IF100_alpha0p5_h2_m4_seed42_eps0p75_ca0p7_w30_taw1p5.log - INFO - Round 106 | Global 0.6242 | Head 0.8227 | Middle 0.6278 | Tail 0.4210 | Hmean 0.5570 | ExpEvent 0 | ExpMass 0.019758 | best_tail 0.5633@105
2026-08-30 19:31:16,690 - ear_direct_cifar10_s_IF100_alpha0p5_h2_m4_seed42_eps0p75_ca0p7_w30_taw1p5.log - INFO - EAR Round 106 | targetExp 0 targetSamples 0 tailExpRate 0.6667 | gradShare 0.120401 | Retention proj 0.294940 -> 0.294940 (gain 0.000000) | cos 0.997197 -> 0.997197
2026-08-30 19:31:16,693 - ear_direct_cifar10_s_IF100_alpha0p5_h2_m4_seed42_eps0p75_ca0p7_w30_taw1p5.log - INFO - Round 107 selected clients: [0, 4, 12, 19]
2026-08-30 19:31:29,815 - ear_direct_cifar10_s_IF100_alpha0p5_h2_m4_seed42_eps0p75_ca0p7_w30_taw1p5.log - INFO - Round 107 | Global 0.6430 | Head 0.7953 | Middle 0.6522 | Tail 0.4783 | Hmean 0.5973 | ExpEvent 1 | ExpMass 0.022026 | best_tail 0.5633@105
2026-08-30 19:31:29,815 - ear_direct_cifar10_s_IF100_alpha0p5_h2_m4_seed42_eps0p75_ca0p7_w30_taw1p5.log - INFO - EAR Round 107 | targetExp 1 targetSamples 25 tailExpRate 1.0000 | gradShare 0.141299 | Retention proj 0.159432 -> 0.159432 (gain 0.000000) | cos 0.624355 -> 0.624355
2026-08-30 19:31:29,819 - ear_direct_cifar10_s_IF100_alpha0p5_h2_m4_seed42_eps0p75_ca0p7_w30_taw1p5.log - INFO - Round 108 selected clients: [2, 4, 9, 19]
2026-08-30 19:31:42,974 - ear_direct_cifar10_s_IF100_alpha0p5_h2_m4_seed42_eps0p75_ca0p7_w30_taw1p5.log - INFO - Round 108 | Global 0.6048 | Head 0.5980 | Middle 0.6095 | Tail 0.6053 | Hmean 0.6016 | ExpEvent 1 | ExpMass 0.034123 | best_tail 0.6053@108
2026-08-30 19:31:42,974 - ear_direct_cifar10_s_IF100_alpha0p5_h2_m4_seed42_eps0p75_ca0p7_w30_taw1p5.log - INFO - EAR Round 108 | targetExp 1 targetSamples 25 tailExpRate 1.0000 | gradShare 0.168770 | Retention proj 0.380670 -> 0.380670 (gain 0.000000) | cos 0.850744 -> 0.850744
2026-08-30 19:31:42,979 - ear_direct_cifar10_s_IF100_alpha0p5_h2_m4_seed42_eps0p75_ca0p7_w30_taw1p5.log - INFO - Round 109 selected clients: [1, 6, 9, 14]
2026-08-30 19:31:56,230 - ear_direct_cifar10_s_IF100_alpha0p5_h2_m4_seed42_eps0p75_ca0p7_w30_taw1p5.log - INFO - Round 109 | Global 0.6560 | Head 0.7567 | Middle 0.6570 | Tail 0.5540 | Hmean 0.6397 | ExpEvent 1 | ExpMass 0.026821 | best_tail 0.6053@108
2026-08-30 19:31:56,230 - ear_direct_cifar10_s_IF100_alpha0p5_h2_m4_seed42_eps0p75_ca0p7_w30_taw1p5.log - INFO - EAR Round 109 | targetExp 1 targetSamples 25 tailExpRate 1.0000 | gradShare 0.120044 | Retention proj 0.453797 -> 0.453797 (gain 0.000000) | cos 0.726355 -> 0.726355
2026-08-30 19:31:56,233 - ear_direct_cifar10_s_IF100_alpha0p5_h2_m4_seed42_eps0p75_ca0p7_w30_taw1p5.log - INFO - Round 110 selected clients: [2, 7, 8, 14]
2026-08-30 19:32:09,448 - ear_direct_cifar10_s_IF100_alpha0p5_h2_m4_seed42_eps0p75_ca0p7_w30_taw1p5.log - INFO - Round 110 | Global 0.6381 | Head 0.8000 | Middle 0.6538 | Tail 0.4553 | Hmean 0.5803 | ExpEvent 0 | ExpMass 0.010480 | best_tail 0.6053@108
2026-08-30 19:32:09,448 - ear_direct_cifar10_s_IF100_alpha0p5_h2_m4_seed42_eps0p75_ca0p7_w30_taw1p5.log - INFO - EAR Round 110 | targetExp 0 targetSamples 0 tailExpRate 0.6667 | gradShare 0.100626 | Retention proj 0.141507 -> 0.141507 (gain 0.000000) | cos 0.862541 -> 0.862541
2026-08-30 19:32:09,474 - ear_direct_cifar10_s_IF100_alpha0p5_h2_m4_seed42_eps0p75_ca0p7_w30_taw1p5.log - INFO - Checkpoint @110 | Global 0.6381 | Head 0.8000 | Middle 0.6538 | Tail 0.4553 | Hmean 0.5803
2026-08-30 19:32:09,475 - ear_direct_cifar10_s_IF100_alpha0p5_h2_m4_seed42_eps0p75_ca0p7_w30_taw1p5.log - INFO - Round 111 selected clients: [13, 14, 16, 18]
2026-08-30 19:32:22,804 - ear_direct_cifar10_s_IF100_alpha0p5_h2_m4_seed42_eps0p75_ca0p7_w30_taw1p5.log - INFO - Round 111 | Global 0.6333 | Head 0.8260 | Middle 0.6235 | Tail 0.4537 | Hmean 0.5857 | ExpEvent 0 | ExpMass 0.011731 | best_tail 0.6053@108
2026-08-30 19:32:22,804 - ear_direct_cifar10_s_IF100_alpha0p5_h2_m4_seed42_eps0p75_ca0p7_w30_taw1p5.log - INFO - EAR Round 111 | targetExp 0 targetSamples 0 tailExpRate 0.6667 | gradShare 0.090299 | Retention proj 0.138841 -> 0.138841 (gain 0.000000) | cos 0.696108 -> 0.696108
2026-08-30 19:32:22,807 - ear_direct_cifar10_s_IF100_alpha0p5_h2_m4_seed42_eps0p75_ca0p7_w30_taw1p5.log - INFO - Round 112 selected clients: [3, 10, 11, 15]
2026-08-30 19:32:35,897 - ear_direct_cifar10_s_IF100_alpha0p5_h2_m4_seed42_eps0p75_ca0p7_w30_taw1p5.log - INFO - Round 112 | Global 0.6209 | Head 0.7760 | Middle 0.6705 | Tail 0.3997 | Hmean 0.5276 | ExpEvent 0 | ExpMass 0.006916 | best_tail 0.6053@108
2026-08-30 19:32:35,897 - ear_direct_cifar10_s_IF100_alpha0p5_h2_m4_seed42_eps0p75_ca0p7_w30_taw1p5.log - INFO - EAR Round 112 | targetExp 0 targetSamples 0 tailExpRate 0.6667 | gradShare 0.080278 | Retention proj 0.155721 -> 0.155721 (gain 0.000000) | cos 0.322132 -> 0.322132
2026-08-30 19:32:35,901 - ear_direct_cifar10_s_IF100_alpha0p5_h2_m4_seed42_eps0p75_ca0p7_w30_taw1p5.log - INFO - Round 113 selected clients: [0, 6, 10, 11]
2026-08-30 19:32:48,882 - ear_direct_cifar10_s_IF100_alpha0p5_h2_m4_seed42_eps0p75_ca0p7_w30_taw1p5.log - INFO - Round 113 | Global 0.6467 | Head 0.8140 | Middle 0.6498 | Tail 0.4753 | Hmean 0.6002 | ExpEvent 1 | ExpMass 0.024760 | best_tail 0.6053@108
2026-08-30 19:32:48,883 - ear_direct_cifar10_s_IF100_alpha0p5_h2_m4_seed42_eps0p75_ca0p7_w30_taw1p5.log - INFO - EAR Round 113 | targetExp 1 targetSamples 25 tailExpRate 1.0000 | gradShare 0.091943 | Retention proj 0.236158 -> 0.236158 (gain 0.000000) | cos 0.978438 -> 0.978438
2026-08-30 19:32:48,886 - ear_direct_cifar10_s_IF100_alpha0p5_h2_m4_seed42_eps0p75_ca0p7_w30_taw1p5.log - INFO - Round 114 selected clients: [1, 5, 8, 11]
2026-08-30 19:33:01,911 - ear_direct_cifar10_s_IF100_alpha0p5_h2_m4_seed42_eps0p75_ca0p7_w30_taw1p5.log - INFO - Round 114 | Global 0.6359 | Head 0.8340 | Middle 0.6405 | Tail 0.4317 | Hmean 0.5689 | ExpEvent 0 | ExpMass 0.011689 | best_tail 0.6053@108
2026-08-30 19:33:01,911 - ear_direct_cifar10_s_IF100_alpha0p5_h2_m4_seed42_eps0p75_ca0p7_w30_taw1p5.log - INFO - EAR Round 114 | targetExp 0 targetSamples 0 tailExpRate 0.6667 | gradShare 0.091725 | Retention proj 0.292379 -> 0.292379 (gain 0.000000) | cos 0.987643 -> 0.987643
2026-08-30 19:33:01,914 - ear_direct_cifar10_s_IF100_alpha0p5_h2_m4_seed42_eps0p75_ca0p7_w30_taw1p5.log - INFO - Round 115 selected clients: [3, 9, 10, 12]
2026-08-30 19:33:14,758 - ear_direct_cifar10_s_IF100_alpha0p5_h2_m4_seed42_eps0p75_ca0p7_w30_taw1p5.log - INFO - Round 115 | Global 0.6300 | Head 0.8020 | Middle 0.6757 | Tail 0.3970 | Hmean 0.5311 | ExpEvent 0 | ExpMass 0.008540 | best_tail 0.6053@108
2026-08-30 19:33:14,758 - ear_direct_cifar10_s_IF100_alpha0p5_h2_m4_seed42_eps0p75_ca0p7_w30_taw1p5.log - INFO - EAR Round 115 | targetExp 0 targetSamples 0 tailExpRate 0.6667 | gradShare 0.071021 | Retention proj 0.780994 -> 0.780994 (gain 0.000000) | cos 0.977196 -> 0.977196
2026-08-30 19:33:14,761 - ear_direct_cifar10_s_IF100_alpha0p5_h2_m4_seed42_eps0p75_ca0p7_w30_taw1p5.log - INFO - Round 116 selected clients: [1, 2, 4, 9]
2026-08-30 19:33:27,642 - ear_direct_cifar10_s_IF100_alpha0p5_h2_m4_seed42_eps0p75_ca0p7_w30_taw1p5.log - INFO - Round 116 | Global 0.6308 | Head 0.7950 | Middle 0.6555 | Tail 0.4337 | Hmean 0.5612 | ExpEvent 1 | ExpMass 0.022382 | best_tail 0.6053@108
2026-08-30 19:33:27,642 - ear_direct_cifar10_s_IF100_alpha0p5_h2_m4_seed42_eps0p75_ca0p7_w30_taw1p5.log - INFO - EAR Round 116 | targetExp 1 targetSamples 25 tailExpRate 1.0000 | gradShare 0.129490 | Retention proj 0.058542 -> 0.058542 (gain 0.000000) | cos 0.469731 -> 0.469731
2026-08-30 19:33:27,646 - ear_direct_cifar10_s_IF100_alpha0p5_h2_m4_seed42_eps0p75_ca0p7_w30_taw1p5.log - INFO - Round 117 selected clients: [2, 4, 5, 6]
2026-08-30 19:33:40,616 - ear_direct_cifar10_s_IF100_alpha0p5_h2_m4_seed42_eps0p75_ca0p7_w30_taw1p5.log - INFO - Round 117 | Global 0.6503 | Head 0.7110 | Middle 0.6322 | Tail 0.6137 | Hmean 0.6588 | ExpEvent 1 | ExpMass 0.056126 | best_tail 0.6137@117
2026-08-30 19:33:40,616 - ear_direct_cifar10_s_IF100_alpha0p5_h2_m4_seed42_eps0p75_ca0p7_w30_taw1p5.log - INFO - EAR Round 117 | targetExp 1 targetSamples 50 tailExpRate 1.0000 | gradShare 0.227843 | Retention proj 0.496059 -> 0.496059 (gain 0.000000) | cos 0.945780 -> 0.945780
2026-08-30 19:33:40,619 - ear_direct_cifar10_s_IF100_alpha0p5_h2_m4_seed42_eps0p75_ca0p7_w30_taw1p5.log - INFO - Round 118 selected clients: [5, 15, 16, 17]
2026-08-30 19:33:53,433 - ear_direct_cifar10_s_IF100_alpha0p5_h2_m4_seed42_eps0p75_ca0p7_w30_taw1p5.log - INFO - Round 118 | Global 0.6651 | Head 0.8193 | Middle 0.6605 | Tail 0.5170 | Hmean 0.6340 | ExpEvent 0 | ExpMass 0.032349 | best_tail 0.6137@117
2026-08-30 19:33:53,433 - ear_direct_cifar10_s_IF100_alpha0p5_h2_m4_seed42_eps0p75_ca0p7_w30_taw1p5.log - INFO - EAR Round 118 | targetExp 0 targetSamples 0 tailExpRate 0.6667 | gradShare 0.147557 | Retention proj 0.793182 -> 0.793182 (gain 0.000000) | cos 0.996777 -> 0.996777
2026-08-30 19:33:53,436 - ear_direct_cifar10_s_IF100_alpha0p5_h2_m4_seed42_eps0p75_ca0p7_w30_taw1p5.log - INFO - Round 119 selected clients: [0, 3, 4, 8]
2026-08-30 19:34:06,373 - ear_direct_cifar10_s_IF100_alpha0p5_h2_m4_seed42_eps0p75_ca0p7_w30_taw1p5.log - INFO - Round 119 | Global 0.6261 | Head 0.8170 | Middle 0.6188 | Tail 0.4450 | Hmean 0.5762 | ExpEvent 1 | ExpMass 0.016051 | best_tail 0.6137@117
2026-08-30 19:34:06,373 - ear_direct_cifar10_s_IF100_alpha0p5_h2_m4_seed42_eps0p75_ca0p7_w30_taw1p5.log - INFO - EAR Round 119 | targetExp 1 targetSamples 25 tailExpRate 1.0000 | gradShare 0.121274 | Retention proj -0.048261 -> -0.048261 (gain 0.000000) | cos 0.101273 -> 0.101273
2026-08-30 19:34:06,376 - ear_direct_cifar10_s_IF100_alpha0p5_h2_m4_seed42_eps0p75_ca0p7_w30_taw1p5.log - INFO - Round 120 selected clients: [1, 8, 12, 15]
2026-08-30 19:34:19,184 - ear_direct_cifar10_s_IF100_alpha0p5_h2_m4_seed42_eps0p75_ca0p7_w30_taw1p5.log - INFO - Round 120 | Global 0.6079 | Head 0.7360 | Middle 0.6392 | Tail 0.4380 | Hmean 0.5492 | ExpEvent 0 | ExpMass 0.001213 | best_tail 0.6137@117
2026-08-30 19:34:19,184 - ear_direct_cifar10_s_IF100_alpha0p5_h2_m4_seed42_eps0p75_ca0p7_w30_taw1p5.log - INFO - EAR Round 120 | targetExp 0 targetSamples 0 tailExpRate 0.6667 | gradShare 0.036880 | Retention proj 0.682976 -> 0.682976 (gain 0.000000) | cos 0.933778 -> 0.933778
2026-08-30 19:34:19,212 - ear_direct_cifar10_s_IF100_alpha0p5_h2_m4_seed42_eps0p75_ca0p7_w30_taw1p5.log - INFO - Checkpoint @120 | Global 0.6079 | Head 0.7360 | Middle 0.6392 | Tail 0.4380 | Hmean 0.5492
2026-08-30 19:34:19,213 - ear_direct_cifar10_s_IF100_alpha0p5_h2_m4_seed42_eps0p75_ca0p7_w30_taw1p5.log - INFO - Round 121 selected clients: [5, 10, 17, 18]
2026-08-30 19:34:32,024 - ear_direct_cifar10_s_IF100_alpha0p5_h2_m4_seed42_eps0p75_ca0p7_w30_taw1p5.log - INFO - Round 121 | Global 0.6562 | Head 0.7637 | Middle 0.6860 | Tail 0.5090 | Hmean 0.6109 | ExpEvent 0 | ExpMass 0.043285 | best_tail 0.6137@117
2026-08-30 19:34:32,025 - ear_direct_cifar10_s_IF100_alpha0p5_h2_m4_seed42_eps0p75_ca0p7_w30_taw1p5.log - INFO - EAR Round 121 | targetExp 0 targetSamples 0 tailExpRate 0.6667 | gradShare 0.150995 | Retention proj 0.743885 -> 0.743885 (gain 0.000000) | cos 0.999989 -> 0.999989
2026-08-30 19:34:32,029 - ear_direct_cifar10_s_IF100_alpha0p5_h2_m4_seed42_eps0p75_ca0p7_w30_taw1p5.log - INFO - Round 122 selected clients: [3, 9, 14, 18]
2026-08-30 19:34:44,667 - ear_direct_cifar10_s_IF100_alpha0p5_h2_m4_seed42_eps0p75_ca0p7_w30_taw1p5.log - INFO - Round 122 | Global 0.6443 | Head 0.7617 | Middle 0.6980 | Tail 0.4553 | Hmean 0.5699 | ExpEvent 0 | ExpMass 0.019992 | best_tail 0.6137@117
2026-08-30 19:34:44,667 - ear_direct_cifar10_s_IF100_alpha0p5_h2_m4_seed42_eps0p75_ca0p7_w30_taw1p5.log - INFO - EAR Round 122 | targetExp 0 targetSamples 0 tailExpRate 0.6667 | gradShare 0.093592 | Retention proj 0.807118 -> 0.807118 (gain 0.000000) | cos 0.983012 -> 0.983012
2026-08-30 19:34:44,671 - ear_direct_cifar10_s_IF100_alpha0p5_h2_m4_seed42_eps0p75_ca0p7_w30_taw1p5.log - INFO - Round 123 selected clients: [1, 8, 14, 16]
2026-08-30 19:34:57,499 - ear_direct_cifar10_s_IF100_alpha0p5_h2_m4_seed42_eps0p75_ca0p7_w30_taw1p5.log - INFO - Round 123 | Global 0.6188 | Head 0.8387 | Middle 0.6335 | Tail 0.3793 | Hmean 0.5224 | ExpEvent 0 | ExpMass 0.000000 | best_tail 0.6137@117
2026-08-30 19:34:57,499 - ear_direct_cifar10_s_IF100_alpha0p5_h2_m4_seed42_eps0p75_ca0p7_w30_taw1p5.log - INFO - EAR Round 123 | targetExp 0 targetSamples 0 tailExpRate 0.0000 | gradShare 0.058200 | Retention proj 0.000000 -> 0.000000 (gain 0.000000) | cos 0.000000 -> 0.000000
2026-08-30 19:34:57,503 - ear_direct_cifar10_s_IF100_alpha0p5_h2_m4_seed42_eps0p75_ca0p7_w30_taw1p5.log - INFO - Round 124 selected clients: [2, 8, 14, 17]
2026-08-30 19:35:10,343 - ear_direct_cifar10_s_IF100_alpha0p5_h2_m4_seed42_eps0p75_ca0p7_w30_taw1p5.log - INFO - Round 124 | Global 0.6389 | Head 0.7940 | Middle 0.6895 | Tail 0.4163 | Hmean 0.5462 | ExpEvent 0 | ExpMass 0.030230 | best_tail 0.6137@117
2026-08-30 19:35:10,343 - ear_direct_cifar10_s_IF100_alpha0p5_h2_m4_seed42_eps0p75_ca0p7_w30_taw1p5.log - INFO - EAR Round 124 | targetExp 0 targetSamples 0 tailExpRate 0.6667 | gradShare 0.108148 | Retention proj 0.479427 -> 0.479427 (gain 0.000000) | cos 0.999476 -> 0.999476
2026-08-30 19:35:10,347 - ear_direct_cifar10_s_IF100_alpha0p5_h2_m4_seed42_eps0p75_ca0p7_w30_taw1p5.log - INFO - Round 125 selected clients: [5, 12, 17, 18]
2026-08-30 19:35:24,129 - ear_direct_cifar10_s_IF100_alpha0p5_h2_m4_seed42_eps0p75_ca0p7_w30_taw1p5.log - INFO - Round 125 | Global 0.6466 | Head 0.7720 | Middle 0.6703 | Tail 0.4897 | Hmean 0.5993 | ExpEvent 0 | ExpMass 0.043689 | best_tail 0.6137@117
2026-08-30 19:35:24,130 - ear_direct_cifar10_s_IF100_alpha0p5_h2_m4_seed42_eps0p75_ca0p7_w30_taw1p5.log - INFO - EAR Round 125 | targetExp 0 targetSamples 0 tailExpRate 0.6667 | gradShare 0.141237 | Retention proj 0.790844 -> 0.790844 (gain 0.000000) | cos 0.994572 -> 0.994572
2026-08-30 19:35:24,134 - ear_direct_cifar10_s_IF100_alpha0p5_h2_m4_seed42_eps0p75_ca0p7_w30_taw1p5.log - INFO - Round 126 selected clients: [4, 8, 12, 17]
2026-08-30 19:35:37,225 - ear_direct_cifar10_s_IF100_alpha0p5_h2_m4_seed42_eps0p75_ca0p7_w30_taw1p5.log - INFO - Round 126 | Global 0.6342 | Head 0.7833 | Middle 0.6737 | Tail 0.4323 | Hmean 0.5571 | ExpEvent 1 | ExpMass 0.029928 | best_tail 0.6137@117
2026-08-30 19:35:37,225 - ear_direct_cifar10_s_IF100_alpha0p5_h2_m4_seed42_eps0p75_ca0p7_w30_taw1p5.log - INFO - EAR Round 126 | targetExp 1 targetSamples 25 tailExpRate 1.0000 | gradShare 0.176844 | Retention proj 0.396916 -> 0.396916 (gain 0.000000) | cos 0.406072 -> 0.406072
2026-08-30 19:35:37,229 - ear_direct_cifar10_s_IF100_alpha0p5_h2_m4_seed42_eps0p75_ca0p7_w30_taw1p5.log - INFO - Round 127 selected clients: [2, 5, 8, 18]
2026-08-30 19:35:50,130 - ear_direct_cifar10_s_IF100_alpha0p5_h2_m4_seed42_eps0p75_ca0p7_w30_taw1p5.log - INFO - Round 127 | Global 0.6295 | Head 0.7357 | Middle 0.6703 | Tail 0.4690 | Hmean 0.5728 | ExpEvent 0 | ExpMass 0.033967 | best_tail 0.6137@117
2026-08-30 19:35:50,130 - ear_direct_cifar10_s_IF100_alpha0p5_h2_m4_seed42_eps0p75_ca0p7_w30_taw1p5.log - INFO - EAR Round 127 | targetExp 0 targetSamples 0 tailExpRate 0.6667 | gradShare 0.121585 | Retention proj 0.742332 -> 0.742332 (gain 0.000000) | cos 0.999941 -> 0.999941
2026-08-30 19:35:50,133 - ear_direct_cifar10_s_IF100_alpha0p5_h2_m4_seed42_eps0p75_ca0p7_w30_taw1p5.log - INFO - Round 128 selected clients: [2, 7, 15, 18]
2026-08-30 19:36:03,043 - ear_direct_cifar10_s_IF100_alpha0p5_h2_m4_seed42_eps0p75_ca0p7_w30_taw1p5.log - INFO - Round 128 | Global 0.5893 | Head 0.7273 | Middle 0.5660 | Tail 0.4823 | Hmean 0.5800 | ExpEvent 0 | ExpMass 0.023114 | best_tail 0.6137@117
2026-08-30 19:36:03,043 - ear_direct_cifar10_s_IF100_alpha0p5_h2_m4_seed42_eps0p75_ca0p7_w30_taw1p5.log - INFO - EAR Round 128 | targetExp 0 targetSamples 0 tailExpRate 0.6667 | gradShare 0.091150 | Retention proj 0.512051 -> 0.512051 (gain 0.000000) | cos 0.976514 -> 0.976514
2026-08-30 19:36:03,047 - ear_direct_cifar10_s_IF100_alpha0p5_h2_m4_seed42_eps0p75_ca0p7_w30_taw1p5.log - INFO - Round 129 selected clients: [3, 8, 9, 19]
2026-08-30 19:36:15,765 - ear_direct_cifar10_s_IF100_alpha0p5_h2_m4_seed42_eps0p75_ca0p7_w30_taw1p5.log - INFO - Round 129 | Global 0.6272 | Head 0.7537 | Middle 0.6320 | Tail 0.4943 | Hmean 0.5970 | ExpEvent 0 | ExpMass 0.020008 | best_tail 0.6137@117
2026-08-30 19:36:15,765 - ear_direct_cifar10_s_IF100_alpha0p5_h2_m4_seed42_eps0p75_ca0p7_w30_taw1p5.log - INFO - EAR Round 129 | targetExp 0 targetSamples 0 tailExpRate 0.6667 | gradShare 0.108935 | Retention proj 0.749387 -> 0.749387 (gain 0.000000) | cos 0.998516 -> 0.998516
2026-08-30 19:36:15,769 - ear_direct_cifar10_s_IF100_alpha0p5_h2_m4_seed42_eps0p75_ca0p7_w30_taw1p5.log - INFO - Round 130 selected clients: [1, 2, 6, 8]
2026-08-30 19:36:28,607 - ear_direct_cifar10_s_IF100_alpha0p5_h2_m4_seed42_eps0p75_ca0p7_w30_taw1p5.log - INFO - Round 130 | Global 0.6803 | Head 0.7540 | Middle 0.6780 | Tail 0.6097 | Hmean 0.6742 | ExpEvent 1 | ExpMass 0.035130 | best_tail 0.6137@117
2026-08-30 19:36:28,607 - ear_direct_cifar10_s_IF100_alpha0p5_h2_m4_seed42_eps0p75_ca0p7_w30_taw1p5.log - INFO - EAR Round 130 | targetExp 1 targetSamples 25 tailExpRate 1.0000 | gradShare 0.112571 | Retention proj 0.323609 -> 0.323609 (gain 0.000000) | cos 0.928311 -> 0.928311
2026-08-30 19:36:28,632 - ear_direct_cifar10_s_IF100_alpha0p5_h2_m4_seed42_eps0p75_ca0p7_w30_taw1p5.log - INFO - Checkpoint @130 | Global 0.6803 | Head 0.7540 | Middle 0.6780 | Tail 0.6097 | Hmean 0.6742
2026-08-30 19:36:28,633 - ear_direct_cifar10_s_IF100_alpha0p5_h2_m4_seed42_eps0p75_ca0p7_w30_taw1p5.log - INFO - Round 131 selected clients: [0, 11, 14, 16]
2026-08-30 19:36:41,593 - ear_direct_cifar10_s_IF100_alpha0p5_h2_m4_seed42_eps0p75_ca0p7_w30_taw1p5.log - INFO - Round 131 | Global 0.6302 | Head 0.8180 | Middle 0.6505 | Tail 0.4153 | Hmean 0.5509 | ExpEvent 0 | ExpMass 0.000000 | best_tail 0.6137@117
2026-08-30 19:36:41,593 - ear_direct_cifar10_s_IF100_alpha0p5_h2_m4_seed42_eps0p75_ca0p7_w30_taw1p5.log - INFO - EAR Round 131 | targetExp 0 targetSamples 0 tailExpRate 0.0000 | gradShare 0.063735 | Retention proj 0.000000 -> 0.000000 (gain 0.000000) | cos 0.000000 -> 0.000000
2026-08-30 19:36:41,596 - ear_direct_cifar10_s_IF100_alpha0p5_h2_m4_seed42_eps0p75_ca0p7_w30_taw1p5.log - INFO - Round 132 selected clients: [2, 3, 4, 19]
2026-08-30 19:36:54,402 - ear_direct_cifar10_s_IF100_alpha0p5_h2_m4_seed42_eps0p75_ca0p7_w30_taw1p5.log - INFO - Round 132 | Global 0.6724 | Head 0.7833 | Middle 0.6640 | Tail 0.5727 | Hmean 0.6616 | ExpEvent 1 | ExpMass 0.038276 | best_tail 0.6137@117
2026-08-30 19:36:54,402 - ear_direct_cifar10_s_IF100_alpha0p5_h2_m4_seed42_eps0p75_ca0p7_w30_taw1p5.log - INFO - EAR Round 132 | targetExp 1 targetSamples 25 tailExpRate 1.0000 | gradShare 0.185982 | Retention proj 0.300003 -> 0.300003 (gain 0.000000) | cos 0.829980 -> 0.829980
2026-08-30 19:36:54,405 - ear_direct_cifar10_s_IF100_alpha0p5_h2_m4_seed42_eps0p75_ca0p7_w30_taw1p5.log - INFO - Round 133 selected clients: [5, 9, 12, 13]
2026-08-30 19:37:07,179 - ear_direct_cifar10_s_IF100_alpha0p5_h2_m4_seed42_eps0p75_ca0p7_w30_taw1p5.log - INFO - Round 133 | Global 0.6411 | Head 0.7400 | Middle 0.6737 | Tail 0.4987 | Hmean 0.5958 | ExpEvent 0 | ExpMass 0.014147 | best_tail 0.6137@117
2026-08-30 19:37:07,179 - ear_direct_cifar10_s_IF100_alpha0p5_h2_m4_seed42_eps0p75_ca0p7_w30_taw1p5.log - INFO - EAR Round 133 | targetExp 0 targetSamples 0 tailExpRate 0.6667 | gradShare 0.090630 | Retention proj 0.604999 -> 0.604999 (gain 0.000000) | cos 0.735175 -> 0.735175
2026-08-30 19:37:07,183 - ear_direct_cifar10_s_IF100_alpha0p5_h2_m4_seed42_eps0p75_ca0p7_w30_taw1p5.log - INFO - Round 134 selected clients: [2, 5, 16, 18]
2026-08-30 19:37:19,866 - ear_direct_cifar10_s_IF100_alpha0p5_h2_m4_seed42_eps0p75_ca0p7_w30_taw1p5.log - INFO - Round 134 | Global 0.6594 | Head 0.7563 | Middle 0.6282 | Tail 0.6040 | Hmean 0.6716 | ExpEvent 0 | ExpMass 0.033967 | best_tail 0.6137@117
2026-08-30 19:37:19,866 - ear_direct_cifar10_s_IF100_alpha0p5_h2_m4_seed42_eps0p75_ca0p7_w30_taw1p5.log - INFO - EAR Round 134 | targetExp 0 targetSamples 0 tailExpRate 0.6667 | gradShare 0.124859 | Retention proj 0.664038 -> 0.664038 (gain 0.000000) | cos 0.997721 -> 0.997721
2026-08-30 19:37:19,869 - ear_direct_cifar10_s_IF100_alpha0p5_h2_m4_seed42_eps0p75_ca0p7_w30_taw1p5.log - INFO - Round 135 selected clients: [8, 14, 17, 18]
2026-08-30 19:37:32,564 - ear_direct_cifar10_s_IF100_alpha0p5_h2_m4_seed42_eps0p75_ca0p7_w30_taw1p5.log - INFO - Round 135 | Global 0.6488 | Head 0.7867 | Middle 0.6765 | Tail 0.4740 | Hmean 0.5916 | ExpEvent 0 | ExpMass 0.031553 | best_tail 0.6137@117
2026-08-30 19:37:32,564 - ear_direct_cifar10_s_IF100_alpha0p5_h2_m4_seed42_eps0p75_ca0p7_w30_taw1p5.log - INFO - EAR Round 135 | targetExp 0 targetSamples 0 tailExpRate 0.6667 | gradShare 0.117253 | Retention proj 0.412710 -> 0.412710 (gain 0.000000) | cos 0.965947 -> 0.965947
2026-08-30 19:37:32,568 - ear_direct_cifar10_s_IF100_alpha0p5_h2_m4_seed42_eps0p75_ca0p7_w30_taw1p5.log - INFO - Round 136 selected clients: [1, 7, 9, 12]
2026-08-30 19:37:45,389 - ear_direct_cifar10_s_IF100_alpha0p5_h2_m4_seed42_eps0p75_ca0p7_w30_taw1p5.log - INFO - Round 136 | Global 0.6408 | Head 0.8400 | Middle 0.6542 | Tail 0.4237 | Hmean 0.5633 | ExpEvent 0 | ExpMass 0.002424 | best_tail 0.6137@117
2026-08-30 19:37:45,389 - ear_direct_cifar10_s_IF100_alpha0p5_h2_m4_seed42_eps0p75_ca0p7_w30_taw1p5.log - INFO - EAR Round 136 | targetExp 0 targetSamples 0 tailExpRate 0.6667 | gradShare 0.062825 | Retention proj 0.478116 -> 0.478116 (gain 0.000000) | cos 0.885227 -> 0.885227
2026-08-30 19:37:45,392 - ear_direct_cifar10_s_IF100_alpha0p5_h2_m4_seed42_eps0p75_ca0p7_w30_taw1p5.log - INFO - Round 137 selected clients: [3, 14, 16, 18]
2026-08-30 19:37:58,065 - ear_direct_cifar10_s_IF100_alpha0p5_h2_m4_seed42_eps0p75_ca0p7_w30_taw1p5.log - INFO - Round 137 | Global 0.5984 | Head 0.8003 | Middle 0.5575 | Tail 0.4510 | Hmean 0.5769 | ExpEvent 0 | ExpMass 0.017908 | best_tail 0.6137@117
2026-08-30 19:37:58,065 - ear_direct_cifar10_s_IF100_alpha0p5_h2_m4_seed42_eps0p75_ca0p7_w30_taw1p5.log - INFO - EAR Round 137 | targetExp 0 targetSamples 0 tailExpRate 0.6667 | gradShare 0.082531 | Retention proj 0.401090 -> 0.401090 (gain 0.000000) | cos 0.991432 -> 0.991432
2026-08-30 19:37:58,068 - ear_direct_cifar10_s_IF100_alpha0p5_h2_m4_seed42_eps0p75_ca0p7_w30_taw1p5.log - INFO - Round 138 selected clients: [2, 6, 8, 13]
2026-08-30 19:38:11,005 - ear_direct_cifar10_s_IF100_alpha0p5_h2_m4_seed42_eps0p75_ca0p7_w30_taw1p5.log - INFO - Round 138 | Global 0.6595 | Head 0.7713 | Middle 0.6800 | Tail 0.5203 | Hmean 0.6214 | ExpEvent 1 | ExpMass 0.035144 | best_tail 0.6137@117
2026-08-30 19:38:11,006 - ear_direct_cifar10_s_IF100_alpha0p5_h2_m4_seed42_eps0p75_ca0p7_w30_taw1p5.log - INFO - EAR Round 138 | targetExp 1 targetSamples 25 tailExpRate 1.0000 | gradShare 0.113848 | Retention proj 0.394317 -> 0.394317 (gain 0.000000) | cos 0.998433 -> 0.998433
2026-08-30 19:38:11,009 - ear_direct_cifar10_s_IF100_alpha0p5_h2_m4_seed42_eps0p75_ca0p7_w30_taw1p5.log - INFO - Round 139 selected clients: [4, 11, 16, 17]
2026-08-30 19:38:24,068 - ear_direct_cifar10_s_IF100_alpha0p5_h2_m4_seed42_eps0p75_ca0p7_w30_taw1p5.log - INFO - Round 139 | Global 0.6405 | Head 0.6803 | Middle 0.5887 | Tail 0.6697 | Hmean 0.6750 | ExpEvent 1 | ExpMass 0.029529 | best_tail 0.6697@139
2026-08-30 19:38:24,069 - ear_direct_cifar10_s_IF100_alpha0p5_h2_m4_seed42_eps0p75_ca0p7_w30_taw1p5.log - INFO - EAR Round 139 | targetExp 1 targetSamples 25 tailExpRate 1.0000 | gradShare 0.173160 | Retention proj 0.371339 -> 0.371339 (gain 0.000000) | cos 0.928560 -> 0.928560
2026-08-30 19:38:24,073 - ear_direct_cifar10_s_IF100_alpha0p5_h2_m4_seed42_eps0p75_ca0p7_w30_taw1p5.log - INFO - Round 140 selected clients: [3, 4, 13, 18]
2026-08-30 19:38:37,369 - ear_direct_cifar10_s_IF100_alpha0p5_h2_m4_seed42_eps0p75_ca0p7_w30_taw1p5.log - INFO - Round 140 | Global 0.6561 | Head 0.8100 | Middle 0.6278 | Tail 0.5400 | Hmean 0.6480 | ExpEvent 1 | ExpMass 0.027789 | best_tail 0.6697@139
2026-08-30 19:38:37,369 - ear_direct_cifar10_s_IF100_alpha0p5_h2_m4_seed42_eps0p75_ca0p7_w30_taw1p5.log - INFO - EAR Round 140 | targetExp 1 targetSamples 25 tailExpRate 1.0000 | gradShare 0.180113 | Retention proj 0.067685 -> 0.067685 (gain 0.000000) | cos 0.431470 -> 0.431470
2026-08-30 19:38:37,393 - ear_direct_cifar10_s_IF100_alpha0p5_h2_m4_seed42_eps0p75_ca0p7_w30_taw1p5.log - INFO - Checkpoint @140 | Global 0.6561 | Head 0.8100 | Middle 0.6278 | Tail 0.5400 | Hmean 0.6480
2026-08-30 19:38:37,394 - ear_direct_cifar10_s_IF100_alpha0p5_h2_m4_seed42_eps0p75_ca0p7_w30_taw1p5.log - INFO - Round 141 selected clients: [0, 2, 17, 19]
2026-08-30 19:38:50,685 - ear_direct_cifar10_s_IF100_alpha0p5_h2_m4_seed42_eps0p75_ca0p7_w30_taw1p5.log - INFO - Round 141 | Global 0.6124 | Head 0.6173 | Middle 0.6348 | Tail 0.5777 | Hmean 0.5968 | ExpEvent 0 | ExpMass 0.042071 | best_tail 0.6697@139
2026-08-30 19:38:50,685 - ear_direct_cifar10_s_IF100_alpha0p5_h2_m4_seed42_eps0p75_ca0p7_w30_taw1p5.log - INFO - EAR Round 141 | targetExp 0 targetSamples 0 tailExpRate 0.6667 | gradShare 0.133152 | Retention proj 0.718407 -> 0.718407 (gain 0.000000) | cos 0.999722 -> 0.999722
2026-08-30 19:38:50,690 - ear_direct_cifar10_s_IF100_alpha0p5_h2_m4_seed42_eps0p75_ca0p7_w30_taw1p5.log - INFO - Round 142 selected clients: [1, 8, 15, 17]
2026-08-30 19:39:03,654 - ear_direct_cifar10_s_IF100_alpha0p5_h2_m4_seed42_eps0p75_ca0p7_w30_taw1p5.log - INFO - Round 142 | Global 0.6551 | Head 0.7957 | Middle 0.6550 | Tail 0.5147 | Hmean 0.6251 | ExpEvent 0 | ExpMass 0.020614 | best_tail 0.6697@139
2026-08-30 19:39:03,655 - ear_direct_cifar10_s_IF100_alpha0p5_h2_m4_seed42_eps0p75_ca0p7_w30_taw1p5.log - INFO - EAR Round 142 | targetExp 0 targetSamples 0 tailExpRate 0.6667 | gradShare 0.109528 | Retention proj 0.418076 -> 0.418076 (gain 0.000000) | cos 0.682024 -> 0.682024
2026-08-30 19:39:03,658 - ear_direct_cifar10_s_IF100_alpha0p5_h2_m4_seed42_eps0p75_ca0p7_w30_taw1p5.log - INFO - Round 143 selected clients: [5, 7, 13, 18]
2026-08-30 19:39:16,476 - ear_direct_cifar10_s_IF100_alpha0p5_h2_m4_seed42_eps0p75_ca0p7_w30_taw1p5.log - INFO - Round 143 | Global 0.6497 | Head 0.8100 | Middle 0.6425 | Tail 0.4990 | Hmean 0.6176 | ExpEvent 0 | ExpMass 0.023463 | best_tail 0.6697@139
2026-08-30 19:39:16,476 - ear_direct_cifar10_s_IF100_alpha0p5_h2_m4_seed42_eps0p75_ca0p7_w30_taw1p5.log - INFO - EAR Round 143 | targetExp 0 targetSamples 0 tailExpRate 0.6667 | gradShare 0.103476 | Retention proj 0.425319 -> 0.425319 (gain 0.000000) | cos 0.977643 -> 0.977643
2026-08-30 19:39:16,479 - ear_direct_cifar10_s_IF100_alpha0p5_h2_m4_seed42_eps0p75_ca0p7_w30_taw1p5.log - INFO - Round 144 selected clients: [2, 4, 7, 15]
2026-08-30 19:39:29,342 - ear_direct_cifar10_s_IF100_alpha0p5_h2_m4_seed42_eps0p75_ca0p7_w30_taw1p5.log - INFO - Round 144 | Global 0.6758 | Head 0.7263 | Middle 0.6625 | Tail 0.6430 | Hmean 0.6821 | ExpEvent 1 | ExpMass 0.021200 | best_tail 0.6697@139
2026-08-30 19:39:29,343 - ear_direct_cifar10_s_IF100_alpha0p5_h2_m4_seed42_eps0p75_ca0p7_w30_taw1p5.log - INFO - EAR Round 144 | targetExp 1 targetSamples 25 tailExpRate 1.0000 | gradShare 0.137530 | Retention proj 0.481829 -> 0.481829 (gain 0.000000) | cos 0.461362 -> 0.461362
2026-08-30 19:39:29,348 - ear_direct_cifar10_s_IF100_alpha0p5_h2_m4_seed42_eps0p75_ca0p7_w30_taw1p5.log - INFO - Round 145 selected clients: [0, 10, 11, 14]
2026-08-30 19:39:42,223 - ear_direct_cifar10_s_IF100_alpha0p5_h2_m4_seed42_eps0p75_ca0p7_w30_taw1p5.log - INFO - Round 145 | Global 0.6218 | Head 0.8337 | Middle 0.6390 | Tail 0.3870 | Hmean 0.5286 | ExpEvent 0 | ExpMass 0.000000 | best_tail 0.6697@139
2026-08-30 19:39:42,223 - ear_direct_cifar10_s_IF100_alpha0p5_h2_m4_seed42_eps0p75_ca0p7_w30_taw1p5.log - INFO - EAR Round 145 | targetExp 0 targetSamples 0 tailExpRate 0.0000 | gradShare 0.071040 | Retention proj 0.000000 -> 0.000000 (gain 0.000000) | cos 0.000000 -> 0.000000
2026-08-30 19:39:42,227 - ear_direct_cifar10_s_IF100_alpha0p5_h2_m4_seed42_eps0p75_ca0p7_w30_taw1p5.log - INFO - Round 146 selected clients: [0, 11, 15, 17]
2026-08-30 19:39:55,489 - ear_direct_cifar10_s_IF100_alpha0p5_h2_m4_seed42_eps0p75_ca0p7_w30_taw1p5.log - INFO - Round 146 | Global 0.6249 | Head 0.7633 | Middle 0.6847 | Tail 0.4067 | Hmean 0.5307 | ExpEvent 0 | ExpMass 0.020614 | best_tail 0.6697@139
2026-08-30 19:39:55,489 - ear_direct_cifar10_s_IF100_alpha0p5_h2_m4_seed42_eps0p75_ca0p7_w30_taw1p5.log - INFO - EAR Round 146 | targetExp 0 targetSamples 0 tailExpRate 0.6667 | gradShare 0.095157 | Retention proj 0.531966 -> 0.531966 (gain 0.000000) | cos 0.992178 -> 0.992178
2026-08-30 19:39:55,493 - ear_direct_cifar10_s_IF100_alpha0p5_h2_m4_seed42_eps0p75_ca0p7_w30_taw1p5.log - INFO - Round 147 selected clients: [0, 1, 10, 14]
2026-08-30 19:40:08,636 - ear_direct_cifar10_s_IF100_alpha0p5_h2_m4_seed42_eps0p75_ca0p7_w30_taw1p5.log - INFO - Round 147 | Global 0.5916 | Head 0.8227 | Middle 0.5923 | Tail 0.3597 | Hmean 0.5006 | ExpEvent 0 | ExpMass 0.000000 | best_tail 0.6697@139
2026-08-30 19:40:08,636 - ear_direct_cifar10_s_IF100_alpha0p5_h2_m4_seed42_eps0p75_ca0p7_w30_taw1p5.log - INFO - EAR Round 147 | targetExp 0 targetSamples 0 tailExpRate 0.0000 | gradShare 0.037039 | Retention proj 0.000000 -> 0.000000 (gain 0.000000) | cos 0.000000 -> 0.000000
2026-08-30 19:40:08,640 - ear_direct_cifar10_s_IF100_alpha0p5_h2_m4_seed42_eps0p75_ca0p7_w30_taw1p5.log - INFO - Round 148 selected clients: [1, 7, 14, 15]
2026-08-30 19:40:22,102 - ear_direct_cifar10_s_IF100_alpha0p5_h2_m4_seed42_eps0p75_ca0p7_w30_taw1p5.log - INFO - Round 148 | Global 0.5842 | Head 0.8273 | Middle 0.5805 | Tail 0.3460 | Hmean 0.4879 | ExpEvent 0 | ExpMass 0.000808 | best_tail 0.6697@139
2026-08-30 19:40:22,102 - ear_direct_cifar10_s_IF100_alpha0p5_h2_m4_seed42_eps0p75_ca0p7_w30_taw1p5.log - INFO - EAR Round 148 | targetExp 0 targetSamples 0 tailExpRate 0.3333 | gradShare 0.041043 | Retention proj 0.231379 -> 0.231379 (gain 0.000000) | cos 0.843547 -> 0.843547
2026-08-30 19:40:22,106 - ear_direct_cifar10_s_IF100_alpha0p5_h2_m4_seed42_eps0p75_ca0p7_w30_taw1p5.log - INFO - Round 149 selected clients: [11, 12, 13, 17]
2026-08-30 19:40:35,406 - ear_direct_cifar10_s_IF100_alpha0p5_h2_m4_seed42_eps0p75_ca0p7_w30_taw1p5.log - INFO - Round 149 | Global 0.6217 | Head 0.8327 | Middle 0.6615 | Tail 0.3577 | Hmean 0.5004 | ExpEvent 0 | ExpMass 0.020161 | best_tail 0.6697@139
2026-08-30 19:40:35,406 - ear_direct_cifar10_s_IF100_alpha0p5_h2_m4_seed42_eps0p75_ca0p7_w30_taw1p5.log - INFO - EAR Round 149 | targetExp 0 targetSamples 0 tailExpRate 0.6667 | gradShare 0.084674 | Retention proj 0.385558 -> 0.385558 (gain 0.000000) | cos 0.995336 -> 0.995336
2026-08-30 19:40:35,410 - ear_direct_cifar10_s_IF100_alpha0p5_h2_m4_seed42_eps0p75_ca0p7_w30_taw1p5.log - INFO - Round 150 selected clients: [5, 7, 15, 16]
2026-08-30 19:40:48,294 - ear_direct_cifar10_s_IF100_alpha0p5_h2_m4_seed42_eps0p75_ca0p7_w30_taw1p5.log - INFO - Round 150 | Global 0.6164 | Head 0.8467 | Middle 0.6272 | Tail 0.3717 | Hmean 0.5166 | ExpEvent 0 | ExpMass 0.012535 | best_tail 0.6697@139
2026-08-30 19:40:48,295 - ear_direct_cifar10_s_IF100_alpha0p5_h2_m4_seed42_eps0p75_ca0p7_w30_taw1p5.log - INFO - EAR Round 150 | targetExp 0 targetSamples 0 tailExpRate 0.6667 | gradShare 0.081294 | Retention proj 0.261972 -> 0.261972 (gain 0.000000) | cos 0.638694 -> 0.638694
2026-08-30 19:40:48,318 - ear_direct_cifar10_s_IF100_alpha0p5_h2_m4_seed42_eps0p75_ca0p7_w30_taw1p5.log - INFO - Checkpoint @150 | Global 0.6164 | Head 0.8467 | Middle 0.6272 | Tail 0.3717 | Hmean 0.5166
2026-08-30 19:40:48,320 - ear_direct_cifar10_s_IF100_alpha0p5_h2_m4_seed42_eps0p75_ca0p7_w30_taw1p5.log - INFO - Round 151 selected clients: [10, 13, 18, 19]
2026-08-30 19:41:01,246 - ear_direct_cifar10_s_IF100_alpha0p5_h2_m4_seed42_eps0p75_ca0p7_w30_taw1p5.log - INFO - Round 151 | Global 0.5687 | Head 0.8603 | Middle 0.5038 | Tail 0.3637 | Hmean 0.5113 | ExpEvent 0 | ExpMass 0.023558 | best_tail 0.6697@139
2026-08-30 19:41:01,246 - ear_direct_cifar10_s_IF100_alpha0p5_h2_m4_seed42_eps0p75_ca0p7_w30_taw1p5.log - INFO - EAR Round 151 | targetExp 0 targetSamples 0 tailExpRate 0.6667 | gradShare 0.086181 | Retention proj 0.474624 -> 0.474624 (gain 0.000000) | cos 0.999356 -> 0.999356
2026-08-30 19:41:01,250 - ear_direct_cifar10_s_IF100_alpha0p5_h2_m4_seed42_eps0p75_ca0p7_w30_taw1p5.log - INFO - Round 152 selected clients: [0, 4, 5, 7]
2026-08-30 19:41:14,315 - ear_direct_cifar10_s_IF100_alpha0p5_h2_m4_seed42_eps0p75_ca0p7_w30_taw1p5.log - INFO - Round 152 | Global 0.6449 | Head 0.8280 | Middle 0.6310 | Tail 0.4803 | Hmean 0.6079 | ExpEvent 1 | ExpMass 0.021540 | best_tail 0.6697@139
2026-08-30 19:41:14,315 - ear_direct_cifar10_s_IF100_alpha0p5_h2_m4_seed42_eps0p75_ca0p7_w30_taw1p5.log - INFO - EAR Round 152 | targetExp 1 targetSamples 25 tailExpRate 1.0000 | gradShare 0.148766 | Retention proj 0.451828 -> 0.451828 (gain 0.000000) | cos 0.544176 -> 0.544176
2026-08-30 19:41:14,319 - ear_direct_cifar10_s_IF100_alpha0p5_h2_m4_seed42_eps0p75_ca0p7_w30_taw1p5.log - INFO - Round 153 selected clients: [2, 10, 17, 19]
2026-08-30 19:41:27,015 - ear_direct_cifar10_s_IF100_alpha0p5_h2_m4_seed42_eps0p75_ca0p7_w30_taw1p5.log - INFO - Round 153 | Global 0.6606 | Head 0.7960 | Middle 0.6532 | Tail 0.5350 | Hmean 0.6399 | ExpEvent 0 | ExpMass 0.042088 | best_tail 0.6697@139
2026-08-30 19:41:27,015 - ear_direct_cifar10_s_IF100_alpha0p5_h2_m4_seed42_eps0p75_ca0p7_w30_taw1p5.log - INFO - EAR Round 153 | targetExp 0 targetSamples 0 tailExpRate 0.6667 | gradShare 0.138696 | Retention proj 0.744762 -> 0.744762 (gain 0.000000) | cos 0.999997 -> 0.999997
2026-08-30 19:41:27,019 - ear_direct_cifar10_s_IF100_alpha0p5_h2_m4_seed42_eps0p75_ca0p7_w30_taw1p5.log - INFO - Round 154 selected clients: [1, 9, 15, 16]
2026-08-30 19:41:39,539 - ear_direct_cifar10_s_IF100_alpha0p5_h2_m4_seed42_eps0p75_ca0p7_w30_taw1p5.log - INFO - Round 154 | Global 0.6506 | Head 0.8387 | Middle 0.6482 | Tail 0.4657 | Hmean 0.5989 | ExpEvent 0 | ExpMass 0.002836 | best_tail 0.6697@139
2026-08-30 19:41:39,539 - ear_direct_cifar10_s_IF100_alpha0p5_h2_m4_seed42_eps0p75_ca0p7_w30_taw1p5.log - INFO - EAR Round 154 | targetExp 0 targetSamples 0 tailExpRate 0.6667 | gradShare 0.051398 | Retention proj 0.176024 -> 0.176024 (gain 0.000000) | cos 0.272392 -> 0.272392
2026-08-30 19:41:39,543 - ear_direct_cifar10_s_IF100_alpha0p5_h2_m4_seed42_eps0p75_ca0p7_w30_taw1p5.log - INFO - Round 155 selected clients: [2, 3, 14, 15]
2026-08-30 19:41:52,162 - ear_direct_cifar10_s_IF100_alpha0p5_h2_m4_seed42_eps0p75_ca0p7_w30_taw1p5.log - INFO - Round 155 | Global 0.6586 | Head 0.7983 | Middle 0.6925 | Tail 0.4737 | Hmean 0.5946 | ExpEvent 0 | ExpMass 0.017487 | best_tail 0.6697@139
2026-08-30 19:41:52,162 - ear_direct_cifar10_s_IF100_alpha0p5_h2_m4_seed42_eps0p75_ca0p7_w30_taw1p5.log - INFO - EAR Round 155 | targetExp 0 targetSamples 0 tailExpRate 0.6667 | gradShare 0.082299 | Retention proj 0.543768 -> 0.543768 (gain 0.000000) | cos 0.994853 -> 0.994853
2026-08-30 19:41:52,166 - ear_direct_cifar10_s_IF100_alpha0p5_h2_m4_seed42_eps0p75_ca0p7_w30_taw1p5.log - INFO - Round 156 selected clients: [0, 11, 17, 18]
2026-08-30 19:42:05,004 - ear_direct_cifar10_s_IF100_alpha0p5_h2_m4_seed42_eps0p75_ca0p7_w30_taw1p5.log - INFO - Round 156 | Global 0.6460 | Head 0.8187 | Middle 0.6753 | Tail 0.4343 | Hmean 0.5675 | ExpEvent 0 | ExpMass 0.031541 | best_tail 0.6697@139
2026-08-30 19:42:05,004 - ear_direct_cifar10_s_IF100_alpha0p5_h2_m4_seed42_eps0p75_ca0p7_w30_taw1p5.log - INFO - EAR Round 156 | targetExp 0 targetSamples 0 tailExpRate 0.6667 | gradShare 0.096977 | Retention proj 0.433800 -> 0.433800 (gain 0.000000) | cos 0.978479 -> 0.978479
2026-08-30 19:42:05,009 - ear_direct_cifar10_s_IF100_alpha0p5_h2_m4_seed42_eps0p75_ca0p7_w30_taw1p5.log - INFO - Round 157 selected clients: [1, 2, 12, 18]
2026-08-30 19:42:17,635 - ear_direct_cifar10_s_IF100_alpha0p5_h2_m4_seed42_eps0p75_ca0p7_w30_taw1p5.log - INFO - Round 157 | Global 0.6583 | Head 0.7877 | Middle 0.6805 | Tail 0.4993 | Hmean 0.6112 | ExpEvent 0 | ExpMass 0.022635 | best_tail 0.6697@139
2026-08-30 19:42:17,635 - ear_direct_cifar10_s_IF100_alpha0p5_h2_m4_seed42_eps0p75_ca0p7_w30_taw1p5.log - INFO - EAR Round 157 | targetExp 0 targetSamples 0 tailExpRate 0.6667 | gradShare 0.074740 | Retention proj 0.392281 -> 0.392281 (gain 0.000000) | cos 0.593000 -> 0.593000
2026-08-30 19:42:17,638 - ear_direct_cifar10_s_IF100_alpha0p5_h2_m4_seed42_eps0p75_ca0p7_w30_taw1p5.log - INFO - Round 158 selected clients: [4, 8, 16, 17]
2026-08-30 19:42:30,317 - ear_direct_cifar10_s_IF100_alpha0p5_h2_m4_seed42_eps0p75_ca0p7_w30_taw1p5.log - INFO - Round 158 | Global 0.6518 | Head 0.8417 | Middle 0.6587 | Tail 0.4527 | Hmean 0.5887 | ExpEvent 1 | ExpMass 0.029529 | best_tail 0.6697@139
2026-08-30 19:42:30,317 - ear_direct_cifar10_s_IF100_alpha0p5_h2_m4_seed42_eps0p75_ca0p7_w30_taw1p5.log - INFO - EAR Round 158 | targetExp 1 targetSamples 25 tailExpRate 1.0000 | gradShare 0.167315 | Retention proj 0.392300 -> 0.392300 (gain 0.000000) | cos 0.748211 -> 0.748211
2026-08-30 19:42:30,321 - ear_direct_cifar10_s_IF100_alpha0p5_h2_m4_seed42_eps0p75_ca0p7_w30_taw1p5.log - INFO - Round 159 selected clients: [2, 12, 13, 19]
2026-08-30 19:42:43,169 - ear_direct_cifar10_s_IF100_alpha0p5_h2_m4_seed42_eps0p75_ca0p7_w30_taw1p5.log - INFO - Round 159 | Global 0.6493 | Head 0.7970 | Middle 0.6647 | Tail 0.4810 | Hmean 0.5999 | ExpEvent 0 | ExpMass 0.022663 | best_tail 0.6697@139
2026-08-30 19:42:43,169 - ear_direct_cifar10_s_IF100_alpha0p5_h2_m4_seed42_eps0p75_ca0p7_w30_taw1p5.log - INFO - EAR Round 159 | targetExp 0 targetSamples 0 tailExpRate 0.6667 | gradShare 0.107749 | Retention proj 0.470636 -> 0.470636 (gain 0.000000) | cos 0.796136 -> 0.796136
2026-08-30 19:42:43,173 - ear_direct_cifar10_s_IF100_alpha0p5_h2_m4_seed42_eps0p75_ca0p7_w30_taw1p5.log - INFO - Round 160 selected clients: [2, 12, 14, 17]
2026-08-30 19:42:56,105 - ear_direct_cifar10_s_IF100_alpha0p5_h2_m4_seed42_eps0p75_ca0p7_w30_taw1p5.log - INFO - Round 160 | Global 0.6517 | Head 0.7770 | Middle 0.6870 | Tail 0.4793 | Hmean 0.5929 | ExpEvent 0 | ExpMass 0.030633 | best_tail 0.6697@139
2026-08-30 19:42:56,105 - ear_direct_cifar10_s_IF100_alpha0p5_h2_m4_seed42_eps0p75_ca0p7_w30_taw1p5.log - INFO - EAR Round 160 | targetExp 0 targetSamples 0 tailExpRate 0.6667 | gradShare 0.123236 | Retention proj 0.692530 -> 0.692530 (gain 0.000000) | cos 0.988588 -> 0.988588
2026-08-30 19:42:56,132 - ear_direct_cifar10_s_IF100_alpha0p5_h2_m4_seed42_eps0p75_ca0p7_w30_taw1p5.log - INFO - Checkpoint @160 | Global 0.6517 | Head 0.7770 | Middle 0.6870 | Tail 0.4793 | Hmean 0.5929
2026-08-30 19:42:56,134 - ear_direct_cifar10_s_IF100_alpha0p5_h2_m4_seed42_eps0p75_ca0p7_w30_taw1p5.log - INFO - Round 161 selected clients: [9, 12, 16, 19]
2026-08-30 19:43:09,078 - ear_direct_cifar10_s_IF100_alpha0p5_h2_m4_seed42_eps0p75_ca0p7_w30_taw1p5.log - INFO - Round 161 | Global 0.6494 | Head 0.7987 | Middle 0.6693 | Tail 0.4737 | Hmean 0.5947 | ExpEvent 0 | ExpMass 0.014205 | best_tail 0.6697@139
2026-08-30 19:43:09,078 - ear_direct_cifar10_s_IF100_alpha0p5_h2_m4_seed42_eps0p75_ca0p7_w30_taw1p5.log - INFO - EAR Round 161 | targetExp 0 targetSamples 0 tailExpRate 0.6667 | gradShare 0.083889 | Retention proj 0.631933 -> 0.631933 (gain 0.000000) | cos 0.905167 -> 0.905167
2026-08-30 19:43:09,082 - ear_direct_cifar10_s_IF100_alpha0p5_h2_m4_seed42_eps0p75_ca0p7_w30_taw1p5.log - INFO - Round 162 selected clients: [2, 7, 11, 17]
2026-08-30 19:43:21,993 - ear_direct_cifar10_s_IF100_alpha0p5_h2_m4_seed42_eps0p75_ca0p7_w30_taw1p5.log - INFO - Round 162 | Global 0.6423 | Head 0.8010 | Middle 0.6700 | Tail 0.4467 | Hmean 0.5735 | ExpEvent 0 | ExpMass 0.030230 | best_tail 0.6697@139
2026-08-30 19:43:21,994 - ear_direct_cifar10_s_IF100_alpha0p5_h2_m4_seed42_eps0p75_ca0p7_w30_taw1p5.log - INFO - EAR Round 162 | targetExp 0 targetSamples 0 tailExpRate 0.6667 | gradShare 0.117506 | Retention proj 0.447350 -> 0.447350 (gain 0.000000) | cos 0.986842 -> 0.986842
2026-08-30 19:43:21,997 - ear_direct_cifar10_s_IF100_alpha0p5_h2_m4_seed42_eps0p75_ca0p7_w30_taw1p5.log - INFO - Round 163 selected clients: [3, 6, 16, 18]
2026-08-30 19:43:34,959 - ear_direct_cifar10_s_IF100_alpha0p5_h2_m4_seed42_eps0p75_ca0p7_w30_taw1p5.log - INFO - Round 163 | Global 0.6555 | Head 0.7463 | Middle 0.6860 | Tail 0.5240 | Hmean 0.6157 | ExpEvent 1 | ExpMass 0.042742 | best_tail 0.6697@139
2026-08-30 19:43:34,959 - ear_direct_cifar10_s_IF100_alpha0p5_h2_m4_seed42_eps0p75_ca0p7_w30_taw1p5.log - INFO - EAR Round 163 | targetExp 1 targetSamples 25 tailExpRate 1.0000 | gradShare 0.141696 | Retention proj 0.534783 -> 0.534783 (gain 0.000000) | cos 0.983522 -> 0.983522
2026-08-30 19:43:34,963 - ear_direct_cifar10_s_IF100_alpha0p5_h2_m4_seed42_eps0p75_ca0p7_w30_taw1p5.log - INFO - Round 164 selected clients: [6, 7, 8, 15]
2026-08-30 19:43:48,309 - ear_direct_cifar10_s_IF100_alpha0p5_h2_m4_seed42_eps0p75_ca0p7_w30_taw1p5.log - INFO - Round 164 | Global 0.6649 | Head 0.7783 | Middle 0.6663 | Tail 0.5497 | Hmean 0.6443 | ExpEvent 1 | ExpMass 0.025641 | best_tail 0.6697@139
2026-08-30 19:43:48,309 - ear_direct_cifar10_s_IF100_alpha0p5_h2_m4_seed42_eps0p75_ca0p7_w30_taw1p5.log - INFO - EAR Round 164 | targetExp 1 targetSamples 25 tailExpRate 1.0000 | gradShare 0.118048 | Retention proj 0.303867 -> 0.303867 (gain 0.000000) | cos 0.846473 -> 0.846473
2026-08-30 19:43:48,314 - ear_direct_cifar10_s_IF100_alpha0p5_h2_m4_seed42_eps0p75_ca0p7_w30_taw1p5.log - INFO - Round 165 selected clients: [1, 2, 11, 19]
2026-08-30 19:44:01,279 - ear_direct_cifar10_s_IF100_alpha0p5_h2_m4_seed42_eps0p75_ca0p7_w30_taw1p5.log - INFO - Round 165 | Global 0.5848 | Head 0.6643 | Middle 0.6438 | Tail 0.4267 | Hmean 0.5196 | ExpEvent 0 | ExpMass 0.022249 | best_tail 0.6697@139
2026-08-30 19:44:01,280 - ear_direct_cifar10_s_IF100_alpha0p5_h2_m4_seed42_eps0p75_ca0p7_w30_taw1p5.log - INFO - EAR Round 165 | targetExp 0 targetSamples 0 tailExpRate 0.6667 | gradShare 0.090146 | Retention proj 0.396028 -> 0.396028 (gain 0.000000) | cos 0.986620 -> 0.986620
2026-08-30 19:44:01,284 - ear_direct_cifar10_s_IF100_alpha0p5_h2_m4_seed42_eps0p75_ca0p7_w30_taw1p5.log - INFO - Round 166 selected clients: [2, 4, 9, 17]
2026-08-30 19:44:14,287 - ear_direct_cifar10_s_IF100_alpha0p5_h2_m4_seed42_eps0p75_ca0p7_w30_taw1p5.log - INFO - Round 166 | Global 0.6869 | Head 0.7300 | Middle 0.6810 | Tail 0.6517 | Hmean 0.6886 | ExpEvent 1 | ExpMass 0.041983 | best_tail 0.6697@139
2026-08-30 19:44:14,287 - ear_direct_cifar10_s_IF100_alpha0p5_h2_m4_seed42_eps0p75_ca0p7_w30_taw1p5.log - INFO - EAR Round 166 | targetExp 1 targetSamples 25 tailExpRate 1.0000 | gradShare 0.191334 | Retention proj 0.479237 -> 0.479237 (gain 0.000000) | cos 0.476577 -> 0.476577
2026-08-30 19:44:14,291 - ear_direct_cifar10_s_IF100_alpha0p5_h2_m4_seed42_eps0p75_ca0p7_w30_taw1p5.log - INFO - Round 167 selected clients: [0, 3, 4, 6]
2026-08-30 19:44:27,166 - ear_direct_cifar10_s_IF100_alpha0p5_h2_m4_seed42_eps0p75_ca0p7_w30_taw1p5.log - INFO - Round 167 | Global 0.6949 | Head 0.7613 | Middle 0.6815 | Tail 0.6463 | Hmean 0.6991 | ExpEvent 1 | ExpMass 0.040557 | best_tail 0.6697@139
2026-08-30 19:44:27,167 - ear_direct_cifar10_s_IF100_alpha0p5_h2_m4_seed42_eps0p75_ca0p7_w30_taw1p5.log - INFO - EAR Round 167 | targetExp 1 targetSamples 50 tailExpRate 1.0000 | gradShare 0.200464 | Retention proj 0.375962 -> 0.375962 (gain 0.000000) | cos 0.556775 -> 0.556775
2026-08-30 19:44:27,171 - ear_direct_cifar10_s_IF100_alpha0p5_h2_m4_seed42_eps0p75_ca0p7_w30_taw1p5.log - INFO - Round 168 selected clients: [0, 1, 2, 16]
2026-08-30 19:44:40,084 - ear_direct_cifar10_s_IF100_alpha0p5_h2_m4_seed42_eps0p75_ca0p7_w30_taw1p5.log - INFO - Round 168 | Global 0.6859 | Head 0.8227 | Middle 0.6502 | Tail 0.5967 | Hmean 0.6917 | ExpEvent 0 | ExpMass 0.010471 | best_tail 0.6697@139
2026-08-30 19:44:40,084 - ear_direct_cifar10_s_IF100_alpha0p5_h2_m4_seed42_eps0p75_ca0p7_w30_taw1p5.log - INFO - EAR Round 168 | targetExp 0 targetSamples 0 tailExpRate 0.6667 | gradShare 0.074076 | Retention proj -0.110313 -> -0.110313 (gain 0.000000) | cos 0.101939 -> 0.101939
2026-08-30 19:44:40,087 - ear_direct_cifar10_s_IF100_alpha0p5_h2_m4_seed42_eps0p75_ca0p7_w30_taw1p5.log - INFO - Round 169 selected clients: [0, 6, 12, 15]
2026-08-30 19:44:53,143 - ear_direct_cifar10_s_IF100_alpha0p5_h2_m4_seed42_eps0p75_ca0p7_w30_taw1p5.log - INFO - Round 169 | Global 0.6593 | Head 0.7293 | Middle 0.6390 | Tail 0.6163 | Hmean 0.6681 | ExpEvent 1 | ExpMass 0.026031 | best_tail 0.6697@139
2026-08-30 19:44:53,145 - ear_direct_cifar10_s_IF100_alpha0p5_h2_m4_seed42_eps0p75_ca0p7_w30_taw1p5.log - INFO - EAR Round 169 | targetExp 1 targetSamples 25 tailExpRate 1.0000 | gradShare 0.094374 | Retention proj 0.374491 -> 0.374491 (gain 0.000000) | cos 0.830578 -> 0.830578
2026-08-30 19:44:53,149 - ear_direct_cifar10_s_IF100_alpha0p5_h2_m4_seed42_eps0p75_ca0p7_w30_taw1p5.log - INFO - Round 170 selected clients: [1, 6, 7, 13]
2026-08-30 19:45:06,375 - ear_direct_cifar10_s_IF100_alpha0p5_h2_m4_seed42_eps0p75_ca0p7_w30_taw1p5.log - INFO - Round 170 | Global 0.6626 | Head 0.8193 | Middle 0.6512 | Tail 0.5210 | Hmean 0.6370 | ExpEvent 1 | ExpMass 0.024760 | best_tail 0.6697@139
2026-08-30 19:45:06,375 - ear_direct_cifar10_s_IF100_alpha0p5_h2_m4_seed42_eps0p75_ca0p7_w30_taw1p5.log - INFO - EAR Round 170 | targetExp 1 targetSamples 25 tailExpRate 1.0000 | gradShare 0.112317 | Retention proj 0.185127 -> 0.185127 (gain 0.000000) | cos 0.955341 -> 0.955341
2026-08-30 19:45:06,401 - ear_direct_cifar10_s_IF100_alpha0p5_h2_m4_seed42_eps0p75_ca0p7_w30_taw1p5.log - INFO - Checkpoint @170 | Global 0.6626 | Head 0.8193 | Middle 0.6512 | Tail 0.5210 | Hmean 0.6370
2026-08-30 19:45:06,402 - ear_direct_cifar10_s_IF100_alpha0p5_h2_m4_seed42_eps0p75_ca0p7_w30_taw1p5.log - INFO - Round 171 selected clients: [9, 10, 13, 18]
2026-08-30 19:45:19,642 - ear_direct_cifar10_s_IF100_alpha0p5_h2_m4_seed42_eps0p75_ca0p7_w30_taw1p5.log - INFO - Round 171 | Global 0.6723 | Head 0.8237 | Middle 0.6743 | Tail 0.5183 | Hmean 0.6362 | ExpEvent 0 | ExpMass 0.013788 | best_tail 0.6697@139
2026-08-30 19:45:19,642 - ear_direct_cifar10_s_IF100_alpha0p5_h2_m4_seed42_eps0p75_ca0p7_w30_taw1p5.log - INFO - EAR Round 171 | targetExp 0 targetSamples 0 tailExpRate 0.6667 | gradShare 0.073635 | Retention proj 0.450015 -> 0.450015 (gain 0.000000) | cos 0.986879 -> 0.986879
2026-08-30 19:45:19,646 - ear_direct_cifar10_s_IF100_alpha0p5_h2_m4_seed42_eps0p75_ca0p7_w30_taw1p5.log - INFO - Round 172 selected clients: [8, 10, 14, 17]
2026-08-30 19:45:32,602 - ear_direct_cifar10_s_IF100_alpha0p5_h2_m4_seed42_eps0p75_ca0p7_w30_taw1p5.log - INFO - Round 172 | Global 0.6366 | Head 0.8330 | Middle 0.6498 | Tail 0.4227 | Hmean 0.5608 | ExpEvent 0 | ExpMass 0.019758 | best_tail 0.6697@139
2026-08-30 19:45:32,602 - ear_direct_cifar10_s_IF100_alpha0p5_h2_m4_seed42_eps0p75_ca0p7_w30_taw1p5.log - INFO - EAR Round 172 | targetExp 0 targetSamples 0 tailExpRate 0.6667 | gradShare 0.110174 | Retention proj 0.286977 -> 0.286977 (gain 0.000000) | cos 0.998220 -> 0.998220
2026-08-30 19:45:32,606 - ear_direct_cifar10_s_IF100_alpha0p5_h2_m4_seed42_eps0p75_ca0p7_w30_taw1p5.log - INFO - Round 173 selected clients: [1, 2, 7, 16]
2026-08-30 19:45:45,285 - ear_direct_cifar10_s_IF100_alpha0p5_h2_m4_seed42_eps0p75_ca0p7_w30_taw1p5.log - INFO - Round 173 | Global 0.6701 | Head 0.8487 | Middle 0.6542 | Tail 0.5127 | Hmean 0.6392 | ExpEvent 0 | ExpMass 0.010475 | best_tail 0.6697@139
2026-08-30 19:45:45,286 - ear_direct_cifar10_s_IF100_alpha0p5_h2_m4_seed42_eps0p75_ca0p7_w30_taw1p5.log - INFO - EAR Round 173 | targetExp 0 targetSamples 0 tailExpRate 0.6667 | gradShare 0.070492 | Retention proj 0.098162 -> 0.098162 (gain 0.000000) | cos 0.471585 -> 0.471585
2026-08-30 19:45:45,289 - ear_direct_cifar10_s_IF100_alpha0p5_h2_m4_seed42_eps0p75_ca0p7_w30_taw1p5.log - INFO - Round 174 selected clients: [8, 9, 12, 19]
2026-08-30 19:45:58,087 - ear_direct_cifar10_s_IF100_alpha0p5_h2_m4_seed42_eps0p75_ca0p7_w30_taw1p5.log - INFO - Round 174 | Global 0.6710 | Head 0.8087 | Middle 0.6777 | Tail 0.5243 | Hmean 0.6362 | ExpEvent 0 | ExpMass 0.014205 | best_tail 0.6697@139
2026-08-30 19:45:58,087 - ear_direct_cifar10_s_IF100_alpha0p5_h2_m4_seed42_eps0p75_ca0p7_w30_taw1p5.log - INFO - EAR Round 174 | targetExp 0 targetSamples 0 tailExpRate 0.6667 | gradShare 0.076048 | Retention proj 0.550842 -> 0.550842 (gain 0.000000) | cos 0.901744 -> 0.901744
2026-08-30 19:45:58,091 - ear_direct_cifar10_s_IF100_alpha0p5_h2_m4_seed42_eps0p75_ca0p7_w30_taw1p5.log - INFO - Round 175 selected clients: [1, 3, 4, 16]
2026-08-30 19:46:10,776 - ear_direct_cifar10_s_IF100_alpha0p5_h2_m4_seed42_eps0p75_ca0p7_w30_taw1p5.log - INFO - Round 175 | Global 0.6694 | Head 0.8420 | Middle 0.6442 | Tail 0.5303 | Hmean 0.6508 | ExpEvent 1 | ExpMass 0.016051 | best_tail 0.6697@139
2026-08-30 19:46:10,776 - ear_direct_cifar10_s_IF100_alpha0p5_h2_m4_seed42_eps0p75_ca0p7_w30_taw1p5.log - INFO - EAR Round 175 | targetExp 1 targetSamples 25 tailExpRate 1.0000 | gradShare 0.140907 | Retention proj -0.293843 -> -0.293843 (gain 0.000000) | cos 0.161947 -> 0.161947
2026-08-30 19:46:10,780 - ear_direct_cifar10_s_IF100_alpha0p5_h2_m4_seed42_eps0p75_ca0p7_w30_taw1p5.log - INFO - Round 176 selected clients: [4, 6, 9, 13]
2026-08-30 19:46:23,965 - ear_direct_cifar10_s_IF100_alpha0p5_h2_m4_seed42_eps0p75_ca0p7_w30_taw1p5.log - INFO - Round 176 | Global 0.6860 | Head 0.8017 | Middle 0.6667 | Tail 0.5960 | Hmean 0.6837 | ExpEvent 1 | ExpMass 0.036465 | best_tail 0.6697@139
2026-08-30 19:46:23,966 - ear_direct_cifar10_s_IF100_alpha0p5_h2_m4_seed42_eps0p75_ca0p7_w30_taw1p5.log - INFO - EAR Round 176 | targetExp 1 targetSamples 50 tailExpRate 1.0000 | gradShare 0.166557 | Retention proj 0.313802 -> 0.313802 (gain 0.000000) | cos 0.749547 -> 0.749547
2026-08-30 19:46:23,969 - ear_direct_cifar10_s_IF100_alpha0p5_h2_m4_seed42_eps0p75_ca0p7_w30_taw1p5.log - INFO - Round 177 selected clients: [6, 7, 8, 15]
2026-08-30 19:46:36,875 - ear_direct_cifar10_s_IF100_alpha0p5_h2_m4_seed42_eps0p75_ca0p7_w30_taw1p5.log - INFO - Round 177 | Global 0.6727 | Head 0.7740 | Middle 0.6703 | Tail 0.5747 | Hmean 0.6596 | ExpEvent 1 | ExpMass 0.025641 | best_tail 0.6697@139
2026-08-30 19:46:36,876 - ear_direct_cifar10_s_IF100_alpha0p5_h2_m4_seed42_eps0p75_ca0p7_w30_taw1p5.log - INFO - EAR Round 177 | targetExp 1 targetSamples 25 tailExpRate 1.0000 | gradShare 0.109536 | Retention proj 0.309250 -> 0.309250 (gain 0.000000) | cos 0.925620 -> 0.925620
2026-08-30 19:46:36,880 - ear_direct_cifar10_s_IF100_alpha0p5_h2_m4_seed42_eps0p75_ca0p7_w30_taw1p5.log - INFO - Round 178 selected clients: [1, 4, 5, 14]
2026-08-30 19:46:49,605 - ear_direct_cifar10_s_IF100_alpha0p5_h2_m4_seed42_eps0p75_ca0p7_w30_taw1p5.log - INFO - Round 178 | Global 0.6690 | Head 0.8160 | Middle 0.6695 | Tail 0.5213 | Hmean 0.6362 | ExpEvent 1 | ExpMass 0.021540 | best_tail 0.6697@139
2026-08-30 19:46:49,605 - ear_direct_cifar10_s_IF100_alpha0p5_h2_m4_seed42_eps0p75_ca0p7_w30_taw1p5.log - INFO - EAR Round 178 | targetExp 1 targetSamples 25 tailExpRate 1.0000 | gradShare 0.154896 | Retention proj 0.343897 -> 0.343897 (gain 0.000000) | cos 0.549039 -> 0.549039
2026-08-30 19:46:49,608 - ear_direct_cifar10_s_IF100_alpha0p5_h2_m4_seed42_eps0p75_ca0p7_w30_taw1p5.log - INFO - Round 179 selected clients: [3, 9, 13, 18]
2026-08-30 19:47:02,144 - ear_direct_cifar10_s_IF100_alpha0p5_h2_m4_seed42_eps0p75_ca0p7_w30_taw1p5.log - INFO - Round 179 | Global 0.6835 | Head 0.8037 | Middle 0.6770 | Tail 0.5720 | Hmean 0.6683 | ExpEvent 0 | ExpMass 0.019992 | best_tail 0.6697@139
2026-08-30 19:47:02,144 - ear_direct_cifar10_s_IF100_alpha0p5_h2_m4_seed42_eps0p75_ca0p7_w30_taw1p5.log - INFO - EAR Round 179 | targetExp 0 targetSamples 0 tailExpRate 0.6667 | gradShare 0.098746 | Retention proj 0.703923 -> 0.703923 (gain 0.000000) | cos 0.999047 -> 0.999047
2026-08-30 19:47:02,148 - ear_direct_cifar10_s_IF100_alpha0p5_h2_m4_seed42_eps0p75_ca0p7_w30_taw1p5.log - INFO - Round 180 selected clients: [0, 3, 15, 18]
2026-08-30 19:47:14,772 - ear_direct_cifar10_s_IF100_alpha0p5_h2_m4_seed42_eps0p75_ca0p7_w30_taw1p5.log - INFO - Round 180 | Global 0.5979 | Head 0.7697 | Middle 0.5707 | Tail 0.4623 | Hmean 0.5776 | ExpEvent 0 | ExpMass 0.018768 | best_tail 0.6697@139
2026-08-30 19:47:14,773 - ear_direct_cifar10_s_IF100_alpha0p5_h2_m4_seed42_eps0p75_ca0p7_w30_taw1p5.log - INFO - EAR Round 180 | targetExp 0 targetSamples 0 tailExpRate 0.6667 | gradShare 0.080783 | Retention proj 0.496633 -> 0.496633 (gain 0.000000) | cos 0.894626 -> 0.894626
2026-08-30 19:47:14,798 - ear_direct_cifar10_s_IF100_alpha0p5_h2_m4_seed42_eps0p75_ca0p7_w30_taw1p5.log - INFO - Checkpoint @180 | Global 0.5979 | Head 0.7697 | Middle 0.5707 | Tail 0.4623 | Hmean 0.5776
2026-08-30 19:47:14,800 - ear_direct_cifar10_s_IF100_alpha0p5_h2_m4_seed42_eps0p75_ca0p7_w30_taw1p5.log - INFO - Round 181 selected clients: [7, 12, 13, 15]
2026-08-30 19:47:27,589 - ear_direct_cifar10_s_IF100_alpha0p5_h2_m4_seed42_eps0p75_ca0p7_w30_taw1p5.log - INFO - Round 181 | Global 0.6557 | Head 0.8213 | Middle 0.6753 | Tail 0.4640 | Hmean 0.5930 | ExpEvent 0 | ExpMass 0.001213 | best_tail 0.6697@139
2026-08-30 19:47:27,590 - ear_direct_cifar10_s_IF100_alpha0p5_h2_m4_seed42_eps0p75_ca0p7_w30_taw1p5.log - INFO - EAR Round 181 | targetExp 0 targetSamples 0 tailExpRate 0.6667 | gradShare 0.056056 | Retention proj 0.573207 -> 0.573207 (gain 0.000000) | cos 0.971600 -> 0.971600
2026-08-30 19:47:27,594 - ear_direct_cifar10_s_IF100_alpha0p5_h2_m4_seed42_eps0p75_ca0p7_w30_taw1p5.log - INFO - Round 182 selected clients: [8, 12, 16, 17]
2026-08-30 19:47:40,357 - ear_direct_cifar10_s_IF100_alpha0p5_h2_m4_seed42_eps0p75_ca0p7_w30_taw1p5.log - INFO - Round 182 | Global 0.6475 | Head 0.8417 | Middle 0.6760 | Tail 0.4153 | Hmean 0.5562 | ExpEvent 0 | ExpMass 0.020161 | best_tail 0.6697@139
2026-08-30 19:47:40,357 - ear_direct_cifar10_s_IF100_alpha0p5_h2_m4_seed42_eps0p75_ca0p7_w30_taw1p5.log - INFO - EAR Round 182 | targetExp 0 targetSamples 0 tailExpRate 0.6667 | gradShare 0.095935 | Retention proj 0.419782 -> 0.419782 (gain 0.000000) | cos 0.997602 -> 0.997602
2026-08-30 19:47:40,361 - ear_direct_cifar10_s_IF100_alpha0p5_h2_m4_seed42_eps0p75_ca0p7_w30_taw1p5.log - INFO - Round 183 selected clients: [0, 9, 15, 17]
2026-08-30 19:47:53,180 - ear_direct_cifar10_s_IF100_alpha0p5_h2_m4_seed42_eps0p75_ca0p7_w30_taw1p5.log - INFO - Round 183 | Global 0.6207 | Head 0.8023 | Middle 0.6857 | Tail 0.3523 | Hmean 0.4896 | ExpEvent 0 | ExpMass 0.022690 | best_tail 0.6697@139
2026-08-30 19:47:53,180 - ear_direct_cifar10_s_IF100_alpha0p5_h2_m4_seed42_eps0p75_ca0p7_w30_taw1p5.log - INFO - EAR Round 183 | targetExp 0 targetSamples 0 tailExpRate 0.6667 | gradShare 0.083950 | Retention proj 0.475815 -> 0.475815 (gain 0.000000) | cos 0.809900 -> 0.809900
2026-08-30 19:47:53,184 - ear_direct_cifar10_s_IF100_alpha0p5_h2_m4_seed42_eps0p75_ca0p7_w30_taw1p5.log - INFO - Round 184 selected clients: [2, 8, 9, 13]
2026-08-30 19:48:05,996 - ear_direct_cifar10_s_IF100_alpha0p5_h2_m4_seed42_eps0p75_ca0p7_w30_taw1p5.log - INFO - Round 184 | Global 0.6490 | Head 0.8177 | Middle 0.6885 | Tail 0.4277 | Hmean 0.5616 | ExpEvent 0 | ExpMass 0.012525 | best_tail 0.6697@139
2026-08-30 19:48:05,996 - ear_direct_cifar10_s_IF100_alpha0p5_h2_m4_seed42_eps0p75_ca0p7_w30_taw1p5.log - INFO - EAR Round 184 | targetExp 0 targetSamples 0 tailExpRate 0.6667 | gradShare 0.062868 | Retention proj 0.490226 -> 0.490226 (gain 0.000000) | cos 0.864528 -> 0.864528
2026-08-30 19:48:06,000 - ear_direct_cifar10_s_IF100_alpha0p5_h2_m4_seed42_eps0p75_ca0p7_w30_taw1p5.log - INFO - Round 185 selected clients: [2, 8, 11, 15]
2026-08-30 19:48:18,890 - ear_direct_cifar10_s_IF100_alpha0p5_h2_m4_seed42_eps0p75_ca0p7_w30_taw1p5.log - INFO - Round 185 | Global 0.6322 | Head 0.7867 | Middle 0.7075 | Tail 0.3773 | Hmean 0.5100 | ExpEvent 0 | ExpMass 0.011318 | best_tail 0.6697@139
2026-08-30 19:48:18,890 - ear_direct_cifar10_s_IF100_alpha0p5_h2_m4_seed42_eps0p75_ca0p7_w30_taw1p5.log - INFO - EAR Round 185 | targetExp 0 targetSamples 0 tailExpRate 0.6667 | gradShare 0.062752 | Retention proj 0.330372 -> 0.330372 (gain 0.000000) | cos 0.990810 -> 0.990810
2026-08-30 19:48:18,894 - ear_direct_cifar10_s_IF100_alpha0p5_h2_m4_seed42_eps0p75_ca0p7_w30_taw1p5.log - INFO - Round 186 selected clients: [5, 9, 14, 15]
2026-08-30 19:48:31,721 - ear_direct_cifar10_s_IF100_alpha0p5_h2_m4_seed42_eps0p75_ca0p7_w30_taw1p5.log - INFO - Round 186 | Global 0.6249 | Head 0.8167 | Middle 0.6770 | Tail 0.3637 | Hmean 0.5033 | ExpEvent 0 | ExpMass 0.014593 | best_tail 0.6697@139
2026-08-30 19:48:31,723 - ear_direct_cifar10_s_IF100_alpha0p5_h2_m4_seed42_eps0p75_ca0p7_w30_taw1p5.log - INFO - EAR Round 186 | targetExp 0 targetSamples 0 tailExpRate 0.6667 | gradShare 0.084558 | Retention proj 0.827149 -> 0.827149 (gain 0.000000) | cos 0.944382 -> 0.944382
2026-08-30 19:48:31,726 - ear_direct_cifar10_s_IF100_alpha0p5_h2_m4_seed42_eps0p75_ca0p7_w30_taw1p5.log - INFO - Round 187 selected clients: [8, 10, 13, 19]
2026-08-30 19:48:44,523 - ear_direct_cifar10_s_IF100_alpha0p5_h2_m4_seed42_eps0p75_ca0p7_w30_taw1p5.log - INFO - Round 187 | Global 0.6299 | Head 0.8050 | Middle 0.6815 | Tail 0.3860 | Hmean 0.5218 | ExpEvent 0 | ExpMass 0.011741 | best_tail 0.6697@139
2026-08-30 19:48:44,523 - ear_direct_cifar10_s_IF100_alpha0p5_h2_m4_seed42_eps0p75_ca0p7_w30_taw1p5.log - INFO - EAR Round 187 | targetExp 0 targetSamples 0 tailExpRate 0.6667 | gradShare 0.071653 | Retention proj 0.225356 -> 0.225356 (gain 0.000000) | cos 0.998775 -> 0.998775
2026-08-30 19:48:44,527 - ear_direct_cifar10_s_IF100_alpha0p5_h2_m4_seed42_eps0p75_ca0p7_w30_taw1p5.log - INFO - Round 188 selected clients: [10, 13, 15, 18]
2026-08-30 19:48:57,518 - ear_direct_cifar10_s_IF100_alpha0p5_h2_m4_seed42_eps0p75_ca0p7_w30_taw1p5.log - INFO - Round 188 | Global 0.6470 | Head 0.8103 | Middle 0.6900 | Tail 0.4263 | Hmean 0.5587 | ExpEvent 0 | ExpMass 0.012576 | best_tail 0.6697@139
2026-08-30 19:48:57,518 - ear_direct_cifar10_s_IF100_alpha0p5_h2_m4_seed42_eps0p75_ca0p7_w30_taw1p5.log - INFO - EAR Round 188 | targetExp 0 targetSamples 0 tailExpRate 0.6667 | gradShare 0.070476 | Retention proj 0.329744 -> 0.329744 (gain 0.000000) | cos 0.986533 -> 0.986533
2026-08-30 19:48:57,522 - ear_direct_cifar10_s_IF100_alpha0p5_h2_m4_seed42_eps0p75_ca0p7_w30_taw1p5.log - INFO - Round 189 selected clients: [5, 13, 18, 19]
2026-08-30 19:49:10,653 - ear_direct_cifar10_s_IF100_alpha0p5_h2_m4_seed42_eps0p75_ca0p7_w30_taw1p5.log - INFO - Round 189 | Global 0.6518 | Head 0.7437 | Middle 0.6695 | Tail 0.5363 | Hmean 0.6232 | ExpEvent 0 | ExpMass 0.035337 | best_tail 0.6697@139
2026-08-30 19:49:10,653 - ear_direct_cifar10_s_IF100_alpha0p5_h2_m4_seed42_eps0p75_ca0p7_w30_taw1p5.log - INFO - EAR Round 189 | targetExp 0 targetSamples 0 tailExpRate 0.6667 | gradShare 0.136902 | Retention proj 0.732578 -> 0.732578 (gain 0.000000) | cos 0.999938 -> 0.999938
2026-08-30 19:49:10,657 - ear_direct_cifar10_s_IF100_alpha0p5_h2_m4_seed42_eps0p75_ca0p7_w30_taw1p5.log - INFO - Round 190 selected clients: [1, 7, 11, 16]
2026-08-30 19:49:23,592 - ear_direct_cifar10_s_IF100_alpha0p5_h2_m4_seed42_eps0p75_ca0p7_w30_taw1p5.log - INFO - Round 190 | Global 0.6399 | Head 0.8430 | Middle 0.6272 | Tail 0.4537 | Hmean 0.5899 | ExpEvent 0 | ExpMass 0.000000 | best_tail 0.6697@139
2026-08-30 19:49:23,593 - ear_direct_cifar10_s_IF100_alpha0p5_h2_m4_seed42_eps0p75_ca0p7_w30_taw1p5.log - INFO - EAR Round 190 | targetExp 0 targetSamples 0 tailExpRate 0.0000 | gradShare 0.071624 | Retention proj 0.000000 -> 0.000000 (gain 0.000000) | cos 0.000000 -> 0.000000
2026-08-30 19:49:23,620 - ear_direct_cifar10_s_IF100_alpha0p5_h2_m4_seed42_eps0p75_ca0p7_w30_taw1p5.log - INFO - Checkpoint @190 | Global 0.6399 | Head 0.8430 | Middle 0.6272 | Tail 0.4537 | Hmean 0.5899
2026-08-30 19:49:23,621 - ear_direct_cifar10_s_IF100_alpha0p5_h2_m4_seed42_eps0p75_ca0p7_w30_taw1p5.log - INFO - Round 191 selected clients: [3, 6, 16, 19]
2026-08-30 19:49:36,619 - ear_direct_cifar10_s_IF100_alpha0p5_h2_m4_seed42_eps0p75_ca0p7_w30_taw1p5.log - INFO - Round 191 | Global 0.6263 | Head 0.8343 | Middle 0.5308 | Tail 0.5457 | Hmean 0.6598 | ExpEvent 1 | ExpMass 0.042776 | best_tail 0.6697@139
2026-08-30 19:49:36,620 - ear_direct_cifar10_s_IF100_alpha0p5_h2_m4_seed42_eps0p75_ca0p7_w30_taw1p5.log - INFO - EAR Round 191 | targetExp 1 targetSamples 25 tailExpRate 1.0000 | gradShare 0.150471 | Retention proj 0.546544 -> 0.546544 (gain 0.000000) | cos 0.997636 -> 0.997636
2026-08-30 19:49:36,624 - ear_direct_cifar10_s_IF100_alpha0p5_h2_m4_seed42_eps0p75_ca0p7_w30_taw1p5.log - INFO - Round 192 selected clients: [1, 5, 16, 19]
2026-08-30 19:49:49,508 - ear_direct_cifar10_s_IF100_alpha0p5_h2_m4_seed42_eps0p75_ca0p7_w30_taw1p5.log - INFO - Round 192 | Global 0.6609 | Head 0.8060 | Middle 0.6382 | Tail 0.5460 | Hmean 0.6510 | ExpEvent 0 | ExpMass 0.023472 | best_tail 0.6697@139
2026-08-30 19:49:49,508 - ear_direct_cifar10_s_IF100_alpha0p5_h2_m4_seed42_eps0p75_ca0p7_w30_taw1p5.log - INFO - EAR Round 192 | targetExp 0 targetSamples 0 tailExpRate 0.6667 | gradShare 0.126371 | Retention proj 0.344577 -> 0.344577 (gain 0.000000) | cos 0.945252 -> 0.945252
2026-08-30 19:49:49,513 - ear_direct_cifar10_s_IF100_alpha0p5_h2_m4_seed42_eps0p75_ca0p7_w30_taw1p5.log - INFO - Round 193 selected clients: [0, 15, 17, 18]
2026-08-30 19:50:03,418 - ear_direct_cifar10_s_IF100_alpha0p5_h2_m4_seed42_eps0p75_ca0p7_w30_taw1p5.log - INFO - Round 193 | Global 0.6350 | Head 0.7807 | Middle 0.6272 | Tail 0.4997 | Hmean 0.6094 | ExpEvent 0 | ExpMass 0.032441 | best_tail 0.6697@139
2026-08-30 19:50:03,419 - ear_direct_cifar10_s_IF100_alpha0p5_h2_m4_seed42_eps0p75_ca0p7_w30_taw1p5.log - INFO - EAR Round 193 | targetExp 0 targetSamples 0 tailExpRate 0.6667 | gradShare 0.097824 | Retention proj 0.778454 -> 0.778454 (gain 0.000000) | cos 0.945091 -> 0.945091
2026-08-30 19:50:03,423 - ear_direct_cifar10_s_IF100_alpha0p5_h2_m4_seed42_eps0p75_ca0p7_w30_taw1p5.log - INFO - Round 194 selected clients: [10, 13, 14, 19]
2026-08-30 19:50:16,971 - ear_direct_cifar10_s_IF100_alpha0p5_h2_m4_seed42_eps0p75_ca0p7_w30_taw1p5.log - INFO - Round 194 | Global 0.6387 | Head 0.8377 | Middle 0.6362 | Tail 0.4430 | Hmean 0.5795 | ExpEvent 0 | ExpMass 0.011741 | best_tail 0.6697@139
2026-08-30 19:50:16,972 - ear_direct_cifar10_s_IF100_alpha0p5_h2_m4_seed42_eps0p75_ca0p7_w30_taw1p5.log - INFO - EAR Round 194 | targetExp 0 targetSamples 0 tailExpRate 0.6667 | gradShare 0.087044 | Retention proj 0.085519 -> 0.085519 (gain 0.000000) | cos 0.485548 -> 0.485548
2026-08-30 19:50:16,978 - ear_direct_cifar10_s_IF100_alpha0p5_h2_m4_seed42_eps0p75_ca0p7_w30_taw1p5.log - INFO - Round 195 selected clients: [1, 3, 5, 10]
2026-08-30 19:50:30,576 - ear_direct_cifar10_s_IF100_alpha0p5_h2_m4_seed42_eps0p75_ca0p7_w30_taw1p5.log - INFO - Round 195 | Global 0.6459 | Head 0.8087 | Middle 0.6687 | Tail 0.4527 | Hmean 0.5805 | ExpEvent 0 | ExpMass 0.017843 | best_tail 0.6697@139
2026-08-30 19:50:30,577 - ear_direct_cifar10_s_IF100_alpha0p5_h2_m4_seed42_eps0p75_ca0p7_w30_taw1p5.log - INFO - EAR Round 195 | targetExp 0 targetSamples 0 tailExpRate 0.6667 | gradShare 0.110919 | Retention proj 0.557405 -> 0.557405 (gain 0.000000) | cos 0.954527 -> 0.954527
2026-08-30 19:50:30,581 - ear_direct_cifar10_s_IF100_alpha0p5_h2_m4_seed42_eps0p75_ca0p7_w30_taw1p5.log - INFO - Round 196 selected clients: [2, 8, 12, 19]
2026-08-30 19:50:44,412 - ear_direct_cifar10_s_IF100_alpha0p5_h2_m4_seed42_eps0p75_ca0p7_w30_taw1p5.log - INFO - Round 196 | Global 0.6580 | Head 0.7847 | Middle 0.6740 | Tail 0.5100 | Hmean 0.6182 | ExpEvent 0 | ExpMass 0.022663 | best_tail 0.6697@139
2026-08-30 19:50:44,413 - ear_direct_cifar10_s_IF100_alpha0p5_h2_m4_seed42_eps0p75_ca0p7_w30_taw1p5.log - INFO - EAR Round 196 | targetExp 0 targetSamples 0 tailExpRate 0.6667 | gradShare 0.087340 | Retention proj 0.510051 -> 0.510051 (gain 0.000000) | cos 0.942887 -> 0.942887
2026-08-30 19:50:44,417 - ear_direct_cifar10_s_IF100_alpha0p5_h2_m4_seed42_eps0p75_ca0p7_w30_taw1p5.log - INFO - Round 197 selected clients: [2, 6, 9, 15]
2026-08-30 19:50:58,282 - ear_direct_cifar10_s_IF100_alpha0p5_h2_m4_seed42_eps0p75_ca0p7_w30_taw1p5.log - INFO - Round 197 | Global 0.6818 | Head 0.7433 | Middle 0.7060 | Tail 0.5880 | Hmean 0.6566 | ExpEvent 1 | ExpMass 0.038137 | best_tail 0.6697@139
2026-08-30 19:50:58,282 - ear_direct_cifar10_s_IF100_alpha0p5_h2_m4_seed42_eps0p75_ca0p7_w30_taw1p5.log - INFO - EAR Round 197 | targetExp 1 targetSamples 25 tailExpRate 1.0000 | gradShare 0.121784 | Retention proj 0.564944 -> 0.564944 (gain 0.000000) | cos 0.960471 -> 0.960471
2026-08-30 19:50:58,286 - ear_direct_cifar10_s_IF100_alpha0p5_h2_m4_seed42_eps0p75_ca0p7_w30_taw1p5.log - INFO - Round 198 selected clients: [3, 14, 15, 18]
2026-08-30 19:51:11,475 - ear_direct_cifar10_s_IF100_alpha0p5_h2_m4_seed42_eps0p75_ca0p7_w30_taw1p5.log - INFO - Round 198 | Global 0.6307 | Head 0.7733 | Middle 0.6078 | Tail 0.5187 | Hmean 0.6209 | ExpEvent 0 | ExpMass 0.018776 | best_tail 0.6697@139
2026-08-30 19:51:11,476 - ear_direct_cifar10_s_IF100_alpha0p5_h2_m4_seed42_eps0p75_ca0p7_w30_taw1p5.log - INFO - EAR Round 198 | targetExp 0 targetSamples 0 tailExpRate 0.6667 | gradShare 0.097600 | Retention proj 0.510340 -> 0.510340 (gain 0.000000) | cos 0.717393 -> 0.717393
2026-08-30 19:51:11,481 - ear_direct_cifar10_s_IF100_alpha0p5_h2_m4_seed42_eps0p75_ca0p7_w30_taw1p5.log - INFO - Round 199 selected clients: [8, 14, 17, 19]
2026-08-30 19:51:24,701 - ear_direct_cifar10_s_IF100_alpha0p5_h2_m4_seed42_eps0p75_ca0p7_w30_taw1p5.log - INFO - Round 199 | Global 0.5873 | Head 0.6613 | Middle 0.6340 | Tail 0.4510 | Hmean 0.5363 | ExpEvent 0 | ExpMass 0.031579 | best_tail 0.6697@139
2026-08-30 19:51:24,701 - ear_direct_cifar10_s_IF100_alpha0p5_h2_m4_seed42_eps0p75_ca0p7_w30_taw1p5.log - INFO - EAR Round 199 | targetExp 0 targetSamples 0 tailExpRate 0.6667 | gradShare 0.137993 | Retention proj 0.430597 -> 0.430597 (gain 0.000000) | cos 0.953274 -> 0.953274
2026-08-30 19:51:24,705 - ear_direct_cifar10_s_IF100_alpha0p5_h2_m4_seed42_eps0p75_ca0p7_w30_taw1p5.log - INFO - Round 200 selected clients: [1, 6, 13, 14]
2026-08-30 19:51:38,293 - ear_direct_cifar10_s_IF100_alpha0p5_h2_m4_seed42_eps0p75_ca0p7_w30_taw1p5.log - INFO - Round 200 | Global 0.6727 | Head 0.8067 | Middle 0.6737 | Tail 0.5373 | Hmean 0.6450 | ExpEvent 1 | ExpMass 0.024760 | best_tail 0.6697@139
2026-08-30 19:51:38,293 - ear_direct_cifar10_s_IF100_alpha0p5_h2_m4_seed42_eps0p75_ca0p7_w30_taw1p5.log - INFO - EAR Round 200 | targetExp 1 targetSamples 25 tailExpRate 1.0000 | gradShare 0.112763 | Retention proj 0.188602 -> 0.188602 (gain 0.000000) | cos 0.629422 -> 0.629422
2026-08-30 19:51:38,322 - ear_direct_cifar10_s_IF100_alpha0p5_h2_m4_seed42_eps0p75_ca0p7_w30_taw1p5.log - INFO - Checkpoint @200 | Global 0.6727 | Head 0.8067 | Middle 0.6737 | Tail 0.5373 | Hmean 0.6450
2026-08-30 19:51:38,347 - ear_direct_cifar10_s_IF100_alpha0p5_h2_m4_seed42_eps0p75_ca0p7_w30_taw1p5.log - INFO - ==========================================================================================
2026-08-30 19:51:38,347 - ear_direct_cifar10_s_IF100_alpha0p5_h2_m4_seed42_eps0p75_ca0p7_w30_taw1p5.log - INFO - FINISHED UNIFIED S
2026-08-30 19:51:38,348 - ear_direct_cifar10_s_IF100_alpha0p5_h2_m4_seed42_eps0p75_ca0p7_w30_taw1p5.log - INFO - Final Global: 0.6727
2026-08-30 19:51:38,348 - ear_direct_cifar10_s_IF100_alpha0p5_h2_m4_seed42_eps0p75_ca0p7_w30_taw1p5.log - INFO - Final Head: 0.8067
2026-08-30 19:51:38,348 - ear_direct_cifar10_s_IF100_alpha0p5_h2_m4_seed42_eps0p75_ca0p7_w30_taw1p5.log - INFO - Final Middle: 0.6737
2026-08-30 19:51:38,349 - ear_direct_cifar10_s_IF100_alpha0p5_h2_m4_seed42_eps0p75_ca0p7_w30_taw1p5.log - INFO - Final Tail: 0.5373
2026-08-30 19:51:38,349 - ear_direct_cifar10_s_IF100_alpha0p5_h2_m4_seed42_eps0p75_ca0p7_w30_taw1p5.log - INFO - Final Hmean: 0.6450
2026-08-30 19:51:38,349 - ear_direct_cifar10_s_IF100_alpha0p5_h2_m4_seed42_eps0p75_ca0p7_w30_taw1p5.log - INFO - Best Tail (diagnostic only; NOT fixed-round main result): 0.6697 @ round 139
2026-08-30 19:51:38,349 - ear_direct_cifar10_s_IF100_alpha0p5_h2_m4_seed42_eps0p75_ca0p7_w30_taw1p5.log - INFO - Mean target Exposure over all rounds: 0.350000
2026-08-30 19:51:38,349 - ear_direct_cifar10_s_IF100_alpha0p5_h2_m4_seed42_eps0p75_ca0p7_w30_taw1p5.log - INFO - Mean tail gradient share over all rounds: 0.107406
2026-08-30 19:51:38,350 - ear_direct_cifar10_s_IF100_alpha0p5_h2_m4_seed42_eps0p75_ca0p7_w30_taw1p5.log - INFO - Mean retention projection pre/post: 0.410851 -> 0.410851
2026-08-30 19:51:38,350 - ear_direct_cifar10_s_IF100_alpha0p5_h2_m4_seed42_eps0p75_ca0p7_w30_taw1p5.log - INFO - EAR CSV: D:\Desktop\FedLF_project\FedLF\outputs\ear_direct_cifar10_s_IF100_alpha0p5_h2_m4_seed42_eps0p75_ca0p7_w30_taw1p5\ear_metrics.csv
2026-08-30 19:51:38,350 - ear_direct_cifar10_s_IF100_alpha0p5_h2_m4_seed42_eps0p75_ca0p7_w30_taw1p5.log - INFO - EAR history: D:\Desktop\FedLF_project\FedLF\outputs\ear_direct_cifar10_s_IF100_alpha0p5_h2_m4_seed42_eps0p75_ca0p7_w30_taw1p5\ear_history.pkl
2026-08-30 19:51:38,350 - ear_direct_cifar10_s_IF100_alpha0p5_h2_m4_seed42_eps0p75_ca0p7_w30_taw1p5.log - INFO - History file: D:\Desktop\FedLF_project\FedLF\outputs\ear_direct_cifar10_s_IF100_alpha0p5_h2_m4_seed42_eps0p75_ca0p7_w30_taw1p5\head_tail_history.pkl
2026-08-30 19:51:38,350 - ear_direct_cifar10_s_IF100_alpha0p5_h2_m4_seed42_eps0p75_ca0p7_w30_taw1p5.log - INFO - Checkpoint file: D:\Desktop\FedLF_project\FedLF\outputs\ear_direct_cifar10_s_IF100_alpha0p5_h2_m4_seed42_eps0p75_ca0p7_w30_taw1p5\checkpoint.pth
2026-08-30 19:51:38,350 - ear_direct_cifar10_s_IF100_alpha0p5_h2_m4_seed42_eps0p75_ca0p7_w30_taw1p5.log - INFO - Final model file: D:\Desktop\FedLF_project\FedLF\outputs\ear_direct_cifar10_s_IF100_alpha0p5_h2_m4_seed42_eps0p75_ca0p7_w30_taw1p5\final_model.pth
2026-08-30 19:51:38,350 - ear_direct_cifar10_s_IF100_alpha0p5_h2_m4_seed42_eps0p75_ca0p7_w30_taw1p5.log - INFO - Config file: D:\Desktop\FedLF_project\FedLF\outputs\ear_direct_cifar10_s_IF100_alpha0p5_h2_m4_seed42_eps0p75_ca0p7_w30_taw1p5\config.json
2026-08-30 19:51:38,351 - ear_direct_cifar10_s_IF100_alpha0p5_h2_m4_seed42_eps0p75_ca0p7_w30_taw1p5.log - INFO - Partition SHA256: 3239af1f32e2f8eb835b2750615bde3424bff7c575ad6f7be96c35d7d67dab7c
2026-08-30 19:51:38,351 - ear_direct_cifar10_s_IF100_alpha0p5_h2_m4_seed42_eps0p75_ca0p7_w30_taw1p5.log - INFO - ==========================================================================================
